table,component,family,n_predicted,n_train,n_trees,test_season,train_first,train_last,val_loss_glm,val_loss_lgbm,val_season,season,plays,mean_y,mean_ffo,mean_own,metric,ffo,own,diff,diff_lo,diff_hi,position,what,games,mean_diff,mean_abs_diff,corr,split,label,n,n_seasons,r_ffopportunity,lo_ffopportunity,hi_ffopportunity,r_own,lo_own,hi_own,r_within_ffopportunity,r_within_own,diff_within,diff_within_lo,diff_within_hi,source,reliability,prior_mean,method,kind,value_ffopportunity,n_ffopportunity,value_own,n_own,rows,rows_only_own,rows_only_ffo,mae_ffo,mae_own,tag,rate_ffopportunity,rate_own,variant,sell_x,buy_x
folds,completion,glm,17787,17150,,2007,2006,2006,,,,,,,,,,,,,,,,,,,,,,,,,,,,,,,,,,,,,,,,,,,,,,,,,,,,,,,
folds,yac,glm,17787,10239,,2007,2006,2006,,,,,,,,,,,,,,,,,,,,,,,,,,,,,,,,,,,,,,,,,,,,,,,,,,,,,,,
folds,pass_td,glm,17787,17150,,2007,2006,2006,,,,,,,,,,,,,,,,,,,,,,,,,,,,,,,,,,,,,,,,,,,,,,,,,,,,,,,
folds,interception,glm,17787,17150,,2007,2006,2006,,,,,,,,,,,,,,,,,,,,,,,,,,,,,,,,,,,,,,,,,,,,,,,,,,,,,,,
folds,pass_2pt,rate,38,33,,2007,2006,2006,,,,,,,,,,,,,,,,,,,,,,,,,,,,,,,,,,,,,,,,,,,,,,,,,,,,,,,
folds,rush_yards,glm,14066,14562,,2007,2006,2006,,,,,,,,,,,,,,,,,,,,,,,,,,,,,,,,,,,,,,,,,,,,,,,,,,,,,,,
folds,rush_td,glm,14066,14562,,2007,2006,2006,,,,,,,,,,,,,,,,,,,,,,,,,,,,,,,,,,,,,,,,,,,,,,,,,,,,,,,
folds,rush_2pt,rate,19,8,,2007,2006,2006,,,,,,,,,,,,,,,,,,,,,,,,,,,,,,,,,,,,,,,,,,,,,,,,,,,,,,,
folds,completion,lgbm,17288,34937,69,2008,2006,2007,0.629162,0.618054,2007,,,,,,,,,,,,,,,,,,,,,,,,,,,,,,,,,,,,,,,,,,,,,,,,,,,,
folds,yac,glm,17288,21124,,2008,2006,2007,37.303773,37.767906,2007,,,,,,,,,,,,,,,,,,,,,,,,,,,,,,,,,,,,,,,,,,,,,,,,,,,,
folds,pass_td,glm,17288,34937,,2008,2006,2007,0.10892,0.109077,2007,,,,,,,,,,,,,,,,,,,,,,,,,,,,,,,,,,,,,,,,,,,,,,,,,,,,
folds,interception,lgbm,17288,34937,61,2008,2006,2007,0.12924,0.128904,2007,,,,,,,,,,,,,,,,,,,,,,,,,,,,,,,,,,,,,,,,,,,,,,,,,,,,
folds,pass_2pt,rate,55,71,,2008,2006,2007,,,2007,,,,,,,,,,,,,,,,,,,,,,,,,,,,,,,,,,,,,,,,,,,,,,,,,,,,
folds,rush_yards,glm,14201,28628,,2008,2006,2007,36.265637,36.365036,2007,,,,,,,,,,,,,,,,,,,,,,,,,,,,,,,,,,,,,,,,,,,,,,,,,,,,
folds,rush_td,lgbm,14201,28628,50,2008,2006,2007,0.083554,0.083077,2007,,,,,,,,,,,,,,,,,,,,,,,,,,,,,,,,,,,,,,,,,,,,,,,,,,,,
folds,rush_2pt,rate,11,27,,2008,2006,2007,,,2007,,,,,,,,,,,,,,,,,,,,,,,,,,,,,,,,,,,,,,,,,,,,,,,,,,,,
folds,completion,lgbm,17787,52225,87,2009,2006,2008,0.631573,0.619811,2008,,,,,,,,,,,,,,,,,,,,,,,,,,,,,,,,,,,,,,,,,,,,,,,,,,,,
folds,yac,lgbm,17787,31655,58,2009,2006,2008,45.037256,44.844626,2008,,,,,,,,,,,,,,,,,,,,,,,,,,,,,,,,,,,,,,,,,,,,,,,,,,,,
folds,pass_td,glm,17787,52225,,2009,2006,2008,0.105348,0.105915,2008,,,,,,,,,,,,,,,,,,,,,,,,,,,,,,,,,,,,,,,,,,,,,,,,,,,,
folds,interception,glm,17787,52225,,2009,2006,2008,0.120274,0.121695,2008,,,,,,,,,,,,,,,,,,,,,,,,,,,,,,,,,,,,,,,,,,,,,,,,,,,,
folds,pass_2pt,rate,44,126,,2009,2006,2008,,,2008,,,,,,,,,,,,,,,,,,,,,,,,,,,,,,,,,,,,,,,,,,,,,,,,,,,,
folds,rush_yards,glm,14180,42829,,2009,2006,2008,39.258636,39.30087,2008,,,,,,,,,,,,,,,,,,,,,,,,,,,,,,,,,,,,,,,,,,,,,,,,,,,,
folds,rush_td,lgbm,14180,42829,69,2009,2006,2008,0.091633,0.090569,2008,,,,,,,,,,,,,,,,,,,,,,,,,,,,,,,,,,,,,,,,,,,,,,,,,,,,
folds,rush_2pt,rate,16,38,,2009,2006,2008,,,2008,,,,,,,,,,,,,,,,,,,,,,,,,,,,,,,,,,,,,,,,,,,,,,,,,,,,
folds,completion,lgbm,18008,70012,129,2010,2006,2009,0.625956,0.612103,2009,,,,,,,,,,,,,,,,,,,,,,,,,,,,,,,,,,,,,,,,,,,,,,,,,,,,
folds,yac,glm,18008,42512,,2010,2006,2009,47.708392,47.731035,2009,,,,,,,,,,,,,,,,,,,,,,,,,,,,,,,,,,,,,,,,,,,,,,,,,,,,
folds,pass_td,lgbm,18008,70012,82,2010,2006,2009,0.111792,0.110923,2009,,,,,,,,,,,,,,,,,,,,,,,,,,,,,,,,,,,,,,,,,,,,,,,,,,,,
folds,interception,lgbm,18008,70012,68,2010,2006,2009,0.125747,0.125502,2009,,,,,,,,,,,,,,,,,,,,,,,,,,,,,,,,,,,,,,,,,,,,,,,,,,,,
folds,pass_2pt,rate,41,170,,2010,2006,2009,,,2009,,,,,,,,,,,,,,,,,,,,,,,,,,,,,,,,,,,,,,,,,,,,,,,,,,,,
folds,rush_yards,lgbm,14022,57009,81,2010,2006,2009,44.043499,43.947826,2009,,,,,,,,,,,,,,,,,,,,,,,,,,,,,,,,,,,,,,,,,,,,,,,,,,,,
folds,rush_td,lgbm,14022,57009,55,2010,2006,2009,0.088765,0.088144,2009,,,,,,,,,,,,,,,,,,,,,,,,,,,,,,,,,,,,,,,,,,,,,,,,,,,,
folds,rush_2pt,rate,13,54,,2010,2006,2009,,,2009,,,,,,,,,,,,,,,,,,,,,,,,,,,,,,,,,,,,,,,,,,,,,,,,,,,,
folds,completion,lgbm,18235,88020,103,2011,2006,2010,0.627702,0.615558,2010,,,,,,,,,,,,,,,,,,,,,,,,,,,,,,,,,,,,,,,,,,,,,,,,,,,,
folds,yac,lgbm,18235,53460,64,2011,2006,2010,43.443935,42.758128,2010,,,,,,,,,,,,,,,,,,,,,,,,,,,,,,,,,,,,,,,,,,,,,,,,,,,,
folds,pass_td,lgbm,18235,88020,75,2011,2006,2010,0.114338,0.113956,2010,,,,,,,,,,,,,,,,,,,,,,,,,,,,,,,,,,,,,,,,,,,,,,,,,,,,
folds,interception,lgbm,18235,88020,54,2011,2006,2010,0.125194,0.12448,2010,,,,,,,,,,,,,,,,,,,,,,,,,,,,,,,,,,,,,,,,,,,,,,,,,,,,
folds,pass_2pt,rate,31,211,,2011,2006,2010,,,2010,,,,,,,,,,,,,,,,,,,,,,,,,,,,,,,,,,,,,,,,,,,,,,,,,,,,
folds,rush_yards,lgbm,14085,71031,69,2011,2006,2010,39.128703,39.107425,2010,,,,,,,,,,,,,,,,,,,,,,,,,,,,,,,,,,,,,,,,,,,,,,,,,,,,
folds,rush_td,lgbm,14085,71031,83,2011,2006,2010,0.084452,0.083473,2010,,,,,,,,,,,,,,,,,,,,,,,,,,,,,,,,,,,,,,,,,,,,,,,,,,,,
folds,rush_2pt,rate,22,67,,2011,2006,2010,,,2010,,,,,,,,,,,,,,,,,,,,,,,,,,,,,,,,,,,,,,,,,,,,,,,,,,,,
folds,completion,lgbm,18574,106255,85,2012,2006,2011,0.634372,0.622469,2011,,,,,,,,,,,,,,,,,,,,,,,,,,,,,,,,,,,,,,,,,,,,,,,,,,,,
folds,yac,lgbm,18574,64424,110,2012,2006,2011,48.084484,47.34408,2011,,,,,,,,,,,,,,,,,,,,,,,,,,,,,,,,,,,,,,,,,,,,,,,,,,,,
folds,pass_td,lgbm,18574,106255,77,2012,2006,2011,0.115347,0.115263,2011,,,,,,,,,,,,,,,,,,,,,,,,,,,,,,,,,,,,,,,,,,,,,,,,,,,,
folds,interception,lgbm,18574,106255,40,2012,2006,2011,0.123001,0.122276,2011,,,,,,,,,,,,,,,,,,,,,,,,,,,,,,,,,,,,,,,,,,,,,,,,,,,,
folds,pass_2pt,rate,46,242,,2012,2006,2011,,,2011,,,,,,,,,,,,,,,,,,,,,,,,,,,,,,,,,,,,,,,,,,,,,,,,,,,,
folds,rush_yards,lgbm,14119,85116,72,2012,2006,2011,40.211048,40.090948,2011,,,,,,,,,,,,,,,,,,,,,,,,,,,,,,,,,,,,,,,,,,,,,,,,,,,,
folds,rush_td,lgbm,14119,85116,82,2012,2006,2011,0.080587,0.079744,2011,,,,,,,,,,,,,,,,,,,,,,,,,,,,,,,,,,,,,,,,,,,,,,,,,,,,
folds,rush_2pt,rate,13,89,,2012,2006,2011,,,2011,,,,,,,,,,,,,,,,,,,,,,,,,,,,,,,,,,,,,,,,,,,,,,,,,,,,
folds,completion,lgbm,18862,124829,95,2013,2006,2012,0.627393,0.616605,2012,,,,,,,,,,,,,,,,,,,,,,,,,,,,,,,,,,,,,,,,,,,,,,,,,,,,
folds,yac,lgbm,18862,75732,59,2013,2006,2012,41.692777,41.203598,2012,,,,,,,,,,,,,,,,,,,,,,,,,,,,,,,,,,,,,,,,,,,,,,,,,,,,
folds,pass_td,lgbm,18862,124829,120,2013,2006,2012,0.109338,0.10879,2012,,,,,,,,,,,,,,,,,,,,,,,,,,,,,,,,,,,,,,,,,,,,,,,,,,,,
folds,interception,lgbm,18862,124829,84,2013,2006,2012,0.11499,0.114494,2012,,,,,,,,,,,,,,,,,,,,,,,,,,,,,,,,,,,,,,,,,,,,,,,,,,,,
folds,pass_2pt,rate,53,288,,2013,2006,2012,,,2012,,,,,,,,,,,,,,,,,,,,,,,,,,,,,,,,,,,,,,,,,,,,,,,,,,,,
folds,rush_yards,lgbm,13984,99235,87,2013,2006,2012,41.516243,41.453284,2012,,,,,,,,,,,,,,,,,,,,,,,,,,,,,,,,,,,,,,,,,,,,,,,,,,,,
folds,rush_td,lgbm,13984,99235,71,2013,2006,2012,0.078963,0.078922,2012,,,,,,,,,,,,,,,,,,,,,,,,,,,,,,,,,,,,,,,,,,,,,,,,,,,,
folds,rush_2pt,rate,19,102,,2013,2006,2012,,,2012,,,,,,,,,,,,,,,,,,,,,,,,,,,,,,,,,,,,,,,,,,,,,,,,,,,,
folds,completion,lgbm,18668,143691,101,2014,2006,2013,0.623368,0.611882,2013,,,,,,,,,,,,,,,,,,,,,,,,,,,,,,,,,,,,,,,,,,,,,,,,,,,,
folds,yac,lgbm,18668,87287,58,2014,2006,2013,46.801642,45.931323,2013,,,,,,,,,,,,,,,,,,,,,,,,,,,,,,,,,,,,,,,,,,,,,,,,,,,,
folds,pass_td,lgbm,18668,143691,88,2014,2006,2013,0.115033,0.114163,2013,,,,,,,,,,,,,,,,,,,,,,,,,,,,,,,,,,,,,,,,,,,,,,,,,,,,
folds,interception,lgbm,18668,143691,43,2014,2006,2013,0.120685,0.119554,2013,,,,,,,,,,,,,,,,,,,,,,,,,,,,,,,,,,,,,,,,,,,,,,,,,,,,
folds,pass_2pt,rate,41,341,,2014,2006,2013,,,2013,,,,,,,,,,,,,,,,,,,,,,,,,,,,,,,,,,,,,,,,,,,,,,,,,,,,
folds,rush_yards,lgbm,13745,113219,72,2014,2006,2013,39.279727,39.161859,2013,,,,,,,,,,,,,,,,,,,,,,,,,,,,,,,,,,,,,,,,,,,,,,,,,,,,
folds,rush_td,lgbm,13745,113219,75,2014,2006,2013,0.08054,0.080353,2013,,,,,,,,,,,,,,,,,,,,,,,,,,,,,,,,,,,,,,,,,,,,,,,,,,,,
folds,rush_2pt,rate,15,121,,2014,2006,2013,,,2013,,,,,,,,,,,,,,,,,,,,,,,,,,,,,,,,,,,,,,,,,,,,,,,,,,,,
folds,completion,lgbm,19105,162359,123,2015,2006,2014,0.612465,0.600362,2014,,,,,,,,,,,,,,,,,,,,,,,,,,,,,,,,,,,,,,,,,,,,,,,,,,,,
folds,yac,lgbm,19105,98978,158,2015,2006,2014,45.263541,44.397526,2014,,,,,,,,,,,,,,,,,,,,,,,,,,,,,,,,,,,,,,,,,,,,,,,,,,,,
folds,pass_td,lgbm,19105,162359,113,2015,2006,2014,0.115918,0.115835,2014,,,,,,,,,,,,,,,,,,,,,,,,,,,,,,,,,,,,,,,,,,,,,,,,,,,,
folds,interception,lgbm,19105,162359,129,2015,2006,2014,0.110781,0.109903,2014,,,,,,,,,,,,,,,,,,,,,,,,,,,,,,,,,,,,,,,,,,,,,,,,,,,,
folds,pass_2pt,rate,74,382,,2015,2006,2014,,,2014,,,,,,,,,,,,,,,,,,,,,,,,,,,,,,,,,,,,,,,,,,,,,,,,,,,,
folds,rush_yards,lgbm,13524,126964,71,2015,2006,2014,38.598165,38.513596,2014,,,,,,,,,,,,,,,,,,,,,,,,,,,,,,,,,,,,,,,,,,,,,,,,,,,,
folds,rush_td,lgbm,13524,126964,96,2015,2006,2014,0.077127,0.076176,2014,,,,,,,,,,,,,,,,,,,,,,,,,,,,,,,,,,,,,,,,,,,,,,,,,,,,
folds,rush_2pt,rate,25,136,,2015,2006,2014,,,2014,,,,,,,,,,,,,,,,,,,,,,,,,,,,,,,,,,,,,,,,,,,,,,,,,,,,
folds,completion,lgbm,19113,181464,135,2016,2006,2015,0.609241,0.598288,2015,,,,,,,,,,,,,,,,,,,,,,,,,,,,,,,,,,,,,,,,,,,,,,,,,,,,
folds,yac,lgbm,19113,110975,53,2016,2006,2015,46.537123,45.918966,2015,,,,,,,,,,,,,,,,,,,,,,,,,,,,,,,,,,,,,,,,,,,,,,,,,,,,
folds,pass_td,lgbm,19113,181464,98,2016,2006,2015,0.11569,0.114783,2015,,,,,,,,,,,,,,,,,,,,,,,,,,,,,,,,,,,,,,,,,,,,,,,,,,,,
folds,interception,lgbm,19113,181464,100,2016,2006,2015,0.107182,0.10696,2015,,,,,,,,,,,,,,,,,,,,,,,,,,,,,,,,,,,,,,,,,,,,,,,,,,,,
folds,pass_2pt,rate,80,456,,2016,2006,2015,,,2015,,,,,,,,,,,,,,,,,,,,,,,,,,,,,,,,,,,,,,,,,,,,,,,,,,,,
folds,rush_yards,lgbm,13384,140488,81,2016,2006,2015,39.63655,39.478602,2015,,,,,,,,,,,,,,,,,,,,,,,,,,,,,,,,,,,,,,,,,,,,,,,,,,,,
folds,rush_td,lgbm,13384,140488,139,2016,2006,2015,0.074539,0.073652,2015,,,,,,,,,,,,,,,,,,,,,,,,,,,,,,,,,,,,,,,,,,,,,,,,,,,,
folds,rush_2pt,rate,27,161,,2016,2006,2015,,,2015,,,,,,,,,,,,,,,,,,,,,,,,,,,,,,,,,,,,,,,,,,,,,,,,,,,,
folds,completion,lgbm,18334,200577,131,2017,2006,2016,0.61225,0.599192,2016,,,,,,,,,,,,,,,,,,,,,,,,,,,,,,,,,,,,,,,,,,,,,,,,,,,,
folds,yac,lgbm,18334,123017,144,2017,2006,2016,42.441475,41.621779,2016,,,,,,,,,,,,,,,,,,,,,,,,,,,,,,,,,,,,,,,,,,,,,,,,,,,,
folds,pass_td,lgbm,18334,200577,103,2017,2006,2016,0.110755,0.109601,2016,,,,,,,,,,,,,,,,,,,,,,,,,,,,,,,,,,,,,,,,,,,,,,,,,,,,
folds,interception,lgbm,18334,200577,114,2017,2006,2016,0.101231,0.100802,2016,,,,,,,,,,,,,,,,,,,,,,,,,,,,,,,,,,,,,,,,,,,,,,,,,,,,
folds,pass_2pt,rate,62,536,,2017,2006,2016,,,2016,,,,,,,,,,,,,,,,,,,,,,,,,,,,,,,,,,,,,,,,,,,,,,,,,,,,
folds,rush_yards,lgbm,13794,153872,62,2017,2006,2016,38.511207,38.358354,2016,,,,,,,,,,,,,,,,,,,,,,,,,,,,,,,,,,,,,,,,,,,,,,,,,,,,
folds,rush_td,lgbm,13794,153872,82,2017,2006,2016,0.083009,0.082566,2016,,,,,,,,,,,,,,,,,,,,,,,,,,,,,,,,,,,,,,,,,,,,,,,,,,,,
folds,rush_2pt,rate,24,188,,2017,2006,2016,,,2016,,,,,,,,,,,,,,,,,,,,,,,,,,,,,,,,,,,,,,,,,,,,,,,,,,,,
folds,completion,lgbm,18489,218911,223,2018,2006,2017,0.613524,0.601607,2017,,,,,,,,,,,,,,,,,,,,,,,,,,,,,,,,,,,,,,,,,,,,,,,,,,,,
folds,yac,lgbm,18489,134402,118,2018,2006,2017,44.924156,44.299969,2017,,,,,,,,,,,,,,,,,,,,,,,,,,,,,,,,,,,,,,,,,,,,,,,,,,,,
folds,pass_td,lgbm,18489,218911,116,2018,2006,2017,0.109965,0.109283,2017,,,,,,,,,,,,,,,,,,,,,,,,,,,,,,,,,,,,,,,,,,,,,,,,,,,,
folds,interception,lgbm,18489,218911,55,2018,2006,2017,0.106365,0.106336,2017,,,,,,,,,,,,,,,,,,,,,,,,,,,,,,,,,,,,,,,,,,,,,,,,,,,,
folds,pass_2pt,rate,100,598,,2018,2006,2017,,,2017,,,,,,,,,,,,,,,,,,,,,,,,,,,,,,,,,,,,,,,,,,,,,,,,,,,,
folds,rush_yards,lgbm,13347,167666,80,2018,2006,2017,39.118715,38.990374,2017,,,,,,,,,,,,,,,,,,,,,,,,,,,,,,,,,,,,,,,,,,,,,,,,,,,,
folds,rush_td,lgbm,13347,167666,106,2018,2006,2017,0.078769,0.077639,2017,,,,,,,,,,,,,,,,,,,,,,,,,,,,,,,,,,,,,,,,,,,,,,,,,,,,
folds,rush_2pt,rate,36,212,,2018,2006,2017,,,2017,,,,,,,,,,,,,,,,,,,,,,,,,,,,,,,,,,,,,,,,,,,,,,,,,,,,
folds,completion,lgbm,18556,237400,280,2019,2006,2018,0.599495,0.587391,2018,,,,,,,,,,,,,,,,,,,,,,,,,,,,,,,,,,,,,,,,,,,,,,,,,,,,
folds,yac,lgbm,18556,146363,66,2019,2006,2018,42.852971,42.075894,2018,,,,,,,,,,,,,,,,,,,,,,,,,,,,,,,,,,,,,,,,,,,,,,,,,,,,
folds,pass_td,lgbm,18556,237400,172,2019,2006,2018,0.119539,0.11891,2018,,,,,,,,,,,,,,,,,,,,,,,,,,,,,,,,,,,,,,,,,,,,,,,,,,,,
folds,interception,lgbm,18556,237400,109,2019,2006,2018,0.104126,0.10302,2018,,,,,,,,,,,,,,,,,,,,,,,,,,,,,,,,,,,,,,,,,,,,,,,,,,,,
folds,pass_2pt,rate,86,698,,2019,2006,2018,,,2018,,,,,,,,,,,,,,,,,,,,,,,,,,,,,,,,,,,,,,,,,,,,,,,,,,,,
folds,rush_yards,lgbm,13475,181013,93,2019,2006,2018,41.776634,41.552061,2018,,,,,,,,,,,,,,,,,,,,,,,,,,,,,,,,,,,,,,,,,,,,,,,,,,,,
folds,rush_td,lgbm,13475,181013,98,2019,2006,2018,0.086273,0.085423,2018,,,,,,,,,,,,,,,,,,,,,,,,,,,,,,,,,,,,,,,,,,,,,,,,,,,,
folds,rush_2pt,rate,30,248,,2019,2006,2018,,,2018,,,,,,,,,,,,,,,,,,,,,,,,,,,,,,,,,,,,,,,,,,,,,,,,,,,,
folds,completion,lgbm,18983,255956,311,2020,2006,2019,0.607508,0.594168,2019,,,,,,,,,,,,,,,,,,,,,,,,,,,,,,,,,,,,,,,,,,,,,,,,,,,,
folds,yac,lgbm,18983,158141,123,2020,2006,2019,43.397775,42.834439,2019,,,,,,,,,,,,,,,,,,,,,,,,,,,,,,,,,,,,,,,,,,,,,,,,,,,,
folds,pass_td,lgbm,18983,255956,166,2020,2006,2019,0.115515,0.115097,2019,,,,,,,,,,,,,,,,,,,,,,,,,,,,,,,,,,,,,,,,,,,,,,,,,,,,
folds,interception,lgbm,18983,255956,121,2020,2006,2019,0.102049,0.101177,2019,,,,,,,,,,,,,,,,,,,,,,,,,,,,,,,,,,,,,,,,,,,,,,,,,,,,
folds,pass_2pt,rate,101,784,,2020,2006,2019,,,2019,,,,,,,,,,,,,,,,,,,,,,,,,,,,,,,,,,,,,,,,,,,,,,,,,,,,
folds,rush_yards,lgbm,13926,194488,243,2020,2006,2019,40.887228,40.661764,2019,,,,,,,,,,,,,,,,,,,,,,,,,,,,,,,,,,,,,,,,,,,,,,,,,,,,
folds,rush_td,lgbm,13926,194488,130,2020,2006,2019,0.087204,0.086027,2019,,,,,,,,,,,,,,,,,,,,,,,,,,,,,,,,,,,,,,,,,,,,,,,,,,,,
folds,rush_2pt,rate,39,278,,2020,2006,2019,,,2019,,,,,,,,,,,,,,,,,,,,,,,,,,,,,,,,,,,,,,,,,,,,,,,,,,,,
folds,completion,lgbm,19657,274939,162,2021,2006,2020,0.603248,0.589341,2020,,,,,,,,,,,,,,,,,,,,,,,,,,,,,,,,,,,,,,,,,,,,,,,,,,,,
folds,yac,lgbm,19657,170503,78,2021,2006,2020,35.441237,34.690002,2020,,,,,,,,,,,,,,,,,,,,,,,,,,,,,,,,,,,,,,,,,,,,,,,,,,,,
folds,pass_td,lgbm,19657,274939,157,2021,2006,2020,0.114385,0.113627,2020,,,,,,,,,,,,,,,,,,,,,,,,,,,,,,,,,,,,,,,,,,,,,,,,,,,,
folds,interception,lgbm,19657,274939,87,2021,2006,2020,0.099635,0.099073,2020,,,,,,,,,,,,,,,,,,,,,,,,,,,,,,,,,,,,,,,,,,,,,,,,,,,,
folds,pass_2pt,rate,112,885,,2021,2006,2020,,,2020,,,,,,,,,,,,,,,,,,,,,,,,,,,,,,,,,,,,,,,,,,,,,,,,,,,,
folds,rush_yards,lgbm,14605,208414,72,2021,2006,2020,38.991589,38.830887,2020,,,,,,,,,,,,,,,,,,,,,,,,,,,,,,,,,,,,,,,,,,,,,,,,,,,,
folds,rush_td,lgbm,14605,208414,190,2021,2006,2020,0.09631,0.094929,2020,,,,,,,,,,,,,,,,,,,,,,,,,,,,,,,,,,,,,,,,,,,,,,,,,,,,
folds,rush_2pt,rate,46,317,,2021,2006,2020,,,2020,,,,,,,,,,,,,,,,,,,,,,,,,,,,,,,,,,,,,,,,,,,,,,,,,,,,
folds,completion,lgbm,19006,294596,309,2022,2006,2021,0.599956,0.586906,2021,,,,,,,,,,,,,,,,,,,,,,,,,,,,,,,,,,,,,,,,,,,,,,,,,,,,
folds,yac,lgbm,19006,183244,97,2022,2006,2021,38.164721,37.493977,2021,,,,,,,,,,,,,,,,,,,,,,,,,,,,,,,,,,,,,,,,,,,,,,,,,,,,
folds,pass_td,lgbm,19006,294596,174,2022,2006,2021,0.11183,0.111433,2021,,,,,,,,,,,,,,,,,,,,,,,,,,,,,,,,,,,,,,,,,,,,,,,,,,,,
folds,interception,lgbm,19006,294596,85,2022,2006,2021,0.104242,0.102934,2021,,,,,,,,,,,,,,,,,,,,,,,,,,,,,,,,,,,,,,,,,,,,,,,,,,,,
folds,pass_2pt,rate,94,997,,2022,2006,2021,,,2021,,,,,,,,,,,,,,,,,,,,,,,,,,,,,,,,,,,,,,,,,,,,,,,,,,,,
folds,rush_yards,lgbm,14895,223019,99,2022,2006,2021,33.041089,32.837554,2021,,,,,,,,,,,,,,,,,,,,,,,,,,,,,,,,,,,,,,,,,,,,,,,,,,,,
folds,rush_td,lgbm,14895,223019,127,2022,2006,2021,0.088475,0.087891,2021,,,,,,,,,,,,,,,,,,,,,,,,,,,,,,,,,,,,,,,,,,,,,,,,,,,,
folds,rush_2pt,rate,32,363,,2022,2006,2021,,,2021,,,,,,,,,,,,,,,,,,,,,,,,,,,,,,,,,,,,,,,,,,,,,,,,,,,,
folds,completion,lgbm,19254,313602,130,2023,2006,2022,0.606711,0.595181,2022,,,,,,,,,,,,,,,,,,,,,,,,,,,,,,,,,,,,,,,,,,,,,,,,,,,,
folds,yac,lgbm,19254,195443,52,2023,2006,2022,37.29628,36.904431,2022,,,,,,,,,,,,,,,,,,,,,,,,,,,,,,,,,,,,,,,,,,,,,,,,,,,,
folds,pass_td,lgbm,19254,313602,112,2023,2006,2022,0.106243,0.10555,2022,,,,,,,,,,,,,,,,,,,,,,,,,,,,,,,,,,,,,,,,,,,,,,,,,,,,
folds,interception,lgbm,19254,313602,147,2023,2006,2022,0.100056,0.099024,2022,,,,,,,,,,,,,,,,,,,,,,,,,,,,,,,,,,,,,,,,,,,,,,,,,,,,
folds,pass_2pt,rate,79,1091,,2023,2006,2022,,,2022,,,,,,,,,,,,,,,,,,,,,,,,,,,,,,,,,,,,,,,,,,,,,,,,,,,,
folds,rush_yards,lgbm,14735,237914,120,2023,2006,2022,39.068959,38.89309,2022,,,,,,,,,,,,,,,,,,,,,,,,,,,,,,,,,,,,,,,,,,,,,,,,,,,,
folds,rush_td,lgbm,14735,237914,182,2023,2006,2022,0.088375,0.087144,2022,,,,,,,,,,,,,,,,,,,,,,,,,,,,,,,,,,,,,,,,,,,,,,,,,,,,
folds,rush_2pt,rate,47,395,,2023,2006,2022,,,2022,,,,,,,,,,,,,,,,,,,,,,,,,,,,,,,,,,,,,,,,,,,,,,,,,,,,
folds,completion,lgbm,18580,332856,255,2024,2006,2023,0.599936,0.588705,2023,,,,,,,,,,,,,,,,,,,,,,,,,,,,,,,,,,,,,,,,,,,,,,,,,,,,
folds,yac,lgbm,18580,207870,73,2024,2006,2023,41.183827,40.530887,2023,,,,,,,,,,,,,,,,,,,,,,,,,,,,,,,,,,,,,,,,,,,,,,,,,,,,
folds,pass_td,lgbm,18580,332856,155,2024,2006,2023,0.108228,0.107208,2023,,,,,,,,,,,,,,,,,,,,,,,,,,,,,,,,,,,,,,,,,,,,,,,,,,,,
folds,interception,lgbm,18580,332856,110,2024,2006,2023,0.101864,0.101037,2023,,,,,,,,,,,,,,,,,,,,,,,,,,,,,,,,,,,,,,,,,,,,,,,,,,,,
folds,pass_2pt,rate,109,1170,,2024,2006,2023,,,2023,,,,,,,,,,,,,,,,,,,,,,,,,,,,,,,,,,,,,,,,,,,,,,,,,,,,
folds,rush_yards,lgbm,14894,252649,85,2024,2006,2023,34.245886,34.093612,2023,,,,,,,,,,,,,,,,,,,,,,,,,,,,,,,,,,,,,,,,,,,,,,,,,,,,
folds,rush_td,lgbm,14894,252649,144,2024,2006,2023,0.08322,0.082707,2023,,,,,,,,,,,,,,,,,,,,,,,,,,,,,,,,,,,,,,,,,,,,,,,,,,,,
folds,rush_2pt,rate,38,442,,2024,2006,2023,,,2023,,,,,,,,,,,,,,,,,,,,,,,,,,,,,,,,,,,,,,,,,,,,,,,,,,,,
folds,completion,lgbm,18367,351436,202,2025,2006,2024,0.591746,0.580884,2024,,,,,,,,,,,,,,,,,,,,,,,,,,,,,,,,,,,,,,,,,,,,,,,,,,,,
folds,yac,lgbm,18367,220006,110,2025,2006,2024,40.314876,39.726942,2024,,,,,,,,,,,,,,,,,,,,,,,,,,,,,,,,,,,,,,,,,,,,,,,,,,,,
folds,pass_td,lgbm,18367,351436,152,2025,2006,2024,0.113777,0.112957,2024,,,,,,,,,,,,,,,,,,,,,,,,,,,,,,,,,,,,,,,,,,,,,,,,,,,,
folds,interception,lgbm,18367,351436,79,2025,2006,2024,0.097543,0.096438,2024,,,,,,,,,,,,,,,,,,,,,,,,,,,,,,,,,,,,,,,,,,,,,,,,,,,,
folds,pass_2pt,rate,98,1279,,2025,2006,2024,,,2024,,,,,,,,,,,,,,,,,,,,,,,,,,,,,,,,,,,,,,,,,,,,,,,,,,,,
folds,rush_yards,lgbm,14774,267543,117,2025,2006,2024,38.991984,38.853567,2024,,,,,,,,,,,,,,,,,,,,,,,,,,,,,,,,,,,,,,,,,,,,,,,,,,,,
folds,rush_td,lgbm,14774,267543,138,2025,2006,2024,0.092527,0.091476,2024,,,,,,,,,,,,,,,,,,,,,,,,,,,,,,,,,,,,,,,,,,,,,,,,,,,,
folds,rush_2pt,rate,32,480,,2025,2006,2024,,,2024,,,,,,,,,,,,,,,,,,,,,,,,,,,,,,,,,,,,,,,,,,,,,,,,,,,,
folds,completion,lgbm,3118,369803,253,2026,2006,2025,0.602014,0.592124,2025,,,,,,,,,,,,,,,,,,,,,,,,,,,,,,,,,,,,,,,,,,,,,,,,,,,,
folds,yac,lgbm,3118,231755,139,2026,2006,2025,36.807093,36.377349,2025,,,,,,,,,,,,,,,,,,,,,,,,,,,,,,,,,,,,,,,,,,,,,,,,,,,,
folds,pass_td,lgbm,3118,369803,130,2026,2006,2025,0.112571,0.112212,2025,,,,,,,,,,,,,,,,,,,,,,,,,,,,,,,,,,,,,,,,,,,,,,,,,,,,
folds,interception,lgbm,3118,369803,57,2026,2006,2025,0.100438,0.100069,2025,,,,,,,,,,,,,,,,,,,,,,,,,,,,,,,,,,,,,,,,,,,,,,,,,,,,
folds,pass_2pt,rate,13,1377,,2026,2006,2025,,,2025,,,,,,,,,,,,,,,,,,,,,,,,,,,,,,,,,,,,,,,,,,,,,,,,,,,,
folds,rush_yards,lgbm,2482,282317,214,2026,2006,2025,37.281726,37.020459,2025,,,,,,,,,,,,,,,,,,,,,,,,,,,,,,,,,,,,,,,,,,,,,,,,,,,,
folds,rush_td,lgbm,2482,282317,137,2026,2006,2025,0.095212,0.0942,2025,,,,,,,,,,,,,,,,,,,,,,,,,,,,,,,,,,,,,,,,,,,,,,,,,,,,
folds,rush_2pt,rate,2,512,,2026,2006,2025,,,2025,,,,,,,,,,,,,,,,,,,,,,,,,,,,,,,,,,,,,,,,,,,,,,,,,,,,
per_play,completion,,,,,,,,,,,2007,17787,0.611964,0.627006,0.6057,log_loss,0.613104,0.629162,0.016058,,,,,,,,,,,,,,,,,,,,,,,,,,,,,,,,,,,,,,,,,,,
per_play,completion,,,,,,,,,,,2007,17787,0.611964,0.627006,0.6057,brier,0.2116,0.218956,0.007356,,,,,,,,,,,,,,,,,,,,,,,,,,,,,,,,,,,,,,,,,,,
per_play,completion,,,,,,,,,,,2008,17288,0.609151,0.629427,0.612443,log_loss,0.613626,0.620148,0.006522,,,,,,,,,,,,,,,,,,,,,,,,,,,,,,,,,,,,,,,,,,,
per_play,completion,,,,,,,,,,,2008,17288,0.609151,0.629427,0.612443,brier,0.21224,0.215015,0.002776,,,,,,,,,,,,,,,,,,,,,,,,,,,,,,,,,,,,,,,,,,,
per_play,completion,,,,,,,,,,,2009,17787,0.61039,0.631354,0.613273,log_loss,0.601755,0.612415,0.01066,,,,,,,,,,,,,,,,,,,,,,,,,,,,,,,,,,,,,,,,,,,
per_play,completion,,,,,,,,,,,2009,17787,0.61039,0.631354,0.613273,brier,0.207117,0.211675,0.004558,,,,,,,,,,,,,,,,,,,,,,,,,,,,,,,,,,,,,,,,,,,
per_play,completion,,,,,,,,,,,2010,18008,0.607952,0.626171,0.612001,log_loss,0.606832,0.615589,0.008758,,,,,,,,,,,,,,,,,,,,,,,,,,,,,,,,,,,,,,,,,,,
per_play,completion,,,,,,,,,,,2010,18008,0.607952,0.626171,0.612001,brier,0.20927,0.213079,0.003809,,,,,,,,,,,,,,,,,,,,,,,,,,,,,,,,,,,,,,,,,,,
per_play,completion,,,,,,,,,,,2011,18235,0.601261,0.625692,0.609255,log_loss,0.617907,0.622494,0.004587,,,,,,,,,,,,,,,,,,,,,,,,,,,,,,,,,,,,,,,,,,,
per_play,completion,,,,,,,,,,,2011,18235,0.601261,0.625692,0.609255,brier,0.214296,0.216248,0.001952,,,,,,,,,,,,,,,,,,,,,,,,,,,,,,,,,,,,,,,,,,,
per_play,completion,,,,,,,,,,,2012,18574,0.608808,0.633441,0.612265,log_loss,0.611433,0.616666,0.005233,,,,,,,,,,,,,,,,,,,,,,,,,,,,,,,,,,,,,,,,,,,
per_play,completion,,,,,,,,,,,2012,18574,0.608808,0.633441,0.612265,brier,0.211177,0.213553,0.002376,,,,,,,,,,,,,,,,,,,,,,,,,,,,,,,,,,,,,,,,,,,
per_play,completion,,,,,,,,,,,2013,18862,0.612607,0.636253,0.614939,log_loss,0.607283,0.611938,0.004654,,,,,,,,,,,,,,,,,,,,,,,,,,,,,,,,,,,,,,,,,,,
per_play,completion,,,,,,,,,,,2013,18862,0.612607,0.636253,0.614939,brier,0.209287,0.211468,0.002181,,,,,,,,,,,,,,,,,,,,,,,,,,,,,,,,,,,,,,,,,,,
per_play,completion,,,,,,,,,,,2014,18668,0.626259,0.639428,0.614838,log_loss,0.589277,0.600478,0.011201,,,,,,,,,,,,,,,,,,,,,,,,,,,,,,,,,,,,,,,,,,,
per_play,completion,,,,,,,,,,,2014,18668,0.626259,0.639428,0.614838,brier,0.201492,0.206196,0.004704,,,,,,,,,,,,,,,,,,,,,,,,,,,,,,,,,,,,,,,,,,,
per_play,completion,,,,,,,,,,,2015,19105,0.627951,0.632949,0.6145,log_loss,0.586641,0.598316,0.011676,,,,,,,,,,,,,,,,,,,,,,,,,,,,,,,,,,,,,,,,,,,
per_play,completion,,,,,,,,,,,2015,19105,0.627951,0.632949,0.6145,brier,0.200268,0.205265,0.004997,,,,,,,,,,,,,,,,,,,,,,,,,,,,,,,,,,,,,,,,,,,
per_play,completion,,,,,,,,,,,2016,19113,0.630042,0.635532,0.614955,log_loss,0.590099,0.599208,0.009109,,,,,,,,,,,,,,,,,,,,,,,,,,,,,,,,,,,,,,,,,,,
per_play,completion,,,,,,,,,,,2016,19113,0.630042,0.635532,0.614955,brier,0.201806,0.205664,0.003858,,,,,,,,,,,,,,,,,,,,,,,,,,,,,,,,,,,,,,,,,,,
per_play,completion,,,,,,,,,,,2017,18334,0.620977,0.629113,0.616495,log_loss,0.591244,0.601816,0.010572,,,,,,,,,,,,,,,,,,,,,,,,,,,,,,,,,,,,,,,,,,,
per_play,completion,,,,,,,,,,,2017,18334,0.620977,0.629113,0.616495,brier,0.202306,0.206982,0.004676,,,,,,,,,,,,,,,,,,,,,,,,,,,,,,,,,,,,,,,,,,,
per_play,completion,,,,,,,,,,,2018,18489,0.646925,0.661613,0.620998,log_loss,0.575373,0.587441,0.012068,,,,,,,,,,,,,,,,,,,,,,,,,,,,,,,,,,,,,,,,,,,
per_play,completion,,,,,,,,,,,2018,18489,0.646925,0.661613,0.620998,brier,0.195377,0.200352,0.004976,,,,,,,,,,,,,,,,,,,,,,,,,,,,,,,,,,,,,,,,,,,
per_play,completion,,,,,,,,,,,2019,18556,0.634727,0.655336,0.621716,log_loss,0.583309,0.594228,0.010919,,,,,,,,,,,,,,,,,,,,,,,,,,,,,,,,,,,,,,,,,,,
per_play,completion,,,,,,,,,,,2019,18556,0.634727,0.655336,0.621716,brier,0.198904,0.203374,0.00447,,,,,,,,,,,,,,,,,,,,,,,,,,,,,,,,,,,,,,,,,,,
per_play,completion,,,,,,,,,,,2020,18983,0.651214,0.670632,0.627208,log_loss,0.579801,0.589338,0.009538,,,,,,,,,,,,,,,,,,,,,,,,,,,,,,,,,,,,,,,,,,,
per_play,completion,,,,,,,,,,,2020,18983,0.651214,0.670632,0.627208,brier,0.197136,0.201171,0.004036,,,,,,,,,,,,,,,,,,,,,,,,,,,,,,,,,,,,,,,,,,,
per_play,completion,,,,,,,,,,,2021,19657,0.648166,0.674053,0.631875,log_loss,0.582813,0.587337,0.004524,,,,,,,,,,,,,,,,,,,,,,,,,,,,,,,,,,,,,,,,,,,
per_play,completion,,,,,,,,,,,2021,19657,0.648166,0.674053,0.631875,brier,0.198176,0.200331,0.002155,,,,,,,,,,,,,,,,,,,,,,,,,,,,,,,,,,,,,,,,,,,
per_play,completion,,,,,,,,,,,2022,19006,0.641903,0.662291,0.634809,log_loss,0.590546,0.595294,0.004749,,,,,,,,,,,,,,,,,,,,,,,,,,,,,,,,,,,,,,,,,,,
per_play,completion,,,,,,,,,,,2022,19006,0.641903,0.662291,0.634809,brier,0.201319,0.203734,0.002416,,,,,,,,,,,,,,,,,,,,,,,,,,,,,,,,,,,,,,,,,,,
per_play,completion,,,,,,,,,,,2023,19254,0.645424,0.65773,0.634868,log_loss,0.581981,0.589006,0.007024,,,,,,,,,,,,,,,,,,,,,,,,,,,,,,,,,,,,,,,,,,,
per_play,completion,,,,,,,,,,,2023,19254,0.645424,0.65773,0.634868,brier,0.197688,0.200951,0.003263,,,,,,,,,,,,,,,,,,,,,,,,,,,,,,,,,,,,,,,,,,,
per_play,completion,,,,,,,,,,,2024,18580,0.653175,0.662477,0.635725,log_loss,0.574618,0.580943,0.006325,,,,,,,,,,,,,,,,,,,,,,,,,,,,,,,,,,,,,,,,,,,
per_play,completion,,,,,,,,,,,2024,18580,0.653175,0.662477,0.635725,brier,0.19445,0.197356,0.002906,,,,,,,,,,,,,,,,,,,,,,,,,,,,,,,,,,,,,,,,,,,
per_play,completion,,,,,,,,,,,2025,18367,0.63968,0.661172,0.633058,log_loss,0.58694,0.592259,0.005319,,,,,,,,,,,,,,,,,,,,,,,,,,,,,,,,,,,,,,,,,,,
per_play,completion,,,,,,,,,,,2025,18367,0.63968,0.661172,0.633058,brier,0.199852,0.202433,0.002581,,,,,,,,,,,,,,,,,,,,,,,,,,,,,,,,,,,,,,,,,,,
per_play,completion,,,,,,,,,,,2026,3118,0.644003,0.662548,0.630957,log_loss,0.590667,0.599679,0.009012,,,,,,,,,,,,,,,,,,,,,,,,,,,,,,,,,,,,,,,,,,,
per_play,completion,,,,,,,,,,,2026,3118,0.644003,0.662548,0.630957,brier,0.201536,0.205548,0.004011,,,,,,,,,,,,,,,,,,,,,,,,,,,,,,,,,,,,,,,,,,,
per_play,completion,,,,,,,,,,,2007-2013,126541,0.608878,0.629963,0.611435,log_loss,0.610267,0.618283,0.008016,0.005452,0.010978,,,,,,,,,,,,,,,,,,,,,,,,,,,,,,,,,,,,,,,,,
per_play,completion,,,,,,,,,,,2007-2013,126541,0.608878,0.629963,0.611435,brier,0.210707,0.214258,0.003551,0.002398,0.004921,,,,,,,,,,,,,,,,,,,,,,,,,,,,,,,,,,,,,,,,,
per_play,completion,,,,,,,,,,,2014-2020,131248,0.634036,0.646364,0.618666,log_loss,0.585115,0.595834,0.010719,0.009937,0.011465,,,,,,,,,,,,,,,,,,,,,,,,,,,,,,,,,,,,,,,,,
per_play,completion,,,,,,,,,,,2014-2020,131248,0.634036,0.646364,0.618666,brier,0.199616,0.204144,0.004528,0.004208,0.004826,,,,,,,,,,,,,,,,,,,,,,,,,,,,,,,,,,,,,,,,,
per_play,completion,,,,,,,,,,,2021-2026,97982,0.645639,0.663588,0.633955,log_loss,0.583619,0.589311,0.005692,0.0049,0.006635,,,,,,,,,,,,,,,,,,,,,,,,,,,,,,,,,,,,,,,,,
per_play,completion,,,,,,,,,,,2021-2026,97982,0.645639,0.663588,0.633955,brier,0.198404,0.201109,0.002704,0.002393,0.003083,,,,,,,,,,,,,,,,,,,,,,,,,,,,,,,,,,,,,,,,,
per_play,completion,,,,,,,,,,,all,355771,0.628283,0.645274,0.620305,log_loss,0.593649,0.602022,0.008373,0.007033,0.009878,,,,,,,,,,,,,,,,,,,,,,,,,,,,,,,,,,,,,,,,,
per_play,completion,,,,,,,,,,,all,355771,0.628283,0.645274,0.620305,brier,0.203227,0.206905,0.003678,0.00314,0.004308,,,,,,,,,,,,,,,,,,,,,,,,,,,,,,,,,,,,,,,,,
per_play,yac,,,,,,,,,,,2007,10885,4.756454,5.043226,4.696608,mae,3.847548,3.752846,-0.094703,,,,,,,,,,,,,,,,,,,,,,,,,,,,,,,,,,,,,,,,,,,
per_play,yac,,,,,,,,,,,2007,10885,4.756454,5.043226,4.696608,mse,38.392184,37.303773,-1.088411,,,,,,,,,,,,,,,,,,,,,,,,,,,,,,,,,,,,,,,,,,,
per_play,yac,,,,,,,,,,,2008,10531,4.958788,5.130668,4.789516,mae,4.06468,3.982273,-0.082408,,,,,,,,,,,,,,,,,,,,,,,,,,,,,,,,,,,,,,,,,,,
per_play,yac,,,,,,,,,,,2008,10531,4.958788,5.130668,4.789516,mse,45.605565,45.037256,-0.568309,,,,,,,,,,,,,,,,,,,,,,,,,,,,,,,,,,,,,,,,,,,
per_play,yac,,,,,,,,,,,2009,10857,5.238924,5.220888,4.966664,mae,4.174694,4.102305,-0.072389,,,,,,,,,,,,,,,,,,,,,,,,,,,,,,,,,,,,,,,,,,,
per_play,yac,,,,,,,,,,,2009,10857,5.238924,5.220888,4.966664,mse,48.474613,47.793387,-0.681226,,,,,,,,,,,,,,,,,,,,,,,,,,,,,,,,,,,,,,,,,,,
per_play,yac,,,,,,,,,,,2010,10948,5.094172,5.140354,4.983285,mae,4.11366,4.108167,-0.005493,,,,,,,,,,,,,,,,,,,,,,,,,,,,,,,,,,,,,,,,,,,
per_play,yac,,,,,,,,,,,2010,10948,5.094172,5.140354,4.983285,mse,43.368937,43.443935,0.074997,,,,,,,,,,,,,,,,,,,,,,,,,,,,,,,,,,,,,,,,,,,
per_play,yac,,,,,,,,,,,2011,10964,5.193816,5.134568,4.951429,mae,4.193657,4.154366,-0.039291,,,,,,,,,,,,,,,,,,,,,,,,,,,,,,,,,,,,,,,,,,,
per_play,yac,,,,,,,,,,,2011,10964,5.193816,5.134568,4.951429,mse,47.954397,47.369219,-0.585178,,,,,,,,,,,,,,,,,,,,,,,,,,,,,,,,,,,,,,,,,,,
per_play,yac,,,,,,,,,,,2012,11308,4.963654,5.110508,4.982258,mae,4.07763,4.040647,-0.036983,,,,,,,,,,,,,,,,,,,,,,,,,,,,,,,,,,,,,,,,,,,
per_play,yac,,,,,,,,,,,2012,11308,4.963654,5.110508,4.982258,mse,41.720036,41.265578,-0.454458,,,,,,,,,,,,,,,,,,,,,,,,,,,,,,,,,,,,,,,,,,,
per_play,yac,,,,,,,,,,,2013,11555,5.267244,5.194,5.071976,mae,4.133332,4.078656,-0.054675,,,,,,,,,,,,,,,,,,,,,,,,,,,,,,,,,,,,,,,,,,,
per_play,yac,,,,,,,,,,,2013,11555,5.267244,5.194,5.071976,mse,46.655302,45.931673,-0.72363,,,,,,,,,,,,,,,,,,,,,,,,,,,,,,,,,,,,,,,,,,,
per_play,yac,,,,,,,,,,,2014,11691,5.326662,5.251305,5.197463,mae,4.109749,4.128545,0.018796,,,,,,,,,,,,,,,,,,,,,,,,,,,,,,,,,,,,,,,,,,,
per_play,yac,,,,,,,,,,,2014,11691,5.326662,5.251305,5.197463,mse,44.513529,44.470364,-0.043164,,,,,,,,,,,,,,,,,,,,,,,,,,,,,,,,,,,,,,,,,,,
per_play,yac,,,,,,,,,,,2015,11997,5.255397,5.142448,5.180002,mae,4.112288,4.153279,0.04099,,,,,,,,,,,,,,,,,,,,,,,,,,,,,,,,,,,,,,,,,,,
per_play,yac,,,,,,,,,,,2015,11997,5.255397,5.142448,5.180002,mse,45.755634,46.006727,0.251093,,,,,,,,,,,,,,,,,,,,,,,,,,,,,,,,,,,,,,,,,,,
per_play,yac,,,,,,,,,,,2016,12042,5.020429,5.07262,5.072356,mae,4.014759,4.049487,0.034728,,,,,,,,,,,,,,,,,,,,,,,,,,,,,,,,,,,,,,,,,,,
per_play,yac,,,,,,,,,,,2016,12042,5.020429,5.07262,5.072356,mse,41.581894,41.693995,0.1121,,,,,,,,,,,,,,,,,,,,,,,,,,,,,,,,,,,,,,,,,,,
per_play,yac,,,,,,,,,,,2017,11385,5.205709,5.20565,5.25658,mae,4.126136,4.172986,0.046851,,,,,,,,,,,,,,,,,,,,,,,,,,,,,,,,,,,,,,,,,,,
per_play,yac,,,,,,,,,,,2017,11385,5.205709,5.20565,5.25658,mse,44.002334,44.315164,0.312831,,,,,,,,,,,,,,,,,,,,,,,,,,,,,,,,,,,,,,,,,,,
per_play,yac,,,,,,,,,,,2018,11961,5.308753,5.256769,5.280292,mae,4.046308,4.084372,0.038064,,,,,,,,,,,,,,,,,,,,,,,,,,,,,,,,,,,,,,,,,,,
per_play,yac,,,,,,,,,,,2018,11961,5.308753,5.256769,5.280292,mse,41.989032,42.093237,0.104205,,,,,,,,,,,,,,,,,,,,,,,,,,,,,,,,,,,,,,,,,,,
per_play,yac,,,,,,,,,,,2019,11778,5.204449,5.170884,5.267912,mae,4.05148,4.135291,0.08381,,,,,,,,,,,,,,,,,,,,,,,,,,,,,,,,,,,,,,,,,,,
per_play,yac,,,,,,,,,,,2019,11778,5.204449,5.170884,5.267912,mse,42.376281,42.878607,0.502327,,,,,,,,,,,,,,,,,,,,,,,,,,,,,,,,,,,,,,,,,,,
per_play,yac,,,,,,,,,,,2020,12362,5.05258,5.228397,5.207791,mae,3.82739,3.864069,0.036679,,,,,,,,,,,,,,,,,,,,,,,,,,,,,,,,,,,,,,,,,,,
per_play,yac,,,,,,,,,,,2020,12362,5.05258,5.228397,5.207791,mse,34.615263,34.710166,0.094903,,,,,,,,,,,,,,,,,,,,,,,,,,,,,,,,,,,,,,,,,,,
per_play,yac,,,,,,,,,,,2021,12741,5.220469,5.246477,5.304882,mae,3.926052,3.965414,0.039362,,,,,,,,,,,,,,,,,,,,,,,,,,,,,,,,,,,,,,,,,,,
per_play,yac,,,,,,,,,,,2021,12741,5.220469,5.246477,5.304882,mse,37.798471,37.498009,-0.300462,,,,,,,,,,,,,,,,,,,,,,,,,,,,,,,,,,,,,,,,,,,
per_play,yac,,,,,,,,,,,2022,12199,5.122551,5.157219,5.327142,mae,3.869443,3.943573,0.07413,,,,,,,,,,,,,,,,,,,,,,,,,,,,,,,,,,,,,,,,,,,
per_play,yac,,,,,,,,,,,2022,12199,5.122551,5.157219,5.327142,mse,36.804846,36.940984,0.136138,,,,,,,,,,,,,,,,,,,,,,,,,,,,,,,,,,,,,,,,,,,
per_play,yac,,,,,,,,,,,2023,12427,5.231673,5.164725,5.392662,mae,3.99102,4.073907,0.082887,,,,,,,,,,,,,,,,,,,,,,,,,,,,,,,,,,,,,,,,,,,
per_play,yac,,,,,,,,,,,2023,12427,5.231673,5.164725,5.392662,mse,40.86659,40.545151,-0.321439,,,,,,,,,,,,,,,,,,,,,,,,,,,,,,,,,,,,,,,,,,,
per_play,yac,,,,,,,,,,,2024,12136,5.307432,5.179659,5.351703,mae,3.954649,4.030308,0.075658,,,,,,,,,,,,,,,,,,,,,,,,,,,,,,,,,,,,,,,,,,,
per_play,yac,,,,,,,,,,,2024,12136,5.307432,5.179659,5.351703,mse,39.927521,39.771016,-0.156505,,,,,,,,,,,,,,,,,,,,,,,,,,,,,,,,,,,,,,,,,,,
per_play,yac,,,,,,,,,,,2025,11749,5.14265,5.161655,5.281125,mae,3.893917,3.952966,0.059049,,,,,,,,,,,,,,,,,,,,,,,,,,,,,,,,,,,,,,,,,,,
per_play,yac,,,,,,,,,,,2025,11749,5.14265,5.161655,5.281125,mse,36.254588,36.397719,0.143131,,,,,,,,,,,,,,,,,,,,,,,,,,,,,,,,,,,,,,,,,,,
per_play,yac,,,,,,,,,,,2026,2008,5.005478,5.158354,5.189761,mae,3.866196,3.885967,0.019772,,,,,,,,,,,,,,,,,,,,,,,,,,,,,,,,,,,,,,,,,,,
per_play,yac,,,,,,,,,,,2026,2008,5.005478,5.158354,5.189761,mse,35.952656,35.553996,-0.39866,,,,,,,,,,,,,,,,,,,,,,,,,,,,,,,,,,,,,,,,,,,
per_play,yac,,,,,,,,,,,2007-2013,77048,5.069333,5.139498,4.922575,mae,4.087017,4.032174,-0.054842,-0.074711,-0.033364,,,,,,,,,,,,,,,,,,,,,,,,,,,,,,,,,,,,,,,,,
per_play,yac,,,,,,,,,,,2007-2013,77048,5.069333,5.139498,4.922575,mse,44.594374,44.019101,-0.575273,-0.797854,-0.320451,,,,,,,,,,,,,,,,,,,,,,,,,,,,,,,,,,,,,,,,,
per_play,yac,,,,,,,,,,,2014-2020,83216,5.194938,5.189508,5.20834,mae,4.0393,4.082068,0.042767,0.031584,0.058337,,,,,,,,,,,,,,,,,,,,,,,,,,,,,,,,,,,,,,,,,
per_play,yac,,,,,,,,,,,2014-2020,83216,5.194938,5.189508,5.20834,mse,42.062659,42.251989,0.189329,0.081431,0.322084,,,,,,,,,,,,,,,,,,,,,,,,,,,,,,,,,,,,,,,,,
per_play,yac,,,,,,,,,,,2021-2026,63260,5.199194,5.181836,5.327334,mae,3.925516,3.990131,0.064615,0.049226,0.076418,,,,,,,,,,,,,,,,,,,,,,,,,,,,,,,,,,,,,,,,,
per_play,yac,,,,,,,,,,,2021-2026,63260,5.199194,5.181836,5.327334,mse,38.272688,38.159185,-0.113503,-0.284994,0.06345,,,,,,,,,,,,,,,,,,,,,,,,,,,,,,,,,,,,,,,,,
per_play,yac,,,,,,,,,,,all,223524,5.152847,5.170098,5.143515,mae,4.023546,4.03885,0.015305,-0.010229,0.039353,,,,,,,,,,,,,,,,,,,,,,,,,,,,,,,,,,,,,,,,,
per_play,yac,,,,,,,,,,,all,223524,5.152847,5.170098,5.143515,mse,41.862725,41.702793,-0.159932,-0.350256,0.014525,,,,,,,,,,,,,,,,,,,,,,,,,,,,,,,,,,,,,,,,,
per_play,pass_td,,,,,,,,,,,2007,17787,0.042447,0.044993,0.041094,log_loss,0.106754,0.10892,0.002166,,,,,,,,,,,,,,,,,,,,,,,,,,,,,,,,,,,,,,,,,,,
per_play,pass_td,,,,,,,,,,,2007,17787,0.042447,0.044993,0.041094,brier,0.030403,0.031188,0.000784,,,,,,,,,,,,,,,,,,,,,,,,,,,,,,,,,,,,,,,,,,,
per_play,pass_td,,,,,,,,,,,2008,17288,0.038987,0.043508,0.040477,log_loss,0.104198,0.105348,0.00115,,,,,,,,,,,,,,,,,,,,,,,,,,,,,,,,,,,,,,,,,,,
per_play,pass_td,,,,,,,,,,,2008,17288,0.038987,0.043508,0.040477,brier,0.029185,0.02931,0.000125,,,,,,,,,,,,,,,,,,,,,,,,,,,,,,,,,,,,,,,,,,,
per_play,pass_td,,,,,,,,,,,2009,17787,0.042222,0.044865,0.041427,log_loss,0.110389,0.111792,0.001403,,,,,,,,,,,,,,,,,,,,,,,,,,,,,,,,,,,,,,,,,,,
per_play,pass_td,,,,,,,,,,,2009,17787,0.042222,0.044865,0.041427,brier,0.031289,0.031647,0.000358,,,,,,,,,,,,,,,,,,,,,,,,,,,,,,,,,,,,,,,,,,,
per_play,pass_td,,,,,,,,,,,2010,18008,0.043814,0.045281,0.04274,log_loss,0.113024,0.113973,0.000949,,,,,,,,,,,,,,,,,,,,,,,,,,,,,,,,,,,,,,,,,,,
per_play,pass_td,,,,,,,,,,,2010,18008,0.043814,0.045281,0.04274,brier,0.032096,0.032459,0.000363,,,,,,,,,,,,,,,,,,,,,,,,,,,,,,,,,,,,,,,,,,,
per_play,pass_td,,,,,,,,,,,2011,18235,0.043159,0.04586,0.042622,log_loss,0.113199,0.115269,0.00207,,,,,,,,,,,,,,,,,,,,,,,,,,,,,,,,,,,,,,,,,,,
per_play,pass_td,,,,,,,,,,,2011,18235,0.043159,0.04586,0.042622,brier,0.031917,0.032355,0.000439,,,,,,,,,,,,,,,,,,,,,,,,,,,,,,,,,,,,,,,,,,,
per_play,pass_td,,,,,,,,,,,2012,18574,0.042856,0.04552,0.042098,log_loss,0.108195,0.108941,0.000746,,,,,,,,,,,,,,,,,,,,,,,,,,,,,,,,,,,,,,,,,,,
per_play,pass_td,,,,,,,,,,,2012,18574,0.042856,0.04552,0.042098,brier,0.031061,0.031176,0.000116,,,,,,,,,,,,,,,,,,,,,,,,,,,,,,,,,,,,,,,,,,,
per_play,pass_td,,,,,,,,,,,2013,18862,0.044322,0.04719,0.043644,log_loss,0.11282,0.114204,0.001384,,,,,,,,,,,,,,,,,,,,,,,,,,,,,,,,,,,,,,,,,,,
per_play,pass_td,,,,,,,,,,,2013,18862,0.044322,0.04719,0.043644,brier,0.032597,0.032769,0.000172,,,,,,,,,,,,,,,,,,,,,,,,,,,,,,,,,,,,,,,,,,,
per_play,pass_td,,,,,,,,,,,2014,18668,0.045532,0.045758,0.0425,log_loss,0.111405,0.115855,0.00445,,,,,,,,,,,,,,,,,,,,,,,,,,,,,,,,,,,,,,,,,,,
per_play,pass_td,,,,,,,,,,,2014,18668,0.045532,0.045758,0.0425,brier,0.031902,0.032965,0.001062,,,,,,,,,,,,,,,,,,,,,,,,,,,,,,,,,,,,,,,,,,,
per_play,pass_td,,,,,,,,,,,2015,19105,0.045381,0.04484,0.043319,log_loss,0.111526,0.114838,0.003312,,,,,,,,,,,,,,,,,,,,,,,,,,,,,,,,,,,,,,,,,,,
per_play,pass_td,,,,,,,,,,,2015,19105,0.045381,0.04484,0.043319,brier,0.032209,0.032874,0.000665,,,,,,,,,,,,,,,,,,,,,,,,,,,,,,,,,,,,,,,,,,,
per_play,pass_td,,,,,,,,,,,2016,19113,0.043269,0.046772,0.04457,log_loss,0.106446,0.109625,0.003179,,,,,,,,,,,,,,,,,,,,,,,,,,,,,,,,,,,,,,,,,,,
per_play,pass_td,,,,,,,,,,,2016,19113,0.043269,0.046772,0.04457,brier,0.030756,0.031374,0.000618,,,,,,,,,,,,,,,,,,,,,,,,,,,,,,,,,,,,,,,,,,,
per_play,pass_td,,,,,,,,,,,2017,18334,0.042653,0.043804,0.042313,log_loss,0.10528,0.109368,0.004088,,,,,,,,,,,,,,,,,,,,,,,,,,,,,,,,,,,,,,,,,,,
per_play,pass_td,,,,,,,,,,,2017,18334,0.042653,0.043804,0.042313,brier,0.030311,0.031329,0.001018,,,,,,,,,,,,,,,,,,,,,,,,,,,,,,,,,,,,,,,,,,,
per_play,pass_td,,,,,,,,,,,2018,18489,0.047217,0.049063,0.043786,log_loss,0.114409,0.119023,0.004614,,,,,,,,,,,,,,,,,,,,,,,,,,,,,,,,,,,,,,,,,,,
per_play,pass_td,,,,,,,,,,,2018,18489,0.047217,0.049063,0.043786,brier,0.033136,0.034194,0.001058,,,,,,,,,,,,,,,,,,,,,,,,,,,,,,,,,,,,,,,,,,,
per_play,pass_td,,,,,,,,,,,2019,18556,0.044676,0.047631,0.04361,log_loss,0.111629,0.115109,0.00348,,,,,,,,,,,,,,,,,,,,,,,,,,,,,,,,,,,,,,,,,,,
per_play,pass_td,,,,,,,,,,,2019,18556,0.044676,0.047631,0.04361,brier,0.032197,0.032788,0.000591,,,,,,,,,,,,,,,,,,,,,,,,,,,,,,,,,,,,,,,,,,,
per_play,pass_td,,,,,,,,,,,2020,18983,0.048254,0.05223,0.045975,log_loss,0.109325,0.113631,0.004305,,,,,,,,,,,,,,,,,,,,,,,,,,,,,,,,,,,,,,,,,,,
per_play,pass_td,,,,,,,,,,,2020,18983,0.048254,0.05223,0.045975,brier,0.032385,0.033616,0.00123,,,,,,,,,,,,,,,,,,,,,,,,,,,,,,,,,,,,,,,,,,,
per_play,pass_td,,,,,,,,,,,2021,19657,0.045226,0.049424,0.044977,log_loss,0.110681,0.111458,0.000777,,,,,,,,,,,,,,,,,,,,,,,,,,,,,,,,,,,,,,,,,,,
per_play,pass_td,,,,,,,,,,,2021,19657,0.045226,0.049424,0.044977,brier,0.032178,0.032388,0.00021,,,,,,,,,,,,,,,,,,,,,,,,,,,,,,,,,,,,,,,,,,,
per_play,pass_td,,,,,,,,,,,2022,19006,0.041724,0.04618,0.043106,log_loss,0.105859,0.105649,-0.00021,,,,,,,,,,,,,,,,,,,,,,,,,,,,,,,,,,,,,,,,,,,
per_play,pass_td,,,,,,,,,,,2022,19006,0.041724,0.04618,0.043106,brier,0.030668,0.030524,-0.000144,,,,,,,,,,,,,,,,,,,,,,,,,,,,,,,,,,,,,,,,,,,
per_play,pass_td,,,,,,,,,,,2023,19254,0.041498,0.043616,0.041614,log_loss,0.107134,0.107244,0.000111,,,,,,,,,,,,,,,,,,,,,,,,,,,,,,,,,,,,,,,,,,,
per_play,pass_td,,,,,,,,,,,2023,19254,0.041498,0.043616,0.041614,brier,0.030542,0.03042,-0.000122,,,,,,,,,,,,,,,,,,,,,,,,,,,,,,,,,,,,,,,,,,,
per_play,pass_td,,,,,,,,,,,2024,18580,0.045479,0.047262,0.044401,log_loss,0.11349,0.112977,-0.000512,,,,,,,,,,,,,,,,,,,,,,,,,,,,,,,,,,,,,,,,,,,
per_play,pass_td,,,,,,,,,,,2024,18580,0.045479,0.047262,0.044401,brier,0.032528,0.03245,-0.000078,,,,,,,,,,,,,,,,,,,,,,,,,,,,,,,,,,,,,,,,,,,
per_play,pass_td,,,,,,,,,,,2025,18367,0.046496,0.048472,0.044751,log_loss,0.111125,0.112252,0.001126,,,,,,,,,,,,,,,,,,,,,,,,,,,,,,,,,,,,,,,,,,,
per_play,pass_td,,,,,,,,,,,2025,18367,0.046496,0.048472,0.044751,brier,0.032661,0.032946,0.000285,,,,,,,,,,,,,,,,,,,,,,,,,,,,,,,,,,,,,,,,,,,
per_play,pass_td,,,,,,,,,,,2026,3118,0.050674,0.050347,0.045578,log_loss,0.109858,0.111921,0.002062,,,,,,,,,,,,,,,,,,,,,,,,,,,,,,,,,,,,,,,,,,,
per_play,pass_td,,,,,,,,,,,2026,3118,0.050674,0.050347,0.045578,brier,0.032257,0.032976,0.000719,,,,,,,,,,,,,,,,,,,,,,,,,,,,,,,,,,,,,,,,,,,
per_play,pass_td,,,,,,,,,,,2007-2013,126541,0.042579,0.045343,0.042038,log_loss,0.109852,0.11126,0.001408,0.001048,0.001793,,,,,,,,,,,,,,,,,,,,,,,,,,,,,,,,,,,,,,,,,
per_play,pass_td,,,,,,,,,,,2007-2013,126541,0.042579,0.045343,0.042038,brier,0.031244,0.031579,0.000335,0.000194,0.000512,,,,,,,,,,,,,,,,,,,,,,,,,,,,,,,,,,,,,,,,,
per_play,pass_td,,,,,,,,,,,2014-2020,131248,0.045288,0.047166,0.043735,log_loss,0.109999,0.113913,0.003914,0.003503,0.004317,,,,,,,,,,,,,,,,,,,,,,,,,,,,,,,,,,,,,,,,,
per_play,pass_td,,,,,,,,,,,2014-2020,131248,0.045288,0.047166,0.043735,brier,0.031843,0.032734,0.000891,0.000711,0.001068,,,,,,,,,,,,,,,,,,,,,,,,,,,,,,,,,,,,,,,,,
per_play,pass_td,,,,,,,,,,,2021-2026,97982,0.044273,0.047094,0.043821,log_loss,0.109638,0.109955,0.000316,-0.000189,0.000871,,,,,,,,,,,,,,,,,,,,,,,,,,,,,,,,,,,,,,,,,
per_play,pass_td,,,,,,,,,,,2021-2026,97982,0.044273,0.047094,0.043821,brier,0.031723,0.031774,0.000052,-0.000096,0.000221,,,,,,,,,,,,,,,,,,,,,,,,,,,,,,,,,,,,,,,,,
per_play,pass_td,,,,,,,,,,,all,355771,0.044045,0.046498,0.043155,log_loss,0.109848,0.111879,0.002032,0.001303,0.00275,,,,,,,,,,,,,,,,,,,,,,,,,,,,,,,,,,,,,,,,,
per_play,pass_td,,,,,,,,,,,all,355771,0.044045,0.046498,0.043155,brier,0.031597,0.032059,0.000462,0.000273,0.000647,,,,,,,,,,,,,,,,,,,,,,,,,,,,,,,,,,,,,,,,,
per_play,interception,,,,,,,,,,,2007,17787,0.031652,0.024814,0.03018,log_loss,0.130484,0.12924,-0.001244,,,,,,,,,,,,,,,,,,,,,,,,,,,,,,,,,,,,,,,,,,,
per_play,interception,,,,,,,,,,,2007,17787,0.031652,0.024814,0.03018,brier,0.029921,0.029844,-0.000076,,,,,,,,,,,,,,,,,,,,,,,,,,,,,,,,,,,,,,,,,,,
per_play,interception,,,,,,,,,,,2008,17288,0.028517,0.024526,0.030318,log_loss,0.121062,0.121724,0.000662,,,,,,,,,,,,,,,,,,,,,,,,,,,,,,,,,,,,,,,,,,,
per_play,interception,,,,,,,,,,,2008,17288,0.028517,0.024526,0.030318,brier,0.027071,0.027144,0.000073,,,,,,,,,,,,,,,,,,,,,,,,,,,,,,,,,,,,,,,,,,,
per_play,interception,,,,,,,,,,,2009,17787,0.030584,0.024707,0.029161,log_loss,0.126699,0.125747,-0.000951,,,,,,,,,,,,,,,,,,,,,,,,,,,,,,,,,,,,,,,,,,,
per_play,interception,,,,,,,,,,,2009,17787,0.030584,0.024707,0.029161,brier,0.028944,0.02889,-0.000054,,,,,,,,,,,,,,,,,,,,,,,,,,,,,,,,,,,,,,,,,,,
per_play,interception,,,,,,,,,,,2010,18008,0.029487,0.02501,0.030474,log_loss,0.124112,0.124598,0.000486,,,,,,,,,,,,,,,,,,,,,,,,,,,,,,,,,,,,,,,,,,,
per_play,interception,,,,,,,,,,,2010,18008,0.029487,0.02501,0.030474,brier,0.027945,0.028047,0.000103,,,,,,,,,,,,,,,,,,,,,,,,,,,,,,,,,,,,,,,,,,,
per_play,interception,,,,,,,,,,,2011,18235,0.028736,0.025308,0.030872,log_loss,0.122795,0.122375,-0.00042,,,,,,,,,,,,,,,,,,,,,,,,,,,,,,,,,,,,,,,,,,,
per_play,interception,,,,,,,,,,,2011,18235,0.028736,0.025308,0.030872,brier,0.027338,0.027347,0.00001,,,,,,,,,,,,,,,,,,,,,,,,,,,,,,,,,,,,,,,,,,,
per_play,interception,,,,,,,,,,,2012,18574,0.026112,0.024599,0.030407,log_loss,0.11381,0.11463,0.00082,,,,,,,,,,,,,,,,,,,,,,,,,,,,,,,,,,,,,,,,,,,
per_play,interception,,,,,,,,,,,2012,18574,0.026112,0.024599,0.030407,brier,0.025003,0.025063,0.00006,,,,,,,,,,,,,,,,,,,,,,,,,,,,,,,,,,,,,,,,,,,
per_play,interception,,,,,,,,,,,2013,18862,0.027622,0.02411,0.029118,log_loss,0.119614,0.119923,0.000309,,,,,,,,,,,,,,,,,,,,,,,,,,,,,,,,,,,,,,,,,,,
per_play,interception,,,,,,,,,,,2013,18862,0.027622,0.02411,0.029118,brier,0.026364,0.026434,0.00007,,,,,,,,,,,,,,,,,,,,,,,,,,,,,,,,,,,,,,,,,,,
per_play,interception,,,,,,,,,,,2014,18668,0.025445,0.02387,0.028995,log_loss,0.105974,0.110481,0.004507,,,,,,,,,,,,,,,,,,,,,,,,,,,,,,,,,,,,,,,,,,,
per_play,interception,,,,,,,,,,,2014,18668,0.025445,0.02387,0.028995,brier,0.023919,0.024293,0.000374,,,,,,,,,,,,,,,,,,,,,,,,,,,,,,,,,,,,,,,,,,,
per_play,interception,,,,,,,,,,,2015,19105,0.023973,0.024277,0.028114,log_loss,0.102001,0.10706,0.005059,,,,,,,,,,,,,,,,,,,,,,,,,,,,,,,,,,,,,,,,,,,
per_play,interception,,,,,,,,,,,2015,19105,0.023973,0.024277,0.028114,brier,0.02262,0.023094,0.000474,,,,,,,,,,,,,,,,,,,,,,,,,,,,,,,,,,,,,,,,,,,
per_play,interception,,,,,,,,,,,2016,19113,0.022812,0.02406,0.027484,log_loss,0.096518,0.100813,0.004295,,,,,,,,,,,,,,,,,,,,,,,,,,,,,,,,,,,,,,,,,,,
per_play,interception,,,,,,,,,,,2016,19113,0.022812,0.02406,0.027484,brier,0.021403,0.021801,0.000398,,,,,,,,,,,,,,,,,,,,,,,,,,,,,,,,,,,,,,,,,,,
per_play,interception,,,,,,,,,,,2017,18334,0.024054,0.02449,0.027067,log_loss,0.101449,0.106485,0.005036,,,,,,,,,,,,,,,,,,,,,,,,,,,,,,,,,,,,,,,,,,,
per_play,interception,,,,,,,,,,,2017,18334,0.024054,0.02449,0.027067,brier,0.022606,0.02309,0.000483,,,,,,,,,,,,,,,,,,,,,,,,,,,,,,,,,,,,,,,,,,,
per_play,interception,,,,,,,,,,,2018,18489,0.023528,0.023013,0.026739,log_loss,0.099041,0.103156,0.004116,,,,,,,,,,,,,,,,,,,,,,,,,,,,,,,,,,,,,,,,,,,
per_play,interception,,,,,,,,,,,2018,18489,0.023528,0.023013,0.026739,brier,0.022124,0.022497,0.000374,,,,,,,,,,,,,,,,,,,,,,,,,,,,,,,,,,,,,,,,,,,
per_play,interception,,,,,,,,,,,2019,18556,0.022796,0.023761,0.026739,log_loss,0.096947,0.101202,0.004255,,,,,,,,,,,,,,,,,,,,,,,,,,,,,,,,,,,,,,,,,,,
per_play,interception,,,,,,,,,,,2019,18556,0.022796,0.023761,0.026739,brier,0.021493,0.021847,0.000355,,,,,,,,,,,,,,,,,,,,,,,,,,,,,,,,,,,,,,,,,,,
per_play,interception,,,,,,,,,,,2020,18983,0.021914,0.022205,0.025454,log_loss,0.094455,0.099139,0.004685,,,,,,,,,,,,,,,,,,,,,,,,,,,,,,,,,,,,,,,,,,,
per_play,interception,,,,,,,,,,,2020,18983,0.021914,0.022205,0.025454,brier,0.020785,0.021153,0.000368,,,,,,,,,,,,,,,,,,,,,,,,,,,,,,,,,,,,,,,,,,,
per_play,interception,,,,,,,,,,,2021,19657,0.023554,0.021432,0.025027,log_loss,0.10367,0.102948,-0.000722,,,,,,,,,,,,,,,,,,,,,,,,,,,,,,,,,,,,,,,,,,,
per_play,interception,,,,,,,,,,,2021,19657,0.023554,0.021432,0.025027,brier,0.022544,0.022517,-0.000026,,,,,,,,,,,,,,,,,,,,,,,,,,,,,,,,,,,,,,,,,,,
per_play,interception,,,,,,,,,,,2022,19006,0.02294,0.022499,0.024922,log_loss,0.098791,0.099078,0.000287,,,,,,,,,,,,,,,,,,,,,,,,,,,,,,,,,,,,,,,,,,,
per_play,interception,,,,,,,,,,,2022,19006,0.02294,0.022499,0.024922,brier,0.02173,0.021793,0.000064,,,,,,,,,,,,,,,,,,,,,,,,,,,,,,,,,,,,,,,,,,,
per_play,interception,,,,,,,,,,,2023,19254,0.023008,0.022891,0.024869,log_loss,0.101977,0.101183,-0.000794,,,,,,,,,,,,,,,,,,,,,,,,,,,,,,,,,,,,,,,,,,,
per_play,interception,,,,,,,,,,,2023,19254,0.023008,0.022891,0.024869,brier,0.022037,0.021985,-0.000052,,,,,,,,,,,,,,,,,,,,,,,,,,,,,,,,,,,,,,,,,,,
per_play,interception,,,,,,,,,,,2024,18580,0.021798,0.022918,0.024882,log_loss,0.096839,0.096537,-0.000303,,,,,,,,,,,,,,,,,,,,,,,,,,,,,,,,,,,,,,,,,,,
per_play,interception,,,,,,,,,,,2024,18580,0.021798,0.022918,0.024882,brier,0.020856,0.020827,-0.000029,,,,,,,,,,,,,,,,,,,,,,,,,,,,,,,,,,,,,,,,,,,
per_play,interception,,,,,,,,,,,2025,18367,0.022105,0.022954,0.025006,log_loss,0.10037,0.100083,-0.000287,,,,,,,,,,,,,,,,,,,,,,,,,,,,,,,,,,,,,,,,,,,
per_play,interception,,,,,,,,,,,2025,18367,0.022105,0.022954,0.025006,brier,0.021367,0.02131,-0.000057,,,,,,,,,,,,,,,,,,,,,,,,,,,,,,,,,,,,,,,,,,,
per_play,interception,,,,,,,,,,,2026,3118,0.021167,0.023138,0.025014,log_loss,0.095433,0.09425,-0.001183,,,,,,,,,,,,,,,,,,,,,,,,,,,,,,,,,,,,,,,,,,,
per_play,interception,,,,,,,,,,,2026,3118,0.021167,0.023138,0.025014,brier,0.020408,0.020272,-0.000137,,,,,,,,,,,,,,,,,,,,,,,,,,,,,,,,,,,,,,,,,,,
per_play,interception,,,,,,,,,,,2007-2013,126541,0.028931,0.024722,0.030072,log_loss,0.122582,0.122539,-0.000043,-0.000587,0.000476,,,,,,,,,,,,,,,,,,,,,,,,,,,,,,,,,,,,,,,,,
per_play,interception,,,,,,,,,,,2007-2013,126541,0.028931,0.024722,0.030072,brier,0.027488,0.027516,0.000027,-0.00002,0.000068,,,,,,,,,,,,,,,,,,,,,,,,,,,,,,,,,,,,,,,,,
per_play,interception,,,,,,,,,,,2014-2020,131248,0.023498,0.023667,0.027229,log_loss,0.099468,0.104033,0.004565,0.004318,0.004826,,,,,,,,,,,,,,,,,,,,,,,,,,,,,,,,,,,,,,,,,
per_play,interception,,,,,,,,,,,2014-2020,131248,0.023498,0.023667,0.027229,brier,0.022131,0.022535,0.000404,0.000369,0.000444,,,,,,,,,,,,,,,,,,,,,,,,,,,,,,,,,,,,,,,,,
per_play,interception,,,,,,,,,,,2021-2026,97982,0.022647,0.022547,0.024944,log_loss,0.100215,0.099821,-0.000394,-0.0007,-0.000069,,,,,,,,,,,,,,,,,,,,,,,,,,,,,,,,,,,,,,,,,
per_play,interception,,,,,,,,,,,2021-2026,97982,0.022647,0.022547,0.024944,brier,0.021678,0.021654,-0.000024,-0.000057,0.000017,,,,,,,,,,,,,,,,,,,,,,,,,,,,,,,,,,,,,,,,,
per_play,interception,,,,,,,,,,,all,355771,0.025196,0.023734,0.027611,log_loss,0.107895,0.109455,0.00156,0.000549,0.002613,,,,,,,,,,,,,,,,,,,,,,,,,,,,,,,,,,,,,,,,,
per_play,interception,,,,,,,,,,,all,355771,0.025196,0.023734,0.027611,brier,0.023912,0.024064,0.000152,0.000066,0.000241,,,,,,,,,,,,,,,,,,,,,,,,,,,,,,,,,,,,,,,,,
per_play,rush_yards,,,,,,,,,,,2007,14066,4.214204,4.141934,4.339624,mae,3.592069,3.681376,0.089307,,,,,,,,,,,,,,,,,,,,,,,,,,,,,,,,,,,,,,,,,,,
per_play,rush_yards,,,,,,,,,,,2007,14066,4.214204,4.141934,4.339624,mse,36.096738,36.265637,0.168899,,,,,,,,,,,,,,,,,,,,,,,,,,,,,,,,,,,,,,,,,,,
per_play,rush_yards,,,,,,,,,,,2008,14201,4.345398,4.133116,4.277256,mae,3.643019,3.718168,0.075149,,,,,,,,,,,,,,,,,,,,,,,,,,,,,,,,,,,,,,,,,,,
per_play,rush_yards,,,,,,,,,,,2008,14201,4.345398,4.133116,4.277256,mse,38.847446,39.258636,0.41119,,,,,,,,,,,,,,,,,,,,,,,,,,,,,,,,,,,,,,,,,,,
per_play,rush_yards,,,,,,,,,,,2009,14180,4.420099,4.151096,4.30641,mae,3.734551,3.80559,0.071039,,,,,,,,,,,,,,,,,,,,,,,,,,,,,,,,,,,,,,,,,,,
per_play,rush_yards,,,,,,,,,,,2009,14180,4.420099,4.151096,4.30641,mse,43.837646,44.043499,0.205854,,,,,,,,,,,,,,,,,,,,,,,,,,,,,,,,,,,,,,,,,,,
per_play,rush_yards,,,,,,,,,,,2010,14022,4.368207,4.196898,4.359645,mae,3.668666,3.747492,0.078826,,,,,,,,,,,,,,,,,,,,,,,,,,,,,,,,,,,,,,,,,,,
per_play,rush_yards,,,,,,,,,,,2010,14022,4.368207,4.196898,4.359645,mse,38.863496,39.111549,0.248053,,,,,,,,,,,,,,,,,,,,,,,,,,,,,,,,,,,,,,,,,,,
per_play,rush_yards,,,,,,,,,,,2011,14085,4.464324,4.250117,4.391522,mae,3.750481,3.808407,0.057926,,,,,,,,,,,,,,,,,,,,,,,,,,,,,,,,,,,,,,,,,,,
per_play,rush_yards,,,,,,,,,,,2011,14085,4.464324,4.250117,4.391522,mse,40.015244,40.094079,0.078835,,,,,,,,,,,,,,,,,,,,,,,,,,,,,,,,,,,,,,,,,,,
per_play,rush_yards,,,,,,,,,,,2012,14119,4.449182,4.253997,4.406156,mae,3.753302,3.810876,0.057574,,,,,,,,,,,,,,,,,,,,,,,,,,,,,,,,,,,,,,,,,,,
per_play,rush_yards,,,,,,,,,,,2012,14119,4.449182,4.253997,4.406156,mse,41.348738,41.458267,0.109528,,,,,,,,,,,,,,,,,,,,,,,,,,,,,,,,,,,,,,,,,,,
per_play,rush_yards,,,,,,,,,,,2013,13984,4.358553,4.287153,4.405176,mae,3.697783,3.754404,0.056621,,,,,,,,,,,,,,,,,,,,,,,,,,,,,,,,,,,,,,,,,,,
per_play,rush_yards,,,,,,,,,,,2013,13984,4.358553,4.287153,4.405176,mse,38.960575,39.167243,0.206668,,,,,,,,,,,,,,,,,,,,,,,,,,,,,,,,,,,,,,,,,,,
per_play,rush_yards,,,,,,,,,,,2014,13745,4.344562,4.342623,4.415793,mae,3.654795,3.730001,0.075206,,,,,,,,,,,,,,,,,,,,,,,,,,,,,,,,,,,,,,,,,,,
per_play,rush_yards,,,,,,,,,,,2014,13745,4.344562,4.342623,4.415793,mse,37.614268,38.514702,0.900435,,,,,,,,,,,,,,,,,,,,,,,,,,,,,,,,,,,,,,,,,,,
per_play,rush_yards,,,,,,,,,,,2015,13524,4.318323,4.354975,4.412124,mae,3.716978,3.786377,0.069399,,,,,,,,,,,,,,,,,,,,,,,,,,,,,,,,,,,,,,,,,,,
per_play,rush_yards,,,,,,,,,,,2015,13524,4.318323,4.354975,4.412124,mse,38.728643,39.486864,0.758221,,,,,,,,,,,,,,,,,,,,,,,,,,,,,,,,,,,,,,,,,,,
per_play,rush_yards,,,,,,,,,,,2016,13384,4.360879,4.301976,4.356307,mae,3.671056,3.732402,0.061346,,,,,,,,,,,,,,,,,,,,,,,,,,,,,,,,,,,,,,,,,,,
per_play,rush_yards,,,,,,,,,,,2016,13384,4.360879,4.301976,4.356307,mse,37.54275,38.362845,0.820095,,,,,,,,,,,,,,,,,,,,,,,,,,,,,,,,,,,,,,,,,,,
per_play,rush_yards,,,,,,,,,,,2017,13794,4.265333,4.323478,4.402589,mae,3.686808,3.762283,0.075475,,,,,,,,,,,,,,,,,,,,,,,,,,,,,,,,,,,,,,,,,,,
per_play,rush_yards,,,,,,,,,,,2017,13794,4.265333,4.323478,4.402589,mse,38.224685,38.995988,0.771303,,,,,,,,,,,,,,,,,,,,,,,,,,,,,,,,,,,,,,,,,,,
per_play,rush_yards,,,,,,,,,,,2018,13347,4.595864,4.515198,4.364797,mae,3.837419,3.86013,0.022711,,,,,,,,,,,,,,,,,,,,,,,,,,,,,,,,,,,,,,,,,,,
per_play,rush_yards,,,,,,,,,,,2018,13347,4.595864,4.515198,4.364797,mse,40.560012,41.558162,0.99815,,,,,,,,,,,,,,,,,,,,,,,,,,,,,,,,,,,,,,,,,,,
per_play,rush_yards,,,,,,,,,,,2019,13475,4.532913,4.498408,4.385462,mae,3.712985,3.742155,0.02917,,,,,,,,,,,,,,,,,,,,,,,,,,,,,,,,,,,,,,,,,,,
per_play,rush_yards,,,,,,,,,,,2019,13475,4.532913,4.498408,4.385462,mse,39.736186,40.674535,0.938349,,,,,,,,,,,,,,,,,,,,,,,,,,,,,,,,,,,,,,,,,,,
per_play,rush_yards,,,,,,,,,,,2020,13926,4.618124,4.534344,4.35886,mae,3.634836,3.652848,0.018012,,,,,,,,,,,,,,,,,,,,,,,,,,,,,,,,,,,,,,,,,,,
per_play,rush_yards,,,,,,,,,,,2020,13926,4.618124,4.534344,4.35886,mse,37.88569,38.894794,1.009103,,,,,,,,,,,,,,,,,,,,,,,,,,,,,,,,,,,,,,,,,,,
per_play,rush_yards,,,,,,,,,,,2021,14605,4.494283,4.495581,4.391589,mae,3.538971,3.531949,-0.007021,,,,,,,,,,,,,,,,,,,,,,,,,,,,,,,,,,,,,,,,,,,
per_play,rush_yards,,,,,,,,,,,2021,14605,4.494283,4.495581,4.391589,mse,32.7867,32.851747,0.065047,,,,,,,,,,,,,,,,,,,,,,,,,,,,,,,,,,,,,,,,,,,
per_play,rush_yards,,,,,,,,,,,2022,14895,4.650487,4.5433,4.433923,mae,3.72305,3.708913,-0.014137,,,,,,,,,,,,,,,,,,,,,,,,,,,,,,,,,,,,,,,,,,,
per_play,rush_yards,,,,,,,,,,,2022,14895,4.650487,4.5433,4.433923,mse,38.738065,38.895524,0.157458,,,,,,,,,,,,,,,,,,,,,,,,,,,,,,,,,,,,,,,,,,,
per_play,rush_yards,,,,,,,,,,,2023,14735,4.394096,4.534834,4.461948,mae,3.61169,3.613779,0.002089,,,,,,,,,,,,,,,,,,,,,,,,,,,,,,,,,,,,,,,,,,,
per_play,rush_yards,,,,,,,,,,,2023,14735,4.394096,4.534834,4.461948,mse,34.002583,34.106137,0.103555,,,,,,,,,,,,,,,,,,,,,,,,,,,,,,,,,,,,,,,,,,,
per_play,rush_yards,,,,,,,,,,,2024,14894,4.647106,4.531777,4.448825,mae,3.70659,3.706493,-0.000096,,,,,,,,,,,,,,,,,,,,,,,,,,,,,,,,,,,,,,,,,,,
per_play,rush_yards,,,,,,,,,,,2024,14894,4.647106,4.531777,4.448825,mse,38.737971,38.863714,0.125743,,,,,,,,,,,,,,,,,,,,,,,,,,,,,,,,,,,,,,,,,,,
per_play,rush_yards,,,,,,,,,,,2025,14774,4.531813,4.507744,4.4434,mae,3.590271,3.584733,-0.005538,,,,,,,,,,,,,,,,,,,,,,,,,,,,,,,,,,,,,,,,,,,
per_play,rush_yards,,,,,,,,,,,2025,14774,4.531813,4.507744,4.4434,mse,36.966,37.027928,0.061928,,,,,,,,,,,,,,,,,,,,,,,,,,,,,,,,,,,,,,,,,,,
per_play,rush_yards,,,,,,,,,,,2026,2482,4.354553,4.410133,4.429749,mae,3.299185,3.3082,0.009015,,,,,,,,,,,,,,,,,,,,,,,,,,,,,,,,,,,,,,,,,,,
per_play,rush_yards,,,,,,,,,,,2026,2482,4.354553,4.410133,4.429749,mse,26.40892,26.146606,-0.262314,,,,,,,,,,,,,,,,,,,,,,,,,,,,,,,,,,,,,,,,,,,
per_play,rush_yards,,,,,,,,,,,2007-2013,98657,4.374368,4.20186,4.354941,mae,3.691443,3.760942,0.069499,0.060794,0.077931,,,,,,,,,,,,,,,,,,,,,,,,,,,,,,,,,,,,,,,,,
per_play,rush_yards,,,,,,,,,,,2007-2013,98657,4.374368,4.20186,4.354941,mse,39.715512,39.919848,0.204335,0.13558,0.282608,,,,,,,,,,,,,,,,,,,,,,,,,,,,,,,,,,,,,,,,,
per_play,rush_yards,,,,,,,,,,,2014-2020,95195,4.433563,4.410183,4.385223,mae,3.701476,3.751704,0.050228,0.031217,0.067141,,,,,,,,,,,,,,,,,,,,,,,,,,,,,,,,,,,,,,,,,
per_play,rush_yards,,,,,,,,,,,2014-2020,95195,4.433563,4.410183,4.385223,mse,38.60406,39.489248,0.885188,0.81386,0.953473,,,,,,,,,,,,,,,,,,,,,,,,,,,,,,,,,,,,,,,,,
per_play,rush_yards,,,,,,,,,,,2021-2026,76385,4.537933,4.519092,4.435838,mae,3.623708,3.619215,-0.004493,-0.009441,0.000412,,,,,,,,,,,,,,,,,,,,,,,,,,,,,,,,,,,,,,,,,
per_play,rush_yards,,,,,,,,,,,2021-2026,76385,4.537933,4.519092,4.435838,mse,35.943278,36.034368,0.09109,0.034505,0.127398,,,,,,,,,,,,,,,,,,,,,,,,,,,,,,,,,,,,,,,,,
per_play,rush_yards,,,,,,,,,,,all,270237,4.441453,4.364913,4.388474,mae,3.675832,3.717627,0.041796,0.025912,0.056975,,,,,,,,,,,,,,,,,,,,,,,,,,,,,,,,,,,,,,,,,
per_play,rush_yards,,,,,,,,,,,all,270237,4.441453,4.364913,4.388474,mse,38.257729,38.669895,0.412166,0.261473,0.578778,,,,,,,,,,,,,,,,,,,,,,,,,,,,,,,,,,,,,,,,,
per_play,rush_td,,,,,,,,,,,2007,14066,0.028864,0.028593,0.029937,log_loss,0.082674,0.083554,0.00088,,,,,,,,,,,,,,,,,,,,,,,,,,,,,,,,,,,,,,,,,,,
per_play,rush_td,,,,,,,,,,,2007,14066,0.028864,0.028593,0.029937,brier,0.020999,0.021609,0.00061,,,,,,,,,,,,,,,,,,,,,,,,,,,,,,,,,,,,,,,,,,,
per_play,rush_td,,,,,,,,,,,2008,14201,0.034927,0.030936,0.031422,log_loss,0.090255,0.090957,0.000702,,,,,,,,,,,,,,,,,,,,,,,,,,,,,,,,,,,,,,,,,,,
per_play,rush_td,,,,,,,,,,,2008,14201,0.034927,0.030936,0.031422,brier,0.023732,0.024097,0.000365,,,,,,,,,,,,,,,,,,,,,,,,,,,,,,,,,,,,,,,,,,,
per_play,rush_td,,,,,,,,,,,2009,14180,0.031805,0.030454,0.031732,log_loss,0.088573,0.088278,-0.000296,,,,,,,,,,,,,,,,,,,,,,,,,,,,,,,,,,,,,,,,,,,
per_play,rush_td,,,,,,,,,,,2009,14180,0.031805,0.030454,0.031732,brier,0.022437,0.022538,0.0001,,,,,,,,,,,,,,,,,,,,,,,,,,,,,,,,,,,,,,,,,,,
per_play,rush_td,,,,,,,,,,,2010,14022,0.030167,0.030567,0.031841,log_loss,0.08388,0.083783,-0.000097,,,,,,,,,,,,,,,,,,,,,,,,,,,,,,,,,,,,,,,,,,,
per_play,rush_td,,,,,,,,,,,2010,14022,0.030167,0.030567,0.031841,brier,0.022001,0.02207,0.000069,,,,,,,,,,,,,,,,,,,,,,,,,,,,,,,,,,,,,,,,,,,
per_play,rush_td,,,,,,,,,,,2011,14085,0.029535,0.030276,0.030261,log_loss,0.080499,0.079745,-0.000754,,,,,,,,,,,,,,,,,,,,,,,,,,,,,,,,,,,,,,,,,,,
per_play,rush_td,,,,,,,,,,,2011,14085,0.029535,0.030276,0.030261,brier,0.021308,0.021206,-0.000102,,,,,,,,,,,,,,,,,,,,,,,,,,,,,,,,,,,,,,,,,,,
per_play,rush_td,,,,,,,,,,,2012,14119,0.02996,0.028458,0.02885,log_loss,0.079477,0.078967,-0.00051,,,,,,,,,,,,,,,,,,,,,,,,,,,,,,,,,,,,,,,,,,,
per_play,rush_td,,,,,,,,,,,2012,14119,0.02996,0.028458,0.02885,brier,0.020664,0.020577,-0.000087,,,,,,,,,,,,,,,,,,,,,,,,,,,,,,,,,,,,,,,,,,,
per_play,rush_td,,,,,,,,,,,2013,13984,0.030964,0.030284,0.030718,log_loss,0.080045,0.080379,0.000334,,,,,,,,,,,,,,,,,,,,,,,,,,,,,,,,,,,,,,,,,,,
per_play,rush_td,,,,,,,,,,,2013,13984,0.030964,0.030284,0.030718,brier,0.021186,0.021313,0.000127,,,,,,,,,,,,,,,,,,,,,,,,,,,,,,,,,,,,,,,,,,,
per_play,rush_td,,,,,,,,,,,2014,13745,0.028883,0.029354,0.028807,log_loss,0.071647,0.076361,0.004714,,,,,,,,,,,,,,,,,,,,,,,,,,,,,,,,,,,,,,,,,,,
per_play,rush_td,,,,,,,,,,,2014,13745,0.028883,0.029354,0.028807,brier,0.019255,0.020124,0.000869,,,,,,,,,,,,,,,,,,,,,,,,,,,,,,,,,,,,,,,,,,,
per_play,rush_td,,,,,,,,,,,2015,13524,0.028246,0.029276,0.028988,log_loss,0.069318,0.073701,0.004384,,,,,,,,,,,,,,,,,,,,,,,,,,,,,,,,,,,,,,,,,,,
per_play,rush_td,,,,,,,,,,,2015,13524,0.028246,0.029276,0.028988,brier,0.018648,0.019619,0.00097,,,,,,,,,,,,,,,,,,,,,,,,,,,,,,,,,,,,,,,,,,,
per_play,rush_td,,,,,,,,,,,2016,13384,0.034519,0.033196,0.032606,log_loss,0.077716,0.082816,0.0051,,,,,,,,,,,,,,,,,,,,,,,,,,,,,,,,,,,,,,,,,,,
per_play,rush_td,,,,,,,,,,,2016,13384,0.034519,0.033196,0.032606,brier,0.021674,0.022353,0.00068,,,,,,,,,,,,,,,,,,,,,,,,,,,,,,,,,,,,,,,,,,,
per_play,rush_td,,,,,,,,,,,2017,13794,0.028926,0.029099,0.029109,log_loss,0.073168,0.077676,0.004508,,,,,,,,,,,,,,,,,,,,,,,,,,,,,,,,,,,,,,,,,,,
per_play,rush_td,,,,,,,,,,,2017,13794,0.028926,0.029099,0.029109,brier,0.019191,0.02024,0.00105,,,,,,,,,,,,,,,,,,,,,,,,,,,,,,,,,,,,,,,,,,,
per_play,rush_td,,,,,,,,,,,2018,13347,0.034914,0.035066,0.032442,log_loss,0.081511,0.085475,0.003964,,,,,,,,,,,,,,,,,,,,,,,,,,,,,,,,,,,,,,,,,,,
per_play,rush_td,,,,,,,,,,,2018,13347,0.034914,0.035066,0.032442,brier,0.022675,0.023314,0.000639,,,,,,,,,,,,,,,,,,,,,,,,,,,,,,,,,,,,,,,,,,,
per_play,rush_td,,,,,,,,,,,2019,13475,0.03525,0.034968,0.033021,log_loss,0.080862,0.086085,0.005222,,,,,,,,,,,,,,,,,,,,,,,,,,,,,,,,,,,,,,,,,,,
per_play,rush_td,,,,,,,,,,,2019,13475,0.03525,0.034968,0.033021,brier,0.02206,0.023065,0.001005,,,,,,,,,,,,,,,,,,,,,,,,,,,,,,,,,,,,,,,,,,,
per_play,rush_td,,,,,,,,,,,2020,13926,0.039782,0.04062,0.037627,log_loss,0.088779,0.095036,0.006256,,,,,,,,,,,,,,,,,,,,,,,,,,,,,,,,,,,,,,,,,,,
per_play,rush_td,,,,,,,,,,,2020,13926,0.039782,0.04062,0.037627,brier,0.024495,0.025902,0.001407,,,,,,,,,,,,,,,,,,,,,,,,,,,,,,,,,,,,,,,,,,,
per_play,rush_td,,,,,,,,,,,2021,14605,0.035878,0.036683,0.034202,log_loss,0.088155,0.088182,0.000027,,,,,,,,,,,,,,,,,,,,,,,,,,,,,,,,,,,,,,,,,,,
per_play,rush_td,,,,,,,,,,,2021,14605,0.035878,0.036683,0.034202,brier,0.02392,0.023919,-1e-6,,,,,,,,,,,,,,,,,,,,,,,,,,,,,,,,,,,,,,,,,,,
per_play,rush_td,,,,,,,,,,,2022,14895,0.034642,0.034985,0.03247,log_loss,0.087655,0.087221,-0.000434,,,,,,,,,,,,,,,,,,,,,,,,,,,,,,,,,,,,,,,,,,,
per_play,rush_td,,,,,,,,,,,2022,14895,0.034642,0.034985,0.03247,brier,0.02337,0.023312,-0.000057,,,,,,,,,,,,,,,,,,,,,,,,,,,,,,,,,,,,,,,,,,,
per_play,rush_td,,,,,,,,,,,2023,14735,0.033661,0.036561,0.03427,log_loss,0.082934,0.082743,-0.000191,,,,,,,,,,,,,,,,,,,,,,,,,,,,,,,,,,,,,,,,,,,
per_play,rush_td,,,,,,,,,,,2023,14735,0.033661,0.036561,0.03427,brier,0.022495,0.022388,-0.000107,,,,,,,,,,,,,,,,,,,,,,,,,,,,,,,,,,,,,,,,,,,
per_play,rush_td,,,,,,,,,,,2024,14894,0.036525,0.037917,0.035668,log_loss,0.092,0.091484,-0.000516,,,,,,,,,,,,,,,,,,,,,,,,,,,,,,,,,,,,,,,,,,,
per_play,rush_td,,,,,,,,,,,2024,14894,0.036525,0.037917,0.035668,brier,0.02438,0.024348,-0.000032,,,,,,,,,,,,,,,,,,,,,,,,,,,,,,,,,,,,,,,,,,,
per_play,rush_td,,,,,,,,,,,2025,14774,0.035603,0.037509,0.035445,log_loss,0.094985,0.09421,-0.000775,,,,,,,,,,,,,,,,,,,,,,,,,,,,,,,,,,,,,,,,,,,
per_play,rush_td,,,,,,,,,,,2025,14774,0.035603,0.037509,0.035445,brier,0.025017,0.024936,-0.000081,,,,,,,,,,,,,,,,,,,,,,,,,,,,,,,,,,,,,,,,,,,
per_play,rush_td,,,,,,,,,,,2026,2482,0.031829,0.038624,0.037547,log_loss,0.077947,0.078032,0.000085,,,,,,,,,,,,,,,,,,,,,,,,,,,,,,,,,,,,,,,,,,,
per_play,rush_td,,,,,,,,,,,2026,2482,0.031829,0.038624,0.037547,brier,0.020862,0.021049,0.000186,,,,,,,,,,,,,,,,,,,,,,,,,,,,,,,,,,,,,,,,,,,
per_play,rush_td,,,,,,,,,,,2007-2013,98657,0.030895,0.029939,0.030681,log_loss,0.083644,0.083681,0.000037,-0.000375,0.000441,,,,,,,,,,,,,,,,,,,,,,,,,,,,,,,,,,,,,,,,,
per_play,rush_td,,,,,,,,,,,2007-2013,98657,0.030895,0.029939,0.030681,brier,0.021764,0.021919,0.000155,-2e-6,0.00033,,,,,,,,,,,,,,,,,,,,,,,,,,,,,,,,,,,,,,,,,
per_play,rush_td,,,,,,,,,,,2014-2020,95195,0.032932,0.03309,0.031807,log_loss,0.077584,0.082467,0.004884,0.004392,0.005435,,,,,,,,,,,,,,,,,,,,,,,,,,,,,,,,,,,,,,,,,
per_play,rush_td,,,,,,,,,,,2014-2020,95195,0.032932,0.03309,0.031807,brier,0.021143,0.022091,0.000949,0.000785,0.001136,,,,,,,,,,,,,,,,,,,,,,,,,,,,,,,,,,,,,,,,,
per_play,rush_td,,,,,,,,,,,2021-2026,76385,0.035151,0.036792,0.034512,log_loss,0.088789,0.088425,-0.000364,-0.000588,-0.000122,,,,,,,,,,,,,,,,,,,,,,,,,,,,,,,,,,,,,,,,,
per_play,rush_td,,,,,,,,,,,2021-2026,76385,0.035151,0.036792,0.034512,brier,0.02374,0.023692,-0.000048,-0.000078,-6e-6,,,,,,,,,,,,,,,,,,,,,,,,,,,,,,,,,,,,,,,,,
per_play,rush_td,,,,,,,,,,,all,270237,0.032816,0.032986,0.032161,log_loss,0.082963,0.084594,0.001631,0.00062,0.002754,,,,,,,,,,,,,,,,,,,,,,,,,,,,,,,,,,,,,,,,,
per_play,rush_td,,,,,,,,,,,all,270237,0.032816,0.032986,0.032161,brier,0.022104,0.022481,0.000377,0.000179,0.000604,,,,,,,,,,,,,,,,,,,,,,,,,,,,,,,,,,,,,,,,,
per_play,pass_2pt,,,,,,,,,,,2007,38,0.342105,0.485521,0.545455,log_loss,0.688088,0.726084,0.037996,,,,,,,,,,,,,,,,,,,,,,,,,,,,,,,,,,,,,,,,,,,
per_play,pass_2pt,,,,,,,,,,,2007,38,0.342105,0.485521,0.545455,brier,0.247492,0.26642,0.018929,,,,,,,,,,,,,,,,,,,,,,,,,,,,,,,,,,,,,,,,,,,
per_play,pass_2pt,,,,,,,,,,,2008,55,0.418182,0.494552,0.43662,log_loss,0.672936,0.680392,0.007456,,,,,,,,,,,,,,,,,,,,,,,,,,,,,,,,,,,,,,,,,,,
per_play,pass_2pt,,,,,,,,,,,2008,55,0.418182,0.494552,0.43662,brier,0.23995,0.243646,0.003696,,,,,,,,,,,,,,,,,,,,,,,,,,,,,,,,,,,,,,,,,,,
per_play,pass_2pt,,,,,,,,,,,2009,44,0.386364,0.503325,0.428571,log_loss,0.673401,0.670766,-0.002636,,,,,,,,,,,,,,,,,,,,,,,,,,,,,,,,,,,,,,,,,,,
per_play,pass_2pt,,,,,,,,,,,2009,44,0.386364,0.503325,0.428571,brier,0.240218,0.238868,-0.001349,,,,,,,,,,,,,,,,,,,,,,,,,,,,,,,,,,,,,,,,,,,
per_play,pass_2pt,,,,,,,,,,,2010,41,0.487805,0.48932,0.417647,log_loss,0.695133,0.702844,0.007712,,,,,,,,,,,,,,,,,,,,,,,,,,,,,,,,,,,,,,,,,,,
per_play,pass_2pt,,,,,,,,,,,2010,41,0.487805,0.48932,0.417647,brier,0.251083,0.254773,0.00369,,,,,,,,,,,,,,,,,,,,,,,,,,,,,,,,,,,,,,,,,,,
per_play,pass_2pt,,,,,,,,,,,2011,31,0.387097,0.498278,0.43128,log_loss,0.669083,0.67145,0.002367,,,,,,,,,,,,,,,,,,,,,,,,,,,,,,,,,,,,,,,,,,,
per_play,pass_2pt,,,,,,,,,,,2011,31,0.387097,0.498278,0.43128,brier,0.237995,0.239205,0.00121,,,,,,,,,,,,,,,,,,,,,,,,,,,,,,,,,,,,,,,,,,,
per_play,pass_2pt,,,,,,,,,,,2012,46,0.478261,0.488373,0.42562,log_loss,0.701838,0.69782,-0.004018,,,,,,,,,,,,,,,,,,,,,,,,,,,,,,,,,,,,,,,,,,,
per_play,pass_2pt,,,,,,,,,,,2012,46,0.478261,0.488373,0.42562,brier,0.254311,0.252298,-0.002013,,,,,,,,,,,,,,,,,,,,,,,,,,,,,,,,,,,,,,,,,,,
per_play,pass_2pt,,,,,,,,,,,2013,53,0.45283,0.508194,0.434028,log_loss,0.69569,0.689408,-0.006282,,,,,,,,,,,,,,,,,,,,,,,,,,,,,,,,,,,,,,,,,,,
per_play,pass_2pt,,,,,,,,,,,2013,53,0.45283,0.508194,0.434028,brier,0.251271,0.248129,-0.003142,,,,,,,,,,,,,,,,,,,,,,,,,,,,,,,,,,,,,,,,,,,
per_play,pass_2pt,,,,,,,,,,,2014,41,0.463415,0.515438,0.43695,log_loss,0.687099,0.691885,0.004787,,,,,,,,,,,,,,,,,,,,,,,,,,,,,,,,,,,,,,,,,,,
per_play,pass_2pt,,,,,,,,,,,2014,41,0.463415,0.515438,0.43695,brier,0.247033,0.249362,0.002329,,,,,,,,,,,,,,,,,,,,,,,,,,,,,,,,,,,,,,,,,,,
per_play,pass_2pt,,,,,,,,,,,2015,74,0.486486,0.510168,0.439791,log_loss,0.687508,0.69718,0.009672,,,,,,,,,,,,,,,,,,,,,,,,,,,,,,,,,,,,,,,,,,,
per_play,pass_2pt,,,,,,,,,,,2015,74,0.486486,0.510168,0.439791,brier,0.247266,0.251998,0.004732,,,,,,,,,,,,,,,,,,,,,,,,,,,,,,,,,,,,,,,,,,,
per_play,pass_2pt,,,,,,,,,,,2016,80,0.425,0.507881,0.447368,log_loss,0.701528,0.68287,-0.018658,,,,,,,,,,,,,,,,,,,,,,,,,,,,,,,,,,,,,,,,,,,
per_play,pass_2pt,,,,,,,,,,,2016,80,0.425,0.507881,0.447368,brier,0.254227,0.244875,-0.009352,,,,,,,,,,,,,,,,,,,,,,,,,,,,,,,,,,,,,,,,,,,
per_play,pass_2pt,,,,,,,,,,,2017,62,0.370968,0.505708,0.44403,log_loss,0.679492,0.670443,-0.009049,,,,,,,,,,,,,,,,,,,,,,,,,,,,,,,,,,,,,,,,,,,
per_play,pass_2pt,,,,,,,,,,,2017,62,0.370968,0.505708,0.44403,brier,0.243206,0.238689,-0.004517,,,,,,,,,,,,,,,,,,,,,,,,,,,,,,,,,,,,,,,,,,,
per_play,pass_2pt,,,,,,,,,,,2018,100,0.47,0.543948,0.436455,log_loss,0.690161,0.693622,0.003461,,,,,,,,,,,,,,,,,,,,,,,,,,,,,,,,,,,,,,,,,,,
per_play,pass_2pt,,,,,,,,,,,2018,100,0.47,0.543948,0.436455,brier,0.248554,0.250225,0.001671,,,,,,,,,,,,,,,,,,,,,,,,,,,,,,,,,,,,,,,,,,,
per_play,pass_2pt,,,,,,,,,,,2019,86,0.430233,0.530968,0.441261,log_loss,0.685379,0.683627,-0.001752,,,,,,,,,,,,,,,,,,,,,,,,,,,,,,,,,,,,,,,,,,,
per_play,pass_2pt,,,,,,,,,,,2019,86,0.430233,0.530968,0.441261,brier,0.246231,0.245254,-0.000977,,,,,,,,,,,,,,,,,,,,,,,,,,,,,,,,,,,,,,,,,,,
per_play,pass_2pt,,,,,,,,,,,2020,101,0.445545,0.551804,0.440051,log_loss,0.708227,0.687266,-0.020961,,,,,,,,,,,,,,,,,,,,,,,,,,,,,,,,,,,,,,,,,,,
per_play,pass_2pt,,,,,,,,,,,2020,101,0.445545,0.551804,0.440051,brier,0.257437,0.247065,-0.010372,,,,,,,,,,,,,,,,,,,,,,,,,,,,,,,,,,,,,,,,,,,
per_play,pass_2pt,,,,,,,,,,,2021,112,0.464286,0.5523,0.440678,log_loss,0.70082,0.691721,-0.009099,,,,,,,,,,,,,,,,,,,,,,,,,,,,,,,,,,,,,,,,,,,
per_play,pass_2pt,,,,,,,,,,,2021,112,0.464286,0.5523,0.440678,brier,0.253744,0.249282,-0.004463,,,,,,,,,,,,,,,,,,,,,,,,,,,,,,,,,,,,,,,,,,,
per_play,pass_2pt,,,,,,,,,,,2022,94,0.457447,0.538498,0.44333,log_loss,0.684756,0.689924,0.005168,,,,,,,,,,,,,,,,,,,,,,,,,,,,,,,,,,,,,,,,,,,
per_play,pass_2pt,,,,,,,,,,,2022,94,0.457447,0.538498,0.44333,brier,0.245842,0.248389,0.002546,,,,,,,,,,,,,,,,,,,,,,,,,,,,,,,,,,,,,,,,,,,
per_play,pass_2pt,,,,,,,,,,,2023,79,0.481013,0.527532,0.444546,log_loss,0.680714,0.695106,0.014392,,,,,,,,,,,,,,,,,,,,,,,,,,,,,,,,,,,,,,,,,,,
per_play,pass_2pt,,,,,,,,,,,2023,79,0.481013,0.527532,0.444546,brier,0.243885,0.250969,0.007084,,,,,,,,,,,,,,,,,,,,,,,,,,,,,,,,,,,,,,,,,,,
per_play,pass_2pt,,,,,,,,,,,2024,109,0.376147,0.54196,0.447009,log_loss,0.719689,0.672444,-0.047245,,,,,,,,,,,,,,,,,,,,,,,,,,,,,,,,,,,,,,,,,,,
per_play,pass_2pt,,,,,,,,,,,2024,109,0.376147,0.54196,0.447009,brier,0.263119,0.239682,-0.023437,,,,,,,,,,,,,,,,,,,,,,,,,,,,,,,,,,,,,,,,,,,
per_play,pass_2pt,,,,,,,,,,,2025,98,0.438776,0.545905,0.44097,log_loss,0.71466,0.685641,-0.029019,,,,,,,,,,,,,,,,,,,,,,,,,,,,,,,,,,,,,,,,,,,
per_play,pass_2pt,,,,,,,,,,,2025,98,0.438776,0.545905,0.44097,brier,0.260625,0.246256,-0.014368,,,,,,,,,,,,,,,,,,,,,,,,,,,,,,,,,,,,,,,,,,,
per_play,pass_2pt,,,,,,,,,,,2026,13,0.538462,0.556527,0.440813,log_loss,0.688949,0.709351,0.020403,,,,,,,,,,,,,,,,,,,,,,,,,,,,,,,,,,,,,,,,,,,
per_play,pass_2pt,,,,,,,,,,,2026,13,0.538462,0.556527,0.440813,brier,0.247856,0.258056,0.0102,,,,,,,,,,,,,,,,,,,,,,,,,,,,,,,,,,,,,,,,,,,
per_play,pass_2pt,,,,,,,,,,,2007-2013,308,0.425325,0.495794,0.443746,log_loss,0.685671,0.690897,0.005227,-0.002835,0.015916,,,,,,,,,,,,,,,,,,,,,,,,,,,,,,,,,,,,,,,,,
per_play,pass_2pt,,,,,,,,,,,2007-2013,308,0.425325,0.495794,0.443746,brier,0.246297,0.248871,0.002574,-0.001442,0.007917,,,,,,,,,,,,,,,,,,,,,,,,,,,,,,,,,,,,,,,,,
per_play,pass_2pt,,,,,,,,,,,2014-2020,544,0.443015,0.526949,0.440842,log_loss,0.692623,0.686992,-0.005631,-0.014201,0.003125,,,,,,,,,,,,,,,,,,,,,,,,,,,,,,,,,,,,,,,,,
per_play,pass_2pt,,,,,,,,,,,2014-2020,544,0.443015,0.526949,0.440842,brier,0.249771,0.246927,-0.002844,-0.00706,0.001488,,,,,,,,,,,,,,,,,,,,,,,,,,,,,,,,,,,,,,,,,
per_play,pass_2pt,,,,,,,,,,,2021-2026,505,0.443564,0.542492,0.443203,log_loss,0.701138,0.687029,-0.014108,-0.032289,0.005823,,,,,,,,,,,,,,,,,,,,,,,,,,,,,,,,,,,,,,,,,
per_play,pass_2pt,,,,,,,,,,,2021-2026,505,0.443564,0.542492,0.443203,brier,0.253938,0.246946,-0.006992,-0.016016,0.002882,,,,,,,,,,,,,,,,,,,,,,,,,,,,,,,,,,,,,,,,,
per_play,pass_2pt,,,,,,,,,,,all,1357,0.439204,0.525662,0.44238,log_loss,0.694214,0.687892,-0.006322,-0.015049,0.002085,,,,,,,,,,,,,,,,,,,,,,,,,,,,,,,,,,,,,,,,,
per_play,pass_2pt,,,,,,,,,,,all,1357,0.439204,0.525662,0.44238,brier,0.250533,0.247375,-0.003158,-0.007482,0.000987,,,,,,,,,,,,,,,,,,,,,,,,,,,,,,,,,,,,,,,,,
per_play,rush_2pt,,,,,,,,,,,2007,19,0.842105,0.31441,0.625,log_loss,0.992286,0.55066,-0.441625,,,,,,,,,,,,,,,,,,,,,,,,,,,,,,,,,,,,,,,,,,,
per_play,rush_2pt,,,,,,,,,,,2007,19,0.842105,0.31441,0.625,brier,0.394396,0.180099,-0.214298,,,,,,,,,,,,,,,,,,,,,,,,,,,,,,,,,,,,,,,,,,,
per_play,rush_2pt,,,,,,,,,,,2008,11,0.454545,0.294014,0.777778,log_loss,0.747372,0.93464,0.187268,,,,,,,,,,,,,,,,,,,,,,,,,,,,,,,,,,,,,,,,,,,
per_play,rush_2pt,,,,,,,,,,,2008,11,0.454545,0.294014,0.777778,brier,0.273532,0.352413,0.078881,,,,,,,,,,,,,,,,,,,,,,,,,,,,,,,,,,,,,,,,,,,
per_play,rush_2pt,,,,,,,,,,,2009,16,0.5,0.333918,0.684211,log_loss,0.736565,0.766085,0.02952,,,,,,,,,,,,,,,,,,,,,,,,,,,,,,,,,,,,,,,,,,,
per_play,rush_2pt,,,,,,,,,,,2009,16,0.5,0.333918,0.684211,brier,0.270681,0.283934,0.013252,,,,,,,,,,,,,,,,,,,,,,,,,,,,,,,,,,,,,,,,,,,
per_play,rush_2pt,,,,,,,,,,,2010,13,0.615385,0.316453,0.62963,log_loss,0.845699,0.666711,-0.178988,,,,,,,,,,,,,,,,,,,,,,,,,,,,,,,,,,,,,,,,,,,
per_play,rush_2pt,,,,,,,,,,,2010,13,0.615385,0.316453,0.62963,brier,0.321346,0.236889,-0.084456,,,,,,,,,,,,,,,,,,,,,,,,,,,,,,,,,,,,,,,,,,,
per_play,rush_2pt,,,,,,,,,,,2011,22,0.545455,0.327272,0.626866,log_loss,0.796756,0.702838,-0.093917,,,,,,,,,,,,,,,,,,,,,,,,,,,,,,,,,,,,,,,,,,,
per_play,rush_2pt,,,,,,,,,,,2011,22,0.545455,0.327272,0.626866,brier,0.299963,0.254562,-0.045402,,,,,,,,,,,,,,,,,,,,,,,,,,,,,,,,,,,,,,,,,,,
per_play,rush_2pt,,,,,,,,,,,2012,13,0.692308,0.318518,0.606742,log_loss,0.957915,0.633079,-0.324836,,,,,,,,,,,,,,,,,,,,,,,,,,,,,,,,,,,,,,,,,,,
per_play,rush_2pt,,,,,,,,,,,2012,13,0.692308,0.318518,0.606742,brier,0.373156,0.220339,-0.152817,,,,,,,,,,,,,,,,,,,,,,,,,,,,,,,,,,,,,,,,,,,
per_play,rush_2pt,,,,,,,,,,,2013,19,0.578947,0.33873,0.617647,log_loss,0.849006,0.683764,-0.165242,,,,,,,,,,,,,,,,,,,,,,,,,,,,,,,,,,,,,,,,,,,
per_play,rush_2pt,,,,,,,,,,,2013,19,0.578947,0.33873,0.617647,brier,0.321724,0.245265,-0.076459,,,,,,,,,,,,,,,,,,,,,,,,,,,,,,,,,,,,,,,,,,,
per_play,rush_2pt,,,,,,,,,,,2014,15,0.4,0.323568,0.61157,log_loss,0.695676,0.764076,0.0684,,,,,,,,,,,,,,,,,,,,,,,,,,,,,,,,,,,,,,,,,,,
per_play,rush_2pt,,,,,,,,,,,2014,15,0.4,0.323568,0.61157,brier,0.249571,0.284762,0.035191,,,,,,,,,,,,,,,,,,,,,,,,,,,,,,,,,,,,,,,,,,,
per_play,rush_2pt,,,,,,,,,,,2015,25,0.44,0.306328,0.588235,log_loss,0.654758,0.730366,0.075608,,,,,,,,,,,,,,,,,,,,,,,,,,,,,,,,,,,,,,,,,,,
per_play,rush_2pt,,,,,,,,,,,2015,25,0.44,0.306328,0.588235,brier,0.238254,0.268374,0.03012,,,,,,,,,,,,,,,,,,,,,,,,,,,,,,,,,,,,,,,,,,,
per_play,rush_2pt,,,,,,,,,,,2016,27,0.592593,0.334424,0.565217,log_loss,0.832843,0.677434,-0.155409,,,,,,,,,,,,,,,,,,,,,,,,,,,,,,,,,,,,,,,,,,,
per_play,rush_2pt,,,,,,,,,,,2016,27,0.592593,0.334424,0.565217,brier,0.315356,0.242176,-0.07318,,,,,,,,,,,,,,,,,,,,,,,,,,,,,,,,,,,,,,,,,,,
per_play,rush_2pt,,,,,,,,,,,2017,24,0.5,0.318037,0.569149,log_loss,0.763021,0.702803,-0.060218,,,,,,,,,,,,,,,,,,,,,,,,,,,,,,,,,,,,,,,,,,,
per_play,rush_2pt,,,,,,,,,,,2017,24,0.5,0.318037,0.569149,brier,0.284303,0.254782,-0.029522,,,,,,,,,,,,,,,,,,,,,,,,,,,,,,,,,,,,,,,,,,,
per_play,rush_2pt,,,,,,,,,,,2018,36,0.611111,0.286589,0.561321,log_loss,0.824483,0.673333,-0.15115,,,,,,,,,,,,,,,,,,,,,,,,,,,,,,,,,,,,,,,,,,,
per_play,rush_2pt,,,,,,,,,,,2018,36,0.611111,0.286589,0.561321,brier,0.316346,0.240133,-0.076213,,,,,,,,,,,,,,,,,,,,,,,,,,,,,,,,,,,,,,,,,,,
per_play,rush_2pt,,,,,,,,,,,2019,30,0.533333,0.352512,0.568548,log_loss,0.779065,0.693437,-0.085629,,,,,,,,,,,,,,,,,,,,,,,,,,,,,,,,,,,,,,,,,,,
per_play,rush_2pt,,,,,,,,,,,2019,30,0.533333,0.352512,0.568548,brier,0.291061,0.250129,-0.040932,,,,,,,,,,,,,,,,,,,,,,,,,,,,,,,,,,,,,,,,,,,
per_play,rush_2pt,,,,,,,,,,,2020,39,0.461538,0.323442,0.564748,log_loss,0.7637,0.71162,-0.05208,,,,,,,,,,,,,,,,,,,,,,,,,,,,,,,,,,,,,,,,,,,
per_play,rush_2pt,,,,,,,,,,,2020,39,0.461538,0.323442,0.564748,brier,0.28248,0.259173,-0.023307,,,,,,,,,,,,,,,,,,,,,,,,,,,,,,,,,,,,,,,,,,,
per_play,rush_2pt,,,,,,,,,,,2021,46,0.543478,0.346408,0.55205,log_loss,0.763452,0.68951,-0.073942,,,,,,,,,,,,,,,,,,,,,,,,,,,,,,,,,,,,,,,,,,,
per_play,rush_2pt,,,,,,,,,,,2021,46,0.543478,0.346408,0.55205,brier,0.284382,0.248183,-0.036199,,,,,,,,,,,,,,,,,,,,,,,,,,,,,,,,,,,,,,,,,,,
per_play,rush_2pt,,,,,,,,,,,2022,32,0.59375,0.334948,0.550964,log_loss,0.697844,0.679191,-0.018653,,,,,,,,,,,,,,,,,,,,,,,,,,,,,,,,,,,,,,,,,,,
per_play,rush_2pt,,,,,,,,,,,2022,32,0.59375,0.334948,0.550964,brier,0.258539,0.243042,-0.015497,,,,,,,,,,,,,,,,,,,,,,,,,,,,,,,,,,,,,,,,,,,
per_play,rush_2pt,,,,,,,,,,,2023,47,0.638298,0.341839,0.55443,log_loss,0.818496,0.668878,-0.149619,,,,,,,,,,,,,,,,,,,,,,,,,,,,,,,,,,,,,,,,,,,
per_play,rush_2pt,,,,,,,,,,,2023,47,0.638298,0.341839,0.55443,brier,0.311654,0.237907,-0.073747,,,,,,,,,,,,,,,,,,,,,,,,,,,,,,,,,,,,,,,,,,,
per_play,rush_2pt,,,,,,,,,,,2024,38,0.473684,0.339667,0.563348,log_loss,0.761647,0.707943,-0.053704,,,,,,,,,,,,,,,,,,,,,,,,,,,,,,,,,,,,,,,,,,,
per_play,rush_2pt,,,,,,,,,,,2024,38,0.473684,0.339667,0.563348,brier,0.281041,0.257347,-0.023694,,,,,,,,,,,,,,,,,,,,,,,,,,,,,,,,,,,,,,,,,,,
per_play,rush_2pt,,,,,,,,,,,2025,32,0.53125,0.349353,0.55625,log_loss,0.769133,0.692455,-0.076679,,,,,,,,,,,,,,,,,,,,,,,,,,,,,,,,,,,,,,,,,,,
per_play,rush_2pt,,,,,,,,,,,2025,32,0.53125,0.349353,0.55625,brier,0.28556,0.249648,-0.035911,,,,,,,,,,,,,,,,,,,,,,,,,,,,,,,,,,,,,,,,,,,
per_play,rush_2pt,,,,,,,,,,,2026,2,0.5,0.317726,0.554688,log_loss,0.63405,0.699165,0.065115,,,,,,,,,,,,,,,,,,,,,,,,,,,,,,,,,,,,,,,,,,,
per_play,rush_2pt,,,,,,,,,,,2026,2,0.5,0.317726,0.554688,brier,0.226048,0.252991,0.026943,,,,,,,,,,,,,,,,,,,,,,,,,,,,,,,,,,,,,,,,,,,
per_play,rush_2pt,,,,,,,,,,,2007-2013,113,0.610619,0.322488,0.645815,log_loss,0.849259,0.693382,-0.155877,-0.290284,-0.020942,,,,,,,,,,,,,,,,,,,,,,,,,,,,,,,,,,,,,,,,,
per_play,rush_2pt,,,,,,,,,,,2007-2013,113,0.610619,0.322488,0.645815,brier,0.323661,0.248192,-0.075469,-0.140171,-0.012871,,,,,,,,,,,,,,,,,,,,,,,,,,,,,,,,,,,,,,,,,
per_play,rush_2pt,,,,,,,,,,,2014-2020,196,0.515306,0.3198,0.571883,log_loss,0.767556,0.702421,-0.065135,-0.115625,-0.006049,,,,,,,,,,,,,,,,,,,,,,,,,,,,,,,,,,,,,,,,,
per_play,rush_2pt,,,,,,,,,,,2014-2020,196,0.515306,0.3198,0.571883,brier,0.286606,0.254544,-0.032062,-0.056457,-0.003122,,,,,,,,,,,,,,,,,,,,,,,,,,,,,,,,,,,,,,,,,
per_play,rush_2pt,,,,,,,,,,,2021-2026,197,0.558376,0.342343,0.55533,log_loss,0.765188,0.687043,-0.078145,-0.116022,-0.037595,,,,,,,,,,,,,,,,,,,,,,,,,,,,,,,,,,,,,,,,,
per_play,rush_2pt,,,,,,,,,,,2021-2026,197,0.558376,0.342343,0.55533,brier,0.285645,0.246951,-0.038694,-0.057232,-0.020591,,,,,,,,,,,,,,,,,,,,,,,,,,,,,,,,,,,,,,,,,
per_play,rush_2pt,,,,,,,,,,,all,506,0.55336,0.329177,0.581949,log_loss,0.78488,0.694416,-0.090465,-0.134961,-0.047343,,,,,,,,,,,,,,,,,,,,,,,,,,,,,,,,,,,,,,,,,
per_play,rush_2pt,,,,,,,,,,,all,506,0.55336,0.329177,0.581949,brier,0.294507,0.250169,-0.044338,-0.065605,-0.023913,,,,,,,,,,,,,,,,,,,,,,,,,,,,,,,,,,,,,,,,,
player_week,,,,,,,,,,,,2007,,,12.155318,11.170311,,,,,,,QB,xfp,638,-0.985007,1.509029,0.964493,,,,,,,,,,,,,,,,,,,,,,,,,,,,,,,,,,,
player_week,,,,,,,,,,,,2007,,,10.085057,9.201754,,,,,,,QB,xfp_ng,638,-0.883302,1.249269,0.972669,,,,,,,,,,,,,,,,,,,,,,,,,,,,,,,,,,,
player_week,,,,,,,,,,,,2008,,,12.84618,11.732751,,,,,,,QB,xfp,593,-1.113429,1.513456,0.969406,,,,,,,,,,,,,,,,,,,,,,,,,,,,,,,,,,,
player_week,,,,,,,,,,,,2008,,,10.950507,9.977869,,,,,,,QB,xfp_ng,593,-0.972638,1.286716,0.975829,,,,,,,,,,,,,,,,,,,,,,,,,,,,,,,,,,,
player_week,,,,,,,,,,,,2009,,,12.043496,11.195663,,,,,,,QB,xfp,645,-0.847833,1.302738,0.977236,,,,,,,,,,,,,,,,,,,,,,,,,,,,,,,,,,,
player_week,,,,,,,,,,,,2009,,,10.004606,9.28259,,,,,,,QB,xfp_ng,645,-0.722017,1.090487,0.981205,,,,,,,,,,,,,,,,,,,,,,,,,,,,,,,,,,,
player_week,,,,,,,,,,,,2010,,,13.334505,12.41529,,,,,,,QB,xfp,603,-0.919215,1.293182,0.978826,,,,,,,,,,,,,,,,,,,,,,,,,,,,,,,,,,,
player_week,,,,,,,,,,,,2010,,,11.263078,10.486188,,,,,,,QB,xfp_ng,603,-0.776891,1.085824,0.983003,,,,,,,,,,,,,,,,,,,,,,,,,,,,,,,,,,,
player_week,,,,,,,,,,,,2011,,,14.061213,12.938603,,,,,,,QB,xfp,601,-1.12261,1.495605,0.976469,,,,,,,,,,,,,,,,,,,,,,,,,,,,,,,,,,,
player_week,,,,,,,,,,,,2011,,,11.751218,10.84277,,,,,,,QB,xfp_ng,601,-0.908448,1.225857,0.981017,,,,,,,,,,,,,,,,,,,,,,,,,,,,,,,,,,,
player_week,,,,,,,,,,,,2012,,,14.336151,13.13979,,,,,,,QB,xfp,596,-1.196361,1.551519,0.97749,,,,,,,,,,,,,,,,,,,,,,,,,,,,,,,,,,,
player_week,,,,,,,,,,,,2012,,,11.985092,10.968977,,,,,,,QB,xfp_ng,596,-1.016115,1.292586,0.982344,,,,,,,,,,,,,,,,,,,,,,,,,,,,,,,,,,,
player_week,,,,,,,,,,,,2013,,,15.215206,14.021323,,,,,,,QB,xfp,586,-1.193884,1.498397,0.976995,,,,,,,,,,,,,,,,,,,,,,,,,,,,,,,,,,,
player_week,,,,,,,,,,,,2013,,,12.868999,11.863212,,,,,,,QB,xfp_ng,586,-1.005787,1.241796,0.982781,,,,,,,,,,,,,,,,,,,,,,,,,,,,,,,,,,,
player_week,,,,,,,,,,,,2014,,,14.551698,13.391289,,,,,,,QB,xfp,594,-1.160409,1.437018,0.979888,,,,,,,,,,,,,,,,,,,,,,,,,,,,,,,,,,,
player_week,,,,,,,,,,,,2014,,,12.06336,11.098214,,,,,,,QB,xfp_ng,594,-0.965146,1.184214,0.984752,,,,,,,,,,,,,,,,,,,,,,,,,,,,,,,,,,,
player_week,,,,,,,,,,,,2015,,,14.682905,13.913852,,,,,,,QB,xfp,594,-0.769054,1.193772,0.980864,,,,,,,,,,,,,,,,,,,,,,,,,,,,,,,,,,,
player_week,,,,,,,,,,,,2015,,,12.235076,11.620022,,,,,,,QB,xfp_ng,594,-0.615054,0.985511,0.984997,,,,,,,,,,,,,,,,,,,,,,,,,,,,,,,,,,,
player_week,,,,,,,,,,,,2016,,,14.992281,14.120231,,,,,,,QB,xfp,591,-0.87205,1.270973,0.98243,,,,,,,,,,,,,,,,,,,,,,,,,,,,,,,,,,,
player_week,,,,,,,,,,,,2016,,,12.847756,12.083943,,,,,,,QB,xfp_ng,591,-0.763813,1.107601,0.985774,,,,,,,,,,,,,,,,,,,,,,,,,,,,,,,,,,,
player_week,,,,,,,,,,,,2017,,,14.180964,13.612603,,,,,,,QB,xfp,583,-0.568361,1.119624,0.978447,,,,,,,,,,,,,,,,,,,,,,,,,,,,,,,,,,,
player_week,,,,,,,,,,,,2017,,,12.088346,11.575468,,,,,,,QB,xfp_ng,583,-0.512878,0.937829,0.98551,,,,,,,,,,,,,,,,,,,,,,,,,,,,,,,,,,,
player_week,,,,,,,,,,,,2018,,,15.34887,13.736338,,,,,,,QB,xfp,611,-1.612532,1.844085,0.978588,,,,,,,,,,,,,,,,,,,,,,,,,,,,,,,,,,,
player_week,,,,,,,,,,,,2018,,,12.922214,11.521911,,,,,,,QB,xfp_ng,611,-1.400303,1.600979,0.982017,,,,,,,,,,,,,,,,,,,,,,,,,,,,,,,,,,,
player_week,,,,,,,,,,,,2019,,,15.24378,14.003431,,,,,,,QB,xfp,604,-1.240349,1.533257,0.980699,,,,,,,,,,,,,,,,,,,,,,,,,,,,,,,,,,,
player_week,,,,,,,,,,,,2019,,,12.951234,11.889565,,,,,,,QB,xfp_ng,604,-1.061669,1.316854,0.98464,,,,,,,,,,,,,,,,,,,,,,,,,,,,,,,,,,,
player_week,,,,,,,,,,,,2020,,,15.966482,14.159083,,,,,,,QB,xfp,635,-1.807399,1.937604,0.985809,,,,,,,,,,,,,,,,,,,,,,,,,,,,,,,,,,,
player_week,,,,,,,,,,,,2020,,,13.576297,12.064175,,,,,,,QB,xfp_ng,635,-1.512122,1.633051,0.987909,,,,,,,,,,,,,,,,,,,,,,,,,,,,,,,,,,,
player_week,,,,,,,,,,,,2021,,,15.165905,13.737985,,,,,,,QB,xfp,669,-1.427921,1.549911,0.988623,,,,,,,,,,,,,,,,,,,,,,,,,,,,,,,,,,,
player_week,,,,,,,,,,,,2021,,,12.693667,11.478426,,,,,,,QB,xfp_ng,669,-1.215241,1.32685,0.99043,,,,,,,,,,,,,,,,,,,,,,,,,,,,,,,,,,,
player_week,,,,,,,,,,,,2022,,,14.850264,13.913468,,,,,,,QB,xfp,637,-0.936796,1.368543,0.980395,,,,,,,,,,,,,,,,,,,,,,,,,,,,,,,,,,,
player_week,,,,,,,,,,,,2022,,,12.94607,12.120864,,,,,,,QB,xfp_ng,637,-0.825206,1.197802,0.983008,,,,,,,,,,,,,,,,,,,,,,,,,,,,,,,,,,,
player_week,,,,,,,,,,,,2023,,,13.886896,13.29087,,,,,,,QB,xfp,678,-0.596027,1.210345,0.980953,,,,,,,,,,,,,,,,,,,,,,,,,,,,,,,,,,,
player_week,,,,,,,,,,,,2023,,,11.917743,11.403496,,,,,,,QB,xfp_ng,678,-0.514247,1.049738,0.983615,,,,,,,,,,,,,,,,,,,,,,,,,,,,,,,,,,,
player_week,,,,,,,,,,,,2024,,,14.228154,13.429509,,,,,,,QB,xfp,664,-0.798645,1.255418,0.981935,,,,,,,,,,,,,,,,,,,,,,,,,,,,,,,,,,,
player_week,,,,,,,,,,,,2024,,,12.152855,11.476593,,,,,,,QB,xfp_ng,664,-0.676262,1.076977,0.985776,,,,,,,,,,,,,,,,,,,,,,,,,,,,,,,,,,,
player_week,,,,,,,,,,,,2025,,,13.9545,13.045171,,,,,,,QB,xfp,675,-0.909329,1.28871,0.984177,,,,,,,,,,,,,,,,,,,,,,,,,,,,,,,,,,,
player_week,,,,,,,,,,,,2025,,,11.942912,11.166297,,,,,,,QB,xfp_ng,675,-0.776615,1.108854,0.986697,,,,,,,,,,,,,,,,,,,,,,,,,,,,,,,,,,,
player_week,,,,,,,,,,,,2026,,,15.206767,14.141947,,,,,,,QB,xfp,112,-1.064819,1.257953,0.988535,,,,,,,,,,,,,,,,,,,,,,,,,,,,,,,,,,,
player_week,,,,,,,,,,,,2026,,,13.635618,12.692228,,,,,,,QB,xfp_ng,112,-0.943391,1.134478,0.989396,,,,,,,,,,,,,,,,,,,,,,,,,,,,,,,,,,,
player_week,,,,,,,,,,,,all,,,14.266619,13.210979,,,,,,,QB,xfp,11909,-1.05564,1.427939,0.979355,,,,,,,,,,,,,,,,,,,,,,,,,,,,,,,,,,,
player_week,,,,,,,,,,,,all,,,12.075675,11.174862,,,,,,,QB,xfp_ng,11909,-0.900813,1.209736,0.98331,,,,,,,,,,,,,,,,,,,,,,,,,,,,,,,,,,,
player_week,,,,,,,,,,,,2007,,,8.81802,8.790395,,,,,,,RB,xfp,1134,-0.027625,0.67675,0.988702,,,,,,,,,,,,,,,,,,,,,,,,,,,,,,,,,,,
player_week,,,,,,,,,,,,2007,,,7.265399,7.265077,,,,,,,RB,xfp_ng,1134,-0.000322,0.572393,0.989945,,,,,,,,,,,,,,,,,,,,,,,,,,,,,,,,,,,
player_week,,,,,,,,,,,,2008,,,8.688067,8.70836,,,,,,,RB,xfp,1137,0.020293,0.554393,0.991291,,,,,,,,,,,,,,,,,,,,,,,,,,,,,,,,,,,
player_week,,,,,,,,,,,,2008,,,7.335155,7.382245,,,,,,,RB,xfp_ng,1137,0.04709,0.483528,0.992449,,,,,,,,,,,,,,,,,,,,,,,,,,,,,,,,,,,
player_week,,,,,,,,,,,,2009,,,9.116383,9.137823,,,,,,,RB,xfp,1229,0.021441,0.625987,0.99096,,,,,,,,,,,,,,,,,,,,,,,,,,,,,,,,,,,
player_week,,,,,,,,,,,,2009,,,7.516876,7.548365,,,,,,,RB,xfp_ng,1229,0.031489,0.51675,0.992106,,,,,,,,,,,,,,,,,,,,,,,,,,,,,,,,,,,
player_week,,,,,,,,,,,,2010,,,9.22078,9.340728,,,,,,,RB,xfp,1159,0.119947,0.604289,0.992024,,,,,,,,,,,,,,,,,,,,,,,,,,,,,,,,,,,
player_week,,,,,,,,,,,,2010,,,7.663828,7.777726,,,,,,,RB,xfp_ng,1159,0.113897,0.507796,0.993284,,,,,,,,,,,,,,,,,,,,,,,,,,,,,,,,,,,
player_week,,,,,,,,,,,,2011,,,8.795319,8.78212,,,,,,,RB,xfp,1246,-0.013199,0.591254,0.99165,,,,,,,,,,,,,,,,,,,,,,,,,,,,,,,,,,,
player_week,,,,,,,,,,,,2011,,,7.299803,7.316341,,,,,,,RB,xfp_ng,1246,0.016538,0.494546,0.992646,,,,,,,,,,,,,,,,,,,,,,,,,,,,,,,,,,,
player_week,,,,,,,,,,,,2012,,,8.331977,8.344403,,,,,,,RB,xfp,1276,0.012426,0.539686,0.992398,,,,,,,,,,,,,,,,,,,,,,,,,,,,,,,,,,,
player_week,,,,,,,,,,,,2012,,,6.841598,6.858629,,,,,,,RB,xfp_ng,1276,0.017031,0.445796,0.993297,,,,,,,,,,,,,,,,,,,,,,,,,,,,,,,,,,,
player_week,,,,,,,,,,,,2013,,,9.041243,8.992933,,,,,,,RB,xfp,1234,-0.04831,0.575764,0.992689,,,,,,,,,,,,,,,,,,,,,,,,,,,,,,,,,,,
player_week,,,,,,,,,,,,2013,,,7.609722,7.578646,,,,,,,RB,xfp_ng,1234,-0.031077,0.4923,0.993185,,,,,,,,,,,,,,,,,,,,,,,,,,,,,,,,,,,
player_week,,,,,,,,,,,,2014,,,8.698766,8.54271,,,,,,,RB,xfp,1326,-0.156055,0.56456,0.992248,,,,,,,,,,,,,,,,,,,,,,,,,,,,,,,,,,,
player_week,,,,,,,,,,,,2014,,,7.114818,6.992456,,,,,,,RB,xfp_ng,1326,-0.122361,0.466748,0.993223,,,,,,,,,,,,,,,,,,,,,,,,,,,,,,,,,,,
player_week,,,,,,,,,,,,2015,,,8.712566,8.652894,,,,,,,RB,xfp,1319,-0.059673,0.515029,0.992633,,,,,,,,,,,,,,,,,,,,,,,,,,,,,,,,,,,
player_week,,,,,,,,,,,,2015,,,7.199211,7.170062,,,,,,,RB,xfp_ng,1319,-0.029149,0.426888,0.994058,,,,,,,,,,,,,,,,,,,,,,,,,,,,,,,,,,,
player_week,,,,,,,,,,,,2016,,,8.385397,8.247731,,,,,,,RB,xfp,1410,-0.137667,0.480408,0.994601,,,,,,,,,,,,,,,,,,,,,,,,,,,,,,,,,,,
player_week,,,,,,,,,,,,2016,,,7.147184,7.032181,,,,,,,RB,xfp_ng,1410,-0.115003,0.412192,0.995139,,,,,,,,,,,,,,,,,,,,,,,,,,,,,,,,,,,
player_week,,,,,,,,,,,,2017,,,8.3796,8.364741,,,,,,,RB,xfp,1454,-0.014859,0.477115,0.994141,,,,,,,,,,,,,,,,,,,,,,,,,,,,,,,,,,,
player_week,,,,,,,,,,,,2017,,,6.958552,6.957347,,,,,,,RB,xfp_ng,1454,-0.001205,0.405072,0.994618,,,,,,,,,,,,,,,,,,,,,,,,,,,,,,,,,,,
player_week,,,,,,,,,,,,2018,,,8.923521,8.454709,,,,,,,RB,xfp,1389,-0.468812,0.636136,0.993923,,,,,,,,,,,,,,,,,,,,,,,,,,,,,,,,,,,
player_week,,,,,,,,,,,,2018,,,7.438673,7.034811,,,,,,,RB,xfp_ng,1389,-0.403862,0.546155,0.994522,,,,,,,,,,,,,,,,,,,,,,,,,,,,,,,,,,,
player_week,,,,,,,,,,,,2019,,,8.912513,8.539578,,,,,,,RB,xfp,1380,-0.372935,0.548077,0.995046,,,,,,,,,,,,,,,,,,,,,,,,,,,,,,,,,,,
player_week,,,,,,,,,,,,2019,,,7.468766,7.158232,,,,,,,RB,xfp_ng,1380,-0.310534,0.468804,0.995305,,,,,,,,,,,,,,,,,,,,,,,,,,,,,,,,,,,
player_week,,,,,,,,,,,,2020,,,8.6477,8.179705,,,,,,,RB,xfp,1436,-0.467995,0.605457,0.994615,,,,,,,,,,,,,,,,,,,,,,,,,,,,,,,,,,,
player_week,,,,,,,,,,,,2020,,,7.277182,6.890424,,,,,,,RB,xfp_ng,1436,-0.386758,0.507351,0.995291,,,,,,,,,,,,,,,,,,,,,,,,,,,,,,,,,,,
player_week,,,,,,,,,,,,2021,,,8.708844,8.309326,,,,,,,RB,xfp,1473,-0.399518,0.562101,0.995001,,,,,,,,,,,,,,,,,,,,,,,,,,,,,,,,,,,
player_week,,,,,,,,,,,,2021,,,7.186231,6.863613,,,,,,,RB,xfp_ng,1473,-0.322619,0.467292,0.995434,,,,,,,,,,,,,,,,,,,,,,,,,,,,,,,,,,,
player_week,,,,,,,,,,,,2022,,,8.36042,8.086951,,,,,,,RB,xfp,1472,-0.273469,0.500679,0.994624,,,,,,,,,,,,,,,,,,,,,,,,,,,,,,,,,,,
player_week,,,,,,,,,,,,2022,,,7.252371,7.018405,,,,,,,RB,xfp_ng,1472,-0.233966,0.438863,0.994964,,,,,,,,,,,,,,,,,,,,,,,,,,,,,,,,,,,
player_week,,,,,,,,,,,,2023,,,8.578443,8.329769,,,,,,,RB,xfp,1412,-0.248674,0.479961,0.99513,,,,,,,,,,,,,,,,,,,,,,,,,,,,,,,,,,,
player_week,,,,,,,,,,,,2023,,,7.209942,7.008297,,,,,,,RB,xfp_ng,1412,-0.201645,0.408995,0.995505,,,,,,,,,,,,,,,,,,,,,,,,,,,,,,,,,,,
player_week,,,,,,,,,,,,2024,,,8.49837,8.223294,,,,,,,RB,xfp,1410,-0.275076,0.495871,0.994584,,,,,,,,,,,,,,,,,,,,,,,,,,,,,,,,,,,
player_week,,,,,,,,,,,,2024,,,7.206524,6.982786,,,,,,,RB,xfp_ng,1410,-0.223738,0.425076,0.995304,,,,,,,,,,,,,,,,,,,,,,,,,,,,,,,,,,,
player_week,,,,,,,,,,,,2025,,,8.521433,8.220874,,,,,,,RB,xfp,1411,-0.300559,0.522142,0.994488,,,,,,,,,,,,,,,,,,,,,,,,,,,,,,,,,,,
player_week,,,,,,,,,,,,2025,,,7.2012,6.966178,,,,,,,RB,xfp_ng,1411,-0.235022,0.436333,0.995289,,,,,,,,,,,,,,,,,,,,,,,,,,,,,,,,,,,
player_week,,,,,,,,,,,,2026,,,8.647593,8.433292,,,,,,,RB,xfp,248,-0.214301,0.483928,0.995573,,,,,,,,,,,,,,,,,,,,,,,,,,,,,,,,,,,
player_week,,,,,,,,,,,,2026,,,7.673481,7.49265,,,,,,,RB,xfp_ng,248,-0.180831,0.433978,0.995675,,,,,,,,,,,,,,,,,,,,,,,,,,,,,,,,,,,
player_week,,,,,,,,,,,,all,,,8.689522,8.515405,,,,,,,RB,xfp,25555,-0.174117,0.552156,0.992769,,,,,,,,,,,,,,,,,,,,,,,,,,,,,,,,,,,
player_week,,,,,,,,,,,,all,,,7.27045,7.134356,,,,,,,RB,xfp_ng,25555,-0.136094,0.467061,0.993517,,,,,,,,,,,,,,,,,,,,,,,,,,,,,,,,,,,
player_week,,,,,,,,,,,,2007,,,4.654449,4.242502,,,,,,,TE,xfp,766,-0.411946,0.522659,0.987307,,,,,,,,,,,,,,,,,,,,,,,,,,,,,,,,,,,
player_week,,,,,,,,,,,,2007,,,3.888235,3.524287,,,,,,,TE,xfp_ng,766,-0.363948,0.448252,0.989206,,,,,,,,,,,,,,,,,,,,,,,,,,,,,,,,,,,
player_week,,,,,,,,,,,,2008,,,4.597449,4.248668,,,,,,,TE,xfp,795,-0.348781,0.450293,0.988826,,,,,,,,,,,,,,,,,,,,,,,,,,,,,,,,,,,
player_week,,,,,,,,,,,,2008,,,4.001723,3.682003,,,,,,,TE,xfp_ng,795,-0.31972,0.402178,0.989776,,,,,,,,,,,,,,,,,,,,,,,,,,,,,,,,,,,
player_week,,,,,,,,,,,,2009,,,6.572702,6.177508,,,,,,,TE,xfp,902,-0.395194,0.610235,0.988974,,,,,,,,,,,,,,,,,,,,,,,,,,,,,,,,,,,
player_week,,,,,,,,,,,,2009,,,5.512644,5.150931,,,,,,,TE,xfp_ng,902,-0.361713,0.538745,0.989766,,,,,,,,,,,,,,,,,,,,,,,,,,,,,,,,,,,
player_week,,,,,,,,,,,,2010,,,6.28803,5.988637,,,,,,,TE,xfp,930,-0.299392,0.511877,0.990888,,,,,,,,,,,,,,,,,,,,,,,,,,,,,,,,,,,
player_week,,,,,,,,,,,,2010,,,5.370068,5.088621,,,,,,,TE,xfp_ng,930,-0.281446,0.45338,0.991711,,,,,,,,,,,,,,,,,,,,,,,,,,,,,,,,,,,
player_week,,,,,,,,,,,,2011,,,6.854339,6.414301,,,,,,,TE,xfp,928,-0.440038,0.621802,0.989673,,,,,,,,,,,,,,,,,,,,,,,,,,,,,,,,,,,
player_week,,,,,,,,,,,,2011,,,5.785525,5.414242,,,,,,,TE,xfp_ng,928,-0.371283,0.534546,0.99054,,,,,,,,,,,,,,,,,,,,,,,,,,,,,,,,,,,
player_week,,,,,,,,,,,,2012,,,6.919932,6.474007,,,,,,,TE,xfp,931,-0.445925,0.617707,0.991844,,,,,,,,,,,,,,,,,,,,,,,,,,,,,,,,,,,
player_week,,,,,,,,,,,,2012,,,5.754295,5.353636,,,,,,,TE,xfp_ng,931,-0.400659,0.537992,0.992102,,,,,,,,,,,,,,,,,,,,,,,,,,,,,,,,,,,
player_week,,,,,,,,,,,,2013,,,6.773595,6.350579,,,,,,,TE,xfp,956,-0.423015,0.588138,0.989866,,,,,,,,,,,,,,,,,,,,,,,,,,,,,,,,,,,
player_week,,,,,,,,,,,,2013,,,5.697815,5.333076,,,,,,,TE,xfp_ng,956,-0.364739,0.507137,0.991049,,,,,,,,,,,,,,,,,,,,,,,,,,,,,,,,,,,
player_week,,,,,,,,,,,,2014,,,6.300101,5.87532,,,,,,,TE,xfp,982,-0.424781,0.551549,0.992515,,,,,,,,,,,,,,,,,,,,,,,,,,,,,,,,,,,
player_week,,,,,,,,,,,,2014,,,5.103686,4.748073,,,,,,,TE,xfp_ng,982,-0.355614,0.467454,0.992522,,,,,,,,,,,,,,,,,,,,,,,,,,,,,,,,,,,
player_week,,,,,,,,,,,,2015,,,6.57542,6.272415,,,,,,,TE,xfp,990,-0.303004,0.486293,0.992373,,,,,,,,,,,,,,,,,,,,,,,,,,,,,,,,,,,
player_week,,,,,,,,,,,,2015,,,5.523801,5.266185,,,,,,,TE,xfp_ng,990,-0.257617,0.424871,0.992867,,,,,,,,,,,,,,,,,,,,,,,,,,,,,,,,,,,
player_week,,,,,,,,,,,,2016,,,6.639907,6.306424,,,,,,,TE,xfp,961,-0.333483,0.50839,0.992984,,,,,,,,,,,,,,,,,,,,,,,,,,,,,,,,,,,
player_week,,,,,,,,,,,,2016,,,5.660471,5.353162,,,,,,,TE,xfp_ng,961,-0.307309,0.451004,0.993484,,,,,,,,,,,,,,,,,,,,,,,,,,,,,,,,,,,
player_week,,,,,,,,,,,,2017,,,5.92541,5.720596,,,,,,,TE,xfp,1022,-0.204814,0.465885,0.99096,,,,,,,,,,,,,,,,,,,,,,,,,,,,,,,,,,,
player_week,,,,,,,,,,,,2017,,,5.09024,4.896582,,,,,,,TE,xfp_ng,1022,-0.193658,0.404497,0.992276,,,,,,,,,,,,,,,,,,,,,,,,,,,,,,,,,,,
player_week,,,,,,,,,,,,2018,,,6.021749,5.506428,,,,,,,TE,xfp,1012,-0.51532,0.614259,0.991874,,,,,,,,,,,,,,,,,,,,,,,,,,,,,,,,,,,
player_week,,,,,,,,,,,,2018,,,5.087284,4.627751,,,,,,,TE,xfp_ng,1012,-0.459532,0.548884,0.991825,,,,,,,,,,,,,,,,,,,,,,,,,,,,,,,,,,,
player_week,,,,,,,,,,,,2019,,,6.243322,5.788094,,,,,,,TE,xfp,1007,-0.455228,0.58731,0.991837,,,,,,,,,,,,,,,,,,,,,,,,,,,,,,,,,,,
player_week,,,,,,,,,,,,2019,,,5.296534,4.8952,,,,,,,TE,xfp_ng,1007,-0.401335,0.511686,0.992533,,,,,,,,,,,,,,,,,,,,,,,,,,,,,,,,,,,
player_week,,,,,,,,,,,,2020,,,6.576059,5.960308,,,,,,,TE,xfp,1008,-0.615751,0.69361,0.990902,,,,,,,,,,,,,,,,,,,,,,,,,,,,,,,,,,,
player_week,,,,,,,,,,,,2020,,,5.689905,5.146336,,,,,,,TE,xfp_ng,1008,-0.54357,0.612795,0.99202,,,,,,,,,,,,,,,,,,,,,,,,,,,,,,,,,,,
player_week,,,,,,,,,,,,2021,,,6.439562,5.910806,,,,,,,TE,xfp,1051,-0.528757,0.6126,0.992419,,,,,,,,,,,,,,,,,,,,,,,,,,,,,,,,,,,
player_week,,,,,,,,,,,,2021,,,5.480227,5.017046,,,,,,,TE,xfp_ng,1051,-0.463181,0.533178,0.992892,,,,,,,,,,,,,,,,,,,,,,,,,,,,,,,,,,,
player_week,,,,,,,,,,,,2022,,,5.817343,5.469448,,,,,,,TE,xfp,1101,-0.347896,0.520007,0.990463,,,,,,,,,,,,,,,,,,,,,,,,,,,,,,,,,,,
player_week,,,,,,,,,,,,2022,,,5.081995,4.761644,,,,,,,TE,xfp_ng,1101,-0.320351,0.46672,0.990754,,,,,,,,,,,,,,,,,,,,,,,,,,,,,,,,,,,
player_week,,,,,,,,,,,,2023,,,5.865374,5.620144,,,,,,,TE,xfp,1059,-0.245229,0.458033,0.99158,,,,,,,,,,,,,,,,,,,,,,,,,,,,,,,,,,,
player_week,,,,,,,,,,,,2023,,,5.055073,4.840462,,,,,,,TE,xfp_ng,1059,-0.214611,0.404631,0.991997,,,,,,,,,,,,,,,,,,,,,,,,,,,,,,,,,,,
player_week,,,,,,,,,,,,2024,,,5.93879,5.618306,,,,,,,TE,xfp,1090,-0.320484,0.487989,0.992667,,,,,,,,,,,,,,,,,,,,,,,,,,,,,,,,,,,
player_week,,,,,,,,,,,,2024,,,5.079419,4.799244,,,,,,,TE,xfp_ng,1090,-0.280175,0.425,0.993068,,,,,,,,,,,,,,,,,,,,,,,,,,,,,,,,,,,
player_week,,,,,,,,,,,,2025,,,6.09696,5.715825,,,,,,,TE,xfp,1125,-0.381134,0.551325,0.989515,,,,,,,,,,,,,,,,,,,,,,,,,,,,,,,,,,,
player_week,,,,,,,,,,,,2025,,,5.162823,4.824601,,,,,,,TE,xfp_ng,1125,-0.338223,0.486123,0.989963,,,,,,,,,,,,,,,,,,,,,,,,,,,,,,,,,,,
player_week,,,,,,,,,,,,2026,,,5.957943,5.521686,,,,,,,TE,xfp,204,-0.436257,0.548394,0.993905,,,,,,,,,,,,,,,,,,,,,,,,,,,,,,,,,,,
player_week,,,,,,,,,,,,2026,,,5.353534,4.955106,,,,,,,TE,xfp_ng,204,-0.398429,0.49364,0.994325,,,,,,,,,,,,,,,,,,,,,,,,,,,,,,,,,,,
player_week,,,,,,,,,,,,all,,,6.182276,5.79074,,,,,,,TE,xfp,18820,-0.391536,0.550723,0.990918,,,,,,,,,,,,,,,,,,,,,,,,,,,,,,,,,,,
player_week,,,,,,,,,,,,all,,,5.248912,4.901633,,,,,,,TE,xfp_ng,18820,-0.347279,0.482514,0.991525,,,,,,,,,,,,,,,,,,,,,,,,,,,,,,,,,,,
player_week,,,,,,,,,,,,2007,,,5.966124,5.722447,,,,,,,WR,xfp,1667,-0.243677,0.518974,0.98576,,,,,,,,,,,,,,,,,,,,,,,,,,,,,,,,,,,
player_week,,,,,,,,,,,,2007,,,4.937962,4.706306,,,,,,,WR,xfp_ng,1667,-0.231656,0.424197,0.98888,,,,,,,,,,,,,,,,,,,,,,,,,,,,,,,,,,,
player_week,,,,,,,,,,,,2008,,,5.741266,5.554468,,,,,,,WR,xfp,1681,-0.186798,0.473515,0.9872,,,,,,,,,,,,,,,,,,,,,,,,,,,,,,,,,,,
player_week,,,,,,,,,,,,2008,,,4.909854,4.736579,,,,,,,WR,xfp_ng,1681,-0.173275,0.410084,0.988985,,,,,,,,,,,,,,,,,,,,,,,,,,,,,,,,,,,
player_week,,,,,,,,,,,,2009,,,8.912395,8.730509,,,,,,,WR,xfp,1836,-0.181886,0.699324,0.986786,,,,,,,,,,,,,,,,,,,,,,,,,,,,,,,,,,,
player_week,,,,,,,,,,,,2009,,,7.380157,7.212675,,,,,,,WR,xfp_ng,1836,-0.167482,0.601823,0.988086,,,,,,,,,,,,,,,,,,,,,,,,,,,,,,,,,,,
player_week,,,,,,,,,,,,2010,,,9.109881,8.944392,,,,,,,WR,xfp,1862,-0.165488,0.655428,0.989487,,,,,,,,,,,,,,,,,,,,,,,,,,,,,,,,,,,
player_week,,,,,,,,,,,,2010,,,7.713342,7.556584,,,,,,,WR,xfp_ng,1862,-0.156758,0.564227,0.990751,,,,,,,,,,,,,,,,,,,,,,,,,,,,,,,,,,,
player_week,,,,,,,,,,,,2011,,,8.808516,8.64671,,,,,,,WR,xfp,1914,-0.161806,0.640555,0.988428,,,,,,,,,,,,,,,,,,,,,,,,,,,,,,,,,,,
player_week,,,,,,,,,,,,2011,,,7.359665,7.233169,,,,,,,WR,xfp_ng,1914,-0.126496,0.536552,0.990289,,,,,,,,,,,,,,,,,,,,,,,,,,,,,,,,,,,
player_week,,,,,,,,,,,,2012,,,9.098896,8.865048,,,,,,,WR,xfp,1948,-0.233848,0.656098,0.990163,,,,,,,,,,,,,,,,,,,,,,,,,,,,,,,,,,,
player_week,,,,,,,,,,,,2012,,,7.609638,7.409453,,,,,,,WR,xfp_ng,1948,-0.200185,0.556854,0.991409,,,,,,,,,,,,,,,,,,,,,,,,,,,,,,,,,,,
player_week,,,,,,,,,,,,2013,,,9.318758,9.116446,,,,,,,WR,xfp,1935,-0.202312,0.629167,0.990897,,,,,,,,,,,,,,,,,,,,,,,,,,,,,,,,,,,
player_week,,,,,,,,,,,,2013,,,7.866472,7.690093,,,,,,,WR,xfp_ng,1935,-0.176379,0.543947,0.992009,,,,,,,,,,,,,,,,,,,,,,,,,,,,,,,,,,,
player_week,,,,,,,,,,,,2014,,,9.068493,8.828471,,,,,,,WR,xfp,1972,-0.240022,0.613986,0.991249,,,,,,,,,,,,,,,,,,,,,,,,,,,,,,,,,,,
player_week,,,,,,,,,,,,2014,,,7.559432,7.357873,,,,,,,WR,xfp_ng,1972,-0.20156,0.527725,0.99222,,,,,,,,,,,,,,,,,,,,,,,,,,,,,,,,,,,
player_week,,,,,,,,,,,,2015,,,9.001049,8.897626,,,,,,,WR,xfp,1970,-0.103422,0.59607,0.991058,,,,,,,,,,,,,,,,,,,,,,,,,,,,,,,,,,,
player_week,,,,,,,,,,,,2015,,,7.581968,7.496696,,,,,,,WR,xfp_ng,1970,-0.085272,0.52293,0.991758,,,,,,,,,,,,,,,,,,,,,,,,,,,,,,,,,,,
player_week,,,,,,,,,,,,2016,,,8.923978,8.795913,,,,,,,WR,xfp,2063,-0.128065,0.573967,0.991218,,,,,,,,,,,,,,,,,,,,,,,,,,,,,,,,,,,
player_week,,,,,,,,,,,,2016,,,7.636124,7.528292,,,,,,,WR,xfp_ng,2063,-0.107833,0.504799,0.992029,,,,,,,,,,,,,,,,,,,,,,,,,,,,,,,,,,,
player_week,,,,,,,,,,,,2017,,,8.179515,8.173856,,,,,,,WR,xfp,1998,-0.005659,0.570809,0.989797,,,,,,,,,,,,,,,,,,,,,,,,,,,,,,,,,,,
player_week,,,,,,,,,,,,2017,,,6.91182,6.895347,,,,,,,WR,xfp_ng,1998,-0.016473,0.487891,0.991295,,,,,,,,,,,,,,,,,,,,,,,,,,,,,,,,,,,
player_week,,,,,,,,,,,,2018,,,9.014466,8.465844,,,,,,,WR,xfp,2000,-0.548621,0.792015,0.989001,,,,,,,,,,,,,,,,,,,,,,,,,,,,,,,,,,,
player_week,,,,,,,,,,,,2018,,,7.603187,7.130187,,,,,,,WR,xfp_ng,2000,-0.473,0.689059,0.990071,,,,,,,,,,,,,,,,,,,,,,,,,,,,,,,,,,,
player_week,,,,,,,,,,,,2019,,,8.760233,8.379564,,,,,,,WR,xfp,1992,-0.380669,0.663863,0.991325,,,,,,,,,,,,,,,,,,,,,,,,,,,,,,,,,,,
player_week,,,,,,,,,,,,2019,,,7.399241,7.069705,,,,,,,WR,xfp_ng,1992,-0.329536,0.573437,0.992198,,,,,,,,,,,,,,,,,,,,,,,,,,,,,,,,,,,
player_week,,,,,,,,,,,,2020,,,9.06073,8.430161,,,,,,,WR,xfp,2067,-0.630569,0.802499,0.991106,,,,,,,,,,,,,,,,,,,,,,,,,,,,,,,,,,,
player_week,,,,,,,,,,,,2020,,,7.681129,7.157843,,,,,,,WR,xfp_ng,2067,-0.523286,0.684014,0.991845,,,,,,,,,,,,,,,,,,,,,,,,,,,,,,,,,,,
player_week,,,,,,,,,,,,2021,,,8.721732,8.206047,,,,,,,WR,xfp,2204,-0.515684,0.667768,0.993203,,,,,,,,,,,,,,,,,,,,,,,,,,,,,,,,,,,
player_week,,,,,,,,,,,,2021,,,7.292676,6.852423,,,,,,,WR,xfp_ng,2204,-0.440253,0.581097,0.993834,,,,,,,,,,,,,,,,,,,,,,,,,,,,,,,,,,,
player_week,,,,,,,,,,,,2022,,,8.372677,8.114217,,,,,,,WR,xfp,2140,-0.25846,0.610734,0.991071,,,,,,,,,,,,,,,,,,,,,,,,,,,,,,,,,,,
player_week,,,,,,,,,,,,2022,,,7.233277,7.014025,,,,,,,WR,xfp_ng,2140,-0.219252,0.529146,0.99205,,,,,,,,,,,,,,,,,,,,,,,,,,,,,,,,,,,
player_week,,,,,,,,,,,,2023,,,8.095478,7.962586,,,,,,,WR,xfp,2215,-0.132893,0.582042,0.990367,,,,,,,,,,,,,,,,,,,,,,,,,,,,,,,,,,,
player_week,,,,,,,,,,,,2023,,,6.91299,6.795574,,,,,,,WR,xfp_ng,2215,-0.117416,0.513071,0.990838,,,,,,,,,,,,,,,,,,,,,,,,,,,,,,,,,,,
player_week,,,,,,,,,,,,2024,,,8.426985,8.2018,,,,,,,WR,xfp,2129,-0.225184,0.593952,0.991222,,,,,,,,,,,,,,,,,,,,,,,,,,,,,,,,,,,
player_week,,,,,,,,,,,,2024,,,7.189258,6.993456,,,,,,,WR,xfp_ng,2129,-0.195802,0.51669,0.992155,,,,,,,,,,,,,,,,,,,,,,,,,,,,,,,,,,,
player_week,,,,,,,,,,,,2025,,,7.971154,7.687,,,,,,,WR,xfp,2132,-0.284154,0.580389,0.992375,,,,,,,,,,,,,,,,,,,,,,,,,,,,,,,,,,,
player_week,,,,,,,,,,,,2025,,,6.822008,6.583658,,,,,,,WR,xfp_ng,2132,-0.238349,0.502111,0.992993,,,,,,,,,,,,,,,,,,,,,,,,,,,,,,,,,,,
player_week,,,,,,,,,,,,2026,,,8.019929,7.666512,,,,,,,WR,xfp,385,-0.353418,0.574747,0.992846,,,,,,,,,,,,,,,,,,,,,,,,,,,,,,,,,,,
player_week,,,,,,,,,,,,2026,,,7.09243,6.791619,,,,,,,WR,xfp_ng,385,-0.300811,0.52395,0.992663,,,,,,,,,,,,,,,,,,,,,,,,,,,,,,,,,,,
player_week,,,,,,,,,,,,all,,,8.480951,8.222861,,,,,,,WR,xfp,38110,-0.25809,0.628522,0.990094,,,,,,,,,,,,,,,,,,,,,,,,,,,,,,,,,,,
player_week,,,,,,,,,,,,all,,,7.168822,6.945901,,,,,,,WR,xfp_ng,38110,-0.222921,0.542099,0.991125,,,,,,,,,,,,,,,,,,,,,,,,,,,,,,,,,,,
player_week,,,,,,,,,,,,2007,,,7.43533,7.106788,,,,,,,all,xfp,4205,-0.328543,0.712409,0.983429,,,,,,,,,,,,,,,,,,,,,,,,,,,,,,,,,,,
player_week,,,,,,,,,,,,2007,,,6.155339,5.863099,,,,,,,all,xfp_ng,4205,-0.292239,0.593728,0.985545,,,,,,,,,,,,,,,,,,,,,,,,,,,,,,,,,,,
player_week,,,,,,,,,,,,2008,,,7.323385,7.031307,,,,,,,all,xfp,4206,-0.292078,0.63761,0.986143,,,,,,,,,,,,,,,,,,,,,,,,,,,,,,,,,,,
player_week,,,,,,,,,,,,2008,,,6.245496,5.99141,,,,,,,all,xfp_ng,4206,-0.254086,0.552039,0.987501,,,,,,,,,,,,,,,,,,,,,,,,,,,,,,,,,,,
player_week,,,,,,,,,,,,2009,,,8.947056,8.6845,,,,,,,all,xfp,4612,-0.262556,0.746746,0.986115,,,,,,,,,,,,,,,,,,,,,,,,,,,,,,,,,,,
player_week,,,,,,,,,,,,2009,,,7.418384,7.188383,,,,,,,all,xfp_ng,4612,-0.23,0.635157,0.987389,,,,,,,,,,,,,,,,,,,,,,,,,,,,,,,,,,,
player_week,,,,,,,,,,,,2010,,,9.121224,8.901233,,,,,,,all,xfp,4554,-0.219991,0.697543,0.988382,,,,,,,,,,,,,,,,,,,,,,,,,,,,,,,,,,,
player_week,,,,,,,,,,,,2010,,,7.692231,7.496779,,,,,,,all,xfp_ng,4554,-0.195452,0.596293,0.989691,,,,,,,,,,,,,,,,,,,,,,,,,,,,,,,,,,,
player_week,,,,,,,,,,,,2011,,,9.091508,8.790978,,,,,,,all,xfp,4689,-0.30053,0.733337,0.986942,,,,,,,,,,,,,,,,,,,,,,,,,,,,,,,,,,,
player_week,,,,,,,,,,,,2011,,,7.595095,7.357937,,,,,,,all,xfp_ng,4689,-0.237158,0.613343,0.988578,,,,,,,,,,,,,,,,,,,,,,,,,,,,,,,,,,,
player_week,,,,,,,,,,,,2012,,,9.122933,8.792925,,,,,,,all,xfp,4751,-0.330008,0.729638,0.988269,,,,,,,,,,,,,,,,,,,,,,,,,,,,,,,,,,,
player_week,,,,,,,,,,,,2012,,,7.58868,7.305192,,,,,,,all,xfp_ng,4751,-0.283487,0.615626,0.989491,,,,,,,,,,,,,,,,,,,,,,,,,,,,,,,,,,,
player_week,,,,,,,,,,,,2013,,,9.463035,9.132934,,,,,,,all,xfp,4711,-0.330101,0.714976,0.989241,,,,,,,,,,,,,,,,,,,,,,,,,,,,,,,,,,,
player_week,,,,,,,,,,,,2013,,,7.981398,7.701686,,,,,,,all,xfp_ng,4711,-0.279712,0.609754,0.990468,,,,,,,,,,,,,,,,,,,,,,,,,,,,,,,,,,,
player_week,,,,,,,,,,,,2014,,,9.078383,8.711811,,,,,,,all,xfp,4874,-0.366572,0.688263,0.990081,,,,,,,,,,,,,,,,,,,,,,,,,,,,,,,,,,,
player_week,,,,,,,,,,,,2014,,,7.492594,7.188483,,,,,,,all,xfp_ng,4874,-0.304111,0.579,0.99122,,,,,,,,,,,,,,,,,,,,,,,,,,,,,,,,,,,
player_week,,,,,,,,,,,,2015,,,9.122769,8.909503,,,,,,,all,xfp,4873,-0.213265,0.62469,0.990603,,,,,,,,,,,,,,,,,,,,,,,,,,,,,,,,,,,
player_week,,,,,,,,,,,,2015,,,7.627424,7.457751,,,,,,,all,xfp_ng,4873,-0.169673,0.533399,0.991617,,,,,,,,,,,,,,,,,,,,,,,,,,,,,,,,,,,
player_week,,,,,,,,,,,,2016,,,9.049744,8.792199,,,,,,,all,xfp,5025,-0.257545,0.61715,0.991568,,,,,,,,,,,,,,,,,,,,,,,,,,,,,,,,,,,
player_week,,,,,,,,,,,,2016,,,7.734048,7.508903,,,,,,,all,xfp_ng,5025,-0.225144,0.539422,0.992259,,,,,,,,,,,,,,,,,,,,,,,,,,,,,,,,,,,
player_week,,,,,,,,,,,,2017,,,8.473379,8.359955,,,,,,,all,xfp,5057,-0.113424,0.585936,0.990605,,,,,,,,,,,,,,,,,,,,,,,,,,,,,,,,,,,
player_week,,,,,,,,,,,,2017,,,7.153902,7.048782,,,,,,,all,xfp_ng,5057,-0.10512,0.499097,0.991936,,,,,,,,,,,,,,,,,,,,,,,,,,,,,,,,,,,
player_week,,,,,,,,,,,,2018,,,9.157197,8.507719,,,,,,,all,xfp,5012,-0.649478,0.841179,0.98982,,,,,,,,,,,,,,,,,,,,,,,,,,,,,,,,,,,
player_week,,,,,,,,,,,,2018,,,7.698024,7.133858,,,,,,,all,xfp_ng,5012,-0.564165,0.732321,0.990484,,,,,,,,,,,,,,,,,,,,,,,,,,,,,,,,,,,
player_week,,,,,,,,,,,,2019,,,9.079655,8.581857,,,,,,,all,xfp,4983,-0.497798,0.721708,0.991467,,,,,,,,,,,,,,,,,,,,,,,,,,,,,,,,,,,
player_week,,,,,,,,,,,,2019,,,7.666534,7.239008,,,,,,,all,xfp_ng,4983,-0.427527,0.622092,0.99218,,,,,,,,,,,,,,,,,,,,,,,,,,,,,,,,,,,
player_week,,,,,,,,,,,,2020,,,9.310923,8.583406,,,,,,,all,xfp,5146,-0.727517,0.866253,0.991257,,,,,,,,,,,,,,,,,,,,,,,,,,,,,,,,,,,
player_week,,,,,,,,,,,,2020,,,7.90581,7.29463,,,,,,,all,xfp_ng,5146,-0.61118,0.737874,0.992047,,,,,,,,,,,,,,,,,,,,,,,,,,,,,,,,,,,
player_week,,,,,,,,,,,,2021,,,9.072595,8.472991,,,,,,,all,xfp,5397,-0.599604,0.737533,0.992971,,,,,,,,,,,,,,,,,,,,,,,,,,,,,,,,,,,
player_week,,,,,,,,,,,,2021,,,7.580167,7.071489,,,,,,,all,xfp_ng,5397,-0.508678,0.633147,0.993434,,,,,,,,,,,,,,,,,,,,,,,,,,,,,,,,,,,
player_week,,,,,,,,,,,,2022,,,8.614688,8.252927,,,,,,,all,xfp,5350,-0.361761,0.652011,0.990992,,,,,,,,,,,,,,,,,,,,,,,,,,,,,,,,,,,
player_week,,,,,,,,,,,,2022,,,7.476005,7.159751,,,,,,,all,xfp_ng,5350,-0.316254,0.571073,0.991634,,,,,,,,,,,,,,,,,,,,,,,,,,,,,,,,,,,
player_week,,,,,,,,,,,,2023,,,8.514354,8.270265,,,,,,,all,xfp,5364,-0.244088,0.610104,0.991043,,,,,,,,,,,,,,,,,,,,,,,,,,,,,,,,,,,
player_week,,,,,,,,,,,,2023,,,7.256947,7.048011,,,,,,,all,xfp_ng,5364,-0.208936,0.532099,0.99151,,,,,,,,,,,,,,,,,,,,,,,,,,,,,,,,,,,
player_week,,,,,,,,,,,,2024,,,8.66135,8.33131,,,,,,,all,xfp,5293,-0.33004,0.628983,0.991491,,,,,,,,,,,,,,,,,,,,,,,,,,,,,,,,,,,
player_week,,,,,,,,,,,,2024,,,7.38205,7.101158,,,,,,,all,xfp_ng,5293,-0.280892,0.54369,0.992464,,,,,,,,,,,,,,,,,,,,,,,,,,,,,,,,,,,
player_week,,,,,,,,,,,,2025,,,8.477748,8.089861,,,,,,,all,xfp,5343,-0.387887,0.648372,0.991704,,,,,,,,,,,,,,,,,,,,,,,,,,,,,,,,,,,
player_week,,,,,,,,,,,,2025,,,7.219737,6.893237,,,,,,,all,xfp_ng,5343,-0.3265,0.558026,0.992426,,,,,,,,,,,,,,,,,,,,,,,,,,,,,,,,,,,
player_week,,,,,,,,,,,,2026,,,8.588887,8.170058,,,,,,,all,xfp,949,-0.418829,0.62598,0.993555,,,,,,,,,,,,,,,,,,,,,,,,,,,,,,,,,,,
player_week,,,,,,,,,,,,2026,,,7.642696,7.276419,,,,,,,all,xfp_ng,949,-0.366278,0.565976,0.993591,,,,,,,,,,,,,,,,,,,,,,,,,,,,,,,,,,,
player_week,,,,,,,,,,,,all,,,8.809049,8.446466,,,,,,,all,xfp,94394,-0.362584,0.693193,0.98953,,,,,,,,,,,,,,,,,,,,,,,,,,,,,,,,,,,
player_week,,,,,,,,,,,,all,,,7.432611,7.122878,,,,,,,all,xfp_ng,94394,-0.309733,0.594136,0.990525,,,,,,,,,,,,,,,,,,,,,,,,,,,,,,,,,,,
stability,,,,,,,,,,,,,,,,,xfp,,,-0.046534,-0.070611,-0.030275,QB,,,,,,odd_even,xFP/game,607,17,0.76435,0.706567,0.809458,0.717816,0.636623,0.776142,0.74921,0.698595,-0.050615,-0.073621,-0.034429,,,,,,,,,,,,,,,,,,,,
stability,,,,,,,,,,,,,,,,,fpoe,,,0.179535,0.135103,0.229687,QB,,,,,,odd_even,FPOE/game,607,17,0.098263,-0.00729,0.190532,0.277798,0.187666,0.351984,0.091265,0.279613,0.188348,0.147809,0.235479,,,,,,,,,,,,,,,,,,,,
stability,,,,,,,,,,,,,,,,,fantasy_points,,,0.0,0.0,0.0,QB,,,,,,odd_even,points/game,607,17,0.703435,0.647366,0.750374,0.703435,0.647366,0.750374,0.691404,0.691404,0.0,0.0,0.0,,,,,,,,,,,,,,,,,,,,
stability,,,,,,,,,,,,,,,,,xfp_ng,,,-0.044986,-0.064413,-0.030611,QB,,,,,,odd_even,"xFP/game, no garbage",607,17,0.707755,0.648329,0.755978,0.662769,0.585431,0.721958,0.692702,0.642776,-0.049926,-0.066277,-0.03739,,,,,,,,,,,,,,,,,,,,
stability,,,,,,,,,,,,,,,,,fpoe_ng,,,0.16844,0.124439,0.219721,QB,,,,,,odd_even,"FPOE/game, no garbage",607,17,0.088498,-0.008145,0.170624,0.256938,0.170613,0.336281,0.095646,0.269783,0.174137,0.132586,0.220811,,,,,,,,,,,,,,,,,,,,
stability,,,,,,,,,,,,,,,,,points_ng,,,0.0,0.0,0.0,QB,,,,,,odd_even,"points/game, no garbage",607,17,0.654636,0.58097,0.717036,0.654636,0.58097,0.717036,0.647333,0.647333,0.0,0.0,0.0,,,,,,,,,,,,,,,,,,,,
stability,,,,,,,,,,,,,,,,,td_rate_over_expected,,,0.037757,-0.025563,0.095402,QB,,,,,,odd_even,TD rate over expected,603,17,0.003243,-0.160603,0.173403,0.041,-0.097495,0.181183,-0.000401,0.039352,0.039753,-0.024762,0.100394,,,,,,,,,,,,,,,,,,,,
stability,,,,,,,,,,,,,,,,,completion_rate_over_expected,,,0.104751,0.066168,0.137812,QB,,,,,,odd_even,completion rate over expected,594,17,0.332724,0.275311,0.380558,0.437475,0.367943,0.494111,0.325123,0.412179,0.087056,0.056559,0.117646,,,,,,,,,,,,,,,,,,,,
stability,,,,,,,,,,,,,,,,,xfp,,,0.005415,0.003233,0.007477,RB,,,,,,odd_even,xFP/game,1476,17,0.88381,0.873294,0.894887,0.889226,0.879366,0.899207,0.884394,0.889629,0.005235,0.003179,0.007171,,,,,,,,,,,,,,,,,,,,
stability,,,,,,,,,,,,,,,,,fpoe,,,0.064387,0.040797,0.091328,RB,,,,,,odd_even,FPOE/game,1476,17,0.162474,0.107535,0.216394,0.226862,0.171559,0.27641,0.162975,0.219947,0.056972,0.036474,0.081698,,,,,,,,,,,,,,,,,,,,
stability,,,,,,,,,,,,,,,,,fantasy_points,,,0.0,0.0,0.0,RB,,,,,,odd_even,points/game,1476,17,0.82266,0.806452,0.841189,0.82266,0.806452,0.841189,0.822933,0.822933,0.0,0.0,0.0,,,,,,,,,,,,,,,,,,,,
stability,,,,,,,,,,,,,,,,,xfp_ng,,,0.004374,0.002508,0.006402,RB,,,,,,odd_even,"xFP/game, no garbage",1476,17,0.87343,0.860761,0.885763,0.877804,0.865508,0.889799,0.873833,0.878178,0.004345,0.002469,0.006409,,,,,,,,,,,,,,,,,,,,
stability,,,,,,,,,,,,,,,,,fpoe_ng,,,0.063792,0.037986,0.093345,RB,,,,,,odd_even,"FPOE/game, no garbage",1476,17,0.127797,0.070746,0.18372,0.191589,0.136827,0.241279,0.12887,0.185083,0.056214,0.033516,0.083394,,,,,,,,,,,,,,,,,,,,
stability,,,,,,,,,,,,,,,,,points_ng,,,0.0,0.0,0.0,RB,,,,,,odd_even,"points/game, no garbage",1476,17,0.808359,0.78729,0.829107,0.808359,0.78729,0.829107,0.808734,0.808734,0.0,0.0,0.0,,,,,,,,,,,,,,,,,,,,
stability,,,,,,,,,,,,,,,,,td_rate_over_expected,,,0.007357,-0.009313,0.024941,RB,,,,,,odd_even,TD rate over expected,1400,17,0.05845,-0.012234,0.128529,0.065807,-0.000186,0.132565,0.059167,0.06489,0.005723,-0.010063,0.022787,,,,,,,,,,,,,,,,,,,,
stability,,,,,,,,,,,,,,,,,catch_rate_over_expected,,,0.028015,0.002655,0.05381,RB,,,,,,odd_even,catch rate over expected,857,17,0.086001,0.023791,0.147254,0.114016,0.047584,0.181617,0.072832,0.103194,0.030362,0.003689,0.057092,,,,,,,,,,,,,,,,,,,,
stability,,,,,,,,,,,,,,,,,yac_over_expected,,,0.028627,0.005132,0.053373,RB,,,,,,odd_even,YAC over expected per catch,660,17,0.026328,-0.052275,0.106014,0.054955,-0.024971,0.134456,0.022492,0.050367,0.027875,0.004015,0.051456,,,,,,,,,,,,,,,,,,,,
stability,,,,,,,,,,,,,,,,,xfp,,,-0.00368,-0.005544,-0.001827,WR,,,,,,odd_even,xFP/game,2240,17,0.850789,0.833602,0.866598,0.847108,0.830787,0.861804,0.850324,0.84668,-0.003644,-0.005606,-0.001703,,,,,,,,,,,,,,,,,,,,
stability,,,,,,,,,,,,,,,,,fpoe,,,0.093833,0.074985,0.112254,WR,,,,,,odd_even,FPOE/game,2240,17,0.10819,0.06723,0.14408,0.202023,0.159826,0.24195,0.109983,0.196861,0.086878,0.070776,0.102653,,,,,,,,,,,,,,,,,,,,
stability,,,,,,,,,,,,,,,,,fantasy_points,,,0.0,0.0,0.0,WR,,,,,,odd_even,points/game,2240,17,0.770931,0.749691,0.792372,0.770931,0.749691,0.792372,0.770883,0.770883,0.0,0.0,0.0,,,,,,,,,,,,,,,,,,,,
stability,,,,,,,,,,,,,,,,,xfp_ng,,,-0.003697,-0.006087,-0.001144,WR,,,,,,odd_even,"xFP/game, no garbage",2240,17,0.820642,0.799822,0.839641,0.816945,0.797104,0.834726,0.820772,0.817043,-0.003729,-0.006107,-0.001168,,,,,,,,,,,,,,,,,,,,
stability,,,,,,,,,,,,,,,,,fpoe_ng,,,0.092465,0.075288,0.109345,WR,,,,,,odd_even,"FPOE/game, no garbage",2240,17,0.076616,0.039555,0.111728,0.169081,0.129729,0.206346,0.077409,0.163663,0.086253,0.071069,0.100809,,,,,,,,,,,,,,,,,,,,
stability,,,,,,,,,,,,,,,,,points_ng,,,0.0,0.0,0.0,WR,,,,,,odd_even,"points/game, no garbage",2240,17,0.739098,0.713228,0.764607,0.739098,0.713228,0.764607,0.739792,0.739792,0.0,0.0,0.0,,,,,,,,,,,,,,,,,,,,
stability,,,,,,,,,,,,,,,,,td_rate_over_expected,,,0.017699,0.01021,0.02625,WR,,,,,,odd_even,TD rate over expected,2050,17,0.026739,-0.007674,0.059238,0.044439,0.009107,0.079195,0.032028,0.047659,0.015631,0.009029,0.0235,,,,,,,,,,,,,,,,,,,,
stability,,,,,,,,,,,,,,,,,catch_rate_over_expected,,,0.070908,0.04879,0.09093,WR,,,,,,odd_even,catch rate over expected,2015,17,0.161546,0.108475,0.211669,0.232455,0.17258,0.28225,0.151,0.202941,0.051942,0.034664,0.069129,,,,,,,,,,,,,,,,,,,,
stability,,,,,,,,,,,,,,,,,yac_over_expected,,,0.022719,0.009552,0.035415,WR,,,,,,odd_even,YAC over expected per catch,1640,17,0.193392,0.137044,0.251952,0.216111,0.159181,0.275427,0.194453,0.208641,0.014188,0.001723,0.027501,,,,,,,,,,,,,,,,,,,,
stability,,,,,,,,,,,,,,,,,xfp,,,-0.002724,-0.006546,0.000762,TE,,,,,,odd_even,xFP/game,1098,17,0.851021,0.832045,0.870061,0.848297,0.829614,0.867774,0.849932,0.847307,-0.002624,-0.006581,0.000947,,,,,,,,,,,,,,,,,,,,
stability,,,,,,,,,,,,,,,,,fpoe,,,0.055901,0.037931,0.07645,TE,,,,,,odd_even,FPOE/game,1098,17,0.116696,0.038186,0.183882,0.172597,0.101575,0.243253,0.109925,0.169057,0.059133,0.041009,0.07874,,,,,,,,,,,,,,,,,,,,
stability,,,,,,,,,,,,,,,,,fantasy_points,,,0.0,0.0,0.0,TE,,,,,,odd_even,points/game,1098,17,0.74771,0.724987,0.769602,0.74771,0.724987,0.769602,0.747912,0.747912,0.0,0.0,0.0,,,,,,,,,,,,,,,,,,,,
stability,,,,,,,,,,,,,,,,,xfp_ng,,,-0.004255,-0.008695,-0.000114,TE,,,,,,odd_even,"xFP/game, no garbage",1098,17,0.819517,0.799555,0.840413,0.815262,0.794525,0.835849,0.818685,0.814637,-0.004048,-0.008541,0.000118,,,,,,,,,,,,,,,,,,,,
stability,,,,,,,,,,,,,,,,,fpoe_ng,,,0.051626,0.033597,0.07262,TE,,,,,,odd_even,"FPOE/game, no garbage",1098,17,0.114683,0.025837,0.197752,0.166309,0.079734,0.252377,0.109919,0.164544,0.054625,0.036564,0.074725,,,,,,,,,,,,,,,,,,,,
stability,,,,,,,,,,,,,,,,,points_ng,,,0.0,0.0,0.0,TE,,,,,,odd_even,"points/game, no garbage",1098,17,0.713872,0.685051,0.742456,0.713872,0.685051,0.742456,0.714553,0.714553,0.0,0.0,0.0,,,,,,,,,,,,,,,,,,,,
stability,,,,,,,,,,,,,,,,,td_rate_over_expected,,,0.011914,-0.00627,0.027224,TE,,,,,,odd_even,TD rate over expected,854,17,0.0049,-0.073886,0.093095,0.016814,-0.066636,0.113506,0.013004,0.02579,0.012786,-0.005205,0.027604,,,,,,,,,,,,,,,,,,,,
stability,,,,,,,,,,,,,,,,,catch_rate_over_expected,,,0.02987,0.010164,0.049741,TE,,,,,,odd_even,catch rate over expected,849,17,0.160127,0.097873,0.216605,0.189997,0.126643,0.245601,0.140713,0.159384,0.01867,-0.003218,0.041186,,,,,,,,,,,,,,,,,,,,
stability,,,,,,,,,,,,,,,,,yac_over_expected,,,-0.004517,-0.02482,0.016554,TE,,,,,,odd_even,YAC over expected per catch,668,17,0.207362,0.142962,0.266093,0.202844,0.126751,0.272228,0.197344,0.201925,0.004581,-0.015208,0.024701,,,,,,,,,,,,,,,,,,,,
stability,,,,,,,,,,,,,,,,,xfp,,,-0.054784,-0.079543,-0.035171,QB,,,,,,first_second,xFP/game,607,17,0.653172,0.589241,0.708918,0.598388,0.511152,0.671806,0.634631,0.575397,-0.059234,-0.07969,-0.042312,,,,,,,,,,,,,,,,,,,,
stability,,,,,,,,,,,,,,,,,fpoe,,,0.173049,0.124123,0.223371,QB,,,,,,first_second,FPOE/game,607,17,0.121978,0.030426,0.205906,0.295027,0.195869,0.384347,0.11988,0.301941,0.182061,0.142049,0.224623,,,,,,,,,,,,,,,,,,,,
stability,,,,,,,,,,,,,,,,,fantasy_points,,,0.0,0.0,0.0,QB,,,,,,first_second,points/game,607,17,0.615395,0.539702,0.681923,0.615395,0.539702,0.681923,0.602422,0.602422,0.0,0.0,0.0,,,,,,,,,,,,,,,,,,,,
stability,,,,,,,,,,,,,,,,,xfp_ng,,,-0.056169,-0.078855,-0.03759,QB,,,,,,first_second,"xFP/game, no garbage",607,17,0.602784,0.531559,0.671098,0.546616,0.456231,0.63089,0.583903,0.52247,-0.061433,-0.079273,-0.045322,,,,,,,,,,,,,,,,,,,,
stability,,,,,,,,,,,,,,,,,fpoe_ng,,,0.175841,0.123961,0.231365,QB,,,,,,first_second,"FPOE/game, no garbage",607,17,0.087202,-0.00506,0.16983,0.263043,0.166527,0.349005,0.08635,0.272349,0.185999,0.14256,0.235668,,,,,,,,,,,,,,,,,,,,
stability,,,,,,,,,,,,,,,,,points_ng,,,0.0,0.0,0.0,QB,,,,,,first_second,"points/game, no garbage",607,17,0.582623,0.506348,0.656548,0.582623,0.506348,0.656548,0.570392,0.570392,0.0,0.0,0.0,,,,,,,,,,,,,,,,,,,,
stability,,,,,,,,,,,,,,,,,td_rate_over_expected,,,0.031634,-0.034441,0.098751,QB,,,,,,first_second,TD rate over expected,602,17,0.11132,-0.016476,0.241842,0.142953,0.038104,0.241328,0.115833,0.148182,0.03235,-0.036723,0.102149,,,,,,,,,,,,,,,,,,,,
stability,,,,,,,,,,,,,,,,,completion_rate_over_expected,,,0.148826,0.099309,0.192377,QB,,,,,,first_second,completion rate over expected,589,17,0.34394,0.244509,0.438772,0.492766,0.405849,0.572405,0.334476,0.467428,0.132951,0.090777,0.17214,,,,,,,,,,,,,,,,,,,,
stability,,,,,,,,,,,,,,,,,xfp,,,0.000536,-0.003226,0.003879,RB,,,,,,first_second,xFP/game,1476,17,0.753091,0.72964,0.773345,0.753628,0.728271,0.775545,0.753244,0.753543,0.000299,-0.003442,0.003776,,,,,,,,,,,,,,,,,,,,
stability,,,,,,,,,,,,,,,,,fpoe,,,0.052175,0.031274,0.074668,RB,,,,,,first_second,FPOE/game,1476,17,0.170082,0.121371,0.215936,0.222258,0.169016,0.272961,0.17098,0.215418,0.044438,0.026545,0.064717,,,,,,,,,,,,,,,,,,,,
stability,,,,,,,,,,,,,,,,,fantasy_points,,,0.0,0.0,0.0,RB,,,,,,first_second,points/game,1476,17,0.721545,0.699333,0.741829,0.721545,0.699333,0.741829,0.721583,0.721583,0.0,0.0,0.0,,,,,,,,,,,,,,,,,,,,
stability,,,,,,,,,,,,,,,,,xfp_ng,,,-0.00015,-0.003711,0.003072,RB,,,,,,first_second,"xFP/game, no garbage",1476,17,0.739776,0.714914,0.762534,0.739626,0.713487,0.763163,0.740447,0.740124,-0.000323,-0.004104,0.00311,,,,,,,,,,,,,,,,,,,,
stability,,,,,,,,,,,,,,,,,fpoe_ng,,,0.047865,0.024813,0.072466,RB,,,,,,first_second,"FPOE/game, no garbage",1476,17,0.151376,0.105339,0.199852,0.199241,0.155249,0.244827,0.151818,0.191969,0.04015,0.019483,0.063564,,,,,,,,,,,,,,,,,,,,
stability,,,,,,,,,,,,,,,,,points_ng,,,0.0,0.0,0.0,RB,,,,,,first_second,"points/game, no garbage",1476,17,0.715478,0.689134,0.740341,0.715478,0.689134,0.740341,0.716116,0.716116,0.0,0.0,0.0,,,,,,,,,,,,,,,,,,,,
stability,,,,,,,,,,,,,,,,,td_rate_over_expected,,,0.00829,-0.010753,0.030049,RB,,,,,,first_second,TD rate over expected,1385,17,0.067764,-0.00625,0.139519,0.076054,0.011636,0.136377,0.066795,0.072264,0.005469,-0.012185,0.025795,,,,,,,,,,,,,,,,,,,,
stability,,,,,,,,,,,,,,,,,catch_rate_over_expected,,,0.032726,0.002373,0.063979,RB,,,,,,first_second,catch rate over expected,820,17,0.096889,0.033488,0.157355,0.129615,0.069468,0.184861,0.086154,0.122056,0.035903,0.005306,0.067638,,,,,,,,,,,,,,,,,,,,
stability,,,,,,,,,,,,,,,,,yac_over_expected,,,0.024443,-0.005759,0.057045,RB,,,,,,first_second,YAC over expected per catch,625,17,0.105698,0.049144,0.156498,0.130141,0.069491,0.195454,0.111357,0.135473,0.024116,-0.005088,0.055585,,,,,,,,,,,,,,,,,,,,
stability,,,,,,,,,,,,,,,,,xfp,,,-0.003885,-0.009541,0.000327,WR,,,,,,first_second,xFP/game,2240,17,0.773679,0.755888,0.790763,0.769794,0.751484,0.787343,0.772663,0.768336,-0.004327,-0.009819,-0.000033,,,,,,,,,,,,,,,,,,,,
stability,,,,,,,,,,,,,,,,,fpoe,,,0.088048,0.067043,0.11002,WR,,,,,,first_second,FPOE/game,2240,17,0.133283,0.08599,0.179196,0.221331,0.175207,0.263858,0.132402,0.213258,0.080856,0.063175,0.098859,,,,,,,,,,,,,,,,,,,,
stability,,,,,,,,,,,,,,,,,fantasy_points,,,0.0,0.0,0.0,WR,,,,,,first_second,points/game,2240,17,0.71024,0.688331,0.731274,0.71024,0.688331,0.731274,0.708983,0.708983,0.0,0.0,0.0,,,,,,,,,,,,,,,,,,,,
stability,,,,,,,,,,,,,,,,,xfp_ng,,,-0.005034,-0.010136,-0.001209,WR,,,,,,first_second,"xFP/game, no garbage",2240,17,0.753784,0.731756,0.77292,0.74875,0.727443,0.767685,0.753532,0.748242,-0.005291,-0.010167,-0.0015,,,,,,,,,,,,,,,,,,,,
stability,,,,,,,,,,,,,,,,,fpoe_ng,,,0.083575,0.064277,0.103588,WR,,,,,,first_second,"FPOE/game, no garbage",2240,17,0.107103,0.069779,0.142644,0.190678,0.151108,0.226443,0.104521,0.181816,0.077295,0.060599,0.09439,,,,,,,,,,,,,,,,,,,,
stability,,,,,,,,,,,,,,,,,points_ng,,,0.0,0.0,0.0,WR,,,,,,first_second,"points/game, no garbage",2240,17,0.687094,0.663642,0.708843,0.687094,0.663642,0.708843,0.68661,0.68661,0.0,0.0,0.0,,,,,,,,,,,,,,,,,,,,
stability,,,,,,,,,,,,,,,,,td_rate_over_expected,,,0.022638,0.012555,0.031631,WR,,,,,,first_second,TD rate over expected,2010,17,0.051087,-0.015209,0.109362,0.073726,0.012077,0.131316,0.050976,0.071183,0.020207,0.011541,0.028569,,,,,,,,,,,,,,,,,,,,
stability,,,,,,,,,,,,,,,,,catch_rate_over_expected,,,0.062456,0.043855,0.08108,WR,,,,,,first_second,catch rate over expected,1973,17,0.148548,0.073503,0.218092,0.211004,0.133967,0.276219,0.139976,0.181644,0.041669,0.032247,0.052116,,,,,,,,,,,,,,,,,,,,
stability,,,,,,,,,,,,,,,,,yac_over_expected,,,0.021495,0.006445,0.036137,WR,,,,,,first_second,YAC over expected per catch,1600,17,0.174008,0.126502,0.216238,0.195503,0.141695,0.245669,0.177904,0.188812,0.010908,-0.002083,0.024129,,,,,,,,,,,,,,,,,,,,
stability,,,,,,,,,,,,,,,,,xfp,,,0.00124,-0.002534,0.005048,TE,,,,,,first_second,xFP/game,1098,17,0.792063,0.77685,0.808078,0.793303,0.778078,0.809018,0.792901,0.79455,0.001649,-0.002134,0.005417,,,,,,,,,,,,,,,,,,,,
stability,,,,,,,,,,,,,,,,,fpoe,,,0.065619,0.048586,0.085412,TE,,,,,,first_second,FPOE/game,1098,17,0.119198,0.05061,0.183639,0.184817,0.128737,0.241354,0.111661,0.180256,0.068596,0.051932,0.088788,,,,,,,,,,,,,,,,,,,,
stability,,,,,,,,,,,,,,,,,fantasy_points,,,0.0,0.0,0.0,TE,,,,,,first_second,points/game,1098,17,0.712614,0.689548,0.738382,0.712614,0.689548,0.738382,0.713615,0.713615,0.0,0.0,0.0,,,,,,,,,,,,,,,,,,,,
stability,,,,,,,,,,,,,,,,,xfp_ng,,,0.002411,-0.002262,0.007275,TE,,,,,,first_second,"xFP/game, no garbage",1098,17,0.766176,0.748436,0.784363,0.768587,0.7492,0.787069,0.768997,0.771932,0.002935,-0.001766,0.007891,,,,,,,,,,,,,,,,,,,,
stability,,,,,,,,,,,,,,,,,fpoe_ng,,,0.053383,0.038519,0.070226,TE,,,,,,first_second,"FPOE/game, no garbage",1098,17,0.120654,0.048319,0.1922,0.174037,0.109881,0.237475,0.114114,0.170283,0.05617,0.040547,0.073708,,,,,,,,,,,,,,,,,,,,
stability,,,,,,,,,,,,,,,,,points_ng,,,0.0,0.0,0.0,TE,,,,,,first_second,"points/game, no garbage",1098,17,0.675779,0.647688,0.706459,0.675779,0.647688,0.706459,0.677899,0.677899,0.0,0.0,0.0,,,,,,,,,,,,,,,,,,,,
stability,,,,,,,,,,,,,,,,,td_rate_over_expected,,,0.025553,0.004212,0.051515,TE,,,,,,first_second,TD rate over expected,836,17,0.021755,-0.062688,0.105537,0.047308,-0.044822,0.143347,0.023965,0.049797,0.025832,0.004487,0.051046,,,,,,,,,,,,,,,,,,,,
stability,,,,,,,,,,,,,,,,,catch_rate_over_expected,,,0.035355,0.012937,0.056852,TE,,,,,,first_second,catch rate over expected,831,17,0.096641,0.024718,0.166154,0.131996,0.065374,0.195591,0.086631,0.11014,0.023509,0.000117,0.047367,,,,,,,,,,,,,,,,,,,,
stability,,,,,,,,,,,,,,,,,yac_over_expected,,,-0.004034,-0.026634,0.017992,TE,,,,,,first_second,YAC over expected per catch,635,17,0.217831,0.132155,0.301855,0.213796,0.133654,0.294623,0.208414,0.210631,0.002217,-0.017863,0.023695,,,,,,,,,,,,,,,,,,,,
reliability_r8,,,,,,,,,,,,,,,,,fpoe,,,,,,QB,,,,,,,,607,,,,,,,,,,,,,ffopportunity,0.118777,-0.784906,,,,,,,,,,,,,,,,,
reliability_r8,,,,,,,,,,,,,,,,,fpoe,,,,,,QB,,,,,,,,607,,,,,,,,,,,,,own,0.322426,0.510766,,,,,,,,,,,,,,,,,
reliability_r8,,,,,,,,,,,,,,,,,fpoe,,,,,,RB,,,,,,,,1476,,,,,,,,,,,,,ffopportunity,0.199327,0.009828,,,,,,,,,,,,,,,,,
reliability_r8,,,,,,,,,,,,,,,,,fpoe,,,,,,RB,,,,,,,,1476,,,,,,,,,,,,,own,0.273531,0.213145,,,,,,,,,,,,,,,,,
reliability_r8,,,,,,,,,,,,,,,,,fpoe,,,,,,TE,,,,,,,,1098,,,,,,,,,,,,,ffopportunity,0.14955,0.042212,,,,,,,,,,,,,,,,,
reliability_r8,,,,,,,,,,,,,,,,,fpoe,,,,,,TE,,,,,,,,1098,,,,,,,,,,,,,own,0.217343,0.470285,,,,,,,,,,,,,,,,,
reliability_r8,,,,,,,,,,,,,,,,,fpoe,,,,,,WR,,,,,,,,2240,,,,,,,,,,,,,ffopportunity,0.133555,-0.011205,,,,,,,,,,,,,,,,,
reliability_r8,,,,,,,,,,,,,,,,,fpoe,,,,,,WR,,,,,,,,2240,,,,,,,,,,,,,own,0.243527,0.272441,,,,,,,,,,,,,,,,,
reliability_r8,,,,,,,,,,,,,,,,,fpoe_ng,,,,,,QB,,,,,,,,607,,,,,,,,,,,,,ffopportunity,0.106992,-0.665356,,,,,,,,,,,,,,,,,
reliability_r8,,,,,,,,,,,,,,,,,fpoe_ng,,,,,,QB,,,,,,,,607,,,,,,,,,,,,,own,0.299161,0.444072,,,,,,,,,,,,,,,,,
reliability_r8,,,,,,,,,,,,,,,,,fpoe_ng,,,,,,RB,,,,,,,,1476,,,,,,,,,,,,,ffopportunity,0.158267,0.016416,,,,,,,,,,,,,,,,,
reliability_r8,,,,,,,,,,,,,,,,,fpoe_ng,,,,,,RB,,,,,,,,1476,,,,,,,,,,,,,own,0.233191,0.175722,,,,,,,,,,,,,,,,,
reliability_r8,,,,,,,,,,,,,,,,,fpoe_ng,,,,,,TE,,,,,,,,1098,,,,,,,,,,,,,ffopportunity,0.147056,0.035202,,,,,,,,,,,,,,,,,
reliability_r8,,,,,,,,,,,,,,,,,fpoe_ng,,,,,,TE,,,,,,,,1098,,,,,,,,,,,,,own,0.209837,0.413388,,,,,,,,,,,,,,,,,
reliability_r8,,,,,,,,,,,,,,,,,fpoe_ng,,,,,,WR,,,,,,,,2240,,,,,,,,,,,,,ffopportunity,0.095343,-0.004685,,,,,,,,,,,,,,,,,
reliability_r8,,,,,,,,,,,,,,,,,fpoe_ng,,,,,,WR,,,,,,,,2240,,,,,,,,,,,,,own,0.205519,0.238702,,,,,,,,,,,,,,,,,
backtest_metrics,,,,,,,,,,,,,,,,,mae,,,,,,QB,,,,,,,,,,,3.083928,3.726376,,2.868072,3.383482,,,,,,,,,model,value,3.383049,1170,3.123057,1184,,,,,,,,,,,
backtest_metrics,,,,,,,,,,,,,,,,,mae,,,,,,QB,,,,,,,,,,,3.210223,3.792192,,3.224895,3.799437,,,,,,,,,baseline_ppg,value,3.496947,1170,3.507119,1184,,,,,,,,,,,
backtest_metrics,,,,,,,,,,,,,,,,,mae,,,,,,QB,,,,,,,,,,,3.88668,4.485979,,3.887347,4.452027,,,,,,,,,baseline_last3,value,4.180647,1170,4.167289,1184,,,,,,,,,,,
backtest_metrics,,,,,,,,,,,,,,,,,mae,,,,,,QB,,,,,,,,,,,3.282976,3.959648,,2.850843,3.371674,,,,,,,,,spec_formula,value,3.596329,1170,3.107822,1184,,,,,,,,,,,
backtest_metrics,,,,,,,,,,,,,,,,,mae,,,,,,QB,,,,,,,,,,,-0.314507,0.093259,,-0.623456,-0.155655,,,,,,,,,model-baseline_ppg,difference,-0.113898,1170,-0.384062,1184,,,,,,,,,,,
backtest_metrics,,,,,,,,,,,,,,,,,mae,,,,,,QB,,,,,,,,,,,-1.040689,-0.484328,,-1.264476,-0.7996,,,,,,,,,model-baseline_last3,difference,-0.797598,1170,-1.044232,1184,,,,,,,,,,,
backtest_metrics,,,,,,,,,,,,,,,,,mae,,,,,,QB,,,,,,,,,,,-0.307132,-0.110486,,0.000807,0.030229,,,,,,,,,model-spec_formula,difference,-0.213279,1170,0.015235,1184,,,,,,,,,,,
backtest_metrics,,,,,,,,,,,,,,,,,spearman,,,,,,QB,,,,,,,,,,,0.244753,0.448865,,0.279474,0.437994,,,,,,,,,model,value,0.348628,60,0.359625,60,,,,,,,,,,,
backtest_metrics,,,,,,,,,,,,,,,,,spearman,,,,,,QB,,,,,,,,,,,0.281128,0.461577,,0.28068,0.465679,,,,,,,,,baseline_ppg,value,0.371606,60,0.378723,60,,,,,,,,,,,
backtest_metrics,,,,,,,,,,,,,,,,,spearman,,,,,,QB,,,,,,,,,,,0.209645,0.38314,,0.22434,0.39113,,,,,,,,,baseline_last3,value,0.298084,60,0.311785,60,,,,,,,,,,,
backtest_metrics,,,,,,,,,,,,,,,,,spearman,,,,,,QB,,,,,,,,,,,0.249106,0.456804,,0.274674,0.443964,,,,,,,,,spec_formula,value,0.353612,60,0.359788,60,,,,,,,,,,,
backtest_metrics,,,,,,,,,,,,,,,,,spearman,,,,,,QB,,,,,,,,,,,-0.083195,0.044256,,-0.070608,0.036759,,,,,,,,,model-baseline_ppg,difference,-0.022978,60,-0.019098,60,,,,,,,,,,,
backtest_metrics,,,,,,,,,,,,,,,,,spearman,,,,,,QB,,,,,,,,,,,-0.0346,0.128896,,-0.023059,0.108867,,,,,,,,,model-baseline_last3,difference,0.050544,60,0.04784,60,,,,,,,,,,,
backtest_metrics,,,,,,,,,,,,,,,,,spearman,,,,,,QB,,,,,,,,,,,-0.01649,0.007659,,-0.007701,0.007957,,,,,,,,,model-spec_formula,difference,-0.004984,60,-0.000162,60,,,,,,,,,,,
backtest_metrics,,,,,,,,,,,,,,,,,mae,,,,,,RB,,,,,,,,,,,3.349925,3.579444,,3.296084,3.497843,,,,,,,,,model,value,3.465969,3162,3.399556,3164,,,,,,,,,,,
backtest_metrics,,,,,,,,,,,,,,,,,mae,,,,,,RB,,,,,,,,,,,3.462895,3.719822,,3.459966,3.718357,,,,,,,,,baseline_ppg,value,3.582293,3162,3.580492,3164,,,,,,,,,,,
backtest_metrics,,,,,,,,,,,,,,,,,mae,,,,,,RB,,,,,,,,,,,4.086167,4.321546,,4.085691,4.323337,,,,,,,,,baseline_last3,value,4.200245,3162,4.20002,3164,,,,,,,,,,,
backtest_metrics,,,,,,,,,,,,,,,,,mae,,,,,,RB,,,,,,,,,,,3.337197,3.580764,,3.286055,3.49646,,,,,,,,,spec_formula,value,3.457166,3162,3.393512,3164,,,,,,,,,,,
backtest_metrics,,,,,,,,,,,,,,,,,mae,,,,,,RB,,,,,,,,,,,-0.210193,-0.036878,,-0.272386,-0.104495,,,,,,,,,model-baseline_ppg,difference,-0.116324,3162,-0.180936,3164,,,,,,,,,,,
backtest_metrics,,,,,,,,,,,,,,,,,mae,,,,,,RB,,,,,,,,,,,-0.867421,-0.61032,,-0.927207,-0.682458,,,,,,,,,model-baseline_last3,difference,-0.734276,3162,-0.800464,3164,,,,,,,,,,,
backtest_metrics,,,,,,,,,,,,,,,,,mae,,,,,,RB,,,,,,,,,,,-0.0114,0.030202,,-0.007184,0.022919,,,,,,,,,model-spec_formula,difference,0.008803,3162,0.006044,3164,,,,,,,,,,,
backtest_metrics,,,,,,,,,,,,,,,,,spearman,,,,,,RB,,,,,,,,,,,0.559516,0.642013,,0.562144,0.643205,,,,,,,,,model,value,0.602359,60,0.605194,60,,,,,,,,,,,
backtest_metrics,,,,,,,,,,,,,,,,,spearman,,,,,,RB,,,,,,,,,,,0.552905,0.645153,,0.554818,0.644742,,,,,,,,,baseline_ppg,value,0.601326,60,0.601679,60,,,,,,,,,,,
backtest_metrics,,,,,,,,,,,,,,,,,spearman,,,,,,RB,,,,,,,,,,,0.501654,0.586192,,0.503699,0.585816,,,,,,,,,baseline_last3,value,0.546383,60,0.547111,60,,,,,,,,,,,
backtest_metrics,,,,,,,,,,,,,,,,,spearman,,,,,,RB,,,,,,,,,,,0.559129,0.641437,,0.56313,0.64363,,,,,,,,,spec_formula,value,0.601752,60,0.60529,60,,,,,,,,,,,
backtest_metrics,,,,,,,,,,,,,,,,,spearman,,,,,,RB,,,,,,,,,,,-0.013919,0.019018,,-0.01271,0.022737,,,,,,,,,model-baseline_ppg,difference,0.001033,60,0.003514,60,,,,,,,,,,,
backtest_metrics,,,,,,,,,,,,,,,,,spearman,,,,,,RB,,,,,,,,,,,0.035169,0.076953,,0.036914,0.078856,,,,,,,,,model-baseline_last3,difference,0.055976,60,0.058083,60,,,,,,,,,,,
backtest_metrics,,,,,,,,,,,,,,,,,spearman,,,,,,RB,,,,,,,,,,,-0.004043,0.005377,,-0.004521,0.004421,,,,,,,,,model-spec_formula,difference,0.000607,60,-0.000096,60,,,,,,,,,,,
backtest_metrics,,,,,,,,,,,,,,,,,mae,,,,,,WR,,,,,,,,,,,3.285887,3.50499,,3.217213,3.457166,,,,,,,,,model,value,3.395633,3408,3.339463,3414,,,,,,,,,,,
backtest_metrics,,,,,,,,,,,,,,,,,mae,,,,,,WR,,,,,,,,,,,3.523834,3.765524,,3.527996,3.769326,,,,,,,,,baseline_ppg,value,3.644419,3408,3.647093,3414,,,,,,,,,,,
backtest_metrics,,,,,,,,,,,,,,,,,mae,,,,,,WR,,,,,,,,,,,4.214166,4.446061,,4.213606,4.433743,,,,,,,,,baseline_last3,value,4.325504,3408,4.31811,3414,,,,,,,,,,,
backtest_metrics,,,,,,,,,,,,,,,,,mae,,,,,,WR,,,,,,,,,,,3.29532,3.519369,,3.214084,3.459217,,,,,,,,,spec_formula,value,3.405649,3408,3.337763,3414,,,,,,,,,,,
backtest_metrics,,,,,,,,,,,,,,,,,mae,,,,,,WR,,,,,,,,,,,-0.328613,-0.166818,,-0.404303,-0.208449,,,,,,,,,model-baseline_ppg,difference,-0.248786,3408,-0.30763,3414,,,,,,,,,,,
backtest_metrics,,,,,,,,,,,,,,,,,mae,,,,,,WR,,,,,,,,,,,-1.06281,-0.810024,,-1.103217,-0.863444,,,,,,,,,model-baseline_last3,difference,-0.929871,3408,-0.978648,3414,,,,,,,,,,,
backtest_metrics,,,,,,,,,,,,,,,,,mae,,,,,,WR,,,,,,,,,,,-0.026042,0.005729,,-0.003145,0.006652,,,,,,,,,model-spec_formula,difference,-0.010016,3408,0.0017,3414,,,,,,,,,,,
backtest_metrics,,,,,,,,,,,,,,,,,spearman,,,,,,WR,,,,,,,,,,,0.45347,0.551861,,0.44875,0.548372,,,,,,,,,model,value,0.501472,60,0.497593,60,,,,,,,,,,,
backtest_metrics,,,,,,,,,,,,,,,,,spearman,,,,,,WR,,,,,,,,,,,0.445029,0.535453,,0.443468,0.537989,,,,,,,,,baseline_ppg,value,0.489467,60,0.490214,60,,,,,,,,,,,
backtest_metrics,,,,,,,,,,,,,,,,,spearman,,,,,,WR,,,,,,,,,,,0.356806,0.426819,,0.359451,0.428992,,,,,,,,,baseline_last3,value,0.39006,60,0.392359,60,,,,,,,,,,,
backtest_metrics,,,,,,,,,,,,,,,,,spearman,,,,,,WR,,,,,,,,,,,0.452174,0.552052,,0.449021,0.551001,,,,,,,,,spec_formula,value,0.500979,60,0.499124,60,,,,,,,,,,,
backtest_metrics,,,,,,,,,,,,,,,,,spearman,,,,,,WR,,,,,,,,,,,-0.01091,0.033614,,-0.018737,0.032365,,,,,,,,,model-baseline_ppg,difference,0.012006,60,0.007379,60,,,,,,,,,,,
backtest_metrics,,,,,,,,,,,,,,,,,spearman,,,,,,WR,,,,,,,,,,,0.084022,0.140367,,0.074473,0.136291,,,,,,,,,model-baseline_last3,difference,0.111413,60,0.105234,60,,,,,,,,,,,
backtest_metrics,,,,,,,,,,,,,,,,,spearman,,,,,,WR,,,,,,,,,,,-0.003241,0.004399,,-0.005847,0.002895,,,,,,,,,model-spec_formula,difference,0.000494,60,-0.001532,60,,,,,,,,,,,
backtest_metrics,,,,,,,,,,,,,,,,,mae,,,,,,TE,,,,,,,,,,,2.386191,2.620881,,2.288415,2.558055,,,,,,,,,model,value,2.4917,2245,2.405805,2251,,,,,,,,,,,
backtest_metrics,,,,,,,,,,,,,,,,,mae,,,,,,TE,,,,,,,,,,,2.612252,2.891858,,2.611924,2.88913,,,,,,,,,baseline_ppg,value,2.74765,2245,2.746014,2251,,,,,,,,,,,
backtest_metrics,,,,,,,,,,,,,,,,,mae,,,,,,TE,,,,,,,,,,,3.137692,3.323869,,3.13524,3.321716,,,,,,,,,baseline_last3,value,3.228785,2245,3.227439,2251,,,,,,,,,,,
backtest_metrics,,,,,,,,,,,,,,,,,mae,,,,,,TE,,,,,,,,,,,2.387764,2.618577,,2.275927,2.546819,,,,,,,,,spec_formula,value,2.489305,2245,2.391839,2251,,,,,,,,,,,
backtest_metrics,,,,,,,,,,,,,,,,,mae,,,,,,TE,,,,,,,,,,,-0.388679,-0.133219,,-0.48435,-0.210089,,,,,,,,,model-baseline_ppg,difference,-0.255951,2245,-0.340209,2251,,,,,,,,,,,
backtest_metrics,,,,,,,,,,,,,,,,,mae,,,,,,TE,,,,,,,,,,,-0.852393,-0.614164,,-0.947776,-0.690071,,,,,,,,,model-baseline_last3,difference,-0.737085,2245,-0.821634,2251,,,,,,,,,,,
backtest_metrics,,,,,,,,,,,,,,,,,mae,,,,,,TE,,,,,,,,,,,-0.014616,0.021328,,-0.000242,0.030819,,,,,,,,,model-spec_formula,difference,0.002395,2245,0.013967,2251,,,,,,,,,,,
backtest_metrics,,,,,,,,,,,,,,,,,spearman,,,,,,TE,,,,,,,,,,,0.608751,0.682791,,0.615587,0.680173,,,,,,,,,model,value,0.648221,60,0.650971,60,,,,,,,,,,,
backtest_metrics,,,,,,,,,,,,,,,,,spearman,,,,,,TE,,,,,,,,,,,0.559734,0.640122,,0.55949,0.641115,,,,,,,,,baseline_ppg,value,0.601129,60,0.600676,60,,,,,,,,,,,
backtest_metrics,,,,,,,,,,,,,,,,,spearman,,,,,,TE,,,,,,,,,,,0.480666,0.561151,,0.479961,0.561969,,,,,,,,,baseline_last3,value,0.52029,60,0.519699,60,,,,,,,,,,,
backtest_metrics,,,,,,,,,,,,,,,,,spearman,,,,,,TE,,,,,,,,,,,0.610003,0.683734,,0.615788,0.681727,,,,,,,,,spec_formula,value,0.649994,60,0.651884,60,,,,,,,,,,,
backtest_metrics,,,,,,,,,,,,,,,,,spearman,,,,,,TE,,,,,,,,,,,0.0215,0.075649,,0.025415,0.078446,,,,,,,,,model-baseline_ppg,difference,0.047092,60,0.050295,60,,,,,,,,,,,
backtest_metrics,,,,,,,,,,,,,,,,,spearman,,,,,,TE,,,,,,,,,,,0.101121,0.15278,,0.100998,0.160753,,,,,,,,,model-baseline_last3,difference,0.127931,60,0.131272,60,,,,,,,,,,,
backtest_metrics,,,,,,,,,,,,,,,,,spearman,,,,,,TE,,,,,,,,,,,-0.008714,0.005129,,-0.004712,0.003124,,,,,,,,,model-spec_formula,difference,-0.001773,60,-0.000913,60,,,,,,,,,,,
backtest_metrics,,,,,,,,,,,,,,,,,mae,,,,,,all,,,,,,,,,,,3.124152,3.295636,,3.038718,3.210831,,,,,,,,,model,value,3.213195,9985,3.122969,10013,,,,,,,,,,,
backtest_metrics,,,,,,,,,,,,,,,,,mae,,,,,,all,,,,,,,,,,,3.332361,3.484221,,3.334776,3.486725,,,,,,,,,baseline_ppg,value,3.405838,9985,3.406927,10013,,,,,,,,,,,
backtest_metrics,,,,,,,,,,,,,,,,,mae,,,,,,all,,,,,,,,,,,3.959437,4.085777,,3.956617,4.078418,,,,,,,,,baseline_last3,value,4.022281,9985,4.01777,10013,,,,,,,,,,,
backtest_metrics,,,,,,,,,,,,,,,,,mae,,,,,,all,,,,,,,,,,,3.151238,3.319979,,3.032403,3.204998,,,,,,,,,spec_formula,value,3.238278,9985,3.115538,10013,,,,,,,,,,,
backtest_metrics,,,,,,,,,,,,,,,,,mae,,,,,,all,,,,,,,,,,,-0.251638,-0.129789,,-0.357119,-0.207517,,,,,,,,,model-baseline_ppg,difference,-0.192644,9985,-0.283958,10013,,,,,,,,,,,
backtest_metrics,,,,,,,,,,,,,,,,,mae,,,,,,all,,,,,,,,,,,-0.882488,-0.732048,,-0.969577,-0.812591,,,,,,,,,model-baseline_last3,difference,-0.809086,9985,-0.894801,10013,,,,,,,,,,,
backtest_metrics,,,,,,,,,,,,,,,,,mae,,,,,,all,,,,,,,,,,,-0.040237,-0.008696,,0.001431,0.014354,,,,,,,,,model-spec_formula,difference,-0.025084,9985,0.007431,10013,,,,,,,,,,,
backtest_metrics,,,,,,,,,,,,,,,,,spearman,,,,,,all,,,,,,,,,,,0.495129,0.555943,,0.504317,0.552904,,,,,,,,,model,value,0.52517,240,0.528346,240,,,,,,,,,,,
backtest_metrics,,,,,,,,,,,,,,,,,spearman,,,,,,all,,,,,,,,,,,0.484308,0.547588,,0.485218,0.550018,,,,,,,,,baseline_ppg,value,0.515882,240,0.517823,240,,,,,,,,,,,
backtest_metrics,,,,,,,,,,,,,,,,,spearman,,,,,,all,,,,,,,,,,,0.408379,0.468,,0.41503,0.470414,,,,,,,,,baseline_last3,value,0.438704,240,0.442738,240,,,,,,,,,,,
backtest_metrics,,,,,,,,,,,,,,,,,spearman,,,,,,all,,,,,,,,,,,0.496604,0.557749,,0.50366,0.554102,,,,,,,,,spec_formula,value,0.526584,240,0.529021,240,,,,,,,,,,,
backtest_metrics,,,,,,,,,,,,,,,,,spearman,,,,,,all,,,,,,,,,,,-0.008464,0.027302,,-0.008308,0.029538,,,,,,,,,model-baseline_ppg,difference,0.009288,240,0.010523,240,,,,,,,,,,,
backtest_metrics,,,,,,,,,,,,,,,,,spearman,,,,,,all,,,,,,,,,,,0.070194,0.10277,,0.071489,0.099173,,,,,,,,,model-baseline_last3,difference,0.086466,240,0.085607,240,,,,,,,,,,,
backtest_metrics,,,,,,,,,,,,,,,,,spearman,,,,,,all,,,,,,,,,,,-0.004387,0.001875,,-0.003431,0.001999,,,,,,,,,model-spec_formula,difference,-0.001414,240,-0.000676,240,,,,,,,,,,,
backtest_model_mae_own_minus_ffo,,,,,,,,,,,,,,,,,,,,-0.28196,-0.431057,-0.140595,QB,,,,,,,,,,,,,,,,,,,,,,,,,,,,,,1144,143,115,3.389703,3.107743,,,,,,
backtest_model_mae_own_minus_ffo,,,,,,,,,,,,,,,,,,,,-0.063532,-0.090176,-0.03875,RB,,,,,,,,,,,,,,,,,,,,,,,,,,,,,,3142,143,115,3.470387,3.406855,,,,,,
backtest_model_mae_own_minus_ffo,,,,,,,,,,,,,,,,,,,,-0.082925,-0.121576,-0.044876,TE,,,,,,,,,,,,,,,,,,,,,,,,,,,,,,2220,143,115,2.499571,2.416647,,,,,,
backtest_model_mae_own_minus_ffo,,,,,,,,,,,,,,,,,,,,-0.066374,-0.102242,-0.031746,WR,,,,,,,,,,,,,,,,,,,,,,,,,,,,,,3364,143,115,3.397392,3.331018,,,,,,
backtest_model_mae_own_minus_ffo,,,,,,,,,,,,,,,,,,,,-0.09418,-0.129477,-0.061758,all,,,,,,,,,,,,,,,,,,,,,,,,,,,,,,9870,143,115,3.217796,3.123617,,,,,,
tags,,,,,,,,,,,,,,,,,,,,0.065217,0.0,0.166667,QB,,,,,,,,,,,0.833333,1.0,,1.0,1.0,,,,,,,,,,,,46,,43,,,,,,sell_high,0.934783,1.0,,,
tags,,,,,,,,,,,,,,,,,,,,0.062416,0.01469,0.121964,RB,,,,,,,,,,,0.84375,0.983871,,0.946429,1.0,,,,,,,,,,,,63,,59,,,,,,sell_high,0.920635,0.983051,,,
tags,,,,,,,,,,,,,,,,,,,,-0.026042,-0.091955,0.038971,WR,,,,,,,,,,,0.848726,0.978028,,0.819435,0.959358,,,,,,,,,,,,108,,128,,,,,,sell_high,0.916667,0.890625,,,
tags,,,,,,,,,,,,,,,,,,,,0.01875,-0.1,0.130435,TE,,,,,,,,,,,0.842105,1.0,,0.875,1.0,,,,,,,,,,,,20,,32,,,,,,sell_high,0.95,0.96875,,,
tags,,,,,,,,,,,,,,,,,,,,0.014881,-0.018582,0.045931,all,,,,,,,,,,,0.876482,0.964286,,0.896263,0.976379,,,,,,,,,,,,237,,262,,,,,,sell_high,0.924051,0.938931,,,
tags,,,,,,,,,,,,,,,,,,,,-0.088636,-0.195408,0.039247,QB,,,,,,,,,,,0.43924,0.717184,,0.303571,0.685714,,,,,,,,,,,,88,,55,,,,,,buy_low,0.579545,0.490909,,,
tags,,,,,,,,,,,,,,,,,,,,-0.014006,-0.079509,0.05467,RB,,,,,,,,,,,0.411754,0.675231,,0.414196,0.648947,,,,,,,,,,,,119,,126,,,,,,buy_low,0.537815,0.52381,,,
tags,,,,,,,,,,,,,,,,,,,,-0.043368,-0.121065,0.02583,WR,,,,,,,,,,,0.587206,0.754604,,0.573245,0.690143,,,,,,,,,,,,176,,177,,,,,,buy_low,0.676136,0.632768,,,
tags,,,,,,,,,,,,,,,,,,,,0.010417,-0.054333,0.067483,TE,,,,,,,,,,,0.562479,0.754738,,0.567568,0.754717,,,,,,,,,,,,64,,63,,,,,,buy_low,0.65625,0.666667,,,
tags,,,,,,,,,,,,,,,,,,,,-0.030751,-0.069017,0.00755,all,,,,,,,,,,,0.557041,0.672134,,0.54906,0.636364,,,,,,,,,,,,447,,421,,,,,,buy_low,0.61745,0.586698,,,
tags,,,,,,,,,,,,,,,,,,,,-0.026307,-0.039856,-0.013519,QB,,,,,,,,,,,0.516482,0.661855,,0.486689,0.63956,,,,,,,,,,,,540,,535,,,,,,legit,0.585185,0.558879,,,
tags,,,,,,,,,,,,,,,,,,,,-0.002769,-0.009448,0.003329,RB,,,,,,,,,,,0.603234,0.675317,,0.599421,0.674689,,,,,,,,,,,,1049,,1041,,,,,,legit,0.639657,0.636888,,,
tags,,,,,,,,,,,,,,,,,,,,-0.019518,-0.030163,-0.008397,WR,,,,,,,,,,,0.552407,0.639518,,0.529515,0.622411,,,,,,,,,,,,1073,,1052,,,,,,legit,0.593663,0.574144,,,
tags,,,,,,,,,,,,,,,,,,,,-0.023966,-0.036545,-0.010358,TE,,,,,,,,,,,0.537753,0.627561,,0.514783,0.604001,,,,,,,,,,,,533,,504,,,,,,legit,0.58349,0.559524,,,
tags,,,,,,,,,,,,,,,,,,,,-0.015595,-0.020514,-0.010775,all,,,,,,,,,,,0.587741,0.624387,,0.572796,0.607604,,,,,,,,,,,,3195,,3132,,,,,,legit,0.605634,0.590038,,,
variant_choices,,,,,,,,,,,,2011,,,,,,,,,,,,,,,,,,,,,,,,,,,,,,,,ffopportunity,,,,,,,,,,,,,,,,,mean_hl4_all,5.0,0.5
variant_choices,,,,,,,,,,,,2012,,,,,,,,,,,,,,,,,,,,,,,,,,,,,,,,ffopportunity,,,,,,,,,,,,,,,,,mean_hl4_all,5.5,3.0
variant_choices,,,,,,,,,,,,2013,,,,,,,,,,,,,,,,,,,,,,,,,,,,,,,,ffopportunity,,,,,,,,,,,,,,,,,mean_hl4_all,5.0,3.0
variant_choices,,,,,,,,,,,,2014,,,,,,,,,,,,,,,,,,,,,,,,,,,,,,,,ffopportunity,,,,,,,,,,,,,,,,,mean_hl8_all,5.0,3.5
variant_choices,,,,,,,,,,,,2015,,,,,,,,,,,,,,,,,,,,,,,,,,,,,,,,ffopportunity,,,,,,,,,,,,,,,,,mean_hl8_all,4.5,3.0
variant_choices,,,,,,,,,,,,2016,,,,,,,,,,,,,,,,,,,,,,,,,,,,,,,,ffopportunity,,,,,,,,,,,,,,,,,mean_hl8_all,5.0,3.0
variant_choices,,,,,,,,,,,,2017,,,,,,,,,,,,,,,,,,,,,,,,,,,,,,,,ffopportunity,,,,,,,,,,,,,,,,,mean_hl8_all,4.5,3.0
variant_choices,,,,,,,,,,,,2018,,,,,,,,,,,,,,,,,,,,,,,,,,,,,,,,ffopportunity,,,,,,,,,,,,,,,,,mean_hl8_all,4.5,3.0
variant_choices,,,,,,,,,,,,2019,,,,,,,,,,,,,,,,,,,,,,,,,,,,,,,,ffopportunity,,,,,,,,,,,,,,,,,mean_hl8_all,4.5,3.0
variant_choices,,,,,,,,,,,,2020,,,,,,,,,,,,,,,,,,,,,,,,,,,,,,,,ffopportunity,,,,,,,,,,,,,,,,,mean_hl8_all,4.5,3.0
variant_choices,,,,,,,,,,,,2021,,,,,,,,,,,,,,,,,,,,,,,,,,,,,,,,ffopportunity,,,,,,,,,,,,,,,,,mean_hl8_all,4.5,3.0
variant_choices,,,,,,,,,,,,2022,,,,,,,,,,,,,,,,,,,,,,,,,,,,,,,,ffopportunity,,,,,,,,,,,,,,,,,mean_hl8_all,4.5,3.0
variant_choices,,,,,,,,,,,,2023,,,,,,,,,,,,,,,,,,,,,,,,,,,,,,,,ffopportunity,,,,,,,,,,,,,,,,,mean_hl8_all,4.5,3.0
variant_choices,,,,,,,,,,,,2024,,,,,,,,,,,,,,,,,,,,,,,,,,,,,,,,ffopportunity,,,,,,,,,,,,,,,,,mean_hl8_all,4.5,3.0
variant_choices,,,,,,,,,,,,2025,,,,,,,,,,,,,,,,,,,,,,,,,,,,,,,,ffopportunity,,,,,,,,,,,,,,,,,mean_hl8_all,4.5,3.0
variant_choices,,,,,,,,,,,,2011,,,,,,,,,,,,,,,,,,,,,,,,,,,,,,,,own,,,,,,,,,,,,,,,,,zero_hl4_ng_fpoe,5.0,3.0
variant_choices,,,,,,,,,,,,2012,,,,,,,,,,,,,,,,,,,,,,,,,,,,,,,,own,,,,,,,,,,,,,,,,,zero_hl4_all,5.5,2.5
variant_choices,,,,,,,,,,,,2013,,,,,,,,,,,,,,,,,,,,,,,,,,,,,,,,own,,,,,,,,,,,,,,,,,zero_hl4_all,5.0,2.5
variant_choices,,,,,,,,,,,,2014,,,,,,,,,,,,,,,,,,,,,,,,,,,,,,,,own,,,,,,,,,,,,,,,,,zero_hl8_all,4.5,3.0
variant_choices,,,,,,,,,,,,2015,,,,,,,,,,,,,,,,,,,,,,,,,,,,,,,,own,,,,,,,,,,,,,,,,,zero_hl8_all,4.5,3.0
variant_choices,,,,,,,,,,,,2016,,,,,,,,,,,,,,,,,,,,,,,,,,,,,,,,own,,,,,,,,,,,,,,,,,zero_hl8_all,4.5,3.0
variant_choices,,,,,,,,,,,,2017,,,,,,,,,,,,,,,,,,,,,,,,,,,,,,,,own,,,,,,,,,,,,,,,,,zero_hl8_all,4.5,0.0
variant_choices,,,,,,,,,,,,2018,,,,,,,,,,,,,,,,,,,,,,,,,,,,,,,,own,,,,,,,,,,,,,,,,,zero_hl8_all,4.5,3.0
variant_choices,,,,,,,,,,,,2019,,,,,,,,,,,,,,,,,,,,,,,,,,,,,,,,own,,,,,,,,,,,,,,,,,zero_hl8_all,4.5,3.0
variant_choices,,,,,,,,,,,,2020,,,,,,,,,,,,,,,,,,,,,,,,,,,,,,,,own,,,,,,,,,,,,,,,,,zero_flat_all,4.5,3.0
variant_choices,,,,,,,,,,,,2021,,,,,,,,,,,,,,,,,,,,,,,,,,,,,,,,own,,,,,,,,,,,,,,,,,zero_flat_all,5.0,0.0
variant_choices,,,,,,,,,,,,2022,,,,,,,,,,,,,,,,,,,,,,,,,,,,,,,,own,,,,,,,,,,,,,,,,,zero_flat_all,5.0,3.0
variant_choices,,,,,,,,,,,,2023,,,,,,,,,,,,,,,,,,,,,,,,,,,,,,,,own,,,,,,,,,,,,,,,,,zero_flat_all,5.0,3.0
variant_choices,,,,,,,,,,,,2024,,,,,,,,,,,,,,,,,,,,,,,,,,,,,,,,own,,,,,,,,,,,,,,,,,zero_flat_all,5.0,3.0
variant_choices,,,,,,,,,,,,2025,,,,,,,,,,,,,,,,,,,,,,,,,,,,,,,,own,,,,,,,,,,,,,,,,,zero_flat_all,5.0,3.0
