table,season,coach,team,metric,value
coach_season,2006,Andy Reid,PHI,games,18.0
coach_season,2006,Andy Reid,PHI,m1_candidates,1.0
coach_season,2006,Andy Reid,PHI,m1_cases,0.0
coach_season,2006,Andy Reid,PHI,m1_timeouts_left,0.0
coach_season,2006,Andy Reid,PHI,m2_candidates,0.0
coach_season,2006,Andy Reid,PHI,m2_cases,0.0
coach_season,2006,Andy Reid,PHI,m2_ep_left,0.0
coach_season,2006,Andy Reid,PHI,m2_wp_left,0.0
coach_season,2006,Andy Reid,PHI,m3_cases,0.0
coach_season,2006,Andy Reid,PHI,m3_decisive_games,1.0
coach_season,2006,Andy Reid,PHI,m3_seconds_wasted,0.0
coach_season,2006,Art Shell,LV,games,16.0
coach_season,2006,Art Shell,LV,m1_candidates,0.0
coach_season,2006,Art Shell,LV,m1_cases,0.0
coach_season,2006,Art Shell,LV,m1_timeouts_left,0.0
coach_season,2006,Art Shell,LV,m2_candidates,0.0
coach_season,2006,Art Shell,LV,m2_cases,0.0
coach_season,2006,Art Shell,LV,m2_ep_left,0.0
coach_season,2006,Art Shell,LV,m2_wp_left,0.0
coach_season,2006,Art Shell,LV,m3_cases,0.0
coach_season,2006,Art Shell,LV,m3_decisive_games,0.0
coach_season,2006,Art Shell,LV,m3_seconds_wasted,0.0
coach_season,2006,Bill Belichick,NE,games,19.0
coach_season,2006,Bill Belichick,NE,m1_candidates,0.0
coach_season,2006,Bill Belichick,NE,m1_cases,0.0
coach_season,2006,Bill Belichick,NE,m1_timeouts_left,0.0
coach_season,2006,Bill Belichick,NE,m2_candidates,1.0
coach_season,2006,Bill Belichick,NE,m2_cases,0.0
coach_season,2006,Bill Belichick,NE,m2_ep_left,0.0
coach_season,2006,Bill Belichick,NE,m2_wp_left,0.0
coach_season,2006,Bill Belichick,NE,m3_cases,0.0
coach_season,2006,Bill Belichick,NE,m3_decisive_games,0.0
coach_season,2006,Bill Belichick,NE,m3_seconds_wasted,0.0
coach_season,2006,Bill Cowher,PIT,games,16.0
coach_season,2006,Bill Cowher,PIT,m1_candidates,0.0
coach_season,2006,Bill Cowher,PIT,m1_cases,0.0
coach_season,2006,Bill Cowher,PIT,m1_timeouts_left,0.0
coach_season,2006,Bill Cowher,PIT,m2_candidates,1.0
coach_season,2006,Bill Cowher,PIT,m2_cases,0.0
coach_season,2006,Bill Cowher,PIT,m2_ep_left,0.0
coach_season,2006,Bill Cowher,PIT,m2_wp_left,0.0
coach_season,2006,Bill Cowher,PIT,m3_cases,0.0
coach_season,2006,Bill Cowher,PIT,m3_decisive_games,1.0
coach_season,2006,Bill Cowher,PIT,m3_seconds_wasted,0.0
coach_season,2006,Bill Parcells,DAL,games,17.0
coach_season,2006,Bill Parcells,DAL,m1_candidates,0.0
coach_season,2006,Bill Parcells,DAL,m1_cases,0.0
coach_season,2006,Bill Parcells,DAL,m1_timeouts_left,0.0
coach_season,2006,Bill Parcells,DAL,m2_candidates,0.0
coach_season,2006,Bill Parcells,DAL,m2_cases,0.0
coach_season,2006,Bill Parcells,DAL,m2_ep_left,0.0
coach_season,2006,Bill Parcells,DAL,m2_wp_left,0.0
coach_season,2006,Bill Parcells,DAL,m3_cases,0.0
coach_season,2006,Bill Parcells,DAL,m3_decisive_games,2.0
coach_season,2006,Bill Parcells,DAL,m3_seconds_wasted,0.0
coach_season,2006,Brad Childress,MIN,games,16.0
coach_season,2006,Brad Childress,MIN,m1_candidates,1.0
coach_season,2006,Brad Childress,MIN,m1_cases,0.0
coach_season,2006,Brad Childress,MIN,m1_timeouts_left,0.0
coach_season,2006,Brad Childress,MIN,m2_candidates,1.0
coach_season,2006,Brad Childress,MIN,m2_cases,0.0
coach_season,2006,Brad Childress,MIN,m2_ep_left,0.0
coach_season,2006,Brad Childress,MIN,m2_wp_left,0.0
coach_season,2006,Brad Childress,MIN,m3_cases,0.0
coach_season,2006,Brad Childress,MIN,m3_decisive_games,1.0
coach_season,2006,Brad Childress,MIN,m3_seconds_wasted,0.0
coach_season,2006,Brian Billick,BAL,games,17.0
coach_season,2006,Brian Billick,BAL,m1_candidates,0.0
coach_season,2006,Brian Billick,BAL,m1_cases,0.0
coach_season,2006,Brian Billick,BAL,m1_timeouts_left,0.0
coach_season,2006,Brian Billick,BAL,m2_candidates,2.0
coach_season,2006,Brian Billick,BAL,m2_cases,0.0
coach_season,2006,Brian Billick,BAL,m2_ep_left,0.0
coach_season,2006,Brian Billick,BAL,m2_wp_left,0.0
coach_season,2006,Brian Billick,BAL,m3_cases,0.0
coach_season,2006,Brian Billick,BAL,m3_decisive_games,1.0
coach_season,2006,Brian Billick,BAL,m3_seconds_wasted,0.0
coach_season,2006,Dennis Green,ARI,games,16.0
coach_season,2006,Dennis Green,ARI,m1_candidates,1.0
coach_season,2006,Dennis Green,ARI,m1_cases,0.0
coach_season,2006,Dennis Green,ARI,m1_timeouts_left,0.0
coach_season,2006,Dennis Green,ARI,m2_candidates,0.0
coach_season,2006,Dennis Green,ARI,m2_cases,0.0
coach_season,2006,Dennis Green,ARI,m2_ep_left,0.0
coach_season,2006,Dennis Green,ARI,m2_wp_left,0.0
coach_season,2006,Dennis Green,ARI,m3_cases,0.0
coach_season,2006,Dennis Green,ARI,m3_decisive_games,2.0
coach_season,2006,Dennis Green,ARI,m3_seconds_wasted,0.0
coach_season,2006,Dick Jauron,BUF,games,16.0
coach_season,2006,Dick Jauron,BUF,m1_candidates,0.0
coach_season,2006,Dick Jauron,BUF,m1_cases,0.0
coach_season,2006,Dick Jauron,BUF,m1_timeouts_left,0.0
coach_season,2006,Dick Jauron,BUF,m2_candidates,2.0
coach_season,2006,Dick Jauron,BUF,m2_cases,0.0
coach_season,2006,Dick Jauron,BUF,m2_ep_left,0.0
coach_season,2006,Dick Jauron,BUF,m2_wp_left,0.0
coach_season,2006,Dick Jauron,BUF,m3_cases,0.0
coach_season,2006,Dick Jauron,BUF,m3_decisive_games,0.0
coach_season,2006,Dick Jauron,BUF,m3_seconds_wasted,0.0
coach_season,2006,Eric Mangini,NYJ,games,17.0
coach_season,2006,Eric Mangini,NYJ,m1_candidates,0.0
coach_season,2006,Eric Mangini,NYJ,m1_cases,0.0
coach_season,2006,Eric Mangini,NYJ,m1_timeouts_left,0.0
coach_season,2006,Eric Mangini,NYJ,m2_candidates,0.0
coach_season,2006,Eric Mangini,NYJ,m2_cases,0.0
coach_season,2006,Eric Mangini,NYJ,m2_ep_left,0.0
coach_season,2006,Eric Mangini,NYJ,m2_wp_left,0.0
coach_season,2006,Eric Mangini,NYJ,m3_cases,0.0
coach_season,2006,Eric Mangini,NYJ,m3_decisive_games,0.0
coach_season,2006,Eric Mangini,NYJ,m3_seconds_wasted,0.0
coach_season,2006,Gary Kubiak,HOU,games,16.0
coach_season,2006,Gary Kubiak,HOU,m1_candidates,0.0
coach_season,2006,Gary Kubiak,HOU,m1_cases,0.0
coach_season,2006,Gary Kubiak,HOU,m1_timeouts_left,0.0
coach_season,2006,Gary Kubiak,HOU,m2_candidates,0.0
coach_season,2006,Gary Kubiak,HOU,m2_cases,0.0
coach_season,2006,Gary Kubiak,HOU,m2_ep_left,0.0
coach_season,2006,Gary Kubiak,HOU,m2_wp_left,0.0
coach_season,2006,Gary Kubiak,HOU,m3_cases,0.0
coach_season,2006,Gary Kubiak,HOU,m3_decisive_games,1.0
coach_season,2006,Gary Kubiak,HOU,m3_seconds_wasted,0.0
coach_season,2006,Herm Edwards,KC,games,17.0
coach_season,2006,Herm Edwards,KC,m1_candidates,0.0
coach_season,2006,Herm Edwards,KC,m1_cases,0.0
coach_season,2006,Herm Edwards,KC,m1_timeouts_left,0.0
coach_season,2006,Herm Edwards,KC,m2_candidates,0.0
coach_season,2006,Herm Edwards,KC,m2_cases,0.0
coach_season,2006,Herm Edwards,KC,m2_ep_left,0.0
coach_season,2006,Herm Edwards,KC,m2_wp_left,0.0
coach_season,2006,Herm Edwards,KC,m3_cases,0.0
coach_season,2006,Herm Edwards,KC,m3_decisive_games,0.0
coach_season,2006,Herm Edwards,KC,m3_seconds_wasted,0.0
coach_season,2006,Jack Del Rio,JAX,games,16.0
coach_season,2006,Jack Del Rio,JAX,m1_candidates,1.0
coach_season,2006,Jack Del Rio,JAX,m1_cases,0.0
coach_season,2006,Jack Del Rio,JAX,m1_timeouts_left,0.0
coach_season,2006,Jack Del Rio,JAX,m2_candidates,0.0
coach_season,2006,Jack Del Rio,JAX,m2_cases,0.0
coach_season,2006,Jack Del Rio,JAX,m2_ep_left,0.0
coach_season,2006,Jack Del Rio,JAX,m2_wp_left,0.0
coach_season,2006,Jack Del Rio,JAX,m3_cases,0.0
coach_season,2006,Jack Del Rio,JAX,m3_decisive_games,1.0
coach_season,2006,Jack Del Rio,JAX,m3_seconds_wasted,0.0
coach_season,2006,Jeff Fisher,TEN,games,16.0
coach_season,2006,Jeff Fisher,TEN,m1_candidates,1.0
coach_season,2006,Jeff Fisher,TEN,m1_cases,0.0
coach_season,2006,Jeff Fisher,TEN,m1_timeouts_left,0.0
coach_season,2006,Jeff Fisher,TEN,m2_candidates,0.0
coach_season,2006,Jeff Fisher,TEN,m2_cases,0.0
coach_season,2006,Jeff Fisher,TEN,m2_ep_left,0.0
coach_season,2006,Jeff Fisher,TEN,m2_wp_left,0.0
coach_season,2006,Jeff Fisher,TEN,m3_cases,0.0
coach_season,2006,Jeff Fisher,TEN,m3_decisive_games,1.0
coach_season,2006,Jeff Fisher,TEN,m3_seconds_wasted,0.0
coach_season,2006,Jim Mora,ATL,games,16.0
coach_season,2006,Jim Mora,ATL,m1_candidates,0.0
coach_season,2006,Jim Mora,ATL,m1_cases,0.0
coach_season,2006,Jim Mora,ATL,m1_timeouts_left,0.0
coach_season,2006,Jim Mora,ATL,m2_candidates,0.0
coach_season,2006,Jim Mora,ATL,m2_cases,0.0
coach_season,2006,Jim Mora,ATL,m2_ep_left,0.0
coach_season,2006,Jim Mora,ATL,m2_wp_left,0.0
coach_season,2006,Jim Mora,ATL,m3_cases,0.0
coach_season,2006,Jim Mora,ATL,m3_decisive_games,2.0
coach_season,2006,Jim Mora,ATL,m3_seconds_wasted,0.0
coach_season,2006,Joe Gibbs,WAS,games,16.0
coach_season,2006,Joe Gibbs,WAS,m1_candidates,1.0
coach_season,2006,Joe Gibbs,WAS,m1_cases,0.0
coach_season,2006,Joe Gibbs,WAS,m1_timeouts_left,0.0
coach_season,2006,Joe Gibbs,WAS,m2_candidates,0.0
coach_season,2006,Joe Gibbs,WAS,m2_cases,0.0
coach_season,2006,Joe Gibbs,WAS,m2_ep_left,0.0
coach_season,2006,Joe Gibbs,WAS,m2_wp_left,0.0
coach_season,2006,Joe Gibbs,WAS,m3_cases,0.0
coach_season,2006,Joe Gibbs,WAS,m3_decisive_games,1.0
coach_season,2006,Joe Gibbs,WAS,m3_seconds_wasted,0.0
coach_season,2006,John Fox,CAR,games,16.0
coach_season,2006,John Fox,CAR,m1_candidates,0.0
coach_season,2006,John Fox,CAR,m1_cases,0.0
coach_season,2006,John Fox,CAR,m1_timeouts_left,0.0
coach_season,2006,John Fox,CAR,m2_candidates,1.0
coach_season,2006,John Fox,CAR,m2_cases,1.0
coach_season,2006,John Fox,CAR,m2_ep_left,1.788327
coach_season,2006,John Fox,CAR,m2_wp_left,0.048026
coach_season,2006,John Fox,CAR,m3_cases,0.0
coach_season,2006,John Fox,CAR,m3_decisive_games,1.0
coach_season,2006,John Fox,CAR,m3_seconds_wasted,0.0
coach_season,2006,Jon Gruden,TB,games,16.0
coach_season,2006,Jon Gruden,TB,m1_candidates,0.0
coach_season,2006,Jon Gruden,TB,m1_cases,0.0
coach_season,2006,Jon Gruden,TB,m1_timeouts_left,0.0
coach_season,2006,Jon Gruden,TB,m2_candidates,1.0
coach_season,2006,Jon Gruden,TB,m2_cases,0.0
coach_season,2006,Jon Gruden,TB,m2_ep_left,0.0
coach_season,2006,Jon Gruden,TB,m2_wp_left,0.0
coach_season,2006,Jon Gruden,TB,m3_cases,0.0
coach_season,2006,Jon Gruden,TB,m3_decisive_games,0.0
coach_season,2006,Jon Gruden,TB,m3_seconds_wasted,0.0
coach_season,2006,Lovie Smith,CHI,games,19.0
coach_season,2006,Lovie Smith,CHI,m1_candidates,0.0
coach_season,2006,Lovie Smith,CHI,m1_cases,0.0
coach_season,2006,Lovie Smith,CHI,m1_timeouts_left,0.0
coach_season,2006,Lovie Smith,CHI,m2_candidates,1.0
coach_season,2006,Lovie Smith,CHI,m2_cases,0.0
coach_season,2006,Lovie Smith,CHI,m2_ep_left,0.0
coach_season,2006,Lovie Smith,CHI,m2_wp_left,0.0
coach_season,2006,Lovie Smith,CHI,m3_cases,0.0
coach_season,2006,Lovie Smith,CHI,m3_decisive_games,0.0
coach_season,2006,Lovie Smith,CHI,m3_seconds_wasted,0.0
coach_season,2006,Marty Schottenheimer,LAC,games,17.0
coach_season,2006,Marty Schottenheimer,LAC,m1_candidates,0.0
coach_season,2006,Marty Schottenheimer,LAC,m1_cases,0.0
coach_season,2006,Marty Schottenheimer,LAC,m1_timeouts_left,0.0
coach_season,2006,Marty Schottenheimer,LAC,m2_candidates,0.0
coach_season,2006,Marty Schottenheimer,LAC,m2_cases,0.0
coach_season,2006,Marty Schottenheimer,LAC,m2_ep_left,0.0
coach_season,2006,Marty Schottenheimer,LAC,m2_wp_left,0.0
coach_season,2006,Marty Schottenheimer,LAC,m3_cases,0.0
coach_season,2006,Marty Schottenheimer,LAC,m3_decisive_games,0.0
coach_season,2006,Marty Schottenheimer,LAC,m3_seconds_wasted,0.0
coach_season,2006,Marvin Lewis,CIN,games,16.0
coach_season,2006,Marvin Lewis,CIN,m1_candidates,0.0
coach_season,2006,Marvin Lewis,CIN,m1_cases,0.0
coach_season,2006,Marvin Lewis,CIN,m1_timeouts_left,0.0
coach_season,2006,Marvin Lewis,CIN,m2_candidates,1.0
coach_season,2006,Marvin Lewis,CIN,m2_cases,0.0
coach_season,2006,Marvin Lewis,CIN,m2_ep_left,0.0
coach_season,2006,Marvin Lewis,CIN,m2_wp_left,0.0
coach_season,2006,Marvin Lewis,CIN,m3_cases,0.0
coach_season,2006,Marvin Lewis,CIN,m3_decisive_games,1.0
coach_season,2006,Marvin Lewis,CIN,m3_seconds_wasted,0.0
coach_season,2006,Mike Holmgren,SEA,games,18.0
coach_season,2006,Mike Holmgren,SEA,m1_candidates,0.0
coach_season,2006,Mike Holmgren,SEA,m1_cases,0.0
coach_season,2006,Mike Holmgren,SEA,m1_timeouts_left,0.0
coach_season,2006,Mike Holmgren,SEA,m2_candidates,1.0
coach_season,2006,Mike Holmgren,SEA,m2_cases,0.0
coach_season,2006,Mike Holmgren,SEA,m2_ep_left,0.0
coach_season,2006,Mike Holmgren,SEA,m2_wp_left,0.0
coach_season,2006,Mike Holmgren,SEA,m3_cases,0.0
coach_season,2006,Mike Holmgren,SEA,m3_decisive_games,1.0
coach_season,2006,Mike Holmgren,SEA,m3_seconds_wasted,0.0
coach_season,2006,Mike McCarthy,GB,games,16.0
coach_season,2006,Mike McCarthy,GB,m1_candidates,0.0
coach_season,2006,Mike McCarthy,GB,m1_cases,0.0
coach_season,2006,Mike McCarthy,GB,m1_timeouts_left,0.0
coach_season,2006,Mike McCarthy,GB,m2_candidates,0.0
coach_season,2006,Mike McCarthy,GB,m2_cases,0.0
coach_season,2006,Mike McCarthy,GB,m2_ep_left,0.0
coach_season,2006,Mike McCarthy,GB,m2_wp_left,0.0
coach_season,2006,Mike McCarthy,GB,m3_cases,0.0
coach_season,2006,Mike McCarthy,GB,m3_decisive_games,0.0
coach_season,2006,Mike McCarthy,GB,m3_seconds_wasted,0.0
coach_season,2006,Mike Nolan,SF,games,16.0
coach_season,2006,Mike Nolan,SF,m1_candidates,0.0
coach_season,2006,Mike Nolan,SF,m1_cases,0.0
coach_season,2006,Mike Nolan,SF,m1_timeouts_left,0.0
coach_season,2006,Mike Nolan,SF,m2_candidates,0.0
coach_season,2006,Mike Nolan,SF,m2_cases,0.0
coach_season,2006,Mike Nolan,SF,m2_ep_left,0.0
coach_season,2006,Mike Nolan,SF,m2_wp_left,0.0
coach_season,2006,Mike Nolan,SF,m3_cases,0.0
coach_season,2006,Mike Nolan,SF,m3_decisive_games,0.0
coach_season,2006,Mike Nolan,SF,m3_seconds_wasted,0.0
coach_season,2006,Mike Shanahan,DEN,games,16.0
coach_season,2006,Mike Shanahan,DEN,m1_candidates,0.0
coach_season,2006,Mike Shanahan,DEN,m1_cases,0.0
coach_season,2006,Mike Shanahan,DEN,m1_timeouts_left,0.0
coach_season,2006,Mike Shanahan,DEN,m2_candidates,1.0
coach_season,2006,Mike Shanahan,DEN,m2_cases,0.0
coach_season,2006,Mike Shanahan,DEN,m2_ep_left,0.0
coach_season,2006,Mike Shanahan,DEN,m2_wp_left,0.0
coach_season,2006,Mike Shanahan,DEN,m3_cases,0.0
coach_season,2006,Mike Shanahan,DEN,m3_decisive_games,0.0
coach_season,2006,Mike Shanahan,DEN,m3_seconds_wasted,0.0
coach_season,2006,Nick Saban,MIA,games,16.0
coach_season,2006,Nick Saban,MIA,m1_candidates,1.0
coach_season,2006,Nick Saban,MIA,m1_cases,0.0
coach_season,2006,Nick Saban,MIA,m1_timeouts_left,0.0
coach_season,2006,Nick Saban,MIA,m2_candidates,0.0
coach_season,2006,Nick Saban,MIA,m2_cases,0.0
coach_season,2006,Nick Saban,MIA,m2_ep_left,0.0
coach_season,2006,Nick Saban,MIA,m2_wp_left,0.0
coach_season,2006,Nick Saban,MIA,m3_cases,0.0
coach_season,2006,Nick Saban,MIA,m3_decisive_games,1.0
coach_season,2006,Nick Saban,MIA,m3_seconds_wasted,0.0
coach_season,2006,Rod Marinelli,DET,games,16.0
coach_season,2006,Rod Marinelli,DET,m1_candidates,0.0
coach_season,2006,Rod Marinelli,DET,m1_cases,0.0
coach_season,2006,Rod Marinelli,DET,m1_timeouts_left,0.0
coach_season,2006,Rod Marinelli,DET,m2_candidates,1.0
coach_season,2006,Rod Marinelli,DET,m2_cases,0.0
coach_season,2006,Rod Marinelli,DET,m2_ep_left,0.0
coach_season,2006,Rod Marinelli,DET,m2_wp_left,0.0
coach_season,2006,Rod Marinelli,DET,m3_cases,0.0
coach_season,2006,Rod Marinelli,DET,m3_decisive_games,2.0
coach_season,2006,Rod Marinelli,DET,m3_seconds_wasted,0.0
coach_season,2006,Romeo Crennel,CLE,games,16.0
coach_season,2006,Romeo Crennel,CLE,m1_candidates,1.0
coach_season,2006,Romeo Crennel,CLE,m1_cases,0.0
coach_season,2006,Romeo Crennel,CLE,m1_timeouts_left,0.0
coach_season,2006,Romeo Crennel,CLE,m2_candidates,0.0
coach_season,2006,Romeo Crennel,CLE,m2_cases,0.0
coach_season,2006,Romeo Crennel,CLE,m2_ep_left,0.0
coach_season,2006,Romeo Crennel,CLE,m2_wp_left,0.0
coach_season,2006,Romeo Crennel,CLE,m3_cases,0.0
coach_season,2006,Romeo Crennel,CLE,m3_decisive_games,1.0
coach_season,2006,Romeo Crennel,CLE,m3_seconds_wasted,0.0
coach_season,2006,Scott Linehan,LA,games,16.0
coach_season,2006,Scott Linehan,LA,m1_candidates,0.0
coach_season,2006,Scott Linehan,LA,m1_cases,0.0
coach_season,2006,Scott Linehan,LA,m1_timeouts_left,0.0
coach_season,2006,Scott Linehan,LA,m2_candidates,2.0
coach_season,2006,Scott Linehan,LA,m2_cases,0.0
coach_season,2006,Scott Linehan,LA,m2_ep_left,0.0
coach_season,2006,Scott Linehan,LA,m2_wp_left,0.0
coach_season,2006,Scott Linehan,LA,m3_cases,0.0
coach_season,2006,Scott Linehan,LA,m3_decisive_games,0.0
coach_season,2006,Scott Linehan,LA,m3_seconds_wasted,0.0
coach_season,2006,Sean Payton,NO,games,18.0
coach_season,2006,Sean Payton,NO,m1_candidates,0.0
coach_season,2006,Sean Payton,NO,m1_cases,0.0
coach_season,2006,Sean Payton,NO,m1_timeouts_left,0.0
coach_season,2006,Sean Payton,NO,m2_candidates,0.0
coach_season,2006,Sean Payton,NO,m2_cases,0.0
coach_season,2006,Sean Payton,NO,m2_ep_left,0.0
coach_season,2006,Sean Payton,NO,m2_wp_left,0.0
coach_season,2006,Sean Payton,NO,m3_cases,0.0
coach_season,2006,Sean Payton,NO,m3_decisive_games,0.0
coach_season,2006,Sean Payton,NO,m3_seconds_wasted,0.0
coach_season,2006,Tom Coughlin,NYG,games,17.0
coach_season,2006,Tom Coughlin,NYG,m1_candidates,0.0
coach_season,2006,Tom Coughlin,NYG,m1_cases,0.0
coach_season,2006,Tom Coughlin,NYG,m1_timeouts_left,0.0
coach_season,2006,Tom Coughlin,NYG,m2_candidates,1.0
coach_season,2006,Tom Coughlin,NYG,m2_cases,0.0
coach_season,2006,Tom Coughlin,NYG,m2_ep_left,0.0
coach_season,2006,Tom Coughlin,NYG,m2_wp_left,0.0
coach_season,2006,Tom Coughlin,NYG,m3_cases,0.0
coach_season,2006,Tom Coughlin,NYG,m3_decisive_games,0.0
coach_season,2006,Tom Coughlin,NYG,m3_seconds_wasted,0.0
coach_season,2006,Tony Dungy,IND,games,20.0
coach_season,2006,Tony Dungy,IND,m1_candidates,0.0
coach_season,2006,Tony Dungy,IND,m1_cases,0.0
coach_season,2006,Tony Dungy,IND,m1_timeouts_left,0.0
coach_season,2006,Tony Dungy,IND,m2_candidates,0.0
coach_season,2006,Tony Dungy,IND,m2_cases,0.0
coach_season,2006,Tony Dungy,IND,m2_ep_left,0.0
coach_season,2006,Tony Dungy,IND,m2_wp_left,0.0
coach_season,2006,Tony Dungy,IND,m3_cases,0.0
coach_season,2006,Tony Dungy,IND,m3_decisive_games,0.0
coach_season,2006,Tony Dungy,IND,m3_seconds_wasted,0.0
coach_season,2007,Andy Reid,PHI,games,16.0
coach_season,2007,Andy Reid,PHI,m1_candidates,0.0
coach_season,2007,Andy Reid,PHI,m1_cases,0.0
coach_season,2007,Andy Reid,PHI,m1_timeouts_left,0.0
coach_season,2007,Andy Reid,PHI,m2_candidates,0.0
coach_season,2007,Andy Reid,PHI,m2_cases,0.0
coach_season,2007,Andy Reid,PHI,m2_ep_left,0.0
coach_season,2007,Andy Reid,PHI,m2_wp_left,0.0
coach_season,2007,Andy Reid,PHI,m3_cases,0.0
coach_season,2007,Andy Reid,PHI,m3_decisive_games,2.0
coach_season,2007,Andy Reid,PHI,m3_seconds_wasted,0.0
coach_season,2007,Bill Belichick,NE,games,19.0
coach_season,2007,Bill Belichick,NE,m1_candidates,0.0
coach_season,2007,Bill Belichick,NE,m1_cases,0.0
coach_season,2007,Bill Belichick,NE,m1_timeouts_left,0.0
coach_season,2007,Bill Belichick,NE,m2_candidates,3.0
coach_season,2007,Bill Belichick,NE,m2_cases,0.0
coach_season,2007,Bill Belichick,NE,m2_ep_left,0.0
coach_season,2007,Bill Belichick,NE,m2_wp_left,0.0
coach_season,2007,Bill Belichick,NE,m3_cases,0.0
coach_season,2007,Bill Belichick,NE,m3_decisive_games,0.0
coach_season,2007,Bill Belichick,NE,m3_seconds_wasted,0.0
coach_season,2007,Bobby Petrino,ATL,games,12.0
coach_season,2007,Bobby Petrino,ATL,m1_candidates,2.0
coach_season,2007,Bobby Petrino,ATL,m1_cases,0.0
coach_season,2007,Bobby Petrino,ATL,m1_timeouts_left,0.0
coach_season,2007,Bobby Petrino,ATL,m2_candidates,1.0
coach_season,2007,Bobby Petrino,ATL,m2_cases,0.0
coach_season,2007,Bobby Petrino,ATL,m2_ep_left,0.0
coach_season,2007,Bobby Petrino,ATL,m2_wp_left,0.0
coach_season,2007,Bobby Petrino,ATL,m3_cases,0.0
coach_season,2007,Bobby Petrino,ATL,m3_decisive_games,4.0
coach_season,2007,Bobby Petrino,ATL,m3_seconds_wasted,0.0
coach_season,2007,Brad Childress,MIN,games,16.0
coach_season,2007,Brad Childress,MIN,m1_candidates,0.0
coach_season,2007,Brad Childress,MIN,m1_cases,0.0
coach_season,2007,Brad Childress,MIN,m1_timeouts_left,0.0
coach_season,2007,Brad Childress,MIN,m2_candidates,1.0
coach_season,2007,Brad Childress,MIN,m2_cases,0.0
coach_season,2007,Brad Childress,MIN,m2_ep_left,0.0
coach_season,2007,Brad Childress,MIN,m2_wp_left,0.0
coach_season,2007,Brad Childress,MIN,m3_cases,0.0
coach_season,2007,Brad Childress,MIN,m3_decisive_games,2.0
coach_season,2007,Brad Childress,MIN,m3_seconds_wasted,0.0
coach_season,2007,Brian Billick,BAL,games,16.0
coach_season,2007,Brian Billick,BAL,m1_candidates,1.0
coach_season,2007,Brian Billick,BAL,m1_cases,0.0
coach_season,2007,Brian Billick,BAL,m1_timeouts_left,0.0
coach_season,2007,Brian Billick,BAL,m2_candidates,0.0
coach_season,2007,Brian Billick,BAL,m2_cases,0.0
coach_season,2007,Brian Billick,BAL,m2_ep_left,0.0
coach_season,2007,Brian Billick,BAL,m2_wp_left,0.0
coach_season,2007,Brian Billick,BAL,m3_cases,0.0
coach_season,2007,Brian Billick,BAL,m3_decisive_games,1.0
coach_season,2007,Brian Billick,BAL,m3_seconds_wasted,0.0
coach_season,2007,Cam Cameron,MIA,games,16.0
coach_season,2007,Cam Cameron,MIA,m1_candidates,0.0
coach_season,2007,Cam Cameron,MIA,m1_cases,0.0
coach_season,2007,Cam Cameron,MIA,m1_timeouts_left,0.0
coach_season,2007,Cam Cameron,MIA,m2_candidates,0.0
coach_season,2007,Cam Cameron,MIA,m2_cases,0.0
coach_season,2007,Cam Cameron,MIA,m2_ep_left,0.0
coach_season,2007,Cam Cameron,MIA,m2_wp_left,0.0
coach_season,2007,Cam Cameron,MIA,m3_cases,0.0
coach_season,2007,Cam Cameron,MIA,m3_decisive_games,0.0
coach_season,2007,Cam Cameron,MIA,m3_seconds_wasted,0.0
coach_season,2007,Dick Jauron,BUF,games,16.0
coach_season,2007,Dick Jauron,BUF,m1_candidates,0.0
coach_season,2007,Dick Jauron,BUF,m1_cases,0.0
coach_season,2007,Dick Jauron,BUF,m1_timeouts_left,0.0
coach_season,2007,Dick Jauron,BUF,m2_candidates,3.0
coach_season,2007,Dick Jauron,BUF,m2_cases,0.0
coach_season,2007,Dick Jauron,BUF,m2_ep_left,0.0
coach_season,2007,Dick Jauron,BUF,m2_wp_left,0.0
coach_season,2007,Dick Jauron,BUF,m3_cases,0.0
coach_season,2007,Dick Jauron,BUF,m3_decisive_games,2.0
coach_season,2007,Dick Jauron,BUF,m3_seconds_wasted,0.0
coach_season,2007,Emmitt Thomas,ATL,games,4.0
coach_season,2007,Emmitt Thomas,ATL,m1_candidates,0.0
coach_season,2007,Emmitt Thomas,ATL,m1_cases,0.0
coach_season,2007,Emmitt Thomas,ATL,m1_timeouts_left,0.0
coach_season,2007,Emmitt Thomas,ATL,m2_candidates,0.0
coach_season,2007,Emmitt Thomas,ATL,m2_cases,0.0
coach_season,2007,Emmitt Thomas,ATL,m2_ep_left,0.0
coach_season,2007,Emmitt Thomas,ATL,m2_wp_left,0.0
coach_season,2007,Emmitt Thomas,ATL,m3_cases,0.0
coach_season,2007,Emmitt Thomas,ATL,m3_decisive_games,0.0
coach_season,2007,Emmitt Thomas,ATL,m3_seconds_wasted,0.0
coach_season,2007,Eric Mangini,NYJ,games,16.0
coach_season,2007,Eric Mangini,NYJ,m1_candidates,3.0
coach_season,2007,Eric Mangini,NYJ,m1_cases,0.0
coach_season,2007,Eric Mangini,NYJ,m1_timeouts_left,0.0
coach_season,2007,Eric Mangini,NYJ,m2_candidates,0.0
coach_season,2007,Eric Mangini,NYJ,m2_cases,0.0
coach_season,2007,Eric Mangini,NYJ,m2_ep_left,0.0
coach_season,2007,Eric Mangini,NYJ,m2_wp_left,0.0
coach_season,2007,Eric Mangini,NYJ,m3_cases,0.0
coach_season,2007,Eric Mangini,NYJ,m3_decisive_games,4.0
coach_season,2007,Eric Mangini,NYJ,m3_seconds_wasted,0.0
coach_season,2007,Gary Kubiak,HOU,games,16.0
coach_season,2007,Gary Kubiak,HOU,m1_candidates,0.0
coach_season,2007,Gary Kubiak,HOU,m1_cases,0.0
coach_season,2007,Gary Kubiak,HOU,m1_timeouts_left,0.0
coach_season,2007,Gary Kubiak,HOU,m2_candidates,0.0
coach_season,2007,Gary Kubiak,HOU,m2_cases,0.0
coach_season,2007,Gary Kubiak,HOU,m2_ep_left,0.0
coach_season,2007,Gary Kubiak,HOU,m2_wp_left,0.0
coach_season,2007,Gary Kubiak,HOU,m3_cases,0.0
coach_season,2007,Gary Kubiak,HOU,m3_decisive_games,0.0
coach_season,2007,Gary Kubiak,HOU,m3_seconds_wasted,0.0
coach_season,2007,Herm Edwards,KC,games,16.0
coach_season,2007,Herm Edwards,KC,m1_candidates,0.0
coach_season,2007,Herm Edwards,KC,m1_cases,0.0
coach_season,2007,Herm Edwards,KC,m1_timeouts_left,0.0
coach_season,2007,Herm Edwards,KC,m2_candidates,3.0
coach_season,2007,Herm Edwards,KC,m2_cases,0.0
coach_season,2007,Herm Edwards,KC,m2_ep_left,0.0
coach_season,2007,Herm Edwards,KC,m2_wp_left,0.0
coach_season,2007,Herm Edwards,KC,m3_cases,0.0
coach_season,2007,Herm Edwards,KC,m3_decisive_games,2.0
coach_season,2007,Herm Edwards,KC,m3_seconds_wasted,0.0
coach_season,2007,Jack Del Rio,JAX,games,18.0
coach_season,2007,Jack Del Rio,JAX,m1_candidates,0.0
coach_season,2007,Jack Del Rio,JAX,m1_cases,0.0
coach_season,2007,Jack Del Rio,JAX,m1_timeouts_left,0.0
coach_season,2007,Jack Del Rio,JAX,m2_candidates,3.0
coach_season,2007,Jack Del Rio,JAX,m2_cases,0.0
coach_season,2007,Jack Del Rio,JAX,m2_ep_left,0.0
coach_season,2007,Jack Del Rio,JAX,m2_wp_left,0.0
coach_season,2007,Jack Del Rio,JAX,m3_cases,0.0
coach_season,2007,Jack Del Rio,JAX,m3_decisive_games,1.0
coach_season,2007,Jack Del Rio,JAX,m3_seconds_wasted,0.0
coach_season,2007,Jeff Fisher,TEN,games,17.0
coach_season,2007,Jeff Fisher,TEN,m1_candidates,0.0
coach_season,2007,Jeff Fisher,TEN,m1_cases,0.0
coach_season,2007,Jeff Fisher,TEN,m1_timeouts_left,0.0
coach_season,2007,Jeff Fisher,TEN,m2_candidates,0.0
coach_season,2007,Jeff Fisher,TEN,m2_cases,0.0
coach_season,2007,Jeff Fisher,TEN,m2_ep_left,0.0
coach_season,2007,Jeff Fisher,TEN,m2_wp_left,0.0
coach_season,2007,Jeff Fisher,TEN,m3_cases,0.0
coach_season,2007,Jeff Fisher,TEN,m3_decisive_games,1.0
coach_season,2007,Jeff Fisher,TEN,m3_seconds_wasted,0.0
coach_season,2007,Joe Gibbs,WAS,games,17.0
coach_season,2007,Joe Gibbs,WAS,m1_candidates,0.0
coach_season,2007,Joe Gibbs,WAS,m1_cases,0.0
coach_season,2007,Joe Gibbs,WAS,m1_timeouts_left,0.0
coach_season,2007,Joe Gibbs,WAS,m2_candidates,1.0
coach_season,2007,Joe Gibbs,WAS,m2_cases,0.0
coach_season,2007,Joe Gibbs,WAS,m2_ep_left,0.0
coach_season,2007,Joe Gibbs,WAS,m2_wp_left,0.0
coach_season,2007,Joe Gibbs,WAS,m3_cases,0.0
coach_season,2007,Joe Gibbs,WAS,m3_decisive_games,1.0
coach_season,2007,Joe Gibbs,WAS,m3_seconds_wasted,0.0
coach_season,2007,John Fox,CAR,games,16.0
coach_season,2007,John Fox,CAR,m1_candidates,0.0
coach_season,2007,John Fox,CAR,m1_cases,0.0
coach_season,2007,John Fox,CAR,m1_timeouts_left,0.0
coach_season,2007,John Fox,CAR,m2_candidates,1.0
coach_season,2007,John Fox,CAR,m2_cases,0.0
coach_season,2007,John Fox,CAR,m2_ep_left,0.0
coach_season,2007,John Fox,CAR,m2_wp_left,0.0
coach_season,2007,John Fox,CAR,m3_cases,0.0
coach_season,2007,John Fox,CAR,m3_decisive_games,1.0
coach_season,2007,John Fox,CAR,m3_seconds_wasted,0.0
coach_season,2007,Jon Gruden,TB,games,17.0
coach_season,2007,Jon Gruden,TB,m1_candidates,0.0
coach_season,2007,Jon Gruden,TB,m1_cases,0.0
coach_season,2007,Jon Gruden,TB,m1_timeouts_left,0.0
coach_season,2007,Jon Gruden,TB,m2_candidates,2.0
coach_season,2007,Jon Gruden,TB,m2_cases,0.0
coach_season,2007,Jon Gruden,TB,m2_ep_left,0.0
coach_season,2007,Jon Gruden,TB,m2_wp_left,0.0
coach_season,2007,Jon Gruden,TB,m3_cases,0.0
coach_season,2007,Jon Gruden,TB,m3_decisive_games,0.0
coach_season,2007,Jon Gruden,TB,m3_seconds_wasted,0.0
coach_season,2007,Ken Whisenhunt,ARI,games,16.0
coach_season,2007,Ken Whisenhunt,ARI,m1_candidates,0.0
coach_season,2007,Ken Whisenhunt,ARI,m1_cases,0.0
coach_season,2007,Ken Whisenhunt,ARI,m1_timeouts_left,0.0
coach_season,2007,Ken Whisenhunt,ARI,m2_candidates,0.0
coach_season,2007,Ken Whisenhunt,ARI,m2_cases,0.0
coach_season,2007,Ken Whisenhunt,ARI,m2_ep_left,0.0
coach_season,2007,Ken Whisenhunt,ARI,m2_wp_left,0.0
coach_season,2007,Ken Whisenhunt,ARI,m3_cases,0.0
coach_season,2007,Ken Whisenhunt,ARI,m3_decisive_games,0.0
coach_season,2007,Ken Whisenhunt,ARI,m3_seconds_wasted,0.0
coach_season,2007,Lane Kiffin,LV,games,16.0
coach_season,2007,Lane Kiffin,LV,m1_candidates,1.0
coach_season,2007,Lane Kiffin,LV,m1_cases,0.0
coach_season,2007,Lane Kiffin,LV,m1_timeouts_left,0.0
coach_season,2007,Lane Kiffin,LV,m2_candidates,0.0
coach_season,2007,Lane Kiffin,LV,m2_cases,0.0
coach_season,2007,Lane Kiffin,LV,m2_ep_left,0.0
coach_season,2007,Lane Kiffin,LV,m2_wp_left,0.0
coach_season,2007,Lane Kiffin,LV,m3_cases,0.0
coach_season,2007,Lane Kiffin,LV,m3_decisive_games,2.0
coach_season,2007,Lane Kiffin,LV,m3_seconds_wasted,0.0
coach_season,2007,Lovie Smith,CHI,games,16.0
coach_season,2007,Lovie Smith,CHI,m1_candidates,1.0
coach_season,2007,Lovie Smith,CHI,m1_cases,1.0
coach_season,2007,Lovie Smith,CHI,m1_timeouts_left,1.0
coach_season,2007,Lovie Smith,CHI,m2_candidates,0.0
coach_season,2007,Lovie Smith,CHI,m2_cases,0.0
coach_season,2007,Lovie Smith,CHI,m2_ep_left,0.0
coach_season,2007,Lovie Smith,CHI,m2_wp_left,0.0
coach_season,2007,Lovie Smith,CHI,m3_cases,1.0
coach_season,2007,Lovie Smith,CHI,m3_decisive_games,1.0
coach_season,2007,Lovie Smith,CHI,m3_seconds_wasted,36.0
coach_season,2007,Marvin Lewis,CIN,games,16.0
coach_season,2007,Marvin Lewis,CIN,m1_candidates,1.0
coach_season,2007,Marvin Lewis,CIN,m1_cases,0.0
coach_season,2007,Marvin Lewis,CIN,m1_timeouts_left,0.0
coach_season,2007,Marvin Lewis,CIN,m2_candidates,0.0
coach_season,2007,Marvin Lewis,CIN,m2_cases,0.0
coach_season,2007,Marvin Lewis,CIN,m2_ep_left,0.0
coach_season,2007,Marvin Lewis,CIN,m2_wp_left,0.0
coach_season,2007,Marvin Lewis,CIN,m3_cases,0.0
coach_season,2007,Marvin Lewis,CIN,m3_decisive_games,1.0
coach_season,2007,Marvin Lewis,CIN,m3_seconds_wasted,0.0
coach_season,2007,Mike Holmgren,SEA,games,18.0
coach_season,2007,Mike Holmgren,SEA,m1_candidates,0.0
coach_season,2007,Mike Holmgren,SEA,m1_cases,0.0
coach_season,2007,Mike Holmgren,SEA,m1_timeouts_left,0.0
coach_season,2007,Mike Holmgren,SEA,m2_candidates,0.0
coach_season,2007,Mike Holmgren,SEA,m2_cases,0.0
coach_season,2007,Mike Holmgren,SEA,m2_ep_left,0.0
coach_season,2007,Mike Holmgren,SEA,m2_wp_left,0.0
coach_season,2007,Mike Holmgren,SEA,m3_cases,0.0
coach_season,2007,Mike Holmgren,SEA,m3_decisive_games,1.0
coach_season,2007,Mike Holmgren,SEA,m3_seconds_wasted,0.0
coach_season,2007,Mike McCarthy,GB,games,18.0
coach_season,2007,Mike McCarthy,GB,m1_candidates,0.0
coach_season,2007,Mike McCarthy,GB,m1_cases,0.0
coach_season,2007,Mike McCarthy,GB,m1_timeouts_left,0.0
coach_season,2007,Mike McCarthy,GB,m2_candidates,2.0
coach_season,2007,Mike McCarthy,GB,m2_cases,0.0
coach_season,2007,Mike McCarthy,GB,m2_ep_left,0.0
coach_season,2007,Mike McCarthy,GB,m2_wp_left,0.0
coach_season,2007,Mike McCarthy,GB,m3_cases,0.0
coach_season,2007,Mike McCarthy,GB,m3_decisive_games,0.0
coach_season,2007,Mike McCarthy,GB,m3_seconds_wasted,0.0
coach_season,2007,Mike Nolan,SF,games,16.0
coach_season,2007,Mike Nolan,SF,m1_candidates,0.0
coach_season,2007,Mike Nolan,SF,m1_cases,0.0
coach_season,2007,Mike Nolan,SF,m1_timeouts_left,0.0
coach_season,2007,Mike Nolan,SF,m2_candidates,1.0
coach_season,2007,Mike Nolan,SF,m2_cases,0.0
coach_season,2007,Mike Nolan,SF,m2_ep_left,0.0
coach_season,2007,Mike Nolan,SF,m2_wp_left,0.0
coach_season,2007,Mike Nolan,SF,m3_cases,0.0
coach_season,2007,Mike Nolan,SF,m3_decisive_games,2.0
coach_season,2007,Mike Nolan,SF,m3_seconds_wasted,0.0
coach_season,2007,Mike Shanahan,DEN,games,16.0
coach_season,2007,Mike Shanahan,DEN,m1_candidates,0.0
coach_season,2007,Mike Shanahan,DEN,m1_cases,0.0
coach_season,2007,Mike Shanahan,DEN,m1_timeouts_left,0.0
coach_season,2007,Mike Shanahan,DEN,m2_candidates,2.0
coach_season,2007,Mike Shanahan,DEN,m2_cases,0.0
coach_season,2007,Mike Shanahan,DEN,m2_ep_left,0.0
coach_season,2007,Mike Shanahan,DEN,m2_wp_left,0.0
coach_season,2007,Mike Shanahan,DEN,m3_cases,0.0
coach_season,2007,Mike Shanahan,DEN,m3_decisive_games,0.0
coach_season,2007,Mike Shanahan,DEN,m3_seconds_wasted,0.0
coach_season,2007,Mike Tomlin,PIT,games,17.0
coach_season,2007,Mike Tomlin,PIT,m1_candidates,0.0
coach_season,2007,Mike Tomlin,PIT,m1_cases,0.0
coach_season,2007,Mike Tomlin,PIT,m1_timeouts_left,0.0
coach_season,2007,Mike Tomlin,PIT,m2_candidates,0.0
coach_season,2007,Mike Tomlin,PIT,m2_cases,0.0
coach_season,2007,Mike Tomlin,PIT,m2_ep_left,0.0
coach_season,2007,Mike Tomlin,PIT,m2_wp_left,0.0
coach_season,2007,Mike Tomlin,PIT,m3_cases,0.0
coach_season,2007,Mike Tomlin,PIT,m3_decisive_games,1.0
coach_season,2007,Mike Tomlin,PIT,m3_seconds_wasted,0.0
coach_season,2007,Norv Turner,LAC,games,19.0
coach_season,2007,Norv Turner,LAC,m1_candidates,1.0
coach_season,2007,Norv Turner,LAC,m1_cases,1.0
coach_season,2007,Norv Turner,LAC,m1_timeouts_left,1.0
coach_season,2007,Norv Turner,LAC,m2_candidates,1.0
coach_season,2007,Norv Turner,LAC,m2_cases,0.0
coach_season,2007,Norv Turner,LAC,m2_ep_left,0.0
coach_season,2007,Norv Turner,LAC,m2_wp_left,0.0
coach_season,2007,Norv Turner,LAC,m3_cases,1.0
coach_season,2007,Norv Turner,LAC,m3_decisive_games,2.0
coach_season,2007,Norv Turner,LAC,m3_seconds_wasted,36.0
coach_season,2007,Rod Marinelli,DET,games,16.0
coach_season,2007,Rod Marinelli,DET,m1_candidates,0.0
coach_season,2007,Rod Marinelli,DET,m1_cases,0.0
coach_season,2007,Rod Marinelli,DET,m1_timeouts_left,0.0
coach_season,2007,Rod Marinelli,DET,m2_candidates,0.0
coach_season,2007,Rod Marinelli,DET,m2_cases,0.0
coach_season,2007,Rod Marinelli,DET,m2_ep_left,0.0
coach_season,2007,Rod Marinelli,DET,m2_wp_left,0.0
coach_season,2007,Rod Marinelli,DET,m3_cases,0.0
coach_season,2007,Rod Marinelli,DET,m3_decisive_games,1.0
coach_season,2007,Rod Marinelli,DET,m3_seconds_wasted,0.0
coach_season,2007,Romeo Crennel,CLE,games,16.0
coach_season,2007,Romeo Crennel,CLE,m1_candidates,0.0
coach_season,2007,Romeo Crennel,CLE,m1_cases,0.0
coach_season,2007,Romeo Crennel,CLE,m1_timeouts_left,0.0
coach_season,2007,Romeo Crennel,CLE,m2_candidates,1.0
coach_season,2007,Romeo Crennel,CLE,m2_cases,0.0
coach_season,2007,Romeo Crennel,CLE,m2_ep_left,0.0
coach_season,2007,Romeo Crennel,CLE,m2_wp_left,0.0
coach_season,2007,Romeo Crennel,CLE,m3_cases,0.0
coach_season,2007,Romeo Crennel,CLE,m3_decisive_games,1.0
coach_season,2007,Romeo Crennel,CLE,m3_seconds_wasted,0.0
coach_season,2007,Scott Linehan,LA,games,16.0
coach_season,2007,Scott Linehan,LA,m1_candidates,0.0
coach_season,2007,Scott Linehan,LA,m1_cases,0.0
coach_season,2007,Scott Linehan,LA,m1_timeouts_left,0.0
coach_season,2007,Scott Linehan,LA,m2_candidates,0.0
coach_season,2007,Scott Linehan,LA,m2_cases,0.0
coach_season,2007,Scott Linehan,LA,m2_ep_left,0.0
coach_season,2007,Scott Linehan,LA,m2_wp_left,0.0
coach_season,2007,Scott Linehan,LA,m3_cases,0.0
coach_season,2007,Scott Linehan,LA,m3_decisive_games,1.0
coach_season,2007,Scott Linehan,LA,m3_seconds_wasted,0.0
coach_season,2007,Sean Payton,NO,games,16.0
coach_season,2007,Sean Payton,NO,m1_candidates,0.0
coach_season,2007,Sean Payton,NO,m1_cases,0.0
coach_season,2007,Sean Payton,NO,m1_timeouts_left,0.0
coach_season,2007,Sean Payton,NO,m2_candidates,0.0
coach_season,2007,Sean Payton,NO,m2_cases,0.0
coach_season,2007,Sean Payton,NO,m2_ep_left,0.0
coach_season,2007,Sean Payton,NO,m2_wp_left,0.0
coach_season,2007,Sean Payton,NO,m3_cases,0.0
coach_season,2007,Sean Payton,NO,m3_decisive_games,0.0
coach_season,2007,Sean Payton,NO,m3_seconds_wasted,0.0
coach_season,2007,Tom Coughlin,NYG,games,20.0
coach_season,2007,Tom Coughlin,NYG,m1_candidates,0.0
coach_season,2007,Tom Coughlin,NYG,m1_cases,0.0
coach_season,2007,Tom Coughlin,NYG,m1_timeouts_left,0.0
coach_season,2007,Tom Coughlin,NYG,m2_candidates,1.0
coach_season,2007,Tom Coughlin,NYG,m2_cases,0.0
coach_season,2007,Tom Coughlin,NYG,m2_ep_left,0.0
coach_season,2007,Tom Coughlin,NYG,m2_wp_left,0.0
coach_season,2007,Tom Coughlin,NYG,m3_cases,0.0
coach_season,2007,Tom Coughlin,NYG,m3_decisive_games,0.0
coach_season,2007,Tom Coughlin,NYG,m3_seconds_wasted,0.0
coach_season,2007,Tony Dungy,IND,games,17.0
coach_season,2007,Tony Dungy,IND,m1_candidates,1.0
coach_season,2007,Tony Dungy,IND,m1_cases,1.0
coach_season,2007,Tony Dungy,IND,m1_timeouts_left,1.0
coach_season,2007,Tony Dungy,IND,m2_candidates,0.0
coach_season,2007,Tony Dungy,IND,m2_cases,0.0
coach_season,2007,Tony Dungy,IND,m2_ep_left,0.0
coach_season,2007,Tony Dungy,IND,m2_wp_left,0.0
coach_season,2007,Tony Dungy,IND,m3_cases,1.0
coach_season,2007,Tony Dungy,IND,m3_decisive_games,2.0
coach_season,2007,Tony Dungy,IND,m3_seconds_wasted,32.0
coach_season,2007,Wade Phillips,DAL,games,17.0
coach_season,2007,Wade Phillips,DAL,m1_candidates,0.0
coach_season,2007,Wade Phillips,DAL,m1_cases,0.0
coach_season,2007,Wade Phillips,DAL,m1_timeouts_left,0.0
coach_season,2007,Wade Phillips,DAL,m2_candidates,0.0
coach_season,2007,Wade Phillips,DAL,m2_cases,0.0
coach_season,2007,Wade Phillips,DAL,m2_ep_left,0.0
coach_season,2007,Wade Phillips,DAL,m2_wp_left,0.0
coach_season,2007,Wade Phillips,DAL,m3_cases,0.0
coach_season,2007,Wade Phillips,DAL,m3_decisive_games,0.0
coach_season,2007,Wade Phillips,DAL,m3_seconds_wasted,0.0
coach_season,2008,Andy Reid,PHI,games,19.0
coach_season,2008,Andy Reid,PHI,m1_candidates,1.0
coach_season,2008,Andy Reid,PHI,m1_cases,0.0
coach_season,2008,Andy Reid,PHI,m1_timeouts_left,0.0
coach_season,2008,Andy Reid,PHI,m2_candidates,0.0
coach_season,2008,Andy Reid,PHI,m2_cases,0.0
coach_season,2008,Andy Reid,PHI,m2_ep_left,0.0
coach_season,2008,Andy Reid,PHI,m2_wp_left,0.0
coach_season,2008,Andy Reid,PHI,m3_cases,0.0
coach_season,2008,Andy Reid,PHI,m3_decisive_games,2.0
coach_season,2008,Andy Reid,PHI,m3_seconds_wasted,0.0
coach_season,2008,Bill Belichick,NE,games,16.0
coach_season,2008,Bill Belichick,NE,m1_candidates,0.0
coach_season,2008,Bill Belichick,NE,m1_cases,0.0
coach_season,2008,Bill Belichick,NE,m1_timeouts_left,0.0
coach_season,2008,Bill Belichick,NE,m2_candidates,1.0
coach_season,2008,Bill Belichick,NE,m2_cases,0.0
coach_season,2008,Bill Belichick,NE,m2_ep_left,0.0
coach_season,2008,Bill Belichick,NE,m2_wp_left,0.0
coach_season,2008,Bill Belichick,NE,m3_cases,0.0
coach_season,2008,Bill Belichick,NE,m3_decisive_games,0.0
coach_season,2008,Bill Belichick,NE,m3_seconds_wasted,0.0
coach_season,2008,Brad Childress,MIN,games,17.0
coach_season,2008,Brad Childress,MIN,m1_candidates,0.0
coach_season,2008,Brad Childress,MIN,m1_cases,0.0
coach_season,2008,Brad Childress,MIN,m1_timeouts_left,0.0
coach_season,2008,Brad Childress,MIN,m2_candidates,3.0
coach_season,2008,Brad Childress,MIN,m2_cases,0.0
coach_season,2008,Brad Childress,MIN,m2_ep_left,0.0
coach_season,2008,Brad Childress,MIN,m2_wp_left,0.0
coach_season,2008,Brad Childress,MIN,m3_cases,0.0
coach_season,2008,Brad Childress,MIN,m3_decisive_games,0.0
coach_season,2008,Brad Childress,MIN,m3_seconds_wasted,0.0
coach_season,2008,Dick Jauron,BUF,games,16.0
coach_season,2008,Dick Jauron,BUF,m1_candidates,0.0
coach_season,2008,Dick Jauron,BUF,m1_cases,0.0
coach_season,2008,Dick Jauron,BUF,m1_timeouts_left,0.0
coach_season,2008,Dick Jauron,BUF,m2_candidates,0.0
coach_season,2008,Dick Jauron,BUF,m2_cases,0.0
coach_season,2008,Dick Jauron,BUF,m2_ep_left,0.0
coach_season,2008,Dick Jauron,BUF,m2_wp_left,0.0
coach_season,2008,Dick Jauron,BUF,m3_cases,0.0
coach_season,2008,Dick Jauron,BUF,m3_decisive_games,1.0
coach_season,2008,Dick Jauron,BUF,m3_seconds_wasted,0.0
coach_season,2008,Eric Mangini,NYJ,games,16.0
coach_season,2008,Eric Mangini,NYJ,m1_candidates,0.0
coach_season,2008,Eric Mangini,NYJ,m1_cases,0.0
coach_season,2008,Eric Mangini,NYJ,m1_timeouts_left,0.0
coach_season,2008,Eric Mangini,NYJ,m2_candidates,0.0
coach_season,2008,Eric Mangini,NYJ,m2_cases,0.0
coach_season,2008,Eric Mangini,NYJ,m2_ep_left,0.0
coach_season,2008,Eric Mangini,NYJ,m2_wp_left,0.0
coach_season,2008,Eric Mangini,NYJ,m3_cases,0.0
coach_season,2008,Eric Mangini,NYJ,m3_decisive_games,2.0
coach_season,2008,Eric Mangini,NYJ,m3_seconds_wasted,0.0
coach_season,2008,Gary Kubiak,HOU,games,16.0
coach_season,2008,Gary Kubiak,HOU,m1_candidates,0.0
coach_season,2008,Gary Kubiak,HOU,m1_cases,0.0
coach_season,2008,Gary Kubiak,HOU,m1_timeouts_left,0.0
coach_season,2008,Gary Kubiak,HOU,m2_candidates,0.0
coach_season,2008,Gary Kubiak,HOU,m2_cases,0.0
coach_season,2008,Gary Kubiak,HOU,m2_ep_left,0.0
coach_season,2008,Gary Kubiak,HOU,m2_wp_left,0.0
coach_season,2008,Gary Kubiak,HOU,m3_cases,0.0
coach_season,2008,Gary Kubiak,HOU,m3_decisive_games,0.0
coach_season,2008,Gary Kubiak,HOU,m3_seconds_wasted,0.0
coach_season,2008,Herm Edwards,KC,games,16.0
coach_season,2008,Herm Edwards,KC,m1_candidates,0.0
coach_season,2008,Herm Edwards,KC,m1_cases,0.0
coach_season,2008,Herm Edwards,KC,m1_timeouts_left,0.0
coach_season,2008,Herm Edwards,KC,m2_candidates,0.0
coach_season,2008,Herm Edwards,KC,m2_cases,0.0
coach_season,2008,Herm Edwards,KC,m2_ep_left,0.0
coach_season,2008,Herm Edwards,KC,m2_wp_left,0.0
coach_season,2008,Herm Edwards,KC,m3_cases,0.0
coach_season,2008,Herm Edwards,KC,m3_decisive_games,1.0
coach_season,2008,Herm Edwards,KC,m3_seconds_wasted,0.0
coach_season,2008,Jack Del Rio,JAX,games,16.0
coach_season,2008,Jack Del Rio,JAX,m1_candidates,0.0
coach_season,2008,Jack Del Rio,JAX,m1_cases,0.0
coach_season,2008,Jack Del Rio,JAX,m1_timeouts_left,0.0
coach_season,2008,Jack Del Rio,JAX,m2_candidates,2.0
coach_season,2008,Jack Del Rio,JAX,m2_cases,0.0
coach_season,2008,Jack Del Rio,JAX,m2_ep_left,0.0
coach_season,2008,Jack Del Rio,JAX,m2_wp_left,0.0
coach_season,2008,Jack Del Rio,JAX,m3_cases,0.0
coach_season,2008,Jack Del Rio,JAX,m3_decisive_games,1.0
coach_season,2008,Jack Del Rio,JAX,m3_seconds_wasted,0.0
coach_season,2008,Jeff Fisher,TEN,games,17.0
coach_season,2008,Jeff Fisher,TEN,m1_candidates,1.0
coach_season,2008,Jeff Fisher,TEN,m1_cases,0.0
coach_season,2008,Jeff Fisher,TEN,m1_timeouts_left,0.0
coach_season,2008,Jeff Fisher,TEN,m2_candidates,0.0
coach_season,2008,Jeff Fisher,TEN,m2_cases,0.0
coach_season,2008,Jeff Fisher,TEN,m2_ep_left,0.0
coach_season,2008,Jeff Fisher,TEN,m2_wp_left,0.0
coach_season,2008,Jeff Fisher,TEN,m3_cases,0.0
coach_season,2008,Jeff Fisher,TEN,m3_decisive_games,1.0
coach_season,2008,Jeff Fisher,TEN,m3_seconds_wasted,0.0
coach_season,2008,Jim Haslett,LA,games,12.0
coach_season,2008,Jim Haslett,LA,m1_candidates,0.0
coach_season,2008,Jim Haslett,LA,m1_cases,0.0
coach_season,2008,Jim Haslett,LA,m1_timeouts_left,0.0
coach_season,2008,Jim Haslett,LA,m2_candidates,0.0
coach_season,2008,Jim Haslett,LA,m2_cases,0.0
coach_season,2008,Jim Haslett,LA,m2_ep_left,0.0
coach_season,2008,Jim Haslett,LA,m2_wp_left,0.0
coach_season,2008,Jim Haslett,LA,m3_cases,0.0
coach_season,2008,Jim Haslett,LA,m3_decisive_games,1.0
coach_season,2008,Jim Haslett,LA,m3_seconds_wasted,0.0
coach_season,2008,Jim Zorn,WAS,games,16.0
coach_season,2008,Jim Zorn,WAS,m1_candidates,0.0
coach_season,2008,Jim Zorn,WAS,m1_cases,0.0
coach_season,2008,Jim Zorn,WAS,m1_timeouts_left,0.0
coach_season,2008,Jim Zorn,WAS,m2_candidates,0.0
coach_season,2008,Jim Zorn,WAS,m2_cases,0.0
coach_season,2008,Jim Zorn,WAS,m2_ep_left,0.0
coach_season,2008,Jim Zorn,WAS,m2_wp_left,0.0
coach_season,2008,Jim Zorn,WAS,m3_cases,0.0
coach_season,2008,Jim Zorn,WAS,m3_decisive_games,0.0
coach_season,2008,Jim Zorn,WAS,m3_seconds_wasted,0.0
coach_season,2008,John Fox,CAR,games,17.0
coach_season,2008,John Fox,CAR,m1_candidates,0.0
coach_season,2008,John Fox,CAR,m1_cases,0.0
coach_season,2008,John Fox,CAR,m1_timeouts_left,0.0
coach_season,2008,John Fox,CAR,m2_candidates,1.0
coach_season,2008,John Fox,CAR,m2_cases,0.0
coach_season,2008,John Fox,CAR,m2_ep_left,0.0
coach_season,2008,John Fox,CAR,m2_wp_left,0.0
coach_season,2008,John Fox,CAR,m3_cases,0.0
coach_season,2008,John Fox,CAR,m3_decisive_games,0.0
coach_season,2008,John Fox,CAR,m3_seconds_wasted,0.0
coach_season,2008,John Harbaugh,BAL,games,19.0
coach_season,2008,John Harbaugh,BAL,m1_candidates,0.0
coach_season,2008,John Harbaugh,BAL,m1_cases,0.0
coach_season,2008,John Harbaugh,BAL,m1_timeouts_left,0.0
coach_season,2008,John Harbaugh,BAL,m2_candidates,1.0
coach_season,2008,John Harbaugh,BAL,m2_cases,0.0
coach_season,2008,John Harbaugh,BAL,m2_ep_left,0.0
coach_season,2008,John Harbaugh,BAL,m2_wp_left,0.0
coach_season,2008,John Harbaugh,BAL,m3_cases,0.0
coach_season,2008,John Harbaugh,BAL,m3_decisive_games,1.0
coach_season,2008,John Harbaugh,BAL,m3_seconds_wasted,0.0
coach_season,2008,Jon Gruden,TB,games,16.0
coach_season,2008,Jon Gruden,TB,m1_candidates,1.0
coach_season,2008,Jon Gruden,TB,m1_cases,0.0
coach_season,2008,Jon Gruden,TB,m1_timeouts_left,0.0
coach_season,2008,Jon Gruden,TB,m2_candidates,0.0
coach_season,2008,Jon Gruden,TB,m2_cases,0.0
coach_season,2008,Jon Gruden,TB,m2_ep_left,0.0
coach_season,2008,Jon Gruden,TB,m2_wp_left,0.0
coach_season,2008,Jon Gruden,TB,m3_cases,0.0
coach_season,2008,Jon Gruden,TB,m3_decisive_games,1.0
coach_season,2008,Jon Gruden,TB,m3_seconds_wasted,0.0
coach_season,2008,Ken Whisenhunt,ARI,games,20.0
coach_season,2008,Ken Whisenhunt,ARI,m1_candidates,0.0
coach_season,2008,Ken Whisenhunt,ARI,m1_cases,0.0
coach_season,2008,Ken Whisenhunt,ARI,m1_timeouts_left,0.0
coach_season,2008,Ken Whisenhunt,ARI,m2_candidates,0.0
coach_season,2008,Ken Whisenhunt,ARI,m2_cases,0.0
coach_season,2008,Ken Whisenhunt,ARI,m2_ep_left,0.0
coach_season,2008,Ken Whisenhunt,ARI,m2_wp_left,0.0
coach_season,2008,Ken Whisenhunt,ARI,m3_cases,0.0
coach_season,2008,Ken Whisenhunt,ARI,m3_decisive_games,0.0
coach_season,2008,Ken Whisenhunt,ARI,m3_seconds_wasted,0.0
coach_season,2008,Lane Kiffin,LV,games,4.0
coach_season,2008,Lane Kiffin,LV,m1_candidates,0.0
coach_season,2008,Lane Kiffin,LV,m1_cases,0.0
coach_season,2008,Lane Kiffin,LV,m1_timeouts_left,0.0
coach_season,2008,Lane Kiffin,LV,m2_candidates,1.0
coach_season,2008,Lane Kiffin,LV,m2_cases,0.0
coach_season,2008,Lane Kiffin,LV,m2_ep_left,0.0
coach_season,2008,Lane Kiffin,LV,m2_wp_left,0.0
coach_season,2008,Lane Kiffin,LV,m3_cases,0.0
coach_season,2008,Lane Kiffin,LV,m3_decisive_games,1.0
coach_season,2008,Lane Kiffin,LV,m3_seconds_wasted,0.0
coach_season,2008,Lovie Smith,CHI,games,16.0
coach_season,2008,Lovie Smith,CHI,m1_candidates,1.0
coach_season,2008,Lovie Smith,CHI,m1_cases,0.0
coach_season,2008,Lovie Smith,CHI,m1_timeouts_left,0.0
coach_season,2008,Lovie Smith,CHI,m2_candidates,0.0
coach_season,2008,Lovie Smith,CHI,m2_cases,0.0
coach_season,2008,Lovie Smith,CHI,m2_ep_left,0.0
coach_season,2008,Lovie Smith,CHI,m2_wp_left,0.0
coach_season,2008,Lovie Smith,CHI,m3_cases,0.0
coach_season,2008,Lovie Smith,CHI,m3_decisive_games,1.0
coach_season,2008,Lovie Smith,CHI,m3_seconds_wasted,0.0
coach_season,2008,Marvin Lewis,CIN,games,16.0
coach_season,2008,Marvin Lewis,CIN,m1_candidates,0.0
coach_season,2008,Marvin Lewis,CIN,m1_cases,0.0
coach_season,2008,Marvin Lewis,CIN,m1_timeouts_left,0.0
coach_season,2008,Marvin Lewis,CIN,m2_candidates,0.0
coach_season,2008,Marvin Lewis,CIN,m2_cases,0.0
coach_season,2008,Marvin Lewis,CIN,m2_ep_left,0.0
coach_season,2008,Marvin Lewis,CIN,m2_wp_left,0.0
coach_season,2008,Marvin Lewis,CIN,m3_cases,0.0
coach_season,2008,Marvin Lewis,CIN,m3_decisive_games,0.0
coach_season,2008,Marvin Lewis,CIN,m3_seconds_wasted,0.0
coach_season,2008,Mike Holmgren,SEA,games,16.0
coach_season,2008,Mike Holmgren,SEA,m1_candidates,0.0
coach_season,2008,Mike Holmgren,SEA,m1_cases,0.0
coach_season,2008,Mike Holmgren,SEA,m1_timeouts_left,0.0
coach_season,2008,Mike Holmgren,SEA,m2_candidates,1.0
coach_season,2008,Mike Holmgren,SEA,m2_cases,0.0
coach_season,2008,Mike Holmgren,SEA,m2_ep_left,0.0
coach_season,2008,Mike Holmgren,SEA,m2_wp_left,0.0
coach_season,2008,Mike Holmgren,SEA,m3_cases,0.0
coach_season,2008,Mike Holmgren,SEA,m3_decisive_games,1.0
coach_season,2008,Mike Holmgren,SEA,m3_seconds_wasted,0.0
coach_season,2008,Mike McCarthy,GB,games,16.0
coach_season,2008,Mike McCarthy,GB,m1_candidates,1.0
coach_season,2008,Mike McCarthy,GB,m1_cases,0.0
coach_season,2008,Mike McCarthy,GB,m1_timeouts_left,0.0
coach_season,2008,Mike McCarthy,GB,m2_candidates,0.0
coach_season,2008,Mike McCarthy,GB,m2_cases,0.0
coach_season,2008,Mike McCarthy,GB,m2_ep_left,0.0
coach_season,2008,Mike McCarthy,GB,m2_wp_left,0.0
coach_season,2008,Mike McCarthy,GB,m3_cases,0.0
coach_season,2008,Mike McCarthy,GB,m3_decisive_games,2.0
coach_season,2008,Mike McCarthy,GB,m3_seconds_wasted,0.0
coach_season,2008,Mike Nolan,SF,games,7.0
coach_season,2008,Mike Nolan,SF,m1_candidates,0.0
coach_season,2008,Mike Nolan,SF,m1_cases,0.0
coach_season,2008,Mike Nolan,SF,m1_timeouts_left,0.0
coach_season,2008,Mike Nolan,SF,m2_candidates,0.0
coach_season,2008,Mike Nolan,SF,m2_cases,0.0
coach_season,2008,Mike Nolan,SF,m2_ep_left,0.0
coach_season,2008,Mike Nolan,SF,m2_wp_left,0.0
coach_season,2008,Mike Nolan,SF,m3_cases,0.0
coach_season,2008,Mike Nolan,SF,m3_decisive_games,0.0
coach_season,2008,Mike Nolan,SF,m3_seconds_wasted,0.0
coach_season,2008,Mike Shanahan,DEN,games,16.0
coach_season,2008,Mike Shanahan,DEN,m1_candidates,0.0
coach_season,2008,Mike Shanahan,DEN,m1_cases,0.0
coach_season,2008,Mike Shanahan,DEN,m1_timeouts_left,0.0
coach_season,2008,Mike Shanahan,DEN,m2_candidates,0.0
coach_season,2008,Mike Shanahan,DEN,m2_cases,0.0
coach_season,2008,Mike Shanahan,DEN,m2_ep_left,0.0
coach_season,2008,Mike Shanahan,DEN,m2_wp_left,0.0
coach_season,2008,Mike Shanahan,DEN,m3_cases,0.0
coach_season,2008,Mike Shanahan,DEN,m3_decisive_games,1.0
coach_season,2008,Mike Shanahan,DEN,m3_seconds_wasted,0.0
coach_season,2008,Mike Singletary,SF,games,9.0
coach_season,2008,Mike Singletary,SF,m1_candidates,0.0
coach_season,2008,Mike Singletary,SF,m1_cases,0.0
coach_season,2008,Mike Singletary,SF,m1_timeouts_left,0.0
coach_season,2008,Mike Singletary,SF,m2_candidates,0.0
coach_season,2008,Mike Singletary,SF,m2_cases,0.0
coach_season,2008,Mike Singletary,SF,m2_ep_left,0.0
coach_season,2008,Mike Singletary,SF,m2_wp_left,0.0
coach_season,2008,Mike Singletary,SF,m3_cases,0.0
coach_season,2008,Mike Singletary,SF,m3_decisive_games,0.0
coach_season,2008,Mike Singletary,SF,m3_seconds_wasted,0.0
coach_season,2008,Mike Smith,ATL,games,17.0
coach_season,2008,Mike Smith,ATL,m1_candidates,2.0
coach_season,2008,Mike Smith,ATL,m1_cases,0.0
coach_season,2008,Mike Smith,ATL,m1_timeouts_left,0.0
coach_season,2008,Mike Smith,ATL,m2_candidates,1.0
coach_season,2008,Mike Smith,ATL,m2_cases,0.0
coach_season,2008,Mike Smith,ATL,m2_ep_left,0.0
coach_season,2008,Mike Smith,ATL,m2_wp_left,0.0
coach_season,2008,Mike Smith,ATL,m3_cases,0.0
coach_season,2008,Mike Smith,ATL,m3_decisive_games,2.0
coach_season,2008,Mike Smith,ATL,m3_seconds_wasted,0.0
coach_season,2008,Mike Tomlin,PIT,games,19.0
coach_season,2008,Mike Tomlin,PIT,m1_candidates,0.0
coach_season,2008,Mike Tomlin,PIT,m1_cases,0.0
coach_season,2008,Mike Tomlin,PIT,m1_timeouts_left,0.0
coach_season,2008,Mike Tomlin,PIT,m2_candidates,0.0
coach_season,2008,Mike Tomlin,PIT,m2_cases,0.0
coach_season,2008,Mike Tomlin,PIT,m2_ep_left,0.0
coach_season,2008,Mike Tomlin,PIT,m2_wp_left,0.0
coach_season,2008,Mike Tomlin,PIT,m3_cases,0.0
coach_season,2008,Mike Tomlin,PIT,m3_decisive_games,0.0
coach_season,2008,Mike Tomlin,PIT,m3_seconds_wasted,0.0
coach_season,2008,Norv Turner,LAC,games,18.0
coach_season,2008,Norv Turner,LAC,m1_candidates,1.0
coach_season,2008,Norv Turner,LAC,m1_cases,0.0
coach_season,2008,Norv Turner,LAC,m1_timeouts_left,0.0
coach_season,2008,Norv Turner,LAC,m2_candidates,1.0
coach_season,2008,Norv Turner,LAC,m2_cases,0.0
coach_season,2008,Norv Turner,LAC,m2_ep_left,0.0
coach_season,2008,Norv Turner,LAC,m2_wp_left,0.0
coach_season,2008,Norv Turner,LAC,m3_cases,0.0
coach_season,2008,Norv Turner,LAC,m3_decisive_games,2.0
coach_season,2008,Norv Turner,LAC,m3_seconds_wasted,0.0
coach_season,2008,Rod Marinelli,DET,games,16.0
coach_season,2008,Rod Marinelli,DET,m1_candidates,0.0
coach_season,2008,Rod Marinelli,DET,m1_cases,0.0
coach_season,2008,Rod Marinelli,DET,m1_timeouts_left,0.0
coach_season,2008,Rod Marinelli,DET,m2_candidates,1.0
coach_season,2008,Rod Marinelli,DET,m2_cases,0.0
coach_season,2008,Rod Marinelli,DET,m2_ep_left,0.0
coach_season,2008,Rod Marinelli,DET,m2_wp_left,0.0
coach_season,2008,Rod Marinelli,DET,m3_cases,0.0
coach_season,2008,Rod Marinelli,DET,m3_decisive_games,2.0
coach_season,2008,Rod Marinelli,DET,m3_seconds_wasted,0.0
coach_season,2008,Romeo Crennel,CLE,games,16.0
coach_season,2008,Romeo Crennel,CLE,m1_candidates,1.0
coach_season,2008,Romeo Crennel,CLE,m1_cases,1.0
coach_season,2008,Romeo Crennel,CLE,m1_timeouts_left,2.0
coach_season,2008,Romeo Crennel,CLE,m2_candidates,0.0
coach_season,2008,Romeo Crennel,CLE,m2_cases,0.0
coach_season,2008,Romeo Crennel,CLE,m2_ep_left,0.0
coach_season,2008,Romeo Crennel,CLE,m2_wp_left,0.0
coach_season,2008,Romeo Crennel,CLE,m3_cases,0.0
coach_season,2008,Romeo Crennel,CLE,m3_decisive_games,0.0
coach_season,2008,Romeo Crennel,CLE,m3_seconds_wasted,0.0
coach_season,2008,Scott Linehan,LA,games,4.0
coach_season,2008,Scott Linehan,LA,m1_candidates,0.0
coach_season,2008,Scott Linehan,LA,m1_cases,0.0
coach_season,2008,Scott Linehan,LA,m1_timeouts_left,0.0
coach_season,2008,Scott Linehan,LA,m2_candidates,1.0
coach_season,2008,Scott Linehan,LA,m2_cases,0.0
coach_season,2008,Scott Linehan,LA,m2_ep_left,0.0
coach_season,2008,Scott Linehan,LA,m2_wp_left,0.0
coach_season,2008,Scott Linehan,LA,m3_cases,0.0
coach_season,2008,Scott Linehan,LA,m3_decisive_games,0.0
coach_season,2008,Scott Linehan,LA,m3_seconds_wasted,0.0
coach_season,2008,Sean Payton,NO,games,16.0
coach_season,2008,Sean Payton,NO,m1_candidates,1.0
coach_season,2008,Sean Payton,NO,m1_cases,0.0
coach_season,2008,Sean Payton,NO,m1_timeouts_left,0.0
coach_season,2008,Sean Payton,NO,m2_candidates,0.0
coach_season,2008,Sean Payton,NO,m2_cases,0.0
coach_season,2008,Sean Payton,NO,m2_ep_left,0.0
coach_season,2008,Sean Payton,NO,m2_wp_left,0.0
coach_season,2008,Sean Payton,NO,m3_cases,0.0
coach_season,2008,Sean Payton,NO,m3_decisive_games,2.0
coach_season,2008,Sean Payton,NO,m3_seconds_wasted,0.0
coach_season,2008,Tom Cable,LV,games,12.0
coach_season,2008,Tom Cable,LV,m1_candidates,0.0
coach_season,2008,Tom Cable,LV,m1_cases,0.0
coach_season,2008,Tom Cable,LV,m1_timeouts_left,0.0
coach_season,2008,Tom Cable,LV,m2_candidates,0.0
coach_season,2008,Tom Cable,LV,m2_cases,0.0
coach_season,2008,Tom Cable,LV,m2_ep_left,0.0
coach_season,2008,Tom Cable,LV,m2_wp_left,0.0
coach_season,2008,Tom Cable,LV,m3_cases,0.0
coach_season,2008,Tom Cable,LV,m3_decisive_games,0.0
coach_season,2008,Tom Cable,LV,m3_seconds_wasted,0.0
coach_season,2008,Tom Coughlin,NYG,games,17.0
coach_season,2008,Tom Coughlin,NYG,m1_candidates,0.0
coach_season,2008,Tom Coughlin,NYG,m1_cases,0.0
coach_season,2008,Tom Coughlin,NYG,m1_timeouts_left,0.0
coach_season,2008,Tom Coughlin,NYG,m2_candidates,0.0
coach_season,2008,Tom Coughlin,NYG,m2_cases,0.0
coach_season,2008,Tom Coughlin,NYG,m2_ep_left,0.0
coach_season,2008,Tom Coughlin,NYG,m2_wp_left,0.0
coach_season,2008,Tom Coughlin,NYG,m3_cases,0.0
coach_season,2008,Tom Coughlin,NYG,m3_decisive_games,0.0
coach_season,2008,Tom Coughlin,NYG,m3_seconds_wasted,0.0
coach_season,2008,Tony Dungy,IND,games,17.0
coach_season,2008,Tony Dungy,IND,m1_candidates,0.0
coach_season,2008,Tony Dungy,IND,m1_cases,0.0
coach_season,2008,Tony Dungy,IND,m1_timeouts_left,0.0
coach_season,2008,Tony Dungy,IND,m2_candidates,1.0
coach_season,2008,Tony Dungy,IND,m2_cases,0.0
coach_season,2008,Tony Dungy,IND,m2_ep_left,0.0
coach_season,2008,Tony Dungy,IND,m2_wp_left,0.0
coach_season,2008,Tony Dungy,IND,m3_cases,0.0
coach_season,2008,Tony Dungy,IND,m3_decisive_games,0.0
coach_season,2008,Tony Dungy,IND,m3_seconds_wasted,0.0
coach_season,2008,Tony Sparano,MIA,games,17.0
coach_season,2008,Tony Sparano,MIA,m1_candidates,0.0
coach_season,2008,Tony Sparano,MIA,m1_cases,0.0
coach_season,2008,Tony Sparano,MIA,m1_timeouts_left,0.0
coach_season,2008,Tony Sparano,MIA,m2_candidates,2.0
coach_season,2008,Tony Sparano,MIA,m2_cases,0.0
coach_season,2008,Tony Sparano,MIA,m2_ep_left,0.0
coach_season,2008,Tony Sparano,MIA,m2_wp_left,0.0
coach_season,2008,Tony Sparano,MIA,m3_cases,0.0
coach_season,2008,Tony Sparano,MIA,m3_decisive_games,0.0
coach_season,2008,Tony Sparano,MIA,m3_seconds_wasted,0.0
coach_season,2008,Wade Phillips,DAL,games,16.0
coach_season,2008,Wade Phillips,DAL,m1_candidates,1.0
coach_season,2008,Wade Phillips,DAL,m1_cases,0.0
coach_season,2008,Wade Phillips,DAL,m1_timeouts_left,0.0
coach_season,2008,Wade Phillips,DAL,m2_candidates,0.0
coach_season,2008,Wade Phillips,DAL,m2_cases,0.0
coach_season,2008,Wade Phillips,DAL,m2_ep_left,0.0
coach_season,2008,Wade Phillips,DAL,m2_wp_left,0.0
coach_season,2008,Wade Phillips,DAL,m3_cases,0.0
coach_season,2008,Wade Phillips,DAL,m3_decisive_games,1.0
coach_season,2008,Wade Phillips,DAL,m3_seconds_wasted,0.0
coach_season,2009,Andy Reid,PHI,games,17.0
coach_season,2009,Andy Reid,PHI,m1_candidates,0.0
coach_season,2009,Andy Reid,PHI,m1_cases,0.0
coach_season,2009,Andy Reid,PHI,m1_timeouts_left,0.0
coach_season,2009,Andy Reid,PHI,m2_candidates,0.0
coach_season,2009,Andy Reid,PHI,m2_cases,0.0
coach_season,2009,Andy Reid,PHI,m2_ep_left,0.0
coach_season,2009,Andy Reid,PHI,m2_wp_left,0.0
coach_season,2009,Andy Reid,PHI,m3_cases,0.0
coach_season,2009,Andy Reid,PHI,m3_decisive_games,0.0
coach_season,2009,Andy Reid,PHI,m3_seconds_wasted,0.0
coach_season,2009,Bill Belichick,NE,games,17.0
coach_season,2009,Bill Belichick,NE,m1_candidates,0.0
coach_season,2009,Bill Belichick,NE,m1_cases,0.0
coach_season,2009,Bill Belichick,NE,m1_timeouts_left,0.0
coach_season,2009,Bill Belichick,NE,m2_candidates,1.0
coach_season,2009,Bill Belichick,NE,m2_cases,0.0
coach_season,2009,Bill Belichick,NE,m2_ep_left,0.0
coach_season,2009,Bill Belichick,NE,m2_wp_left,0.0
coach_season,2009,Bill Belichick,NE,m3_cases,0.0
coach_season,2009,Bill Belichick,NE,m3_decisive_games,0.0
coach_season,2009,Bill Belichick,NE,m3_seconds_wasted,0.0
coach_season,2009,Brad Childress,MIN,games,18.0
coach_season,2009,Brad Childress,MIN,m1_candidates,0.0
coach_season,2009,Brad Childress,MIN,m1_cases,0.0
coach_season,2009,Brad Childress,MIN,m1_timeouts_left,0.0
coach_season,2009,Brad Childress,MIN,m2_candidates,0.0
coach_season,2009,Brad Childress,MIN,m2_cases,0.0
coach_season,2009,Brad Childress,MIN,m2_ep_left,0.0
coach_season,2009,Brad Childress,MIN,m2_wp_left,0.0
coach_season,2009,Brad Childress,MIN,m3_cases,0.0
coach_season,2009,Brad Childress,MIN,m3_decisive_games,1.0
coach_season,2009,Brad Childress,MIN,m3_seconds_wasted,0.0
coach_season,2009,Dick Jauron,BUF,games,9.0
coach_season,2009,Dick Jauron,BUF,m1_candidates,0.0
coach_season,2009,Dick Jauron,BUF,m1_cases,0.0
coach_season,2009,Dick Jauron,BUF,m1_timeouts_left,0.0
coach_season,2009,Dick Jauron,BUF,m2_candidates,0.0
coach_season,2009,Dick Jauron,BUF,m2_cases,0.0
coach_season,2009,Dick Jauron,BUF,m2_ep_left,0.0
coach_season,2009,Dick Jauron,BUF,m2_wp_left,0.0
coach_season,2009,Dick Jauron,BUF,m3_cases,0.0
coach_season,2009,Dick Jauron,BUF,m3_decisive_games,0.0
coach_season,2009,Dick Jauron,BUF,m3_seconds_wasted,0.0
coach_season,2009,Eric Mangini,CLE,games,16.0
coach_season,2009,Eric Mangini,CLE,m1_candidates,0.0
coach_season,2009,Eric Mangini,CLE,m1_cases,0.0
coach_season,2009,Eric Mangini,CLE,m1_timeouts_left,0.0
coach_season,2009,Eric Mangini,CLE,m2_candidates,2.0
coach_season,2009,Eric Mangini,CLE,m2_cases,0.0
coach_season,2009,Eric Mangini,CLE,m2_ep_left,0.0
coach_season,2009,Eric Mangini,CLE,m2_wp_left,0.0
coach_season,2009,Eric Mangini,CLE,m3_cases,0.0
coach_season,2009,Eric Mangini,CLE,m3_decisive_games,0.0
coach_season,2009,Eric Mangini,CLE,m3_seconds_wasted,0.0
coach_season,2009,Gary Kubiak,HOU,games,16.0
coach_season,2009,Gary Kubiak,HOU,m1_candidates,1.0
coach_season,2009,Gary Kubiak,HOU,m1_cases,0.0
coach_season,2009,Gary Kubiak,HOU,m1_timeouts_left,0.0
coach_season,2009,Gary Kubiak,HOU,m2_candidates,0.0
coach_season,2009,Gary Kubiak,HOU,m2_cases,0.0
coach_season,2009,Gary Kubiak,HOU,m2_ep_left,0.0
coach_season,2009,Gary Kubiak,HOU,m2_wp_left,0.0
coach_season,2009,Gary Kubiak,HOU,m3_cases,0.0
coach_season,2009,Gary Kubiak,HOU,m3_decisive_games,1.0
coach_season,2009,Gary Kubiak,HOU,m3_seconds_wasted,0.0
coach_season,2009,Jack Del Rio,JAX,games,16.0
coach_season,2009,Jack Del Rio,JAX,m1_candidates,0.0
coach_season,2009,Jack Del Rio,JAX,m1_cases,0.0
coach_season,2009,Jack Del Rio,JAX,m1_timeouts_left,0.0
coach_season,2009,Jack Del Rio,JAX,m2_candidates,0.0
coach_season,2009,Jack Del Rio,JAX,m2_cases,0.0
coach_season,2009,Jack Del Rio,JAX,m2_ep_left,0.0
coach_season,2009,Jack Del Rio,JAX,m2_wp_left,0.0
coach_season,2009,Jack Del Rio,JAX,m3_cases,0.0
coach_season,2009,Jack Del Rio,JAX,m3_decisive_games,1.0
coach_season,2009,Jack Del Rio,JAX,m3_seconds_wasted,0.0
coach_season,2009,Jeff Fisher,TEN,games,16.0
coach_season,2009,Jeff Fisher,TEN,m1_candidates,1.0
coach_season,2009,Jeff Fisher,TEN,m1_cases,0.0
coach_season,2009,Jeff Fisher,TEN,m1_timeouts_left,0.0
coach_season,2009,Jeff Fisher,TEN,m2_candidates,0.0
coach_season,2009,Jeff Fisher,TEN,m2_cases,0.0
coach_season,2009,Jeff Fisher,TEN,m2_ep_left,0.0
coach_season,2009,Jeff Fisher,TEN,m2_wp_left,0.0
coach_season,2009,Jeff Fisher,TEN,m3_cases,0.0
coach_season,2009,Jeff Fisher,TEN,m3_decisive_games,0.0
coach_season,2009,Jeff Fisher,TEN,m3_seconds_wasted,0.0
coach_season,2009,Jim Caldwell,IND,games,19.0
coach_season,2009,Jim Caldwell,IND,m1_candidates,0.0
coach_season,2009,Jim Caldwell,IND,m1_cases,0.0
coach_season,2009,Jim Caldwell,IND,m1_timeouts_left,0.0
coach_season,2009,Jim Caldwell,IND,m2_candidates,0.0
coach_season,2009,Jim Caldwell,IND,m2_cases,0.0
coach_season,2009,Jim Caldwell,IND,m2_ep_left,0.0
coach_season,2009,Jim Caldwell,IND,m2_wp_left,0.0
coach_season,2009,Jim Caldwell,IND,m3_cases,0.0
coach_season,2009,Jim Caldwell,IND,m3_decisive_games,0.0
coach_season,2009,Jim Caldwell,IND,m3_seconds_wasted,0.0
coach_season,2009,Jim Mora,SEA,games,16.0
coach_season,2009,Jim Mora,SEA,m1_candidates,0.0
coach_season,2009,Jim Mora,SEA,m1_cases,0.0
coach_season,2009,Jim Mora,SEA,m1_timeouts_left,0.0
coach_season,2009,Jim Mora,SEA,m2_candidates,1.0
coach_season,2009,Jim Mora,SEA,m2_cases,0.0
coach_season,2009,Jim Mora,SEA,m2_ep_left,0.0
coach_season,2009,Jim Mora,SEA,m2_wp_left,0.0
coach_season,2009,Jim Mora,SEA,m3_cases,0.0
coach_season,2009,Jim Mora,SEA,m3_decisive_games,0.0
coach_season,2009,Jim Mora,SEA,m3_seconds_wasted,0.0
coach_season,2009,Jim Schwartz,DET,games,16.0
coach_season,2009,Jim Schwartz,DET,m1_candidates,1.0
coach_season,2009,Jim Schwartz,DET,m1_cases,1.0
coach_season,2009,Jim Schwartz,DET,m1_timeouts_left,1.0
coach_season,2009,Jim Schwartz,DET,m2_candidates,2.0
coach_season,2009,Jim Schwartz,DET,m2_cases,0.0
coach_season,2009,Jim Schwartz,DET,m2_ep_left,0.0
coach_season,2009,Jim Schwartz,DET,m2_wp_left,0.0
coach_season,2009,Jim Schwartz,DET,m3_cases,0.0
coach_season,2009,Jim Schwartz,DET,m3_decisive_games,1.0
coach_season,2009,Jim Schwartz,DET,m3_seconds_wasted,0.0
coach_season,2009,Jim Zorn,WAS,games,16.0
coach_season,2009,Jim Zorn,WAS,m1_candidates,1.0
coach_season,2009,Jim Zorn,WAS,m1_cases,0.0
coach_season,2009,Jim Zorn,WAS,m1_timeouts_left,0.0
coach_season,2009,Jim Zorn,WAS,m2_candidates,0.0
coach_season,2009,Jim Zorn,WAS,m2_cases,0.0
coach_season,2009,Jim Zorn,WAS,m2_ep_left,0.0
coach_season,2009,Jim Zorn,WAS,m2_wp_left,0.0
coach_season,2009,Jim Zorn,WAS,m3_cases,0.0
coach_season,2009,Jim Zorn,WAS,m3_decisive_games,3.0
coach_season,2009,Jim Zorn,WAS,m3_seconds_wasted,0.0
coach_season,2009,John Fox,CAR,games,16.0
coach_season,2009,John Fox,CAR,m1_candidates,0.0
coach_season,2009,John Fox,CAR,m1_cases,0.0
coach_season,2009,John Fox,CAR,m1_timeouts_left,0.0
coach_season,2009,John Fox,CAR,m2_candidates,0.0
coach_season,2009,John Fox,CAR,m2_cases,0.0
coach_season,2009,John Fox,CAR,m2_ep_left,0.0
coach_season,2009,John Fox,CAR,m2_wp_left,0.0
coach_season,2009,John Fox,CAR,m3_cases,0.0
coach_season,2009,John Fox,CAR,m3_decisive_games,2.0
coach_season,2009,John Fox,CAR,m3_seconds_wasted,0.0
coach_season,2009,John Harbaugh,BAL,games,18.0
coach_season,2009,John Harbaugh,BAL,m1_candidates,0.0
coach_season,2009,John Harbaugh,BAL,m1_cases,0.0
coach_season,2009,John Harbaugh,BAL,m1_timeouts_left,0.0
coach_season,2009,John Harbaugh,BAL,m2_candidates,2.0
coach_season,2009,John Harbaugh,BAL,m2_cases,0.0
coach_season,2009,John Harbaugh,BAL,m2_ep_left,0.0
coach_season,2009,John Harbaugh,BAL,m2_wp_left,0.0
coach_season,2009,John Harbaugh,BAL,m3_cases,0.0
coach_season,2009,John Harbaugh,BAL,m3_decisive_games,0.0
coach_season,2009,John Harbaugh,BAL,m3_seconds_wasted,0.0
coach_season,2009,Josh McDaniels,DEN,games,16.0
coach_season,2009,Josh McDaniels,DEN,m1_candidates,0.0
coach_season,2009,Josh McDaniels,DEN,m1_cases,0.0
coach_season,2009,Josh McDaniels,DEN,m1_timeouts_left,0.0
coach_season,2009,Josh McDaniels,DEN,m2_candidates,1.0
coach_season,2009,Josh McDaniels,DEN,m2_cases,0.0
coach_season,2009,Josh McDaniels,DEN,m2_ep_left,0.0
coach_season,2009,Josh McDaniels,DEN,m2_wp_left,0.0
coach_season,2009,Josh McDaniels,DEN,m3_cases,0.0
coach_season,2009,Josh McDaniels,DEN,m3_decisive_games,0.0
coach_season,2009,Josh McDaniels,DEN,m3_seconds_wasted,0.0
coach_season,2009,Ken Whisenhunt,ARI,games,18.0
coach_season,2009,Ken Whisenhunt,ARI,m1_candidates,0.0
coach_season,2009,Ken Whisenhunt,ARI,m1_cases,0.0
coach_season,2009,Ken Whisenhunt,ARI,m1_timeouts_left,0.0
coach_season,2009,Ken Whisenhunt,ARI,m2_candidates,0.0
coach_season,2009,Ken Whisenhunt,ARI,m2_cases,0.0
coach_season,2009,Ken Whisenhunt,ARI,m2_ep_left,0.0
coach_season,2009,Ken Whisenhunt,ARI,m2_wp_left,0.0
coach_season,2009,Ken Whisenhunt,ARI,m3_cases,0.0
coach_season,2009,Ken Whisenhunt,ARI,m3_decisive_games,1.0
coach_season,2009,Ken Whisenhunt,ARI,m3_seconds_wasted,0.0
coach_season,2009,Lovie Smith,CHI,games,16.0
coach_season,2009,Lovie Smith,CHI,m1_candidates,0.0
coach_season,2009,Lovie Smith,CHI,m1_cases,0.0
coach_season,2009,Lovie Smith,CHI,m1_timeouts_left,0.0
coach_season,2009,Lovie Smith,CHI,m2_candidates,0.0
coach_season,2009,Lovie Smith,CHI,m2_cases,0.0
coach_season,2009,Lovie Smith,CHI,m2_ep_left,0.0
coach_season,2009,Lovie Smith,CHI,m2_wp_left,0.0
coach_season,2009,Lovie Smith,CHI,m3_cases,0.0
coach_season,2009,Lovie Smith,CHI,m3_decisive_games,0.0
coach_season,2009,Lovie Smith,CHI,m3_seconds_wasted,0.0
coach_season,2009,Marvin Lewis,CIN,games,17.0
coach_season,2009,Marvin Lewis,CIN,m1_candidates,0.0
coach_season,2009,Marvin Lewis,CIN,m1_cases,0.0
coach_season,2009,Marvin Lewis,CIN,m1_timeouts_left,0.0
coach_season,2009,Marvin Lewis,CIN,m2_candidates,0.0
coach_season,2009,Marvin Lewis,CIN,m2_cases,0.0
coach_season,2009,Marvin Lewis,CIN,m2_ep_left,0.0
coach_season,2009,Marvin Lewis,CIN,m2_wp_left,0.0
coach_season,2009,Marvin Lewis,CIN,m3_cases,0.0
coach_season,2009,Marvin Lewis,CIN,m3_decisive_games,0.0
coach_season,2009,Marvin Lewis,CIN,m3_seconds_wasted,0.0
coach_season,2009,Mike McCarthy,GB,games,17.0
coach_season,2009,Mike McCarthy,GB,m1_candidates,0.0
coach_season,2009,Mike McCarthy,GB,m1_cases,0.0
coach_season,2009,Mike McCarthy,GB,m1_timeouts_left,0.0
coach_season,2009,Mike McCarthy,GB,m2_candidates,1.0
coach_season,2009,Mike McCarthy,GB,m2_cases,0.0
coach_season,2009,Mike McCarthy,GB,m2_ep_left,0.0
coach_season,2009,Mike McCarthy,GB,m2_wp_left,0.0
coach_season,2009,Mike McCarthy,GB,m3_cases,0.0
coach_season,2009,Mike McCarthy,GB,m3_decisive_games,0.0
coach_season,2009,Mike McCarthy,GB,m3_seconds_wasted,0.0
coach_season,2009,Mike Singletary,SF,games,16.0
coach_season,2009,Mike Singletary,SF,m1_candidates,1.0
coach_season,2009,Mike Singletary,SF,m1_cases,0.0
coach_season,2009,Mike Singletary,SF,m1_timeouts_left,0.0
coach_season,2009,Mike Singletary,SF,m2_candidates,0.0
coach_season,2009,Mike Singletary,SF,m2_cases,0.0
coach_season,2009,Mike Singletary,SF,m2_ep_left,0.0
coach_season,2009,Mike Singletary,SF,m2_wp_left,0.0
coach_season,2009,Mike Singletary,SF,m3_cases,0.0
coach_season,2009,Mike Singletary,SF,m3_decisive_games,1.0
coach_season,2009,Mike Singletary,SF,m3_seconds_wasted,0.0
coach_season,2009,Mike Smith,ATL,games,16.0
coach_season,2009,Mike Smith,ATL,m1_candidates,0.0
coach_season,2009,Mike Smith,ATL,m1_cases,0.0
coach_season,2009,Mike Smith,ATL,m1_timeouts_left,0.0
coach_season,2009,Mike Smith,ATL,m2_candidates,0.0
coach_season,2009,Mike Smith,ATL,m2_cases,0.0
coach_season,2009,Mike Smith,ATL,m2_ep_left,0.0
coach_season,2009,Mike Smith,ATL,m2_wp_left,0.0
coach_season,2009,Mike Smith,ATL,m3_cases,0.0
coach_season,2009,Mike Smith,ATL,m3_decisive_games,0.0
coach_season,2009,Mike Smith,ATL,m3_seconds_wasted,0.0
coach_season,2009,Mike Tomlin,PIT,games,16.0
coach_season,2009,Mike Tomlin,PIT,m1_candidates,2.0
coach_season,2009,Mike Tomlin,PIT,m1_cases,1.0
coach_season,2009,Mike Tomlin,PIT,m1_timeouts_left,1.0
coach_season,2009,Mike Tomlin,PIT,m2_candidates,1.0
coach_season,2009,Mike Tomlin,PIT,m2_cases,0.0
coach_season,2009,Mike Tomlin,PIT,m2_ep_left,0.0
coach_season,2009,Mike Tomlin,PIT,m2_wp_left,0.0
coach_season,2009,Mike Tomlin,PIT,m3_cases,0.0
coach_season,2009,Mike Tomlin,PIT,m3_decisive_games,1.0
coach_season,2009,Mike Tomlin,PIT,m3_seconds_wasted,0.0
coach_season,2009,Norv Turner,LAC,games,17.0
coach_season,2009,Norv Turner,LAC,m1_candidates,0.0
coach_season,2009,Norv Turner,LAC,m1_cases,0.0
coach_season,2009,Norv Turner,LAC,m1_timeouts_left,0.0
coach_season,2009,Norv Turner,LAC,m2_candidates,0.0
coach_season,2009,Norv Turner,LAC,m2_cases,0.0
coach_season,2009,Norv Turner,LAC,m2_ep_left,0.0
coach_season,2009,Norv Turner,LAC,m2_wp_left,0.0
coach_season,2009,Norv Turner,LAC,m3_cases,0.0
coach_season,2009,Norv Turner,LAC,m3_decisive_games,1.0
coach_season,2009,Norv Turner,LAC,m3_seconds_wasted,0.0
coach_season,2009,Perry Fewell,BUF,games,7.0
coach_season,2009,Perry Fewell,BUF,m1_candidates,0.0
coach_season,2009,Perry Fewell,BUF,m1_cases,0.0
coach_season,2009,Perry Fewell,BUF,m1_timeouts_left,0.0
coach_season,2009,Perry Fewell,BUF,m2_candidates,0.0
coach_season,2009,Perry Fewell,BUF,m2_cases,0.0
coach_season,2009,Perry Fewell,BUF,m2_ep_left,0.0
coach_season,2009,Perry Fewell,BUF,m2_wp_left,0.0
coach_season,2009,Perry Fewell,BUF,m3_cases,0.0
coach_season,2009,Perry Fewell,BUF,m3_decisive_games,0.0
coach_season,2009,Perry Fewell,BUF,m3_seconds_wasted,0.0
coach_season,2009,Raheem Morris,TB,games,16.0
coach_season,2009,Raheem Morris,TB,m1_candidates,0.0
coach_season,2009,Raheem Morris,TB,m1_cases,0.0
coach_season,2009,Raheem Morris,TB,m1_timeouts_left,0.0
coach_season,2009,Raheem Morris,TB,m2_candidates,0.0
coach_season,2009,Raheem Morris,TB,m2_cases,0.0
coach_season,2009,Raheem Morris,TB,m2_ep_left,0.0
coach_season,2009,Raheem Morris,TB,m2_wp_left,0.0
coach_season,2009,Raheem Morris,TB,m3_cases,0.0
coach_season,2009,Raheem Morris,TB,m3_decisive_games,1.0
coach_season,2009,Raheem Morris,TB,m3_seconds_wasted,0.0
coach_season,2009,Rex Ryan,NYJ,games,19.0
coach_season,2009,Rex Ryan,NYJ,m1_candidates,0.0
coach_season,2009,Rex Ryan,NYJ,m1_cases,0.0
coach_season,2009,Rex Ryan,NYJ,m1_timeouts_left,0.0
coach_season,2009,Rex Ryan,NYJ,m2_candidates,1.0
coach_season,2009,Rex Ryan,NYJ,m2_cases,0.0
coach_season,2009,Rex Ryan,NYJ,m2_ep_left,0.0
coach_season,2009,Rex Ryan,NYJ,m2_wp_left,0.0
coach_season,2009,Rex Ryan,NYJ,m3_cases,0.0
coach_season,2009,Rex Ryan,NYJ,m3_decisive_games,0.0
coach_season,2009,Rex Ryan,NYJ,m3_seconds_wasted,0.0
coach_season,2009,Sean Payton,NO,games,19.0
coach_season,2009,Sean Payton,NO,m1_candidates,0.0
coach_season,2009,Sean Payton,NO,m1_cases,0.0
coach_season,2009,Sean Payton,NO,m1_timeouts_left,0.0
coach_season,2009,Sean Payton,NO,m2_candidates,1.0
coach_season,2009,Sean Payton,NO,m2_cases,0.0
coach_season,2009,Sean Payton,NO,m2_ep_left,0.0
coach_season,2009,Sean Payton,NO,m2_wp_left,0.0
coach_season,2009,Sean Payton,NO,m3_cases,0.0
coach_season,2009,Sean Payton,NO,m3_decisive_games,0.0
coach_season,2009,Sean Payton,NO,m3_seconds_wasted,0.0
coach_season,2009,Steve Spagnuolo,LA,games,16.0
coach_season,2009,Steve Spagnuolo,LA,m1_candidates,0.0
coach_season,2009,Steve Spagnuolo,LA,m1_cases,0.0
coach_season,2009,Steve Spagnuolo,LA,m1_timeouts_left,0.0
coach_season,2009,Steve Spagnuolo,LA,m2_candidates,1.0
coach_season,2009,Steve Spagnuolo,LA,m2_cases,0.0
coach_season,2009,Steve Spagnuolo,LA,m2_ep_left,0.0
coach_season,2009,Steve Spagnuolo,LA,m2_wp_left,0.0
coach_season,2009,Steve Spagnuolo,LA,m3_cases,0.0
coach_season,2009,Steve Spagnuolo,LA,m3_decisive_games,0.0
coach_season,2009,Steve Spagnuolo,LA,m3_seconds_wasted,0.0
coach_season,2009,Todd Haley,KC,games,16.0
coach_season,2009,Todd Haley,KC,m1_candidates,2.0
coach_season,2009,Todd Haley,KC,m1_cases,0.0
coach_season,2009,Todd Haley,KC,m1_timeouts_left,0.0
coach_season,2009,Todd Haley,KC,m2_candidates,0.0
coach_season,2009,Todd Haley,KC,m2_cases,0.0
coach_season,2009,Todd Haley,KC,m2_ep_left,0.0
coach_season,2009,Todd Haley,KC,m2_wp_left,0.0
coach_season,2009,Todd Haley,KC,m3_cases,0.0
coach_season,2009,Todd Haley,KC,m3_decisive_games,3.0
coach_season,2009,Todd Haley,KC,m3_seconds_wasted,0.0
coach_season,2009,Tom Cable,LV,games,16.0
coach_season,2009,Tom Cable,LV,m1_candidates,0.0
coach_season,2009,Tom Cable,LV,m1_cases,0.0
coach_season,2009,Tom Cable,LV,m1_timeouts_left,0.0
coach_season,2009,Tom Cable,LV,m2_candidates,0.0
coach_season,2009,Tom Cable,LV,m2_cases,0.0
coach_season,2009,Tom Cable,LV,m2_ep_left,0.0
coach_season,2009,Tom Cable,LV,m2_wp_left,0.0
coach_season,2009,Tom Cable,LV,m3_cases,0.0
coach_season,2009,Tom Cable,LV,m3_decisive_games,0.0
coach_season,2009,Tom Cable,LV,m3_seconds_wasted,0.0
coach_season,2009,Tom Coughlin,NYG,games,16.0
coach_season,2009,Tom Coughlin,NYG,m1_candidates,0.0
coach_season,2009,Tom Coughlin,NYG,m1_cases,0.0
coach_season,2009,Tom Coughlin,NYG,m1_timeouts_left,0.0
coach_season,2009,Tom Coughlin,NYG,m2_candidates,0.0
coach_season,2009,Tom Coughlin,NYG,m2_cases,0.0
coach_season,2009,Tom Coughlin,NYG,m2_ep_left,0.0
coach_season,2009,Tom Coughlin,NYG,m2_wp_left,0.0
coach_season,2009,Tom Coughlin,NYG,m3_cases,0.0
coach_season,2009,Tom Coughlin,NYG,m3_decisive_games,1.0
coach_season,2009,Tom Coughlin,NYG,m3_seconds_wasted,0.0
coach_season,2009,Tony Sparano,MIA,games,16.0
coach_season,2009,Tony Sparano,MIA,m1_candidates,0.0
coach_season,2009,Tony Sparano,MIA,m1_cases,0.0
coach_season,2009,Tony Sparano,MIA,m1_timeouts_left,0.0
coach_season,2009,Tony Sparano,MIA,m2_candidates,0.0
coach_season,2009,Tony Sparano,MIA,m2_cases,0.0
coach_season,2009,Tony Sparano,MIA,m2_ep_left,0.0
coach_season,2009,Tony Sparano,MIA,m2_wp_left,0.0
coach_season,2009,Tony Sparano,MIA,m3_cases,0.0
coach_season,2009,Tony Sparano,MIA,m3_decisive_games,1.0
coach_season,2009,Tony Sparano,MIA,m3_seconds_wasted,0.0
coach_season,2009,Wade Phillips,DAL,games,18.0
coach_season,2009,Wade Phillips,DAL,m1_candidates,0.0
coach_season,2009,Wade Phillips,DAL,m1_cases,0.0
coach_season,2009,Wade Phillips,DAL,m1_timeouts_left,0.0
coach_season,2009,Wade Phillips,DAL,m2_candidates,0.0
coach_season,2009,Wade Phillips,DAL,m2_cases,0.0
coach_season,2009,Wade Phillips,DAL,m2_ep_left,0.0
coach_season,2009,Wade Phillips,DAL,m2_wp_left,0.0
coach_season,2009,Wade Phillips,DAL,m3_cases,0.0
coach_season,2009,Wade Phillips,DAL,m3_decisive_games,0.0
coach_season,2009,Wade Phillips,DAL,m3_seconds_wasted,0.0
coach_season,2010,Andy Reid,PHI,games,17.0
coach_season,2010,Andy Reid,PHI,m1_candidates,0.0
coach_season,2010,Andy Reid,PHI,m1_cases,0.0
coach_season,2010,Andy Reid,PHI,m1_timeouts_left,0.0
coach_season,2010,Andy Reid,PHI,m2_candidates,0.0
coach_season,2010,Andy Reid,PHI,m2_cases,0.0
coach_season,2010,Andy Reid,PHI,m2_ep_left,0.0
coach_season,2010,Andy Reid,PHI,m2_wp_left,0.0
coach_season,2010,Andy Reid,PHI,m3_cases,0.0
coach_season,2010,Andy Reid,PHI,m3_decisive_games,0.0
coach_season,2010,Andy Reid,PHI,m3_seconds_wasted,0.0
coach_season,2010,Bill Belichick,NE,games,17.0
coach_season,2010,Bill Belichick,NE,m1_candidates,0.0
coach_season,2010,Bill Belichick,NE,m1_cases,0.0
coach_season,2010,Bill Belichick,NE,m1_timeouts_left,0.0
coach_season,2010,Bill Belichick,NE,m2_candidates,0.0
coach_season,2010,Bill Belichick,NE,m2_cases,0.0
coach_season,2010,Bill Belichick,NE,m2_ep_left,0.0
coach_season,2010,Bill Belichick,NE,m2_wp_left,0.0
coach_season,2010,Bill Belichick,NE,m3_cases,0.0
coach_season,2010,Bill Belichick,NE,m3_decisive_games,1.0
coach_season,2010,Bill Belichick,NE,m3_seconds_wasted,0.0
coach_season,2010,Brad Childress,MIN,games,10.0
coach_season,2010,Brad Childress,MIN,m1_candidates,0.0
coach_season,2010,Brad Childress,MIN,m1_cases,0.0
coach_season,2010,Brad Childress,MIN,m1_timeouts_left,0.0
coach_season,2010,Brad Childress,MIN,m2_candidates,0.0
coach_season,2010,Brad Childress,MIN,m2_cases,0.0
coach_season,2010,Brad Childress,MIN,m2_ep_left,0.0
coach_season,2010,Brad Childress,MIN,m2_wp_left,0.0
coach_season,2010,Brad Childress,MIN,m3_cases,0.0
coach_season,2010,Brad Childress,MIN,m3_decisive_games,0.0
coach_season,2010,Brad Childress,MIN,m3_seconds_wasted,0.0
coach_season,2010,Chan Gailey,BUF,games,16.0
coach_season,2010,Chan Gailey,BUF,m1_candidates,0.0
coach_season,2010,Chan Gailey,BUF,m1_cases,0.0
coach_season,2010,Chan Gailey,BUF,m1_timeouts_left,0.0
coach_season,2010,Chan Gailey,BUF,m2_candidates,0.0
coach_season,2010,Chan Gailey,BUF,m2_cases,0.0
coach_season,2010,Chan Gailey,BUF,m2_ep_left,0.0
coach_season,2010,Chan Gailey,BUF,m2_wp_left,0.0
coach_season,2010,Chan Gailey,BUF,m3_cases,0.0
coach_season,2010,Chan Gailey,BUF,m3_decisive_games,2.0
coach_season,2010,Chan Gailey,BUF,m3_seconds_wasted,0.0
coach_season,2010,Eric Mangini,CLE,games,16.0
coach_season,2010,Eric Mangini,CLE,m1_candidates,1.0
coach_season,2010,Eric Mangini,CLE,m1_cases,0.0
coach_season,2010,Eric Mangini,CLE,m1_timeouts_left,0.0
coach_season,2010,Eric Mangini,CLE,m2_candidates,0.0
coach_season,2010,Eric Mangini,CLE,m2_cases,0.0
coach_season,2010,Eric Mangini,CLE,m2_ep_left,0.0
coach_season,2010,Eric Mangini,CLE,m2_wp_left,0.0
coach_season,2010,Eric Mangini,CLE,m3_cases,0.0
coach_season,2010,Eric Mangini,CLE,m3_decisive_games,2.0
coach_season,2010,Eric Mangini,CLE,m3_seconds_wasted,0.0
coach_season,2010,Eric Studesville,DEN,games,4.0
coach_season,2010,Eric Studesville,DEN,m1_candidates,0.0
coach_season,2010,Eric Studesville,DEN,m1_cases,0.0
coach_season,2010,Eric Studesville,DEN,m1_timeouts_left,0.0
coach_season,2010,Eric Studesville,DEN,m2_candidates,1.0
coach_season,2010,Eric Studesville,DEN,m2_cases,0.0
coach_season,2010,Eric Studesville,DEN,m2_ep_left,0.0
coach_season,2010,Eric Studesville,DEN,m2_wp_left,0.0
coach_season,2010,Eric Studesville,DEN,m3_cases,0.0
coach_season,2010,Eric Studesville,DEN,m3_decisive_games,0.0
coach_season,2010,Eric Studesville,DEN,m3_seconds_wasted,0.0
coach_season,2010,Gary Kubiak,HOU,games,16.0
coach_season,2010,Gary Kubiak,HOU,m1_candidates,0.0
coach_season,2010,Gary Kubiak,HOU,m1_cases,0.0
coach_season,2010,Gary Kubiak,HOU,m1_timeouts_left,0.0
coach_season,2010,Gary Kubiak,HOU,m2_candidates,0.0
coach_season,2010,Gary Kubiak,HOU,m2_cases,0.0
coach_season,2010,Gary Kubiak,HOU,m2_ep_left,0.0
coach_season,2010,Gary Kubiak,HOU,m2_wp_left,0.0
coach_season,2010,Gary Kubiak,HOU,m3_cases,0.0
coach_season,2010,Gary Kubiak,HOU,m3_decisive_games,0.0
coach_season,2010,Gary Kubiak,HOU,m3_seconds_wasted,0.0
coach_season,2010,Jack Del Rio,JAX,games,16.0
coach_season,2010,Jack Del Rio,JAX,m1_candidates,1.0
coach_season,2010,Jack Del Rio,JAX,m1_cases,0.0
coach_season,2010,Jack Del Rio,JAX,m1_timeouts_left,0.0
coach_season,2010,Jack Del Rio,JAX,m2_candidates,1.0
coach_season,2010,Jack Del Rio,JAX,m2_cases,0.0
coach_season,2010,Jack Del Rio,JAX,m2_ep_left,0.0
coach_season,2010,Jack Del Rio,JAX,m2_wp_left,0.0
coach_season,2010,Jack Del Rio,JAX,m3_cases,0.0
coach_season,2010,Jack Del Rio,JAX,m3_decisive_games,0.0
coach_season,2010,Jack Del Rio,JAX,m3_seconds_wasted,0.0
coach_season,2010,Jason Garrett,DAL,games,8.0
coach_season,2010,Jason Garrett,DAL,m1_candidates,0.0
coach_season,2010,Jason Garrett,DAL,m1_cases,0.0
coach_season,2010,Jason Garrett,DAL,m1_timeouts_left,0.0
coach_season,2010,Jason Garrett,DAL,m2_candidates,0.0
coach_season,2010,Jason Garrett,DAL,m2_cases,0.0
coach_season,2010,Jason Garrett,DAL,m2_ep_left,0.0
coach_season,2010,Jason Garrett,DAL,m2_wp_left,0.0
coach_season,2010,Jason Garrett,DAL,m3_cases,0.0
coach_season,2010,Jason Garrett,DAL,m3_decisive_games,0.0
coach_season,2010,Jason Garrett,DAL,m3_seconds_wasted,0.0
coach_season,2010,Jeff Fisher,TEN,games,16.0
coach_season,2010,Jeff Fisher,TEN,m1_candidates,0.0
coach_season,2010,Jeff Fisher,TEN,m1_cases,0.0
coach_season,2010,Jeff Fisher,TEN,m1_timeouts_left,0.0
coach_season,2010,Jeff Fisher,TEN,m2_candidates,0.0
coach_season,2010,Jeff Fisher,TEN,m2_cases,0.0
coach_season,2010,Jeff Fisher,TEN,m2_ep_left,0.0
coach_season,2010,Jeff Fisher,TEN,m2_wp_left,0.0
coach_season,2010,Jeff Fisher,TEN,m3_cases,0.0
coach_season,2010,Jeff Fisher,TEN,m3_decisive_games,1.0
coach_season,2010,Jeff Fisher,TEN,m3_seconds_wasted,0.0
coach_season,2010,Jim Caldwell,IND,games,17.0
coach_season,2010,Jim Caldwell,IND,m1_candidates,0.0
coach_season,2010,Jim Caldwell,IND,m1_cases,0.0
coach_season,2010,Jim Caldwell,IND,m1_timeouts_left,0.0
coach_season,2010,Jim Caldwell,IND,m2_candidates,1.0
coach_season,2010,Jim Caldwell,IND,m2_cases,0.0
coach_season,2010,Jim Caldwell,IND,m2_ep_left,0.0
coach_season,2010,Jim Caldwell,IND,m2_wp_left,0.0
coach_season,2010,Jim Caldwell,IND,m3_cases,0.0
coach_season,2010,Jim Caldwell,IND,m3_decisive_games,1.0
coach_season,2010,Jim Caldwell,IND,m3_seconds_wasted,0.0
coach_season,2010,Jim Schwartz,DET,games,16.0
coach_season,2010,Jim Schwartz,DET,m1_candidates,2.0
coach_season,2010,Jim Schwartz,DET,m1_cases,0.0
coach_season,2010,Jim Schwartz,DET,m1_timeouts_left,0.0
coach_season,2010,Jim Schwartz,DET,m2_candidates,0.0
coach_season,2010,Jim Schwartz,DET,m2_cases,0.0
coach_season,2010,Jim Schwartz,DET,m2_ep_left,0.0
coach_season,2010,Jim Schwartz,DET,m2_wp_left,0.0
coach_season,2010,Jim Schwartz,DET,m3_cases,0.0
coach_season,2010,Jim Schwartz,DET,m3_decisive_games,2.0
coach_season,2010,Jim Schwartz,DET,m3_seconds_wasted,0.0
coach_season,2010,Jim Tomsula,SF,games,1.0
coach_season,2010,Jim Tomsula,SF,m1_candidates,0.0
coach_season,2010,Jim Tomsula,SF,m1_cases,0.0
coach_season,2010,Jim Tomsula,SF,m1_timeouts_left,0.0
coach_season,2010,Jim Tomsula,SF,m2_candidates,0.0
coach_season,2010,Jim Tomsula,SF,m2_cases,0.0
coach_season,2010,Jim Tomsula,SF,m2_ep_left,0.0
coach_season,2010,Jim Tomsula,SF,m2_wp_left,0.0
coach_season,2010,Jim Tomsula,SF,m3_cases,0.0
coach_season,2010,Jim Tomsula,SF,m3_decisive_games,0.0
coach_season,2010,Jim Tomsula,SF,m3_seconds_wasted,0.0
coach_season,2010,John Fox,CAR,games,16.0
coach_season,2010,John Fox,CAR,m1_candidates,0.0
coach_season,2010,John Fox,CAR,m1_cases,0.0
coach_season,2010,John Fox,CAR,m1_timeouts_left,0.0
coach_season,2010,John Fox,CAR,m2_candidates,1.0
coach_season,2010,John Fox,CAR,m2_cases,0.0
coach_season,2010,John Fox,CAR,m2_ep_left,0.0
coach_season,2010,John Fox,CAR,m2_wp_left,0.0
coach_season,2010,John Fox,CAR,m3_cases,0.0
coach_season,2010,John Fox,CAR,m3_decisive_games,1.0
coach_season,2010,John Fox,CAR,m3_seconds_wasted,0.0
coach_season,2010,John Harbaugh,BAL,games,18.0
coach_season,2010,John Harbaugh,BAL,m1_candidates,1.0
coach_season,2010,John Harbaugh,BAL,m1_cases,0.0
coach_season,2010,John Harbaugh,BAL,m1_timeouts_left,0.0
coach_season,2010,John Harbaugh,BAL,m2_candidates,0.0
coach_season,2010,John Harbaugh,BAL,m2_cases,0.0
coach_season,2010,John Harbaugh,BAL,m2_ep_left,0.0
coach_season,2010,John Harbaugh,BAL,m2_wp_left,0.0
coach_season,2010,John Harbaugh,BAL,m3_cases,0.0
coach_season,2010,John Harbaugh,BAL,m3_decisive_games,0.0
coach_season,2010,John Harbaugh,BAL,m3_seconds_wasted,0.0
coach_season,2010,Josh McDaniels,DEN,games,12.0
coach_season,2010,Josh McDaniels,DEN,m1_candidates,0.0
coach_season,2010,Josh McDaniels,DEN,m1_cases,0.0
coach_season,2010,Josh McDaniels,DEN,m1_timeouts_left,0.0
coach_season,2010,Josh McDaniels,DEN,m2_candidates,0.0
coach_season,2010,Josh McDaniels,DEN,m2_cases,0.0
coach_season,2010,Josh McDaniels,DEN,m2_ep_left,0.0
coach_season,2010,Josh McDaniels,DEN,m2_wp_left,0.0
coach_season,2010,Josh McDaniels,DEN,m3_cases,0.0
coach_season,2010,Josh McDaniels,DEN,m3_decisive_games,1.0
coach_season,2010,Josh McDaniels,DEN,m3_seconds_wasted,0.0
coach_season,2010,Ken Whisenhunt,ARI,games,16.0
coach_season,2010,Ken Whisenhunt,ARI,m1_candidates,0.0
coach_season,2010,Ken Whisenhunt,ARI,m1_cases,0.0
coach_season,2010,Ken Whisenhunt,ARI,m1_timeouts_left,0.0
coach_season,2010,Ken Whisenhunt,ARI,m2_candidates,0.0
coach_season,2010,Ken Whisenhunt,ARI,m2_cases,0.0
coach_season,2010,Ken Whisenhunt,ARI,m2_ep_left,0.0
coach_season,2010,Ken Whisenhunt,ARI,m2_wp_left,0.0
coach_season,2010,Ken Whisenhunt,ARI,m3_cases,0.0
coach_season,2010,Ken Whisenhunt,ARI,m3_decisive_games,1.0
coach_season,2010,Ken Whisenhunt,ARI,m3_seconds_wasted,0.0
coach_season,2010,Leslie Frazier,MIN,games,6.0
coach_season,2010,Leslie Frazier,MIN,m1_candidates,0.0
coach_season,2010,Leslie Frazier,MIN,m1_cases,0.0
coach_season,2010,Leslie Frazier,MIN,m1_timeouts_left,0.0
coach_season,2010,Leslie Frazier,MIN,m2_candidates,0.0
coach_season,2010,Leslie Frazier,MIN,m2_cases,0.0
coach_season,2010,Leslie Frazier,MIN,m2_ep_left,0.0
coach_season,2010,Leslie Frazier,MIN,m2_wp_left,0.0
coach_season,2010,Leslie Frazier,MIN,m3_cases,0.0
coach_season,2010,Leslie Frazier,MIN,m3_decisive_games,1.0
coach_season,2010,Leslie Frazier,MIN,m3_seconds_wasted,0.0
coach_season,2010,Lovie Smith,CHI,games,18.0
coach_season,2010,Lovie Smith,CHI,m1_candidates,1.0
coach_season,2010,Lovie Smith,CHI,m1_cases,0.0
coach_season,2010,Lovie Smith,CHI,m1_timeouts_left,0.0
coach_season,2010,Lovie Smith,CHI,m2_candidates,0.0
coach_season,2010,Lovie Smith,CHI,m2_cases,0.0
coach_season,2010,Lovie Smith,CHI,m2_ep_left,0.0
coach_season,2010,Lovie Smith,CHI,m2_wp_left,0.0
coach_season,2010,Lovie Smith,CHI,m3_cases,0.0
coach_season,2010,Lovie Smith,CHI,m3_decisive_games,1.0
coach_season,2010,Lovie Smith,CHI,m3_seconds_wasted,0.0
coach_season,2010,Marvin Lewis,CIN,games,16.0
coach_season,2010,Marvin Lewis,CIN,m1_candidates,0.0
coach_season,2010,Marvin Lewis,CIN,m1_cases,0.0
coach_season,2010,Marvin Lewis,CIN,m1_timeouts_left,0.0
coach_season,2010,Marvin Lewis,CIN,m2_candidates,0.0
coach_season,2010,Marvin Lewis,CIN,m2_cases,0.0
coach_season,2010,Marvin Lewis,CIN,m2_ep_left,0.0
coach_season,2010,Marvin Lewis,CIN,m2_wp_left,0.0
coach_season,2010,Marvin Lewis,CIN,m3_cases,0.0
coach_season,2010,Marvin Lewis,CIN,m3_decisive_games,2.0
coach_season,2010,Marvin Lewis,CIN,m3_seconds_wasted,0.0
coach_season,2010,Mike McCarthy,GB,games,20.0
coach_season,2010,Mike McCarthy,GB,m1_candidates,1.0
coach_season,2010,Mike McCarthy,GB,m1_cases,0.0
coach_season,2010,Mike McCarthy,GB,m1_timeouts_left,0.0
coach_season,2010,Mike McCarthy,GB,m2_candidates,1.0
coach_season,2010,Mike McCarthy,GB,m2_cases,0.0
coach_season,2010,Mike McCarthy,GB,m2_ep_left,0.0
coach_season,2010,Mike McCarthy,GB,m2_wp_left,0.0
coach_season,2010,Mike McCarthy,GB,m3_cases,0.0
coach_season,2010,Mike McCarthy,GB,m3_decisive_games,1.0
coach_season,2010,Mike McCarthy,GB,m3_seconds_wasted,0.0
coach_season,2010,Mike Shanahan,WAS,games,16.0
coach_season,2010,Mike Shanahan,WAS,m1_candidates,0.0
coach_season,2010,Mike Shanahan,WAS,m1_cases,0.0
coach_season,2010,Mike Shanahan,WAS,m1_timeouts_left,0.0
coach_season,2010,Mike Shanahan,WAS,m2_candidates,0.0
coach_season,2010,Mike Shanahan,WAS,m2_cases,0.0
coach_season,2010,Mike Shanahan,WAS,m2_ep_left,0.0
coach_season,2010,Mike Shanahan,WAS,m2_wp_left,0.0
coach_season,2010,Mike Shanahan,WAS,m3_cases,0.0
coach_season,2010,Mike Shanahan,WAS,m3_decisive_games,1.0
coach_season,2010,Mike Shanahan,WAS,m3_seconds_wasted,0.0
coach_season,2010,Mike Singletary,SF,games,15.0
coach_season,2010,Mike Singletary,SF,m1_candidates,0.0
coach_season,2010,Mike Singletary,SF,m1_cases,0.0
coach_season,2010,Mike Singletary,SF,m1_timeouts_left,0.0
coach_season,2010,Mike Singletary,SF,m2_candidates,2.0
coach_season,2010,Mike Singletary,SF,m2_cases,0.0
coach_season,2010,Mike Singletary,SF,m2_ep_left,0.0
coach_season,2010,Mike Singletary,SF,m2_wp_left,0.0
coach_season,2010,Mike Singletary,SF,m3_cases,0.0
coach_season,2010,Mike Singletary,SF,m3_decisive_games,1.0
coach_season,2010,Mike Singletary,SF,m3_seconds_wasted,0.0
coach_season,2010,Mike Smith,ATL,games,17.0
coach_season,2010,Mike Smith,ATL,m1_candidates,1.0
coach_season,2010,Mike Smith,ATL,m1_cases,0.0
coach_season,2010,Mike Smith,ATL,m1_timeouts_left,0.0
coach_season,2010,Mike Smith,ATL,m2_candidates,0.0
coach_season,2010,Mike Smith,ATL,m2_cases,0.0
coach_season,2010,Mike Smith,ATL,m2_ep_left,0.0
coach_season,2010,Mike Smith,ATL,m2_wp_left,0.0
coach_season,2010,Mike Smith,ATL,m3_cases,0.0
coach_season,2010,Mike Smith,ATL,m3_decisive_games,1.0
coach_season,2010,Mike Smith,ATL,m3_seconds_wasted,0.0
coach_season,2010,Mike Tomlin,PIT,games,19.0
coach_season,2010,Mike Tomlin,PIT,m1_candidates,0.0
coach_season,2010,Mike Tomlin,PIT,m1_cases,0.0
coach_season,2010,Mike Tomlin,PIT,m1_timeouts_left,0.0
coach_season,2010,Mike Tomlin,PIT,m2_candidates,0.0
coach_season,2010,Mike Tomlin,PIT,m2_cases,0.0
coach_season,2010,Mike Tomlin,PIT,m2_ep_left,0.0
coach_season,2010,Mike Tomlin,PIT,m2_wp_left,0.0
coach_season,2010,Mike Tomlin,PIT,m3_cases,0.0
coach_season,2010,Mike Tomlin,PIT,m3_decisive_games,0.0
coach_season,2010,Mike Tomlin,PIT,m3_seconds_wasted,0.0
coach_season,2010,Norv Turner,LAC,games,16.0
coach_season,2010,Norv Turner,LAC,m1_candidates,1.0
coach_season,2010,Norv Turner,LAC,m1_cases,0.0
coach_season,2010,Norv Turner,LAC,m1_timeouts_left,0.0
coach_season,2010,Norv Turner,LAC,m2_candidates,0.0
coach_season,2010,Norv Turner,LAC,m2_cases,0.0
coach_season,2010,Norv Turner,LAC,m2_ep_left,0.0
coach_season,2010,Norv Turner,LAC,m2_wp_left,0.0
coach_season,2010,Norv Turner,LAC,m3_cases,0.0
coach_season,2010,Norv Turner,LAC,m3_decisive_games,1.0
coach_season,2010,Norv Turner,LAC,m3_seconds_wasted,0.0
coach_season,2010,Pete Carroll,SEA,games,18.0
coach_season,2010,Pete Carroll,SEA,m1_candidates,0.0
coach_season,2010,Pete Carroll,SEA,m1_cases,0.0
coach_season,2010,Pete Carroll,SEA,m1_timeouts_left,0.0
coach_season,2010,Pete Carroll,SEA,m2_candidates,0.0
coach_season,2010,Pete Carroll,SEA,m2_cases,0.0
coach_season,2010,Pete Carroll,SEA,m2_ep_left,0.0
coach_season,2010,Pete Carroll,SEA,m2_wp_left,0.0
coach_season,2010,Pete Carroll,SEA,m3_cases,0.0
coach_season,2010,Pete Carroll,SEA,m3_decisive_games,0.0
coach_season,2010,Pete Carroll,SEA,m3_seconds_wasted,0.0
coach_season,2010,Raheem Morris,TB,games,16.0
coach_season,2010,Raheem Morris,TB,m1_candidates,2.0
coach_season,2010,Raheem Morris,TB,m1_cases,0.0
coach_season,2010,Raheem Morris,TB,m1_timeouts_left,0.0
coach_season,2010,Raheem Morris,TB,m2_candidates,2.0
coach_season,2010,Raheem Morris,TB,m2_cases,0.0
coach_season,2010,Raheem Morris,TB,m2_ep_left,0.0
coach_season,2010,Raheem Morris,TB,m2_wp_left,0.0
coach_season,2010,Raheem Morris,TB,m3_cases,0.0
coach_season,2010,Raheem Morris,TB,m3_decisive_games,2.0
coach_season,2010,Raheem Morris,TB,m3_seconds_wasted,0.0
coach_season,2010,Rex Ryan,NYJ,games,19.0
coach_season,2010,Rex Ryan,NYJ,m1_candidates,0.0
coach_season,2010,Rex Ryan,NYJ,m1_cases,0.0
coach_season,2010,Rex Ryan,NYJ,m1_timeouts_left,0.0
coach_season,2010,Rex Ryan,NYJ,m2_candidates,0.0
coach_season,2010,Rex Ryan,NYJ,m2_cases,0.0
coach_season,2010,Rex Ryan,NYJ,m2_ep_left,0.0
coach_season,2010,Rex Ryan,NYJ,m2_wp_left,0.0
coach_season,2010,Rex Ryan,NYJ,m3_cases,0.0
coach_season,2010,Rex Ryan,NYJ,m3_decisive_games,2.0
coach_season,2010,Rex Ryan,NYJ,m3_seconds_wasted,0.0
coach_season,2010,Sean Payton,NO,games,17.0
coach_season,2010,Sean Payton,NO,m1_candidates,2.0
coach_season,2010,Sean Payton,NO,m1_cases,0.0
coach_season,2010,Sean Payton,NO,m1_timeouts_left,0.0
coach_season,2010,Sean Payton,NO,m2_candidates,0.0
coach_season,2010,Sean Payton,NO,m2_cases,0.0
coach_season,2010,Sean Payton,NO,m2_ep_left,0.0
coach_season,2010,Sean Payton,NO,m2_wp_left,0.0
coach_season,2010,Sean Payton,NO,m3_cases,0.0
coach_season,2010,Sean Payton,NO,m3_decisive_games,3.0
coach_season,2010,Sean Payton,NO,m3_seconds_wasted,0.0
coach_season,2010,Steve Spagnuolo,LA,games,16.0
coach_season,2010,Steve Spagnuolo,LA,m1_candidates,0.0
coach_season,2010,Steve Spagnuolo,LA,m1_cases,0.0
coach_season,2010,Steve Spagnuolo,LA,m1_timeouts_left,0.0
coach_season,2010,Steve Spagnuolo,LA,m2_candidates,1.0
coach_season,2010,Steve Spagnuolo,LA,m2_cases,0.0
coach_season,2010,Steve Spagnuolo,LA,m2_ep_left,0.0
coach_season,2010,Steve Spagnuolo,LA,m2_wp_left,0.0
coach_season,2010,Steve Spagnuolo,LA,m3_cases,0.0
coach_season,2010,Steve Spagnuolo,LA,m3_decisive_games,0.0
coach_season,2010,Steve Spagnuolo,LA,m3_seconds_wasted,0.0
coach_season,2010,Todd Haley,KC,games,17.0
coach_season,2010,Todd Haley,KC,m1_candidates,0.0
coach_season,2010,Todd Haley,KC,m1_cases,0.0
coach_season,2010,Todd Haley,KC,m1_timeouts_left,0.0
coach_season,2010,Todd Haley,KC,m2_candidates,0.0
coach_season,2010,Todd Haley,KC,m2_cases,0.0
coach_season,2010,Todd Haley,KC,m2_ep_left,0.0
coach_season,2010,Todd Haley,KC,m2_wp_left,0.0
coach_season,2010,Todd Haley,KC,m3_cases,0.0
coach_season,2010,Todd Haley,KC,m3_decisive_games,0.0
coach_season,2010,Todd Haley,KC,m3_seconds_wasted,0.0
coach_season,2010,Tom Cable,LV,games,16.0
coach_season,2010,Tom Cable,LV,m1_candidates,2.0
coach_season,2010,Tom Cable,LV,m1_cases,0.0
coach_season,2010,Tom Cable,LV,m1_timeouts_left,0.0
coach_season,2010,Tom Cable,LV,m2_candidates,1.0
coach_season,2010,Tom Cable,LV,m2_cases,0.0
coach_season,2010,Tom Cable,LV,m2_ep_left,0.0
coach_season,2010,Tom Cable,LV,m2_wp_left,0.0
coach_season,2010,Tom Cable,LV,m3_cases,0.0
coach_season,2010,Tom Cable,LV,m3_decisive_games,2.0
coach_season,2010,Tom Cable,LV,m3_seconds_wasted,0.0
coach_season,2010,Tom Coughlin,NYG,games,16.0
coach_season,2010,Tom Coughlin,NYG,m1_candidates,0.0
coach_season,2010,Tom Coughlin,NYG,m1_cases,0.0
coach_season,2010,Tom Coughlin,NYG,m1_timeouts_left,0.0
coach_season,2010,Tom Coughlin,NYG,m2_candidates,0.0
coach_season,2010,Tom Coughlin,NYG,m2_cases,0.0
coach_season,2010,Tom Coughlin,NYG,m2_ep_left,0.0
coach_season,2010,Tom Coughlin,NYG,m2_wp_left,0.0
coach_season,2010,Tom Coughlin,NYG,m3_cases,0.0
coach_season,2010,Tom Coughlin,NYG,m3_decisive_games,0.0
coach_season,2010,Tom Coughlin,NYG,m3_seconds_wasted,0.0
coach_season,2010,Tony Sparano,MIA,games,16.0
coach_season,2010,Tony Sparano,MIA,m1_candidates,0.0
coach_season,2010,Tony Sparano,MIA,m1_cases,0.0
coach_season,2010,Tony Sparano,MIA,m1_timeouts_left,0.0
coach_season,2010,Tony Sparano,MIA,m2_candidates,1.0
coach_season,2010,Tony Sparano,MIA,m2_cases,0.0
coach_season,2010,Tony Sparano,MIA,m2_ep_left,0.0
coach_season,2010,Tony Sparano,MIA,m2_wp_left,0.0
coach_season,2010,Tony Sparano,MIA,m3_cases,0.0
coach_season,2010,Tony Sparano,MIA,m3_decisive_games,1.0
coach_season,2010,Tony Sparano,MIA,m3_seconds_wasted,0.0
coach_season,2010,Wade Phillips,DAL,games,8.0
coach_season,2010,Wade Phillips,DAL,m1_candidates,0.0
coach_season,2010,Wade Phillips,DAL,m1_cases,0.0
coach_season,2010,Wade Phillips,DAL,m1_timeouts_left,0.0
coach_season,2010,Wade Phillips,DAL,m2_candidates,0.0
coach_season,2010,Wade Phillips,DAL,m2_cases,0.0
coach_season,2010,Wade Phillips,DAL,m2_ep_left,0.0
coach_season,2010,Wade Phillips,DAL,m2_wp_left,0.0
coach_season,2010,Wade Phillips,DAL,m3_cases,0.0
coach_season,2010,Wade Phillips,DAL,m3_decisive_games,1.0
coach_season,2010,Wade Phillips,DAL,m3_seconds_wasted,0.0
coach_season,2011,Andy Reid,PHI,games,16.0
coach_season,2011,Andy Reid,PHI,m1_candidates,2.0
coach_season,2011,Andy Reid,PHI,m1_cases,0.0
coach_season,2011,Andy Reid,PHI,m1_timeouts_left,0.0
coach_season,2011,Andy Reid,PHI,m2_candidates,0.0
coach_season,2011,Andy Reid,PHI,m2_cases,0.0
coach_season,2011,Andy Reid,PHI,m2_ep_left,0.0
coach_season,2011,Andy Reid,PHI,m2_wp_left,0.0
coach_season,2011,Andy Reid,PHI,m3_cases,0.0
coach_season,2011,Andy Reid,PHI,m3_decisive_games,4.0
coach_season,2011,Andy Reid,PHI,m3_seconds_wasted,0.0
coach_season,2011,Bill Belichick,NE,games,19.0
coach_season,2011,Bill Belichick,NE,m1_candidates,0.0
coach_season,2011,Bill Belichick,NE,m1_cases,0.0
coach_season,2011,Bill Belichick,NE,m1_timeouts_left,0.0
coach_season,2011,Bill Belichick,NE,m2_candidates,1.0
coach_season,2011,Bill Belichick,NE,m2_cases,0.0
coach_season,2011,Bill Belichick,NE,m2_ep_left,0.0
coach_season,2011,Bill Belichick,NE,m2_wp_left,0.0
coach_season,2011,Bill Belichick,NE,m3_cases,0.0
coach_season,2011,Bill Belichick,NE,m3_decisive_games,0.0
coach_season,2011,Bill Belichick,NE,m3_seconds_wasted,0.0
coach_season,2011,Chan Gailey,BUF,games,16.0
coach_season,2011,Chan Gailey,BUF,m1_candidates,0.0
coach_season,2011,Chan Gailey,BUF,m1_cases,0.0
coach_season,2011,Chan Gailey,BUF,m1_timeouts_left,0.0
coach_season,2011,Chan Gailey,BUF,m2_candidates,0.0
coach_season,2011,Chan Gailey,BUF,m2_cases,0.0
coach_season,2011,Chan Gailey,BUF,m2_ep_left,0.0
coach_season,2011,Chan Gailey,BUF,m2_wp_left,0.0
coach_season,2011,Chan Gailey,BUF,m3_cases,0.0
coach_season,2011,Chan Gailey,BUF,m3_decisive_games,1.0
coach_season,2011,Chan Gailey,BUF,m3_seconds_wasted,0.0
coach_season,2011,Gary Kubiak,HOU,games,18.0
coach_season,2011,Gary Kubiak,HOU,m1_candidates,1.0
coach_season,2011,Gary Kubiak,HOU,m1_cases,0.0
coach_season,2011,Gary Kubiak,HOU,m1_timeouts_left,0.0
coach_season,2011,Gary Kubiak,HOU,m2_candidates,0.0
coach_season,2011,Gary Kubiak,HOU,m2_cases,0.0
coach_season,2011,Gary Kubiak,HOU,m2_ep_left,0.0
coach_season,2011,Gary Kubiak,HOU,m2_wp_left,0.0
coach_season,2011,Gary Kubiak,HOU,m3_cases,0.0
coach_season,2011,Gary Kubiak,HOU,m3_decisive_games,2.0
coach_season,2011,Gary Kubiak,HOU,m3_seconds_wasted,0.0
coach_season,2011,Hue Jackson,LV,games,16.0
coach_season,2011,Hue Jackson,LV,m1_candidates,0.0
coach_season,2011,Hue Jackson,LV,m1_cases,0.0
coach_season,2011,Hue Jackson,LV,m1_timeouts_left,0.0
coach_season,2011,Hue Jackson,LV,m2_candidates,0.0
coach_season,2011,Hue Jackson,LV,m2_cases,0.0
coach_season,2011,Hue Jackson,LV,m2_ep_left,0.0
coach_season,2011,Hue Jackson,LV,m2_wp_left,0.0
coach_season,2011,Hue Jackson,LV,m3_cases,0.0
coach_season,2011,Hue Jackson,LV,m3_decisive_games,0.0
coach_season,2011,Hue Jackson,LV,m3_seconds_wasted,0.0
coach_season,2011,Jack Del Rio,JAX,games,11.0
coach_season,2011,Jack Del Rio,JAX,m1_candidates,1.0
coach_season,2011,Jack Del Rio,JAX,m1_cases,1.0
coach_season,2011,Jack Del Rio,JAX,m1_timeouts_left,1.0
coach_season,2011,Jack Del Rio,JAX,m2_candidates,0.0
coach_season,2011,Jack Del Rio,JAX,m2_cases,0.0
coach_season,2011,Jack Del Rio,JAX,m2_ep_left,0.0
coach_season,2011,Jack Del Rio,JAX,m2_wp_left,0.0
coach_season,2011,Jack Del Rio,JAX,m3_cases,1.0
coach_season,2011,Jack Del Rio,JAX,m3_decisive_games,3.0
coach_season,2011,Jack Del Rio,JAX,m3_seconds_wasted,31.0
coach_season,2011,Jason Garrett,DAL,games,16.0
coach_season,2011,Jason Garrett,DAL,m1_candidates,0.0
coach_season,2011,Jason Garrett,DAL,m1_cases,0.0
coach_season,2011,Jason Garrett,DAL,m1_timeouts_left,0.0
coach_season,2011,Jason Garrett,DAL,m2_candidates,0.0
coach_season,2011,Jason Garrett,DAL,m2_cases,0.0
coach_season,2011,Jason Garrett,DAL,m2_ep_left,0.0
coach_season,2011,Jason Garrett,DAL,m2_wp_left,0.0
coach_season,2011,Jason Garrett,DAL,m3_cases,0.0
coach_season,2011,Jason Garrett,DAL,m3_decisive_games,0.0
coach_season,2011,Jason Garrett,DAL,m3_seconds_wasted,0.0
coach_season,2011,Jim Caldwell,IND,games,16.0
coach_season,2011,Jim Caldwell,IND,m1_candidates,1.0
coach_season,2011,Jim Caldwell,IND,m1_cases,0.0
coach_season,2011,Jim Caldwell,IND,m1_timeouts_left,0.0
coach_season,2011,Jim Caldwell,IND,m2_candidates,1.0
coach_season,2011,Jim Caldwell,IND,m2_cases,0.0
coach_season,2011,Jim Caldwell,IND,m2_ep_left,0.0
coach_season,2011,Jim Caldwell,IND,m2_wp_left,0.0
coach_season,2011,Jim Caldwell,IND,m3_cases,0.0
coach_season,2011,Jim Caldwell,IND,m3_decisive_games,1.0
coach_season,2011,Jim Caldwell,IND,m3_seconds_wasted,0.0
coach_season,2011,Jim Harbaugh,SF,games,18.0
coach_season,2011,Jim Harbaugh,SF,m1_candidates,0.0
coach_season,2011,Jim Harbaugh,SF,m1_cases,0.0
coach_season,2011,Jim Harbaugh,SF,m1_timeouts_left,0.0
coach_season,2011,Jim Harbaugh,SF,m2_candidates,0.0
coach_season,2011,Jim Harbaugh,SF,m2_cases,0.0
coach_season,2011,Jim Harbaugh,SF,m2_ep_left,0.0
coach_season,2011,Jim Harbaugh,SF,m2_wp_left,0.0
coach_season,2011,Jim Harbaugh,SF,m3_cases,0.0
coach_season,2011,Jim Harbaugh,SF,m3_decisive_games,0.0
coach_season,2011,Jim Harbaugh,SF,m3_seconds_wasted,0.0
coach_season,2011,Jim Schwartz,DET,games,17.0
coach_season,2011,Jim Schwartz,DET,m1_candidates,1.0
coach_season,2011,Jim Schwartz,DET,m1_cases,1.0
coach_season,2011,Jim Schwartz,DET,m1_timeouts_left,1.0
coach_season,2011,Jim Schwartz,DET,m2_candidates,0.0
coach_season,2011,Jim Schwartz,DET,m2_cases,0.0
coach_season,2011,Jim Schwartz,DET,m2_ep_left,0.0
coach_season,2011,Jim Schwartz,DET,m2_wp_left,0.0
coach_season,2011,Jim Schwartz,DET,m3_cases,0.0
coach_season,2011,Jim Schwartz,DET,m3_decisive_games,2.0
coach_season,2011,Jim Schwartz,DET,m3_seconds_wasted,0.0
coach_season,2011,John Fox,DEN,games,18.0
coach_season,2011,John Fox,DEN,m1_candidates,1.0
coach_season,2011,John Fox,DEN,m1_cases,0.0
coach_season,2011,John Fox,DEN,m1_timeouts_left,0.0
coach_season,2011,John Fox,DEN,m2_candidates,0.0
coach_season,2011,John Fox,DEN,m2_cases,0.0
coach_season,2011,John Fox,DEN,m2_ep_left,0.0
coach_season,2011,John Fox,DEN,m2_wp_left,0.0
coach_season,2011,John Fox,DEN,m3_cases,0.0
coach_season,2011,John Fox,DEN,m3_decisive_games,1.0
coach_season,2011,John Fox,DEN,m3_seconds_wasted,0.0
coach_season,2011,John Harbaugh,BAL,games,18.0
coach_season,2011,John Harbaugh,BAL,m1_candidates,1.0
coach_season,2011,John Harbaugh,BAL,m1_cases,0.0
coach_season,2011,John Harbaugh,BAL,m1_timeouts_left,0.0
coach_season,2011,John Harbaugh,BAL,m2_candidates,0.0
coach_season,2011,John Harbaugh,BAL,m2_cases,0.0
coach_season,2011,John Harbaugh,BAL,m2_ep_left,0.0
coach_season,2011,John Harbaugh,BAL,m2_wp_left,0.0
coach_season,2011,John Harbaugh,BAL,m3_cases,0.0
coach_season,2011,John Harbaugh,BAL,m3_decisive_games,1.0
coach_season,2011,John Harbaugh,BAL,m3_seconds_wasted,0.0
coach_season,2011,Ken Whisenhunt,ARI,games,16.0
coach_season,2011,Ken Whisenhunt,ARI,m1_candidates,1.0
coach_season,2011,Ken Whisenhunt,ARI,m1_cases,0.0
coach_season,2011,Ken Whisenhunt,ARI,m1_timeouts_left,0.0
coach_season,2011,Ken Whisenhunt,ARI,m2_candidates,0.0
coach_season,2011,Ken Whisenhunt,ARI,m2_cases,0.0
coach_season,2011,Ken Whisenhunt,ARI,m2_ep_left,0.0
coach_season,2011,Ken Whisenhunt,ARI,m2_wp_left,0.0
coach_season,2011,Ken Whisenhunt,ARI,m3_cases,0.0
coach_season,2011,Ken Whisenhunt,ARI,m3_decisive_games,3.0
coach_season,2011,Ken Whisenhunt,ARI,m3_seconds_wasted,0.0
coach_season,2011,Leslie Frazier,MIN,games,16.0
coach_season,2011,Leslie Frazier,MIN,m1_candidates,1.0
coach_season,2011,Leslie Frazier,MIN,m1_cases,0.0
coach_season,2011,Leslie Frazier,MIN,m1_timeouts_left,0.0
coach_season,2011,Leslie Frazier,MIN,m2_candidates,1.0
coach_season,2011,Leslie Frazier,MIN,m2_cases,0.0
coach_season,2011,Leslie Frazier,MIN,m2_ep_left,0.0
coach_season,2011,Leslie Frazier,MIN,m2_wp_left,0.0
coach_season,2011,Leslie Frazier,MIN,m3_cases,0.0
coach_season,2011,Leslie Frazier,MIN,m3_decisive_games,2.0
coach_season,2011,Leslie Frazier,MIN,m3_seconds_wasted,0.0
coach_season,2011,Lovie Smith,CHI,games,16.0
coach_season,2011,Lovie Smith,CHI,m1_candidates,0.0
coach_season,2011,Lovie Smith,CHI,m1_cases,0.0
coach_season,2011,Lovie Smith,CHI,m1_timeouts_left,0.0
coach_season,2011,Lovie Smith,CHI,m2_candidates,0.0
coach_season,2011,Lovie Smith,CHI,m2_cases,0.0
coach_season,2011,Lovie Smith,CHI,m2_ep_left,0.0
coach_season,2011,Lovie Smith,CHI,m2_wp_left,0.0
coach_season,2011,Lovie Smith,CHI,m3_cases,0.0
coach_season,2011,Lovie Smith,CHI,m3_decisive_games,1.0
coach_season,2011,Lovie Smith,CHI,m3_seconds_wasted,0.0
coach_season,2011,Marvin Lewis,CIN,games,17.0
coach_season,2011,Marvin Lewis,CIN,m1_candidates,1.0
coach_season,2011,Marvin Lewis,CIN,m1_cases,0.0
coach_season,2011,Marvin Lewis,CIN,m1_timeouts_left,0.0
coach_season,2011,Marvin Lewis,CIN,m2_candidates,1.0
coach_season,2011,Marvin Lewis,CIN,m2_cases,0.0
coach_season,2011,Marvin Lewis,CIN,m2_ep_left,0.0
coach_season,2011,Marvin Lewis,CIN,m2_wp_left,0.0
coach_season,2011,Marvin Lewis,CIN,m3_cases,0.0
coach_season,2011,Marvin Lewis,CIN,m3_decisive_games,1.0
coach_season,2011,Marvin Lewis,CIN,m3_seconds_wasted,0.0
coach_season,2011,Mel Tucker,JAX,games,5.0
coach_season,2011,Mel Tucker,JAX,m1_candidates,0.0
coach_season,2011,Mel Tucker,JAX,m1_cases,0.0
coach_season,2011,Mel Tucker,JAX,m1_timeouts_left,0.0
coach_season,2011,Mel Tucker,JAX,m2_candidates,0.0
coach_season,2011,Mel Tucker,JAX,m2_cases,0.0
coach_season,2011,Mel Tucker,JAX,m2_ep_left,0.0
coach_season,2011,Mel Tucker,JAX,m2_wp_left,0.0
coach_season,2011,Mel Tucker,JAX,m3_cases,0.0
coach_season,2011,Mel Tucker,JAX,m3_decisive_games,0.0
coach_season,2011,Mel Tucker,JAX,m3_seconds_wasted,0.0
coach_season,2011,Mike McCarthy,GB,games,17.0
coach_season,2011,Mike McCarthy,GB,m1_candidates,1.0
coach_season,2011,Mike McCarthy,GB,m1_cases,0.0
coach_season,2011,Mike McCarthy,GB,m1_timeouts_left,0.0
coach_season,2011,Mike McCarthy,GB,m2_candidates,0.0
coach_season,2011,Mike McCarthy,GB,m2_cases,0.0
coach_season,2011,Mike McCarthy,GB,m2_ep_left,0.0
coach_season,2011,Mike McCarthy,GB,m2_wp_left,0.0
coach_season,2011,Mike McCarthy,GB,m3_cases,0.0
coach_season,2011,Mike McCarthy,GB,m3_decisive_games,1.0
coach_season,2011,Mike McCarthy,GB,m3_seconds_wasted,0.0
coach_season,2011,Mike Munchak,TEN,games,16.0
coach_season,2011,Mike Munchak,TEN,m1_candidates,0.0
coach_season,2011,Mike Munchak,TEN,m1_cases,0.0
coach_season,2011,Mike Munchak,TEN,m1_timeouts_left,0.0
coach_season,2011,Mike Munchak,TEN,m2_candidates,0.0
coach_season,2011,Mike Munchak,TEN,m2_cases,0.0
coach_season,2011,Mike Munchak,TEN,m2_ep_left,0.0
coach_season,2011,Mike Munchak,TEN,m2_wp_left,0.0
coach_season,2011,Mike Munchak,TEN,m3_cases,0.0
coach_season,2011,Mike Munchak,TEN,m3_decisive_games,1.0
coach_season,2011,Mike Munchak,TEN,m3_seconds_wasted,0.0
coach_season,2011,Mike Shanahan,WAS,games,16.0
coach_season,2011,Mike Shanahan,WAS,m1_candidates,0.0
coach_season,2011,Mike Shanahan,WAS,m1_cases,0.0
coach_season,2011,Mike Shanahan,WAS,m1_timeouts_left,0.0
coach_season,2011,Mike Shanahan,WAS,m2_candidates,0.0
coach_season,2011,Mike Shanahan,WAS,m2_cases,0.0
coach_season,2011,Mike Shanahan,WAS,m2_ep_left,0.0
coach_season,2011,Mike Shanahan,WAS,m2_wp_left,0.0
coach_season,2011,Mike Shanahan,WAS,m3_cases,0.0
coach_season,2011,Mike Shanahan,WAS,m3_decisive_games,1.0
coach_season,2011,Mike Shanahan,WAS,m3_seconds_wasted,0.0
coach_season,2011,Mike Smith,ATL,games,17.0
coach_season,2011,Mike Smith,ATL,m1_candidates,0.0
coach_season,2011,Mike Smith,ATL,m1_cases,0.0
coach_season,2011,Mike Smith,ATL,m1_timeouts_left,0.0
coach_season,2011,Mike Smith,ATL,m2_candidates,0.0
coach_season,2011,Mike Smith,ATL,m2_cases,0.0
coach_season,2011,Mike Smith,ATL,m2_ep_left,0.0
coach_season,2011,Mike Smith,ATL,m2_wp_left,0.0
coach_season,2011,Mike Smith,ATL,m3_cases,0.0
coach_season,2011,Mike Smith,ATL,m3_decisive_games,0.0
coach_season,2011,Mike Smith,ATL,m3_seconds_wasted,0.0
coach_season,2011,Mike Tomlin,PIT,games,17.0
coach_season,2011,Mike Tomlin,PIT,m1_candidates,0.0
coach_season,2011,Mike Tomlin,PIT,m1_cases,0.0
coach_season,2011,Mike Tomlin,PIT,m1_timeouts_left,0.0
coach_season,2011,Mike Tomlin,PIT,m2_candidates,0.0
coach_season,2011,Mike Tomlin,PIT,m2_cases,0.0
coach_season,2011,Mike Tomlin,PIT,m2_ep_left,0.0
coach_season,2011,Mike Tomlin,PIT,m2_wp_left,0.0
coach_season,2011,Mike Tomlin,PIT,m3_cases,0.0
coach_season,2011,Mike Tomlin,PIT,m3_decisive_games,0.0
coach_season,2011,Mike Tomlin,PIT,m3_seconds_wasted,0.0
coach_season,2011,Norv Turner,LAC,games,16.0
coach_season,2011,Norv Turner,LAC,m1_candidates,0.0
coach_season,2011,Norv Turner,LAC,m1_cases,0.0
coach_season,2011,Norv Turner,LAC,m1_timeouts_left,0.0
coach_season,2011,Norv Turner,LAC,m2_candidates,0.0
coach_season,2011,Norv Turner,LAC,m2_cases,0.0
coach_season,2011,Norv Turner,LAC,m2_ep_left,0.0
coach_season,2011,Norv Turner,LAC,m2_wp_left,0.0
coach_season,2011,Norv Turner,LAC,m3_cases,0.0
coach_season,2011,Norv Turner,LAC,m3_decisive_games,1.0
coach_season,2011,Norv Turner,LAC,m3_seconds_wasted,0.0
coach_season,2011,Pat Shurmur,CLE,games,16.0
coach_season,2011,Pat Shurmur,CLE,m1_candidates,0.0
coach_season,2011,Pat Shurmur,CLE,m1_cases,0.0
coach_season,2011,Pat Shurmur,CLE,m1_timeouts_left,0.0
coach_season,2011,Pat Shurmur,CLE,m2_candidates,1.0
coach_season,2011,Pat Shurmur,CLE,m2_cases,0.0
coach_season,2011,Pat Shurmur,CLE,m2_ep_left,0.0
coach_season,2011,Pat Shurmur,CLE,m2_wp_left,0.0
coach_season,2011,Pat Shurmur,CLE,m3_cases,0.0
coach_season,2011,Pat Shurmur,CLE,m3_decisive_games,0.0
coach_season,2011,Pat Shurmur,CLE,m3_seconds_wasted,0.0
coach_season,2011,Pete Carroll,SEA,games,16.0
coach_season,2011,Pete Carroll,SEA,m1_candidates,0.0
coach_season,2011,Pete Carroll,SEA,m1_cases,0.0
coach_season,2011,Pete Carroll,SEA,m1_timeouts_left,0.0
coach_season,2011,Pete Carroll,SEA,m2_candidates,0.0
coach_season,2011,Pete Carroll,SEA,m2_cases,0.0
coach_season,2011,Pete Carroll,SEA,m2_ep_left,0.0
coach_season,2011,Pete Carroll,SEA,m2_wp_left,0.0
coach_season,2011,Pete Carroll,SEA,m3_cases,0.0
coach_season,2011,Pete Carroll,SEA,m3_decisive_games,1.0
coach_season,2011,Pete Carroll,SEA,m3_seconds_wasted,0.0
coach_season,2011,Raheem Morris,TB,games,16.0
coach_season,2011,Raheem Morris,TB,m1_candidates,0.0
coach_season,2011,Raheem Morris,TB,m1_cases,0.0
coach_season,2011,Raheem Morris,TB,m1_timeouts_left,0.0
coach_season,2011,Raheem Morris,TB,m2_candidates,0.0
coach_season,2011,Raheem Morris,TB,m2_cases,0.0
coach_season,2011,Raheem Morris,TB,m2_ep_left,0.0
coach_season,2011,Raheem Morris,TB,m2_wp_left,0.0
coach_season,2011,Raheem Morris,TB,m3_cases,0.0
coach_season,2011,Raheem Morris,TB,m3_decisive_games,2.0
coach_season,2011,Raheem Morris,TB,m3_seconds_wasted,0.0
coach_season,2011,Rex Ryan,NYJ,games,16.0
coach_season,2011,Rex Ryan,NYJ,m1_candidates,0.0
coach_season,2011,Rex Ryan,NYJ,m1_cases,0.0
coach_season,2011,Rex Ryan,NYJ,m1_timeouts_left,0.0
coach_season,2011,Rex Ryan,NYJ,m2_candidates,1.0
coach_season,2011,Rex Ryan,NYJ,m2_cases,0.0
coach_season,2011,Rex Ryan,NYJ,m2_ep_left,0.0
coach_season,2011,Rex Ryan,NYJ,m2_wp_left,0.0
coach_season,2011,Rex Ryan,NYJ,m3_cases,0.0
coach_season,2011,Rex Ryan,NYJ,m3_decisive_games,1.0
coach_season,2011,Rex Ryan,NYJ,m3_seconds_wasted,0.0
coach_season,2011,Romeo Crennel,KC,games,3.0
coach_season,2011,Romeo Crennel,KC,m1_candidates,0.0
coach_season,2011,Romeo Crennel,KC,m1_cases,0.0
coach_season,2011,Romeo Crennel,KC,m1_timeouts_left,0.0
coach_season,2011,Romeo Crennel,KC,m2_candidates,0.0
coach_season,2011,Romeo Crennel,KC,m2_cases,0.0
coach_season,2011,Romeo Crennel,KC,m2_ep_left,0.0
coach_season,2011,Romeo Crennel,KC,m2_wp_left,0.0
coach_season,2011,Romeo Crennel,KC,m3_cases,0.0
coach_season,2011,Romeo Crennel,KC,m3_decisive_games,0.0
coach_season,2011,Romeo Crennel,KC,m3_seconds_wasted,0.0
coach_season,2011,Ron Rivera,CAR,games,16.0
coach_season,2011,Ron Rivera,CAR,m1_candidates,0.0
coach_season,2011,Ron Rivera,CAR,m1_cases,0.0
coach_season,2011,Ron Rivera,CAR,m1_timeouts_left,0.0
coach_season,2011,Ron Rivera,CAR,m2_candidates,1.0
coach_season,2011,Ron Rivera,CAR,m2_cases,0.0
coach_season,2011,Ron Rivera,CAR,m2_ep_left,0.0
coach_season,2011,Ron Rivera,CAR,m2_wp_left,0.0
coach_season,2011,Ron Rivera,CAR,m3_cases,0.0
coach_season,2011,Ron Rivera,CAR,m3_decisive_games,1.0
coach_season,2011,Ron Rivera,CAR,m3_seconds_wasted,0.0
coach_season,2011,Sean Payton,NO,games,18.0
coach_season,2011,Sean Payton,NO,m1_candidates,1.0
coach_season,2011,Sean Payton,NO,m1_cases,0.0
coach_season,2011,Sean Payton,NO,m1_timeouts_left,0.0
coach_season,2011,Sean Payton,NO,m2_candidates,0.0
coach_season,2011,Sean Payton,NO,m2_cases,0.0
coach_season,2011,Sean Payton,NO,m2_ep_left,0.0
coach_season,2011,Sean Payton,NO,m2_wp_left,0.0
coach_season,2011,Sean Payton,NO,m3_cases,0.0
coach_season,2011,Sean Payton,NO,m3_decisive_games,0.0
coach_season,2011,Sean Payton,NO,m3_seconds_wasted,0.0
coach_season,2011,Steve Spagnuolo,LA,games,16.0
coach_season,2011,Steve Spagnuolo,LA,m1_candidates,0.0
coach_season,2011,Steve Spagnuolo,LA,m1_cases,0.0
coach_season,2011,Steve Spagnuolo,LA,m1_timeouts_left,0.0
coach_season,2011,Steve Spagnuolo,LA,m2_candidates,0.0
coach_season,2011,Steve Spagnuolo,LA,m2_cases,0.0
coach_season,2011,Steve Spagnuolo,LA,m2_ep_left,0.0
coach_season,2011,Steve Spagnuolo,LA,m2_wp_left,0.0
coach_season,2011,Steve Spagnuolo,LA,m3_cases,0.0
coach_season,2011,Steve Spagnuolo,LA,m3_decisive_games,0.0
coach_season,2011,Steve Spagnuolo,LA,m3_seconds_wasted,0.0
coach_season,2011,Todd Bowles,MIA,games,3.0
coach_season,2011,Todd Bowles,MIA,m1_candidates,1.0
coach_season,2011,Todd Bowles,MIA,m1_cases,1.0
coach_season,2011,Todd Bowles,MIA,m1_timeouts_left,1.0
coach_season,2011,Todd Bowles,MIA,m2_candidates,0.0
coach_season,2011,Todd Bowles,MIA,m2_cases,0.0
coach_season,2011,Todd Bowles,MIA,m2_ep_left,0.0
coach_season,2011,Todd Bowles,MIA,m2_wp_left,0.0
coach_season,2011,Todd Bowles,MIA,m3_cases,0.0
coach_season,2011,Todd Bowles,MIA,m3_decisive_games,1.0
coach_season,2011,Todd Bowles,MIA,m3_seconds_wasted,0.0
coach_season,2011,Todd Haley,KC,games,13.0
coach_season,2011,Todd Haley,KC,m1_candidates,0.0
coach_season,2011,Todd Haley,KC,m1_cases,0.0
coach_season,2011,Todd Haley,KC,m1_timeouts_left,0.0
coach_season,2011,Todd Haley,KC,m2_candidates,0.0
coach_season,2011,Todd Haley,KC,m2_cases,0.0
coach_season,2011,Todd Haley,KC,m2_ep_left,0.0
coach_season,2011,Todd Haley,KC,m2_wp_left,0.0
coach_season,2011,Todd Haley,KC,m3_cases,0.0
coach_season,2011,Todd Haley,KC,m3_decisive_games,0.0
coach_season,2011,Todd Haley,KC,m3_seconds_wasted,0.0
coach_season,2011,Tom Coughlin,NYG,games,20.0
coach_season,2011,Tom Coughlin,NYG,m1_candidates,1.0
coach_season,2011,Tom Coughlin,NYG,m1_cases,0.0
coach_season,2011,Tom Coughlin,NYG,m1_timeouts_left,0.0
coach_season,2011,Tom Coughlin,NYG,m2_candidates,0.0
coach_season,2011,Tom Coughlin,NYG,m2_cases,0.0
coach_season,2011,Tom Coughlin,NYG,m2_ep_left,0.0
coach_season,2011,Tom Coughlin,NYG,m2_wp_left,0.0
coach_season,2011,Tom Coughlin,NYG,m3_cases,0.0
coach_season,2011,Tom Coughlin,NYG,m3_decisive_games,1.0
coach_season,2011,Tom Coughlin,NYG,m3_seconds_wasted,0.0
coach_season,2011,Tony Sparano,MIA,games,13.0
coach_season,2011,Tony Sparano,MIA,m1_candidates,0.0
coach_season,2011,Tony Sparano,MIA,m1_cases,0.0
coach_season,2011,Tony Sparano,MIA,m1_timeouts_left,0.0
coach_season,2011,Tony Sparano,MIA,m2_candidates,2.0
coach_season,2011,Tony Sparano,MIA,m2_cases,0.0
coach_season,2011,Tony Sparano,MIA,m2_ep_left,0.0
coach_season,2011,Tony Sparano,MIA,m2_wp_left,0.0
coach_season,2011,Tony Sparano,MIA,m3_cases,0.0
coach_season,2011,Tony Sparano,MIA,m3_decisive_games,0.0
coach_season,2011,Tony Sparano,MIA,m3_seconds_wasted,0.0
coach_season,2012,Aaron Kromer,NO,games,6.0
coach_season,2012,Aaron Kromer,NO,m1_candidates,0.0
coach_season,2012,Aaron Kromer,NO,m1_cases,0.0
coach_season,2012,Aaron Kromer,NO,m1_timeouts_left,0.0
coach_season,2012,Aaron Kromer,NO,m2_candidates,0.0
coach_season,2012,Aaron Kromer,NO,m2_cases,0.0
coach_season,2012,Aaron Kromer,NO,m2_ep_left,0.0
coach_season,2012,Aaron Kromer,NO,m2_wp_left,0.0
coach_season,2012,Aaron Kromer,NO,m3_cases,0.0
coach_season,2012,Aaron Kromer,NO,m3_decisive_games,1.0
coach_season,2012,Aaron Kromer,NO,m3_seconds_wasted,0.0
coach_season,2012,Andy Reid,PHI,games,16.0
coach_season,2012,Andy Reid,PHI,m1_candidates,0.0
coach_season,2012,Andy Reid,PHI,m1_cases,0.0
coach_season,2012,Andy Reid,PHI,m1_timeouts_left,0.0
coach_season,2012,Andy Reid,PHI,m2_candidates,0.0
coach_season,2012,Andy Reid,PHI,m2_cases,0.0
coach_season,2012,Andy Reid,PHI,m2_ep_left,0.0
coach_season,2012,Andy Reid,PHI,m2_wp_left,0.0
coach_season,2012,Andy Reid,PHI,m3_cases,0.0
coach_season,2012,Andy Reid,PHI,m3_decisive_games,1.0
coach_season,2012,Andy Reid,PHI,m3_seconds_wasted,0.0
coach_season,2012,Bill Belichick,NE,games,18.0
coach_season,2012,Bill Belichick,NE,m1_candidates,0.0
coach_season,2012,Bill Belichick,NE,m1_cases,0.0
coach_season,2012,Bill Belichick,NE,m1_timeouts_left,0.0
coach_season,2012,Bill Belichick,NE,m2_candidates,1.0
coach_season,2012,Bill Belichick,NE,m2_cases,0.0
coach_season,2012,Bill Belichick,NE,m2_ep_left,0.0
coach_season,2012,Bill Belichick,NE,m2_wp_left,0.0
coach_season,2012,Bill Belichick,NE,m3_cases,0.0
coach_season,2012,Bill Belichick,NE,m3_decisive_games,1.0
coach_season,2012,Bill Belichick,NE,m3_seconds_wasted,0.0
coach_season,2012,Chan Gailey,BUF,games,16.0
coach_season,2012,Chan Gailey,BUF,m1_candidates,1.0
coach_season,2012,Chan Gailey,BUF,m1_cases,0.0
coach_season,2012,Chan Gailey,BUF,m1_timeouts_left,0.0
coach_season,2012,Chan Gailey,BUF,m2_candidates,0.0
coach_season,2012,Chan Gailey,BUF,m2_cases,0.0
coach_season,2012,Chan Gailey,BUF,m2_ep_left,0.0
coach_season,2012,Chan Gailey,BUF,m2_wp_left,0.0
coach_season,2012,Chan Gailey,BUF,m3_cases,0.0
coach_season,2012,Chan Gailey,BUF,m3_decisive_games,1.0
coach_season,2012,Chan Gailey,BUF,m3_seconds_wasted,0.0
coach_season,2012,Chuck Pagano,IND,games,17.0
coach_season,2012,Chuck Pagano,IND,m1_candidates,0.0
coach_season,2012,Chuck Pagano,IND,m1_cases,0.0
coach_season,2012,Chuck Pagano,IND,m1_timeouts_left,0.0
coach_season,2012,Chuck Pagano,IND,m2_candidates,0.0
coach_season,2012,Chuck Pagano,IND,m2_cases,0.0
coach_season,2012,Chuck Pagano,IND,m2_ep_left,0.0
coach_season,2012,Chuck Pagano,IND,m2_wp_left,0.0
coach_season,2012,Chuck Pagano,IND,m3_cases,0.0
coach_season,2012,Chuck Pagano,IND,m3_decisive_games,0.0
coach_season,2012,Chuck Pagano,IND,m3_seconds_wasted,0.0
coach_season,2012,Dennis Allen,LV,games,16.0
coach_season,2012,Dennis Allen,LV,m1_candidates,1.0
coach_season,2012,Dennis Allen,LV,m1_cases,0.0
coach_season,2012,Dennis Allen,LV,m1_timeouts_left,0.0
coach_season,2012,Dennis Allen,LV,m2_candidates,0.0
coach_season,2012,Dennis Allen,LV,m2_cases,0.0
coach_season,2012,Dennis Allen,LV,m2_ep_left,0.0
coach_season,2012,Dennis Allen,LV,m2_wp_left,0.0
coach_season,2012,Dennis Allen,LV,m3_cases,0.0
coach_season,2012,Dennis Allen,LV,m3_decisive_games,2.0
coach_season,2012,Dennis Allen,LV,m3_seconds_wasted,0.0
coach_season,2012,Gary Kubiak,HOU,games,18.0
coach_season,2012,Gary Kubiak,HOU,m1_candidates,0.0
coach_season,2012,Gary Kubiak,HOU,m1_cases,0.0
coach_season,2012,Gary Kubiak,HOU,m1_timeouts_left,0.0
coach_season,2012,Gary Kubiak,HOU,m2_candidates,0.0
coach_season,2012,Gary Kubiak,HOU,m2_cases,0.0
coach_season,2012,Gary Kubiak,HOU,m2_ep_left,0.0
coach_season,2012,Gary Kubiak,HOU,m2_wp_left,0.0
coach_season,2012,Gary Kubiak,HOU,m3_cases,0.0
coach_season,2012,Gary Kubiak,HOU,m3_decisive_games,0.0
coach_season,2012,Gary Kubiak,HOU,m3_seconds_wasted,0.0
coach_season,2012,Greg Schiano,TB,games,16.0
coach_season,2012,Greg Schiano,TB,m1_candidates,0.0
coach_season,2012,Greg Schiano,TB,m1_cases,0.0
coach_season,2012,Greg Schiano,TB,m1_timeouts_left,0.0
coach_season,2012,Greg Schiano,TB,m2_candidates,1.0
coach_season,2012,Greg Schiano,TB,m2_cases,0.0
coach_season,2012,Greg Schiano,TB,m2_ep_left,0.0
coach_season,2012,Greg Schiano,TB,m2_wp_left,0.0
coach_season,2012,Greg Schiano,TB,m3_cases,0.0
coach_season,2012,Greg Schiano,TB,m3_decisive_games,1.0
coach_season,2012,Greg Schiano,TB,m3_seconds_wasted,0.0
coach_season,2012,Jason Garrett,DAL,games,16.0
coach_season,2012,Jason Garrett,DAL,m1_candidates,0.0
coach_season,2012,Jason Garrett,DAL,m1_cases,0.0
coach_season,2012,Jason Garrett,DAL,m1_timeouts_left,0.0
coach_season,2012,Jason Garrett,DAL,m2_candidates,0.0
coach_season,2012,Jason Garrett,DAL,m2_cases,0.0
coach_season,2012,Jason Garrett,DAL,m2_ep_left,0.0
coach_season,2012,Jason Garrett,DAL,m2_wp_left,0.0
coach_season,2012,Jason Garrett,DAL,m3_cases,0.0
coach_season,2012,Jason Garrett,DAL,m3_decisive_games,1.0
coach_season,2012,Jason Garrett,DAL,m3_seconds_wasted,0.0
coach_season,2012,Jeff Fisher,LA,games,16.0
coach_season,2012,Jeff Fisher,LA,m1_candidates,0.0
coach_season,2012,Jeff Fisher,LA,m1_cases,0.0
coach_season,2012,Jeff Fisher,LA,m1_timeouts_left,0.0
coach_season,2012,Jeff Fisher,LA,m2_candidates,0.0
coach_season,2012,Jeff Fisher,LA,m2_cases,0.0
coach_season,2012,Jeff Fisher,LA,m2_ep_left,0.0
coach_season,2012,Jeff Fisher,LA,m2_wp_left,0.0
coach_season,2012,Jeff Fisher,LA,m3_cases,0.0
coach_season,2012,Jeff Fisher,LA,m3_decisive_games,0.0
coach_season,2012,Jeff Fisher,LA,m3_seconds_wasted,0.0
coach_season,2012,Jim Harbaugh,SF,games,19.0
coach_season,2012,Jim Harbaugh,SF,m1_candidates,1.0
coach_season,2012,Jim Harbaugh,SF,m1_cases,0.0
coach_season,2012,Jim Harbaugh,SF,m1_timeouts_left,0.0
coach_season,2012,Jim Harbaugh,SF,m2_candidates,0.0
coach_season,2012,Jim Harbaugh,SF,m2_cases,0.0
coach_season,2012,Jim Harbaugh,SF,m2_ep_left,0.0
coach_season,2012,Jim Harbaugh,SF,m2_wp_left,0.0
coach_season,2012,Jim Harbaugh,SF,m3_cases,0.0
coach_season,2012,Jim Harbaugh,SF,m3_decisive_games,1.0
coach_season,2012,Jim Harbaugh,SF,m3_seconds_wasted,0.0
coach_season,2012,Jim Schwartz,DET,games,16.0
coach_season,2012,Jim Schwartz,DET,m1_candidates,0.0
coach_season,2012,Jim Schwartz,DET,m1_cases,0.0
coach_season,2012,Jim Schwartz,DET,m1_timeouts_left,0.0
coach_season,2012,Jim Schwartz,DET,m2_candidates,2.0
coach_season,2012,Jim Schwartz,DET,m2_cases,0.0
coach_season,2012,Jim Schwartz,DET,m2_ep_left,0.0
coach_season,2012,Jim Schwartz,DET,m2_wp_left,0.0
coach_season,2012,Jim Schwartz,DET,m3_cases,0.0
coach_season,2012,Jim Schwartz,DET,m3_decisive_games,1.0
coach_season,2012,Jim Schwartz,DET,m3_seconds_wasted,0.0
coach_season,2012,Joe Philbin,MIA,games,16.0
coach_season,2012,Joe Philbin,MIA,m1_candidates,1.0
coach_season,2012,Joe Philbin,MIA,m1_cases,0.0
coach_season,2012,Joe Philbin,MIA,m1_timeouts_left,0.0
coach_season,2012,Joe Philbin,MIA,m2_candidates,3.0
coach_season,2012,Joe Philbin,MIA,m2_cases,0.0
coach_season,2012,Joe Philbin,MIA,m2_ep_left,0.0
coach_season,2012,Joe Philbin,MIA,m2_wp_left,0.0
coach_season,2012,Joe Philbin,MIA,m3_cases,0.0
coach_season,2012,Joe Philbin,MIA,m3_decisive_games,2.0
coach_season,2012,Joe Philbin,MIA,m3_seconds_wasted,0.0
coach_season,2012,Joe Vitt,NO,games,10.0
coach_season,2012,Joe Vitt,NO,m1_candidates,0.0
coach_season,2012,Joe Vitt,NO,m1_cases,0.0
coach_season,2012,Joe Vitt,NO,m1_timeouts_left,0.0
coach_season,2012,Joe Vitt,NO,m2_candidates,0.0
coach_season,2012,Joe Vitt,NO,m2_cases,0.0
coach_season,2012,Joe Vitt,NO,m2_ep_left,0.0
coach_season,2012,Joe Vitt,NO,m2_wp_left,0.0
coach_season,2012,Joe Vitt,NO,m3_cases,0.0
coach_season,2012,Joe Vitt,NO,m3_decisive_games,0.0
coach_season,2012,Joe Vitt,NO,m3_seconds_wasted,0.0
coach_season,2012,John Fox,DEN,games,17.0
coach_season,2012,John Fox,DEN,m1_candidates,1.0
coach_season,2012,John Fox,DEN,m1_cases,1.0
coach_season,2012,John Fox,DEN,m1_timeouts_left,1.0
coach_season,2012,John Fox,DEN,m2_candidates,0.0
coach_season,2012,John Fox,DEN,m2_cases,0.0
coach_season,2012,John Fox,DEN,m2_ep_left,0.0
coach_season,2012,John Fox,DEN,m2_wp_left,0.0
coach_season,2012,John Fox,DEN,m3_cases,0.0
coach_season,2012,John Fox,DEN,m3_decisive_games,1.0
coach_season,2012,John Fox,DEN,m3_seconds_wasted,0.0
coach_season,2012,John Harbaugh,BAL,games,20.0
coach_season,2012,John Harbaugh,BAL,m1_candidates,1.0
coach_season,2012,John Harbaugh,BAL,m1_cases,1.0
coach_season,2012,John Harbaugh,BAL,m1_timeouts_left,2.0
coach_season,2012,John Harbaugh,BAL,m2_candidates,0.0
coach_season,2012,John Harbaugh,BAL,m2_cases,0.0
coach_season,2012,John Harbaugh,BAL,m2_ep_left,0.0
coach_season,2012,John Harbaugh,BAL,m2_wp_left,0.0
coach_season,2012,John Harbaugh,BAL,m3_cases,1.0
coach_season,2012,John Harbaugh,BAL,m3_decisive_games,1.0
coach_season,2012,John Harbaugh,BAL,m3_seconds_wasted,33.0
coach_season,2012,Ken Whisenhunt,ARI,games,16.0
coach_season,2012,Ken Whisenhunt,ARI,m1_candidates,2.0
coach_season,2012,Ken Whisenhunt,ARI,m1_cases,1.0
coach_season,2012,Ken Whisenhunt,ARI,m1_timeouts_left,1.0
coach_season,2012,Ken Whisenhunt,ARI,m2_candidates,0.0
coach_season,2012,Ken Whisenhunt,ARI,m2_cases,0.0
coach_season,2012,Ken Whisenhunt,ARI,m2_ep_left,0.0
coach_season,2012,Ken Whisenhunt,ARI,m2_wp_left,0.0
coach_season,2012,Ken Whisenhunt,ARI,m3_cases,1.0
coach_season,2012,Ken Whisenhunt,ARI,m3_decisive_games,2.0
coach_season,2012,Ken Whisenhunt,ARI,m3_seconds_wasted,40.0
coach_season,2012,Leslie Frazier,MIN,games,17.0
coach_season,2012,Leslie Frazier,MIN,m1_candidates,0.0
coach_season,2012,Leslie Frazier,MIN,m1_cases,0.0
coach_season,2012,Leslie Frazier,MIN,m1_timeouts_left,0.0
coach_season,2012,Leslie Frazier,MIN,m2_candidates,0.0
coach_season,2012,Leslie Frazier,MIN,m2_cases,0.0
coach_season,2012,Leslie Frazier,MIN,m2_ep_left,0.0
coach_season,2012,Leslie Frazier,MIN,m2_wp_left,0.0
coach_season,2012,Leslie Frazier,MIN,m3_cases,0.0
coach_season,2012,Leslie Frazier,MIN,m3_decisive_games,0.0
coach_season,2012,Leslie Frazier,MIN,m3_seconds_wasted,0.0
coach_season,2012,Lovie Smith,CHI,games,16.0
coach_season,2012,Lovie Smith,CHI,m1_candidates,0.0
coach_season,2012,Lovie Smith,CHI,m1_cases,0.0
coach_season,2012,Lovie Smith,CHI,m1_timeouts_left,0.0
coach_season,2012,Lovie Smith,CHI,m2_candidates,0.0
coach_season,2012,Lovie Smith,CHI,m2_cases,0.0
coach_season,2012,Lovie Smith,CHI,m2_ep_left,0.0
coach_season,2012,Lovie Smith,CHI,m2_wp_left,0.0
coach_season,2012,Lovie Smith,CHI,m3_cases,0.0
coach_season,2012,Lovie Smith,CHI,m3_decisive_games,0.0
coach_season,2012,Lovie Smith,CHI,m3_seconds_wasted,0.0
coach_season,2012,Marvin Lewis,CIN,games,17.0
coach_season,2012,Marvin Lewis,CIN,m1_candidates,0.0
coach_season,2012,Marvin Lewis,CIN,m1_cases,0.0
coach_season,2012,Marvin Lewis,CIN,m1_timeouts_left,0.0
coach_season,2012,Marvin Lewis,CIN,m2_candidates,0.0
coach_season,2012,Marvin Lewis,CIN,m2_cases,0.0
coach_season,2012,Marvin Lewis,CIN,m2_ep_left,0.0
coach_season,2012,Marvin Lewis,CIN,m2_wp_left,0.0
coach_season,2012,Marvin Lewis,CIN,m3_cases,0.0
coach_season,2012,Marvin Lewis,CIN,m3_decisive_games,0.0
coach_season,2012,Marvin Lewis,CIN,m3_seconds_wasted,0.0
coach_season,2012,Mike McCarthy,GB,games,18.0
coach_season,2012,Mike McCarthy,GB,m1_candidates,0.0
coach_season,2012,Mike McCarthy,GB,m1_cases,0.0
coach_season,2012,Mike McCarthy,GB,m1_timeouts_left,0.0
coach_season,2012,Mike McCarthy,GB,m2_candidates,0.0
coach_season,2012,Mike McCarthy,GB,m2_cases,0.0
coach_season,2012,Mike McCarthy,GB,m2_ep_left,0.0
coach_season,2012,Mike McCarthy,GB,m2_wp_left,0.0
coach_season,2012,Mike McCarthy,GB,m3_cases,0.0
coach_season,2012,Mike McCarthy,GB,m3_decisive_games,0.0
coach_season,2012,Mike McCarthy,GB,m3_seconds_wasted,0.0
coach_season,2012,Mike Mularkey,JAX,games,16.0
coach_season,2012,Mike Mularkey,JAX,m1_candidates,0.0
coach_season,2012,Mike Mularkey,JAX,m1_cases,0.0
coach_season,2012,Mike Mularkey,JAX,m1_timeouts_left,0.0
coach_season,2012,Mike Mularkey,JAX,m2_candidates,0.0
coach_season,2012,Mike Mularkey,JAX,m2_cases,0.0
coach_season,2012,Mike Mularkey,JAX,m2_ep_left,0.0
coach_season,2012,Mike Mularkey,JAX,m2_wp_left,0.0
coach_season,2012,Mike Mularkey,JAX,m3_cases,0.0
coach_season,2012,Mike Mularkey,JAX,m3_decisive_games,1.0
coach_season,2012,Mike Mularkey,JAX,m3_seconds_wasted,0.0
coach_season,2012,Mike Munchak,TEN,games,16.0
coach_season,2012,Mike Munchak,TEN,m1_candidates,0.0
coach_season,2012,Mike Munchak,TEN,m1_cases,0.0
coach_season,2012,Mike Munchak,TEN,m1_timeouts_left,0.0
coach_season,2012,Mike Munchak,TEN,m2_candidates,0.0
coach_season,2012,Mike Munchak,TEN,m2_cases,0.0
coach_season,2012,Mike Munchak,TEN,m2_ep_left,0.0
coach_season,2012,Mike Munchak,TEN,m2_wp_left,0.0
coach_season,2012,Mike Munchak,TEN,m3_cases,0.0
coach_season,2012,Mike Munchak,TEN,m3_decisive_games,0.0
coach_season,2012,Mike Munchak,TEN,m3_seconds_wasted,0.0
coach_season,2012,Mike Shanahan,WAS,games,17.0
coach_season,2012,Mike Shanahan,WAS,m1_candidates,0.0
coach_season,2012,Mike Shanahan,WAS,m1_cases,0.0
coach_season,2012,Mike Shanahan,WAS,m1_timeouts_left,0.0
coach_season,2012,Mike Shanahan,WAS,m2_candidates,1.0
coach_season,2012,Mike Shanahan,WAS,m2_cases,0.0
coach_season,2012,Mike Shanahan,WAS,m2_ep_left,0.0
coach_season,2012,Mike Shanahan,WAS,m2_wp_left,0.0
coach_season,2012,Mike Shanahan,WAS,m3_cases,0.0
coach_season,2012,Mike Shanahan,WAS,m3_decisive_games,2.0
coach_season,2012,Mike Shanahan,WAS,m3_seconds_wasted,0.0
coach_season,2012,Mike Smith,ATL,games,18.0
coach_season,2012,Mike Smith,ATL,m1_candidates,1.0
coach_season,2012,Mike Smith,ATL,m1_cases,1.0
coach_season,2012,Mike Smith,ATL,m1_timeouts_left,3.0
coach_season,2012,Mike Smith,ATL,m2_candidates,1.0
coach_season,2012,Mike Smith,ATL,m2_cases,0.0
coach_season,2012,Mike Smith,ATL,m2_ep_left,0.0
coach_season,2012,Mike Smith,ATL,m2_wp_left,0.0
coach_season,2012,Mike Smith,ATL,m3_cases,1.0
coach_season,2012,Mike Smith,ATL,m3_decisive_games,4.0
coach_season,2012,Mike Smith,ATL,m3_seconds_wasted,78.0
coach_season,2012,Mike Tomlin,PIT,games,16.0
coach_season,2012,Mike Tomlin,PIT,m1_candidates,0.0
coach_season,2012,Mike Tomlin,PIT,m1_cases,0.0
coach_season,2012,Mike Tomlin,PIT,m1_timeouts_left,0.0
coach_season,2012,Mike Tomlin,PIT,m2_candidates,0.0
coach_season,2012,Mike Tomlin,PIT,m2_cases,0.0
coach_season,2012,Mike Tomlin,PIT,m2_ep_left,0.0
coach_season,2012,Mike Tomlin,PIT,m2_wp_left,0.0
coach_season,2012,Mike Tomlin,PIT,m3_cases,0.0
coach_season,2012,Mike Tomlin,PIT,m3_decisive_games,0.0
coach_season,2012,Mike Tomlin,PIT,m3_seconds_wasted,0.0
coach_season,2012,Norv Turner,LAC,games,16.0
coach_season,2012,Norv Turner,LAC,m1_candidates,0.0
coach_season,2012,Norv Turner,LAC,m1_cases,0.0
coach_season,2012,Norv Turner,LAC,m1_timeouts_left,0.0
coach_season,2012,Norv Turner,LAC,m2_candidates,0.0
coach_season,2012,Norv Turner,LAC,m2_cases,0.0
coach_season,2012,Norv Turner,LAC,m2_ep_left,0.0
coach_season,2012,Norv Turner,LAC,m2_wp_left,0.0
coach_season,2012,Norv Turner,LAC,m3_cases,0.0
coach_season,2012,Norv Turner,LAC,m3_decisive_games,1.0
coach_season,2012,Norv Turner,LAC,m3_seconds_wasted,0.0
coach_season,2012,Pat Shurmur,CLE,games,16.0
coach_season,2012,Pat Shurmur,CLE,m1_candidates,0.0
coach_season,2012,Pat Shurmur,CLE,m1_cases,0.0
coach_season,2012,Pat Shurmur,CLE,m1_timeouts_left,0.0
coach_season,2012,Pat Shurmur,CLE,m2_candidates,1.0
coach_season,2012,Pat Shurmur,CLE,m2_cases,0.0
coach_season,2012,Pat Shurmur,CLE,m2_ep_left,0.0
coach_season,2012,Pat Shurmur,CLE,m2_wp_left,0.0
coach_season,2012,Pat Shurmur,CLE,m3_cases,0.0
coach_season,2012,Pat Shurmur,CLE,m3_decisive_games,2.0
coach_season,2012,Pat Shurmur,CLE,m3_seconds_wasted,0.0
coach_season,2012,Pete Carroll,SEA,games,18.0
coach_season,2012,Pete Carroll,SEA,m1_candidates,0.0
coach_season,2012,Pete Carroll,SEA,m1_cases,0.0
coach_season,2012,Pete Carroll,SEA,m1_timeouts_left,0.0
coach_season,2012,Pete Carroll,SEA,m2_candidates,1.0
coach_season,2012,Pete Carroll,SEA,m2_cases,0.0
coach_season,2012,Pete Carroll,SEA,m2_ep_left,0.0
coach_season,2012,Pete Carroll,SEA,m2_wp_left,0.0
coach_season,2012,Pete Carroll,SEA,m3_cases,0.0
coach_season,2012,Pete Carroll,SEA,m3_decisive_games,1.0
coach_season,2012,Pete Carroll,SEA,m3_seconds_wasted,0.0
coach_season,2012,Rex Ryan,NYJ,games,16.0
coach_season,2012,Rex Ryan,NYJ,m1_candidates,0.0
coach_season,2012,Rex Ryan,NYJ,m1_cases,0.0
coach_season,2012,Rex Ryan,NYJ,m1_timeouts_left,0.0
coach_season,2012,Rex Ryan,NYJ,m2_candidates,1.0
coach_season,2012,Rex Ryan,NYJ,m2_cases,0.0
coach_season,2012,Rex Ryan,NYJ,m2_ep_left,0.0
coach_season,2012,Rex Ryan,NYJ,m2_wp_left,0.0
coach_season,2012,Rex Ryan,NYJ,m3_cases,0.0
coach_season,2012,Rex Ryan,NYJ,m3_decisive_games,2.0
coach_season,2012,Rex Ryan,NYJ,m3_seconds_wasted,0.0
coach_season,2012,Romeo Crennel,KC,games,16.0
coach_season,2012,Romeo Crennel,KC,m1_candidates,0.0
coach_season,2012,Romeo Crennel,KC,m1_cases,0.0
coach_season,2012,Romeo Crennel,KC,m1_timeouts_left,0.0
coach_season,2012,Romeo Crennel,KC,m2_candidates,0.0
coach_season,2012,Romeo Crennel,KC,m2_cases,0.0
coach_season,2012,Romeo Crennel,KC,m2_ep_left,0.0
coach_season,2012,Romeo Crennel,KC,m2_wp_left,0.0
coach_season,2012,Romeo Crennel,KC,m3_cases,0.0
coach_season,2012,Romeo Crennel,KC,m3_decisive_games,1.0
coach_season,2012,Romeo Crennel,KC,m3_seconds_wasted,0.0
coach_season,2012,Ron Rivera,CAR,games,16.0
coach_season,2012,Ron Rivera,CAR,m1_candidates,0.0
coach_season,2012,Ron Rivera,CAR,m1_cases,0.0
coach_season,2012,Ron Rivera,CAR,m1_timeouts_left,0.0
coach_season,2012,Ron Rivera,CAR,m2_candidates,1.0
coach_season,2012,Ron Rivera,CAR,m2_cases,0.0
coach_season,2012,Ron Rivera,CAR,m2_ep_left,0.0
coach_season,2012,Ron Rivera,CAR,m2_wp_left,0.0
coach_season,2012,Ron Rivera,CAR,m3_cases,0.0
coach_season,2012,Ron Rivera,CAR,m3_decisive_games,1.0
coach_season,2012,Ron Rivera,CAR,m3_seconds_wasted,0.0
coach_season,2012,Tom Coughlin,NYG,games,16.0
coach_season,2012,Tom Coughlin,NYG,m1_candidates,1.0
coach_season,2012,Tom Coughlin,NYG,m1_cases,0.0
coach_season,2012,Tom Coughlin,NYG,m1_timeouts_left,0.0
coach_season,2012,Tom Coughlin,NYG,m2_candidates,0.0
coach_season,2012,Tom Coughlin,NYG,m2_cases,0.0
coach_season,2012,Tom Coughlin,NYG,m2_ep_left,0.0
coach_season,2012,Tom Coughlin,NYG,m2_wp_left,0.0
coach_season,2012,Tom Coughlin,NYG,m3_cases,0.0
coach_season,2012,Tom Coughlin,NYG,m3_decisive_games,1.0
coach_season,2012,Tom Coughlin,NYG,m3_seconds_wasted,0.0
coach_season,2013,Andy Reid,KC,games,17.0
coach_season,2013,Andy Reid,KC,m1_candidates,1.0
coach_season,2013,Andy Reid,KC,m1_cases,0.0
coach_season,2013,Andy Reid,KC,m1_timeouts_left,0.0
coach_season,2013,Andy Reid,KC,m2_candidates,0.0
coach_season,2013,Andy Reid,KC,m2_cases,0.0
coach_season,2013,Andy Reid,KC,m2_ep_left,0.0
coach_season,2013,Andy Reid,KC,m2_wp_left,0.0
coach_season,2013,Andy Reid,KC,m3_cases,0.0
coach_season,2013,Andy Reid,KC,m3_decisive_games,0.0
coach_season,2013,Andy Reid,KC,m3_seconds_wasted,0.0
coach_season,2013,Bill Belichick,NE,games,18.0
coach_season,2013,Bill Belichick,NE,m1_candidates,0.0
coach_season,2013,Bill Belichick,NE,m1_cases,0.0
coach_season,2013,Bill Belichick,NE,m1_timeouts_left,0.0
coach_season,2013,Bill Belichick,NE,m2_candidates,0.0
coach_season,2013,Bill Belichick,NE,m2_cases,0.0
coach_season,2013,Bill Belichick,NE,m2_ep_left,0.0
coach_season,2013,Bill Belichick,NE,m2_wp_left,0.0
coach_season,2013,Bill Belichick,NE,m3_cases,0.0
coach_season,2013,Bill Belichick,NE,m3_decisive_games,0.0
coach_season,2013,Bill Belichick,NE,m3_seconds_wasted,0.0
coach_season,2013,Bruce Arians,ARI,games,16.0
coach_season,2013,Bruce Arians,ARI,m1_candidates,1.0
coach_season,2013,Bruce Arians,ARI,m1_cases,0.0
coach_season,2013,Bruce Arians,ARI,m1_timeouts_left,0.0
coach_season,2013,Bruce Arians,ARI,m2_candidates,0.0
coach_season,2013,Bruce Arians,ARI,m2_cases,0.0
coach_season,2013,Bruce Arians,ARI,m2_ep_left,0.0
coach_season,2013,Bruce Arians,ARI,m2_wp_left,0.0
coach_season,2013,Bruce Arians,ARI,m3_cases,0.0
coach_season,2013,Bruce Arians,ARI,m3_decisive_games,1.0
coach_season,2013,Bruce Arians,ARI,m3_seconds_wasted,0.0
coach_season,2013,Chip Kelly,PHI,games,17.0
coach_season,2013,Chip Kelly,PHI,m1_candidates,0.0
coach_season,2013,Chip Kelly,PHI,m1_cases,0.0
coach_season,2013,Chip Kelly,PHI,m1_timeouts_left,0.0
coach_season,2013,Chip Kelly,PHI,m2_candidates,0.0
coach_season,2013,Chip Kelly,PHI,m2_cases,0.0
coach_season,2013,Chip Kelly,PHI,m2_ep_left,0.0
coach_season,2013,Chip Kelly,PHI,m2_wp_left,0.0
coach_season,2013,Chip Kelly,PHI,m3_cases,0.0
coach_season,2013,Chip Kelly,PHI,m3_decisive_games,0.0
coach_season,2013,Chip Kelly,PHI,m3_seconds_wasted,0.0
coach_season,2013,Chuck Pagano,IND,games,18.0
coach_season,2013,Chuck Pagano,IND,m1_candidates,1.0
coach_season,2013,Chuck Pagano,IND,m1_cases,0.0
coach_season,2013,Chuck Pagano,IND,m1_timeouts_left,0.0
coach_season,2013,Chuck Pagano,IND,m2_candidates,0.0
coach_season,2013,Chuck Pagano,IND,m2_cases,0.0
coach_season,2013,Chuck Pagano,IND,m2_ep_left,0.0
coach_season,2013,Chuck Pagano,IND,m2_wp_left,0.0
coach_season,2013,Chuck Pagano,IND,m3_cases,0.0
coach_season,2013,Chuck Pagano,IND,m3_decisive_games,1.0
coach_season,2013,Chuck Pagano,IND,m3_seconds_wasted,0.0
coach_season,2013,Dennis Allen,LV,games,16.0
coach_season,2013,Dennis Allen,LV,m1_candidates,0.0
coach_season,2013,Dennis Allen,LV,m1_cases,0.0
coach_season,2013,Dennis Allen,LV,m1_timeouts_left,0.0
coach_season,2013,Dennis Allen,LV,m2_candidates,0.0
coach_season,2013,Dennis Allen,LV,m2_cases,0.0
coach_season,2013,Dennis Allen,LV,m2_ep_left,0.0
coach_season,2013,Dennis Allen,LV,m2_wp_left,0.0
coach_season,2013,Dennis Allen,LV,m3_cases,0.0
coach_season,2013,Dennis Allen,LV,m3_decisive_games,0.0
coach_season,2013,Dennis Allen,LV,m3_seconds_wasted,0.0
coach_season,2013,Doug Marrone,BUF,games,16.0
coach_season,2013,Doug Marrone,BUF,m1_candidates,0.0
coach_season,2013,Doug Marrone,BUF,m1_cases,0.0
coach_season,2013,Doug Marrone,BUF,m1_timeouts_left,0.0
coach_season,2013,Doug Marrone,BUF,m2_candidates,0.0
coach_season,2013,Doug Marrone,BUF,m2_cases,0.0
coach_season,2013,Doug Marrone,BUF,m2_ep_left,0.0
coach_season,2013,Doug Marrone,BUF,m2_wp_left,0.0
coach_season,2013,Doug Marrone,BUF,m3_cases,0.0
coach_season,2013,Doug Marrone,BUF,m3_decisive_games,2.0
coach_season,2013,Doug Marrone,BUF,m3_seconds_wasted,0.0
coach_season,2013,Gary Kubiak,HOU,games,13.0
coach_season,2013,Gary Kubiak,HOU,m1_candidates,0.0
coach_season,2013,Gary Kubiak,HOU,m1_cases,0.0
coach_season,2013,Gary Kubiak,HOU,m1_timeouts_left,0.0
coach_season,2013,Gary Kubiak,HOU,m2_candidates,0.0
coach_season,2013,Gary Kubiak,HOU,m2_cases,0.0
coach_season,2013,Gary Kubiak,HOU,m2_ep_left,0.0
coach_season,2013,Gary Kubiak,HOU,m2_wp_left,0.0
coach_season,2013,Gary Kubiak,HOU,m3_cases,0.0
coach_season,2013,Gary Kubiak,HOU,m3_decisive_games,2.0
coach_season,2013,Gary Kubiak,HOU,m3_seconds_wasted,0.0
coach_season,2013,Greg Schiano,TB,games,16.0
coach_season,2013,Greg Schiano,TB,m1_candidates,0.0
coach_season,2013,Greg Schiano,TB,m1_cases,0.0
coach_season,2013,Greg Schiano,TB,m1_timeouts_left,0.0
coach_season,2013,Greg Schiano,TB,m2_candidates,0.0
coach_season,2013,Greg Schiano,TB,m2_cases,0.0
coach_season,2013,Greg Schiano,TB,m2_ep_left,0.0
coach_season,2013,Greg Schiano,TB,m2_wp_left,0.0
coach_season,2013,Greg Schiano,TB,m3_cases,0.0
coach_season,2013,Greg Schiano,TB,m3_decisive_games,0.0
coach_season,2013,Greg Schiano,TB,m3_seconds_wasted,0.0
coach_season,2013,Gus Bradley,JAX,games,16.0
coach_season,2013,Gus Bradley,JAX,m1_candidates,0.0
coach_season,2013,Gus Bradley,JAX,m1_cases,0.0
coach_season,2013,Gus Bradley,JAX,m1_timeouts_left,0.0
coach_season,2013,Gus Bradley,JAX,m2_candidates,1.0
coach_season,2013,Gus Bradley,JAX,m2_cases,0.0
coach_season,2013,Gus Bradley,JAX,m2_ep_left,0.0
coach_season,2013,Gus Bradley,JAX,m2_wp_left,0.0
coach_season,2013,Gus Bradley,JAX,m3_cases,0.0
coach_season,2013,Gus Bradley,JAX,m3_decisive_games,0.0
coach_season,2013,Gus Bradley,JAX,m3_seconds_wasted,0.0
coach_season,2013,Jason Garrett,DAL,games,16.0
coach_season,2013,Jason Garrett,DAL,m1_candidates,1.0
coach_season,2013,Jason Garrett,DAL,m1_cases,0.0
coach_season,2013,Jason Garrett,DAL,m1_timeouts_left,0.0
coach_season,2013,Jason Garrett,DAL,m2_candidates,1.0
coach_season,2013,Jason Garrett,DAL,m2_cases,0.0
coach_season,2013,Jason Garrett,DAL,m2_ep_left,0.0
coach_season,2013,Jason Garrett,DAL,m2_wp_left,0.0
coach_season,2013,Jason Garrett,DAL,m3_cases,0.0
coach_season,2013,Jason Garrett,DAL,m3_decisive_games,1.0
coach_season,2013,Jason Garrett,DAL,m3_seconds_wasted,0.0
coach_season,2013,Jeff Fisher,LA,games,16.0
coach_season,2013,Jeff Fisher,LA,m1_candidates,0.0
coach_season,2013,Jeff Fisher,LA,m1_cases,0.0
coach_season,2013,Jeff Fisher,LA,m1_timeouts_left,0.0
coach_season,2013,Jeff Fisher,LA,m2_candidates,2.0
coach_season,2013,Jeff Fisher,LA,m2_cases,0.0
coach_season,2013,Jeff Fisher,LA,m2_ep_left,0.0
coach_season,2013,Jeff Fisher,LA,m2_wp_left,0.0
coach_season,2013,Jeff Fisher,LA,m3_cases,0.0
coach_season,2013,Jeff Fisher,LA,m3_decisive_games,1.0
coach_season,2013,Jeff Fisher,LA,m3_seconds_wasted,0.0
coach_season,2013,Jim Harbaugh,SF,games,19.0
coach_season,2013,Jim Harbaugh,SF,m1_candidates,0.0
coach_season,2013,Jim Harbaugh,SF,m1_cases,0.0
coach_season,2013,Jim Harbaugh,SF,m1_timeouts_left,0.0
coach_season,2013,Jim Harbaugh,SF,m2_candidates,1.0
coach_season,2013,Jim Harbaugh,SF,m2_cases,0.0
coach_season,2013,Jim Harbaugh,SF,m2_ep_left,0.0
coach_season,2013,Jim Harbaugh,SF,m2_wp_left,0.0
coach_season,2013,Jim Harbaugh,SF,m3_cases,0.0
coach_season,2013,Jim Harbaugh,SF,m3_decisive_games,0.0
coach_season,2013,Jim Harbaugh,SF,m3_seconds_wasted,0.0
coach_season,2013,Jim Schwartz,DET,games,16.0
coach_season,2013,Jim Schwartz,DET,m1_candidates,2.0
coach_season,2013,Jim Schwartz,DET,m1_cases,1.0
coach_season,2013,Jim Schwartz,DET,m1_timeouts_left,3.0
coach_season,2013,Jim Schwartz,DET,m2_candidates,2.0
coach_season,2013,Jim Schwartz,DET,m2_cases,0.0
coach_season,2013,Jim Schwartz,DET,m2_ep_left,0.0
coach_season,2013,Jim Schwartz,DET,m2_wp_left,0.0
coach_season,2013,Jim Schwartz,DET,m3_cases,0.0
coach_season,2013,Jim Schwartz,DET,m3_decisive_games,2.0
coach_season,2013,Jim Schwartz,DET,m3_seconds_wasted,0.0
coach_season,2013,Joe Philbin,MIA,games,16.0
coach_season,2013,Joe Philbin,MIA,m1_candidates,1.0
coach_season,2013,Joe Philbin,MIA,m1_cases,0.0
coach_season,2013,Joe Philbin,MIA,m1_timeouts_left,0.0
coach_season,2013,Joe Philbin,MIA,m2_candidates,1.0
coach_season,2013,Joe Philbin,MIA,m2_cases,0.0
coach_season,2013,Joe Philbin,MIA,m2_ep_left,0.0
coach_season,2013,Joe Philbin,MIA,m2_wp_left,0.0
coach_season,2013,Joe Philbin,MIA,m3_cases,0.0
coach_season,2013,Joe Philbin,MIA,m3_decisive_games,1.0
coach_season,2013,Joe Philbin,MIA,m3_seconds_wasted,0.0
coach_season,2013,John Fox,DEN,games,19.0
coach_season,2013,John Fox,DEN,m1_candidates,0.0
coach_season,2013,John Fox,DEN,m1_cases,0.0
coach_season,2013,John Fox,DEN,m1_timeouts_left,0.0
coach_season,2013,John Fox,DEN,m2_candidates,0.0
coach_season,2013,John Fox,DEN,m2_cases,0.0
coach_season,2013,John Fox,DEN,m2_ep_left,0.0
coach_season,2013,John Fox,DEN,m2_wp_left,0.0
coach_season,2013,John Fox,DEN,m3_cases,0.0
coach_season,2013,John Fox,DEN,m3_decisive_games,0.0
coach_season,2013,John Fox,DEN,m3_seconds_wasted,0.0
coach_season,2013,John Harbaugh,BAL,games,16.0
coach_season,2013,John Harbaugh,BAL,m1_candidates,2.0
coach_season,2013,John Harbaugh,BAL,m1_cases,0.0
coach_season,2013,John Harbaugh,BAL,m1_timeouts_left,0.0
coach_season,2013,John Harbaugh,BAL,m2_candidates,0.0
coach_season,2013,John Harbaugh,BAL,m2_cases,0.0
coach_season,2013,John Harbaugh,BAL,m2_ep_left,0.0
coach_season,2013,John Harbaugh,BAL,m2_wp_left,0.0
coach_season,2013,John Harbaugh,BAL,m3_cases,0.0
coach_season,2013,John Harbaugh,BAL,m3_decisive_games,3.0
coach_season,2013,John Harbaugh,BAL,m3_seconds_wasted,0.0
coach_season,2013,Leslie Frazier,MIN,games,16.0
coach_season,2013,Leslie Frazier,MIN,m1_candidates,0.0
coach_season,2013,Leslie Frazier,MIN,m1_cases,0.0
coach_season,2013,Leslie Frazier,MIN,m1_timeouts_left,0.0
coach_season,2013,Leslie Frazier,MIN,m2_candidates,0.0
coach_season,2013,Leslie Frazier,MIN,m2_cases,0.0
coach_season,2013,Leslie Frazier,MIN,m2_ep_left,0.0
coach_season,2013,Leslie Frazier,MIN,m2_wp_left,0.0
coach_season,2013,Leslie Frazier,MIN,m3_cases,0.0
coach_season,2013,Leslie Frazier,MIN,m3_decisive_games,0.0
coach_season,2013,Leslie Frazier,MIN,m3_seconds_wasted,0.0
coach_season,2013,Marc Trestman,CHI,games,16.0
coach_season,2013,Marc Trestman,CHI,m1_candidates,0.0
coach_season,2013,Marc Trestman,CHI,m1_cases,0.0
coach_season,2013,Marc Trestman,CHI,m1_timeouts_left,0.0
coach_season,2013,Marc Trestman,CHI,m2_candidates,0.0
coach_season,2013,Marc Trestman,CHI,m2_cases,0.0
coach_season,2013,Marc Trestman,CHI,m2_ep_left,0.0
coach_season,2013,Marc Trestman,CHI,m2_wp_left,0.0
coach_season,2013,Marc Trestman,CHI,m3_cases,0.0
coach_season,2013,Marc Trestman,CHI,m3_decisive_games,0.0
coach_season,2013,Marc Trestman,CHI,m3_seconds_wasted,0.0
coach_season,2013,Marvin Lewis,CIN,games,17.0
coach_season,2013,Marvin Lewis,CIN,m1_candidates,0.0
coach_season,2013,Marvin Lewis,CIN,m1_cases,0.0
coach_season,2013,Marvin Lewis,CIN,m1_timeouts_left,0.0
coach_season,2013,Marvin Lewis,CIN,m2_candidates,1.0
coach_season,2013,Marvin Lewis,CIN,m2_cases,0.0
coach_season,2013,Marvin Lewis,CIN,m2_ep_left,0.0
coach_season,2013,Marvin Lewis,CIN,m2_wp_left,0.0
coach_season,2013,Marvin Lewis,CIN,m3_cases,0.0
coach_season,2013,Marvin Lewis,CIN,m3_decisive_games,1.0
coach_season,2013,Marvin Lewis,CIN,m3_seconds_wasted,0.0
coach_season,2013,Mike McCarthy,GB,games,17.0
coach_season,2013,Mike McCarthy,GB,m1_candidates,0.0
coach_season,2013,Mike McCarthy,GB,m1_cases,0.0
coach_season,2013,Mike McCarthy,GB,m1_timeouts_left,0.0
coach_season,2013,Mike McCarthy,GB,m2_candidates,0.0
coach_season,2013,Mike McCarthy,GB,m2_cases,0.0
coach_season,2013,Mike McCarthy,GB,m2_ep_left,0.0
coach_season,2013,Mike McCarthy,GB,m2_wp_left,0.0
coach_season,2013,Mike McCarthy,GB,m3_cases,0.0
coach_season,2013,Mike McCarthy,GB,m3_decisive_games,1.0
coach_season,2013,Mike McCarthy,GB,m3_seconds_wasted,0.0
coach_season,2013,Mike McCoy,LAC,games,18.0
coach_season,2013,Mike McCoy,LAC,m1_candidates,1.0
coach_season,2013,Mike McCoy,LAC,m1_cases,0.0
coach_season,2013,Mike McCoy,LAC,m1_timeouts_left,0.0
coach_season,2013,Mike McCoy,LAC,m2_candidates,0.0
coach_season,2013,Mike McCoy,LAC,m2_cases,0.0
coach_season,2013,Mike McCoy,LAC,m2_ep_left,0.0
coach_season,2013,Mike McCoy,LAC,m2_wp_left,0.0
coach_season,2013,Mike McCoy,LAC,m3_cases,0.0
coach_season,2013,Mike McCoy,LAC,m3_decisive_games,1.0
coach_season,2013,Mike McCoy,LAC,m3_seconds_wasted,0.0
coach_season,2013,Mike Munchak,TEN,games,16.0
coach_season,2013,Mike Munchak,TEN,m1_candidates,1.0
coach_season,2013,Mike Munchak,TEN,m1_cases,0.0
coach_season,2013,Mike Munchak,TEN,m1_timeouts_left,0.0
coach_season,2013,Mike Munchak,TEN,m2_candidates,0.0
coach_season,2013,Mike Munchak,TEN,m2_cases,0.0
coach_season,2013,Mike Munchak,TEN,m2_ep_left,0.0
coach_season,2013,Mike Munchak,TEN,m2_wp_left,0.0
coach_season,2013,Mike Munchak,TEN,m3_cases,0.0
coach_season,2013,Mike Munchak,TEN,m3_decisive_games,1.0
coach_season,2013,Mike Munchak,TEN,m3_seconds_wasted,0.0
coach_season,2013,Mike Shanahan,WAS,games,16.0
coach_season,2013,Mike Shanahan,WAS,m1_candidates,0.0
coach_season,2013,Mike Shanahan,WAS,m1_cases,0.0
coach_season,2013,Mike Shanahan,WAS,m1_timeouts_left,0.0
coach_season,2013,Mike Shanahan,WAS,m2_candidates,0.0
coach_season,2013,Mike Shanahan,WAS,m2_cases,0.0
coach_season,2013,Mike Shanahan,WAS,m2_ep_left,0.0
coach_season,2013,Mike Shanahan,WAS,m2_wp_left,0.0
coach_season,2013,Mike Shanahan,WAS,m3_cases,0.0
coach_season,2013,Mike Shanahan,WAS,m3_decisive_games,1.0
coach_season,2013,Mike Shanahan,WAS,m3_seconds_wasted,0.0
coach_season,2013,Mike Smith,ATL,games,16.0
coach_season,2013,Mike Smith,ATL,m1_candidates,0.0
coach_season,2013,Mike Smith,ATL,m1_cases,0.0
coach_season,2013,Mike Smith,ATL,m1_timeouts_left,0.0
coach_season,2013,Mike Smith,ATL,m2_candidates,0.0
coach_season,2013,Mike Smith,ATL,m2_cases,0.0
coach_season,2013,Mike Smith,ATL,m2_ep_left,0.0
coach_season,2013,Mike Smith,ATL,m2_wp_left,0.0
coach_season,2013,Mike Smith,ATL,m3_cases,0.0
coach_season,2013,Mike Smith,ATL,m3_decisive_games,3.0
coach_season,2013,Mike Smith,ATL,m3_seconds_wasted,0.0
coach_season,2013,Mike Tomlin,PIT,games,16.0
coach_season,2013,Mike Tomlin,PIT,m1_candidates,0.0
coach_season,2013,Mike Tomlin,PIT,m1_cases,0.0
coach_season,2013,Mike Tomlin,PIT,m1_timeouts_left,0.0
coach_season,2013,Mike Tomlin,PIT,m2_candidates,0.0
coach_season,2013,Mike Tomlin,PIT,m2_cases,0.0
coach_season,2013,Mike Tomlin,PIT,m2_ep_left,0.0
coach_season,2013,Mike Tomlin,PIT,m2_wp_left,0.0
coach_season,2013,Mike Tomlin,PIT,m3_cases,0.0
coach_season,2013,Mike Tomlin,PIT,m3_decisive_games,1.0
coach_season,2013,Mike Tomlin,PIT,m3_seconds_wasted,0.0
coach_season,2013,Pete Carroll,SEA,games,19.0
coach_season,2013,Pete Carroll,SEA,m1_candidates,1.0
coach_season,2013,Pete Carroll,SEA,m1_cases,0.0
coach_season,2013,Pete Carroll,SEA,m1_timeouts_left,0.0
coach_season,2013,Pete Carroll,SEA,m2_candidates,1.0
coach_season,2013,Pete Carroll,SEA,m2_cases,0.0
coach_season,2013,Pete Carroll,SEA,m2_ep_left,0.0
coach_season,2013,Pete Carroll,SEA,m2_wp_left,0.0
coach_season,2013,Pete Carroll,SEA,m3_cases,0.0
coach_season,2013,Pete Carroll,SEA,m3_decisive_games,0.0
coach_season,2013,Pete Carroll,SEA,m3_seconds_wasted,0.0
coach_season,2013,Rex Ryan,NYJ,games,16.0
coach_season,2013,Rex Ryan,NYJ,m1_candidates,0.0
coach_season,2013,Rex Ryan,NYJ,m1_cases,0.0
coach_season,2013,Rex Ryan,NYJ,m1_timeouts_left,0.0
coach_season,2013,Rex Ryan,NYJ,m2_candidates,1.0
coach_season,2013,Rex Ryan,NYJ,m2_cases,0.0
coach_season,2013,Rex Ryan,NYJ,m2_ep_left,0.0
coach_season,2013,Rex Ryan,NYJ,m2_wp_left,0.0
coach_season,2013,Rex Ryan,NYJ,m3_cases,0.0
coach_season,2013,Rex Ryan,NYJ,m3_decisive_games,0.0
coach_season,2013,Rex Ryan,NYJ,m3_seconds_wasted,0.0
coach_season,2013,Rob Chudzinski,CLE,games,16.0
coach_season,2013,Rob Chudzinski,CLE,m1_candidates,0.0
coach_season,2013,Rob Chudzinski,CLE,m1_cases,0.0
coach_season,2013,Rob Chudzinski,CLE,m1_timeouts_left,0.0
coach_season,2013,Rob Chudzinski,CLE,m2_candidates,0.0
coach_season,2013,Rob Chudzinski,CLE,m2_cases,0.0
coach_season,2013,Rob Chudzinski,CLE,m2_ep_left,0.0
coach_season,2013,Rob Chudzinski,CLE,m2_wp_left,0.0
coach_season,2013,Rob Chudzinski,CLE,m3_cases,0.0
coach_season,2013,Rob Chudzinski,CLE,m3_decisive_games,0.0
coach_season,2013,Rob Chudzinski,CLE,m3_seconds_wasted,0.0
coach_season,2013,Ron Rivera,CAR,games,17.0
coach_season,2013,Ron Rivera,CAR,m1_candidates,0.0
coach_season,2013,Ron Rivera,CAR,m1_cases,0.0
coach_season,2013,Ron Rivera,CAR,m1_timeouts_left,0.0
coach_season,2013,Ron Rivera,CAR,m2_candidates,0.0
coach_season,2013,Ron Rivera,CAR,m2_cases,0.0
coach_season,2013,Ron Rivera,CAR,m2_ep_left,0.0
coach_season,2013,Ron Rivera,CAR,m2_wp_left,0.0
coach_season,2013,Ron Rivera,CAR,m3_cases,0.0
coach_season,2013,Ron Rivera,CAR,m3_decisive_games,1.0
coach_season,2013,Ron Rivera,CAR,m3_seconds_wasted,0.0
coach_season,2013,Sean Payton,NO,games,18.0
coach_season,2013,Sean Payton,NO,m1_candidates,0.0
coach_season,2013,Sean Payton,NO,m1_cases,0.0
coach_season,2013,Sean Payton,NO,m1_timeouts_left,0.0
coach_season,2013,Sean Payton,NO,m2_candidates,0.0
coach_season,2013,Sean Payton,NO,m2_cases,0.0
coach_season,2013,Sean Payton,NO,m2_ep_left,0.0
coach_season,2013,Sean Payton,NO,m2_wp_left,0.0
coach_season,2013,Sean Payton,NO,m3_cases,0.0
coach_season,2013,Sean Payton,NO,m3_decisive_games,0.0
coach_season,2013,Sean Payton,NO,m3_seconds_wasted,0.0
coach_season,2013,Tom Coughlin,NYG,games,16.0
coach_season,2013,Tom Coughlin,NYG,m1_candidates,1.0
coach_season,2013,Tom Coughlin,NYG,m1_cases,0.0
coach_season,2013,Tom Coughlin,NYG,m1_timeouts_left,0.0
coach_season,2013,Tom Coughlin,NYG,m2_candidates,0.0
coach_season,2013,Tom Coughlin,NYG,m2_cases,0.0
coach_season,2013,Tom Coughlin,NYG,m2_ep_left,0.0
coach_season,2013,Tom Coughlin,NYG,m2_wp_left,0.0
coach_season,2013,Tom Coughlin,NYG,m3_cases,0.0
coach_season,2013,Tom Coughlin,NYG,m3_decisive_games,1.0
coach_season,2013,Tom Coughlin,NYG,m3_seconds_wasted,0.0
coach_season,2013,Wade Phillips,HOU,games,3.0
coach_season,2013,Wade Phillips,HOU,m1_candidates,0.0
coach_season,2013,Wade Phillips,HOU,m1_cases,0.0
coach_season,2013,Wade Phillips,HOU,m1_timeouts_left,0.0
coach_season,2013,Wade Phillips,HOU,m2_candidates,0.0
coach_season,2013,Wade Phillips,HOU,m2_cases,0.0
coach_season,2013,Wade Phillips,HOU,m2_ep_left,0.0
coach_season,2013,Wade Phillips,HOU,m2_wp_left,0.0
coach_season,2013,Wade Phillips,HOU,m3_cases,0.0
coach_season,2013,Wade Phillips,HOU,m3_decisive_games,0.0
coach_season,2013,Wade Phillips,HOU,m3_seconds_wasted,0.0
coach_season,2014,Andy Reid,KC,games,16.0
coach_season,2014,Andy Reid,KC,m1_candidates,0.0
coach_season,2014,Andy Reid,KC,m1_cases,0.0
coach_season,2014,Andy Reid,KC,m1_timeouts_left,0.0
coach_season,2014,Andy Reid,KC,m2_candidates,1.0
coach_season,2014,Andy Reid,KC,m2_cases,0.0
coach_season,2014,Andy Reid,KC,m2_ep_left,0.0
coach_season,2014,Andy Reid,KC,m2_wp_left,0.0
coach_season,2014,Andy Reid,KC,m3_cases,0.0
coach_season,2014,Andy Reid,KC,m3_decisive_games,0.0
coach_season,2014,Andy Reid,KC,m3_seconds_wasted,0.0
coach_season,2014,Bill Belichick,NE,games,19.0
coach_season,2014,Bill Belichick,NE,m1_candidates,0.0
coach_season,2014,Bill Belichick,NE,m1_cases,0.0
coach_season,2014,Bill Belichick,NE,m1_timeouts_left,0.0
coach_season,2014,Bill Belichick,NE,m2_candidates,1.0
coach_season,2014,Bill Belichick,NE,m2_cases,0.0
coach_season,2014,Bill Belichick,NE,m2_ep_left,0.0
coach_season,2014,Bill Belichick,NE,m2_wp_left,0.0
coach_season,2014,Bill Belichick,NE,m3_cases,0.0
coach_season,2014,Bill Belichick,NE,m3_decisive_games,0.0
coach_season,2014,Bill Belichick,NE,m3_seconds_wasted,0.0
coach_season,2014,Bill O'Brien,HOU,games,16.0
coach_season,2014,Bill O'Brien,HOU,m1_candidates,0.0
coach_season,2014,Bill O'Brien,HOU,m1_cases,0.0
coach_season,2014,Bill O'Brien,HOU,m1_timeouts_left,0.0
coach_season,2014,Bill O'Brien,HOU,m2_candidates,1.0
coach_season,2014,Bill O'Brien,HOU,m2_cases,0.0
coach_season,2014,Bill O'Brien,HOU,m2_ep_left,0.0
coach_season,2014,Bill O'Brien,HOU,m2_wp_left,0.0
coach_season,2014,Bill O'Brien,HOU,m3_cases,0.0
coach_season,2014,Bill O'Brien,HOU,m3_decisive_games,0.0
coach_season,2014,Bill O'Brien,HOU,m3_seconds_wasted,0.0
coach_season,2014,Bruce Arians,ARI,games,17.0
coach_season,2014,Bruce Arians,ARI,m1_candidates,0.0
coach_season,2014,Bruce Arians,ARI,m1_cases,0.0
coach_season,2014,Bruce Arians,ARI,m1_timeouts_left,0.0
coach_season,2014,Bruce Arians,ARI,m2_candidates,0.0
coach_season,2014,Bruce Arians,ARI,m2_cases,0.0
coach_season,2014,Bruce Arians,ARI,m2_ep_left,0.0
coach_season,2014,Bruce Arians,ARI,m2_wp_left,0.0
coach_season,2014,Bruce Arians,ARI,m3_cases,0.0
coach_season,2014,Bruce Arians,ARI,m3_decisive_games,0.0
coach_season,2014,Bruce Arians,ARI,m3_seconds_wasted,0.0
coach_season,2014,Chip Kelly,PHI,games,16.0
coach_season,2014,Chip Kelly,PHI,m1_candidates,0.0
coach_season,2014,Chip Kelly,PHI,m1_cases,0.0
coach_season,2014,Chip Kelly,PHI,m1_timeouts_left,0.0
coach_season,2014,Chip Kelly,PHI,m2_candidates,0.0
coach_season,2014,Chip Kelly,PHI,m2_cases,0.0
coach_season,2014,Chip Kelly,PHI,m2_ep_left,0.0
coach_season,2014,Chip Kelly,PHI,m2_wp_left,0.0
coach_season,2014,Chip Kelly,PHI,m3_cases,0.0
coach_season,2014,Chip Kelly,PHI,m3_decisive_games,1.0
coach_season,2014,Chip Kelly,PHI,m3_seconds_wasted,0.0
coach_season,2014,Chuck Pagano,IND,games,19.0
coach_season,2014,Chuck Pagano,IND,m1_candidates,0.0
coach_season,2014,Chuck Pagano,IND,m1_cases,0.0
coach_season,2014,Chuck Pagano,IND,m1_timeouts_left,0.0
coach_season,2014,Chuck Pagano,IND,m2_candidates,0.0
coach_season,2014,Chuck Pagano,IND,m2_cases,0.0
coach_season,2014,Chuck Pagano,IND,m2_ep_left,0.0
coach_season,2014,Chuck Pagano,IND,m2_wp_left,0.0
coach_season,2014,Chuck Pagano,IND,m3_cases,0.0
coach_season,2014,Chuck Pagano,IND,m3_decisive_games,0.0
coach_season,2014,Chuck Pagano,IND,m3_seconds_wasted,0.0
coach_season,2014,Dennis Allen,LV,games,4.0
coach_season,2014,Dennis Allen,LV,m1_candidates,1.0
coach_season,2014,Dennis Allen,LV,m1_cases,0.0
coach_season,2014,Dennis Allen,LV,m1_timeouts_left,0.0
coach_season,2014,Dennis Allen,LV,m2_candidates,0.0
coach_season,2014,Dennis Allen,LV,m2_cases,0.0
coach_season,2014,Dennis Allen,LV,m2_ep_left,0.0
coach_season,2014,Dennis Allen,LV,m2_wp_left,0.0
coach_season,2014,Dennis Allen,LV,m3_cases,0.0
coach_season,2014,Dennis Allen,LV,m3_decisive_games,1.0
coach_season,2014,Dennis Allen,LV,m3_seconds_wasted,0.0
coach_season,2014,Doug Marrone,BUF,games,16.0
coach_season,2014,Doug Marrone,BUF,m1_candidates,0.0
coach_season,2014,Doug Marrone,BUF,m1_cases,0.0
coach_season,2014,Doug Marrone,BUF,m1_timeouts_left,0.0
coach_season,2014,Doug Marrone,BUF,m2_candidates,1.0
coach_season,2014,Doug Marrone,BUF,m2_cases,0.0
coach_season,2014,Doug Marrone,BUF,m2_ep_left,0.0
coach_season,2014,Doug Marrone,BUF,m2_wp_left,0.0
coach_season,2014,Doug Marrone,BUF,m3_cases,0.0
coach_season,2014,Doug Marrone,BUF,m3_decisive_games,1.0
coach_season,2014,Doug Marrone,BUF,m3_seconds_wasted,0.0
coach_season,2014,Gus Bradley,JAX,games,16.0
coach_season,2014,Gus Bradley,JAX,m1_candidates,0.0
coach_season,2014,Gus Bradley,JAX,m1_cases,0.0
coach_season,2014,Gus Bradley,JAX,m1_timeouts_left,0.0
coach_season,2014,Gus Bradley,JAX,m2_candidates,0.0
coach_season,2014,Gus Bradley,JAX,m2_cases,0.0
coach_season,2014,Gus Bradley,JAX,m2_ep_left,0.0
coach_season,2014,Gus Bradley,JAX,m2_wp_left,0.0
coach_season,2014,Gus Bradley,JAX,m3_cases,0.0
coach_season,2014,Gus Bradley,JAX,m3_decisive_games,0.0
coach_season,2014,Gus Bradley,JAX,m3_seconds_wasted,0.0
coach_season,2014,Jason Garrett,DAL,games,18.0
coach_season,2014,Jason Garrett,DAL,m1_candidates,0.0
coach_season,2014,Jason Garrett,DAL,m1_cases,0.0
coach_season,2014,Jason Garrett,DAL,m1_timeouts_left,0.0
coach_season,2014,Jason Garrett,DAL,m2_candidates,0.0
coach_season,2014,Jason Garrett,DAL,m2_cases,0.0
coach_season,2014,Jason Garrett,DAL,m2_ep_left,0.0
coach_season,2014,Jason Garrett,DAL,m2_wp_left,0.0
coach_season,2014,Jason Garrett,DAL,m3_cases,0.0
coach_season,2014,Jason Garrett,DAL,m3_decisive_games,0.0
coach_season,2014,Jason Garrett,DAL,m3_seconds_wasted,0.0
coach_season,2014,Jay Gruden,WAS,games,16.0
coach_season,2014,Jay Gruden,WAS,m1_candidates,1.0
coach_season,2014,Jay Gruden,WAS,m1_cases,1.0
coach_season,2014,Jay Gruden,WAS,m1_timeouts_left,1.0
coach_season,2014,Jay Gruden,WAS,m2_candidates,0.0
coach_season,2014,Jay Gruden,WAS,m2_cases,0.0
coach_season,2014,Jay Gruden,WAS,m2_ep_left,0.0
coach_season,2014,Jay Gruden,WAS,m2_wp_left,0.0
coach_season,2014,Jay Gruden,WAS,m3_cases,0.0
coach_season,2014,Jay Gruden,WAS,m3_decisive_games,4.0
coach_season,2014,Jay Gruden,WAS,m3_seconds_wasted,0.0
coach_season,2014,Jeff Fisher,LA,games,16.0
coach_season,2014,Jeff Fisher,LA,m1_candidates,0.0
coach_season,2014,Jeff Fisher,LA,m1_cases,0.0
coach_season,2014,Jeff Fisher,LA,m1_timeouts_left,0.0
coach_season,2014,Jeff Fisher,LA,m2_candidates,1.0
coach_season,2014,Jeff Fisher,LA,m2_cases,0.0
coach_season,2014,Jeff Fisher,LA,m2_ep_left,0.0
coach_season,2014,Jeff Fisher,LA,m2_wp_left,0.0
coach_season,2014,Jeff Fisher,LA,m3_cases,0.0
coach_season,2014,Jeff Fisher,LA,m3_decisive_games,1.0
coach_season,2014,Jeff Fisher,LA,m3_seconds_wasted,0.0
coach_season,2014,Jim Caldwell,DET,games,17.0
coach_season,2014,Jim Caldwell,DET,m1_candidates,0.0
coach_season,2014,Jim Caldwell,DET,m1_cases,0.0
coach_season,2014,Jim Caldwell,DET,m1_timeouts_left,0.0
coach_season,2014,Jim Caldwell,DET,m2_candidates,1.0
coach_season,2014,Jim Caldwell,DET,m2_cases,0.0
coach_season,2014,Jim Caldwell,DET,m2_ep_left,0.0
coach_season,2014,Jim Caldwell,DET,m2_wp_left,0.0
coach_season,2014,Jim Caldwell,DET,m3_cases,0.0
coach_season,2014,Jim Caldwell,DET,m3_decisive_games,1.0
coach_season,2014,Jim Caldwell,DET,m3_seconds_wasted,0.0
coach_season,2014,Jim Harbaugh,SF,games,16.0
coach_season,2014,Jim Harbaugh,SF,m1_candidates,0.0
coach_season,2014,Jim Harbaugh,SF,m1_cases,0.0
coach_season,2014,Jim Harbaugh,SF,m1_timeouts_left,0.0
coach_season,2014,Jim Harbaugh,SF,m2_candidates,0.0
coach_season,2014,Jim Harbaugh,SF,m2_cases,0.0
coach_season,2014,Jim Harbaugh,SF,m2_ep_left,0.0
coach_season,2014,Jim Harbaugh,SF,m2_wp_left,0.0
coach_season,2014,Jim Harbaugh,SF,m3_cases,0.0
coach_season,2014,Jim Harbaugh,SF,m3_decisive_games,1.0
coach_season,2014,Jim Harbaugh,SF,m3_seconds_wasted,0.0
coach_season,2014,Joe Philbin,MIA,games,16.0
coach_season,2014,Joe Philbin,MIA,m1_candidates,1.0
coach_season,2014,Joe Philbin,MIA,m1_cases,0.0
coach_season,2014,Joe Philbin,MIA,m1_timeouts_left,0.0
coach_season,2014,Joe Philbin,MIA,m2_candidates,1.0
coach_season,2014,Joe Philbin,MIA,m2_cases,0.0
coach_season,2014,Joe Philbin,MIA,m2_ep_left,0.0
coach_season,2014,Joe Philbin,MIA,m2_wp_left,0.0
coach_season,2014,Joe Philbin,MIA,m3_cases,0.0
coach_season,2014,Joe Philbin,MIA,m3_decisive_games,1.0
coach_season,2014,Joe Philbin,MIA,m3_seconds_wasted,0.0
coach_season,2014,John Fox,DEN,games,17.0
coach_season,2014,John Fox,DEN,m1_candidates,0.0
coach_season,2014,John Fox,DEN,m1_cases,0.0
coach_season,2014,John Fox,DEN,m1_timeouts_left,0.0
coach_season,2014,John Fox,DEN,m2_candidates,0.0
coach_season,2014,John Fox,DEN,m2_cases,0.0
coach_season,2014,John Fox,DEN,m2_ep_left,0.0
coach_season,2014,John Fox,DEN,m2_wp_left,0.0
coach_season,2014,John Fox,DEN,m3_cases,0.0
coach_season,2014,John Fox,DEN,m3_decisive_games,1.0
coach_season,2014,John Fox,DEN,m3_seconds_wasted,0.0
coach_season,2014,John Harbaugh,BAL,games,18.0
coach_season,2014,John Harbaugh,BAL,m1_candidates,0.0
coach_season,2014,John Harbaugh,BAL,m1_cases,0.0
coach_season,2014,John Harbaugh,BAL,m1_timeouts_left,0.0
coach_season,2014,John Harbaugh,BAL,m2_candidates,0.0
coach_season,2014,John Harbaugh,BAL,m2_cases,0.0
coach_season,2014,John Harbaugh,BAL,m2_ep_left,0.0
coach_season,2014,John Harbaugh,BAL,m2_wp_left,0.0
coach_season,2014,John Harbaugh,BAL,m3_cases,0.0
coach_season,2014,John Harbaugh,BAL,m3_decisive_games,2.0
coach_season,2014,John Harbaugh,BAL,m3_seconds_wasted,0.0
coach_season,2014,Ken Whisenhunt,TEN,games,16.0
coach_season,2014,Ken Whisenhunt,TEN,m1_candidates,0.0
coach_season,2014,Ken Whisenhunt,TEN,m1_cases,0.0
coach_season,2014,Ken Whisenhunt,TEN,m1_timeouts_left,0.0
coach_season,2014,Ken Whisenhunt,TEN,m2_candidates,0.0
coach_season,2014,Ken Whisenhunt,TEN,m2_cases,0.0
coach_season,2014,Ken Whisenhunt,TEN,m2_ep_left,0.0
coach_season,2014,Ken Whisenhunt,TEN,m2_wp_left,0.0
coach_season,2014,Ken Whisenhunt,TEN,m3_cases,0.0
coach_season,2014,Ken Whisenhunt,TEN,m3_decisive_games,1.0
coach_season,2014,Ken Whisenhunt,TEN,m3_seconds_wasted,0.0
coach_season,2014,Lovie Smith,TB,games,16.0
coach_season,2014,Lovie Smith,TB,m1_candidates,2.0
coach_season,2014,Lovie Smith,TB,m1_cases,1.0
coach_season,2014,Lovie Smith,TB,m1_timeouts_left,2.0
coach_season,2014,Lovie Smith,TB,m2_candidates,0.0
coach_season,2014,Lovie Smith,TB,m2_cases,0.0
coach_season,2014,Lovie Smith,TB,m2_ep_left,0.0
coach_season,2014,Lovie Smith,TB,m2_wp_left,0.0
coach_season,2014,Lovie Smith,TB,m3_cases,1.0
coach_season,2014,Lovie Smith,TB,m3_decisive_games,5.0
coach_season,2014,Lovie Smith,TB,m3_seconds_wasted,36.0
coach_season,2014,Marc Trestman,CHI,games,16.0
coach_season,2014,Marc Trestman,CHI,m1_candidates,0.0
coach_season,2014,Marc Trestman,CHI,m1_cases,0.0
coach_season,2014,Marc Trestman,CHI,m1_timeouts_left,0.0
coach_season,2014,Marc Trestman,CHI,m2_candidates,1.0
coach_season,2014,Marc Trestman,CHI,m2_cases,0.0
coach_season,2014,Marc Trestman,CHI,m2_ep_left,0.0
coach_season,2014,Marc Trestman,CHI,m2_wp_left,0.0
coach_season,2014,Marc Trestman,CHI,m3_cases,0.0
coach_season,2014,Marc Trestman,CHI,m3_decisive_games,0.0
coach_season,2014,Marc Trestman,CHI,m3_seconds_wasted,0.0
coach_season,2014,Marvin Lewis,CIN,games,17.0
coach_season,2014,Marvin Lewis,CIN,m1_candidates,0.0
coach_season,2014,Marvin Lewis,CIN,m1_cases,0.0
coach_season,2014,Marvin Lewis,CIN,m1_timeouts_left,0.0
coach_season,2014,Marvin Lewis,CIN,m2_candidates,1.0
coach_season,2014,Marvin Lewis,CIN,m2_cases,0.0
coach_season,2014,Marvin Lewis,CIN,m2_ep_left,0.0
coach_season,2014,Marvin Lewis,CIN,m2_wp_left,0.0
coach_season,2014,Marvin Lewis,CIN,m3_cases,0.0
coach_season,2014,Marvin Lewis,CIN,m3_decisive_games,0.0
coach_season,2014,Marvin Lewis,CIN,m3_seconds_wasted,0.0
coach_season,2014,Mike McCarthy,GB,games,18.0
coach_season,2014,Mike McCarthy,GB,m1_candidates,0.0
coach_season,2014,Mike McCarthy,GB,m1_cases,0.0
coach_season,2014,Mike McCarthy,GB,m1_timeouts_left,0.0
coach_season,2014,Mike McCarthy,GB,m2_candidates,0.0
coach_season,2014,Mike McCarthy,GB,m2_cases,0.0
coach_season,2014,Mike McCarthy,GB,m2_ep_left,0.0
coach_season,2014,Mike McCarthy,GB,m2_wp_left,0.0
coach_season,2014,Mike McCarthy,GB,m3_cases,0.0
coach_season,2014,Mike McCarthy,GB,m3_decisive_games,0.0
coach_season,2014,Mike McCarthy,GB,m3_seconds_wasted,0.0
coach_season,2014,Mike McCoy,LAC,games,16.0
coach_season,2014,Mike McCoy,LAC,m1_candidates,1.0
coach_season,2014,Mike McCoy,LAC,m1_cases,0.0
coach_season,2014,Mike McCoy,LAC,m1_timeouts_left,0.0
coach_season,2014,Mike McCoy,LAC,m2_candidates,0.0
coach_season,2014,Mike McCoy,LAC,m2_cases,0.0
coach_season,2014,Mike McCoy,LAC,m2_ep_left,0.0
coach_season,2014,Mike McCoy,LAC,m2_wp_left,0.0
coach_season,2014,Mike McCoy,LAC,m3_cases,0.0
coach_season,2014,Mike McCoy,LAC,m3_decisive_games,1.0
coach_season,2014,Mike McCoy,LAC,m3_seconds_wasted,0.0
coach_season,2014,Mike Pettine,CLE,games,16.0
coach_season,2014,Mike Pettine,CLE,m1_candidates,1.0
coach_season,2014,Mike Pettine,CLE,m1_cases,0.0
coach_season,2014,Mike Pettine,CLE,m1_timeouts_left,0.0
coach_season,2014,Mike Pettine,CLE,m2_candidates,1.0
coach_season,2014,Mike Pettine,CLE,m2_cases,0.0
coach_season,2014,Mike Pettine,CLE,m2_ep_left,0.0
coach_season,2014,Mike Pettine,CLE,m2_wp_left,0.0
coach_season,2014,Mike Pettine,CLE,m3_cases,0.0
coach_season,2014,Mike Pettine,CLE,m3_decisive_games,1.0
coach_season,2014,Mike Pettine,CLE,m3_seconds_wasted,0.0
coach_season,2014,Mike Smith,ATL,games,16.0
coach_season,2014,Mike Smith,ATL,m1_candidates,1.0
coach_season,2014,Mike Smith,ATL,m1_cases,0.0
coach_season,2014,Mike Smith,ATL,m1_timeouts_left,0.0
coach_season,2014,Mike Smith,ATL,m2_candidates,0.0
coach_season,2014,Mike Smith,ATL,m2_cases,0.0
coach_season,2014,Mike Smith,ATL,m2_ep_left,0.0
coach_season,2014,Mike Smith,ATL,m2_wp_left,0.0
coach_season,2014,Mike Smith,ATL,m3_cases,0.0
coach_season,2014,Mike Smith,ATL,m3_decisive_games,1.0
coach_season,2014,Mike Smith,ATL,m3_seconds_wasted,0.0
coach_season,2014,Mike Tomlin,PIT,games,17.0
coach_season,2014,Mike Tomlin,PIT,m1_candidates,0.0
coach_season,2014,Mike Tomlin,PIT,m1_cases,0.0
coach_season,2014,Mike Tomlin,PIT,m1_timeouts_left,0.0
coach_season,2014,Mike Tomlin,PIT,m2_candidates,0.0
coach_season,2014,Mike Tomlin,PIT,m2_cases,0.0
coach_season,2014,Mike Tomlin,PIT,m2_ep_left,0.0
coach_season,2014,Mike Tomlin,PIT,m2_wp_left,0.0
coach_season,2014,Mike Tomlin,PIT,m3_cases,0.0
coach_season,2014,Mike Tomlin,PIT,m3_decisive_games,0.0
coach_season,2014,Mike Tomlin,PIT,m3_seconds_wasted,0.0
coach_season,2014,Mike Zimmer,MIN,games,16.0
coach_season,2014,Mike Zimmer,MIN,m1_candidates,1.0
coach_season,2014,Mike Zimmer,MIN,m1_cases,0.0
coach_season,2014,Mike Zimmer,MIN,m1_timeouts_left,0.0
coach_season,2014,Mike Zimmer,MIN,m2_candidates,0.0
coach_season,2014,Mike Zimmer,MIN,m2_cases,0.0
coach_season,2014,Mike Zimmer,MIN,m2_ep_left,0.0
coach_season,2014,Mike Zimmer,MIN,m2_wp_left,0.0
coach_season,2014,Mike Zimmer,MIN,m3_cases,0.0
coach_season,2014,Mike Zimmer,MIN,m3_decisive_games,2.0
coach_season,2014,Mike Zimmer,MIN,m3_seconds_wasted,0.0
coach_season,2014,Pete Carroll,SEA,games,19.0
coach_season,2014,Pete Carroll,SEA,m1_candidates,0.0
coach_season,2014,Pete Carroll,SEA,m1_cases,0.0
coach_season,2014,Pete Carroll,SEA,m1_timeouts_left,0.0
coach_season,2014,Pete Carroll,SEA,m2_candidates,0.0
coach_season,2014,Pete Carroll,SEA,m2_cases,0.0
coach_season,2014,Pete Carroll,SEA,m2_ep_left,0.0
coach_season,2014,Pete Carroll,SEA,m2_wp_left,0.0
coach_season,2014,Pete Carroll,SEA,m3_cases,0.0
coach_season,2014,Pete Carroll,SEA,m3_decisive_games,1.0
coach_season,2014,Pete Carroll,SEA,m3_seconds_wasted,0.0
coach_season,2014,Rex Ryan,NYJ,games,16.0
coach_season,2014,Rex Ryan,NYJ,m1_candidates,0.0
coach_season,2014,Rex Ryan,NYJ,m1_cases,0.0
coach_season,2014,Rex Ryan,NYJ,m1_timeouts_left,0.0
coach_season,2014,Rex Ryan,NYJ,m2_candidates,0.0
coach_season,2014,Rex Ryan,NYJ,m2_cases,0.0
coach_season,2014,Rex Ryan,NYJ,m2_ep_left,0.0
coach_season,2014,Rex Ryan,NYJ,m2_wp_left,0.0
coach_season,2014,Rex Ryan,NYJ,m3_cases,0.0
coach_season,2014,Rex Ryan,NYJ,m3_decisive_games,1.0
coach_season,2014,Rex Ryan,NYJ,m3_seconds_wasted,0.0
coach_season,2014,Ron Rivera,CAR,games,18.0
coach_season,2014,Ron Rivera,CAR,m1_candidates,0.0
coach_season,2014,Ron Rivera,CAR,m1_cases,0.0
coach_season,2014,Ron Rivera,CAR,m1_timeouts_left,0.0
coach_season,2014,Ron Rivera,CAR,m2_candidates,1.0
coach_season,2014,Ron Rivera,CAR,m2_cases,0.0
coach_season,2014,Ron Rivera,CAR,m2_ep_left,0.0
coach_season,2014,Ron Rivera,CAR,m2_wp_left,0.0
coach_season,2014,Ron Rivera,CAR,m3_cases,0.0
coach_season,2014,Ron Rivera,CAR,m3_decisive_games,1.0
coach_season,2014,Ron Rivera,CAR,m3_seconds_wasted,0.0
coach_season,2014,Sean Payton,NO,games,16.0
coach_season,2014,Sean Payton,NO,m1_candidates,0.0
coach_season,2014,Sean Payton,NO,m1_cases,0.0
coach_season,2014,Sean Payton,NO,m1_timeouts_left,0.0
coach_season,2014,Sean Payton,NO,m2_candidates,0.0
coach_season,2014,Sean Payton,NO,m2_cases,0.0
coach_season,2014,Sean Payton,NO,m2_ep_left,0.0
coach_season,2014,Sean Payton,NO,m2_wp_left,0.0
coach_season,2014,Sean Payton,NO,m3_cases,0.0
coach_season,2014,Sean Payton,NO,m3_decisive_games,0.0
coach_season,2014,Sean Payton,NO,m3_seconds_wasted,0.0
coach_season,2014,Tom Coughlin,NYG,games,16.0
coach_season,2014,Tom Coughlin,NYG,m1_candidates,0.0
coach_season,2014,Tom Coughlin,NYG,m1_cases,0.0
coach_season,2014,Tom Coughlin,NYG,m1_timeouts_left,0.0
coach_season,2014,Tom Coughlin,NYG,m2_candidates,0.0
coach_season,2014,Tom Coughlin,NYG,m2_cases,0.0
coach_season,2014,Tom Coughlin,NYG,m2_ep_left,0.0
coach_season,2014,Tom Coughlin,NYG,m2_wp_left,0.0
coach_season,2014,Tom Coughlin,NYG,m3_cases,0.0
coach_season,2014,Tom Coughlin,NYG,m3_decisive_games,1.0
coach_season,2014,Tom Coughlin,NYG,m3_seconds_wasted,0.0
coach_season,2014,Tony Sparano,LV,games,12.0
coach_season,2014,Tony Sparano,LV,m1_candidates,0.0
coach_season,2014,Tony Sparano,LV,m1_cases,0.0
coach_season,2014,Tony Sparano,LV,m1_timeouts_left,0.0
coach_season,2014,Tony Sparano,LV,m2_candidates,0.0
coach_season,2014,Tony Sparano,LV,m2_cases,0.0
coach_season,2014,Tony Sparano,LV,m2_ep_left,0.0
coach_season,2014,Tony Sparano,LV,m2_wp_left,0.0
coach_season,2014,Tony Sparano,LV,m3_cases,0.0
coach_season,2014,Tony Sparano,LV,m3_decisive_games,0.0
coach_season,2014,Tony Sparano,LV,m3_seconds_wasted,0.0
coach_season,2015,Andy Reid,KC,games,18.0
coach_season,2015,Andy Reid,KC,m1_candidates,1.0
coach_season,2015,Andy Reid,KC,m1_cases,0.0
coach_season,2015,Andy Reid,KC,m1_timeouts_left,0.0
coach_season,2015,Andy Reid,KC,m2_candidates,1.0
coach_season,2015,Andy Reid,KC,m2_cases,0.0
coach_season,2015,Andy Reid,KC,m2_ep_left,0.0
coach_season,2015,Andy Reid,KC,m2_wp_left,0.0
coach_season,2015,Andy Reid,KC,m3_cases,0.0
coach_season,2015,Andy Reid,KC,m3_decisive_games,1.0
coach_season,2015,Andy Reid,KC,m3_seconds_wasted,0.0
coach_season,2015,Bill Belichick,NE,games,18.0
coach_season,2015,Bill Belichick,NE,m1_candidates,0.0
coach_season,2015,Bill Belichick,NE,m1_cases,0.0
coach_season,2015,Bill Belichick,NE,m1_timeouts_left,0.0
coach_season,2015,Bill Belichick,NE,m2_candidates,0.0
coach_season,2015,Bill Belichick,NE,m2_cases,0.0
coach_season,2015,Bill Belichick,NE,m2_ep_left,0.0
coach_season,2015,Bill Belichick,NE,m2_wp_left,0.0
coach_season,2015,Bill Belichick,NE,m3_cases,0.0
coach_season,2015,Bill Belichick,NE,m3_decisive_games,0.0
coach_season,2015,Bill Belichick,NE,m3_seconds_wasted,0.0
coach_season,2015,Bill O'Brien,HOU,games,17.0
coach_season,2015,Bill O'Brien,HOU,m1_candidates,1.0
coach_season,2015,Bill O'Brien,HOU,m1_cases,0.0
coach_season,2015,Bill O'Brien,HOU,m1_timeouts_left,0.0
coach_season,2015,Bill O'Brien,HOU,m2_candidates,1.0
coach_season,2015,Bill O'Brien,HOU,m2_cases,0.0
coach_season,2015,Bill O'Brien,HOU,m2_ep_left,0.0
coach_season,2015,Bill O'Brien,HOU,m2_wp_left,0.0
coach_season,2015,Bill O'Brien,HOU,m3_cases,0.0
coach_season,2015,Bill O'Brien,HOU,m3_decisive_games,2.0
coach_season,2015,Bill O'Brien,HOU,m3_seconds_wasted,0.0
coach_season,2015,Bruce Arians,ARI,games,18.0
coach_season,2015,Bruce Arians,ARI,m1_candidates,1.0
coach_season,2015,Bruce Arians,ARI,m1_cases,0.0
coach_season,2015,Bruce Arians,ARI,m1_timeouts_left,0.0
coach_season,2015,Bruce Arians,ARI,m2_candidates,0.0
coach_season,2015,Bruce Arians,ARI,m2_cases,0.0
coach_season,2015,Bruce Arians,ARI,m2_ep_left,0.0
coach_season,2015,Bruce Arians,ARI,m2_wp_left,0.0
coach_season,2015,Bruce Arians,ARI,m3_cases,0.0
coach_season,2015,Bruce Arians,ARI,m3_decisive_games,1.0
coach_season,2015,Bruce Arians,ARI,m3_seconds_wasted,0.0
coach_season,2015,Chip Kelly,PHI,games,15.0
coach_season,2015,Chip Kelly,PHI,m1_candidates,0.0
coach_season,2015,Chip Kelly,PHI,m1_cases,0.0
coach_season,2015,Chip Kelly,PHI,m1_timeouts_left,0.0
coach_season,2015,Chip Kelly,PHI,m2_candidates,0.0
coach_season,2015,Chip Kelly,PHI,m2_cases,0.0
coach_season,2015,Chip Kelly,PHI,m2_ep_left,0.0
coach_season,2015,Chip Kelly,PHI,m2_wp_left,0.0
coach_season,2015,Chip Kelly,PHI,m3_cases,0.0
coach_season,2015,Chip Kelly,PHI,m3_decisive_games,1.0
coach_season,2015,Chip Kelly,PHI,m3_seconds_wasted,0.0
coach_season,2015,Chuck Pagano,IND,games,16.0
coach_season,2015,Chuck Pagano,IND,m1_candidates,0.0
coach_season,2015,Chuck Pagano,IND,m1_cases,0.0
coach_season,2015,Chuck Pagano,IND,m1_timeouts_left,0.0
coach_season,2015,Chuck Pagano,IND,m2_candidates,2.0
coach_season,2015,Chuck Pagano,IND,m2_cases,0.0
coach_season,2015,Chuck Pagano,IND,m2_ep_left,0.0
coach_season,2015,Chuck Pagano,IND,m2_wp_left,0.0
coach_season,2015,Chuck Pagano,IND,m3_cases,0.0
coach_season,2015,Chuck Pagano,IND,m3_decisive_games,0.0
coach_season,2015,Chuck Pagano,IND,m3_seconds_wasted,0.0
coach_season,2015,Dan Quinn,ATL,games,16.0
coach_season,2015,Dan Quinn,ATL,m1_candidates,2.0
coach_season,2015,Dan Quinn,ATL,m1_cases,0.0
coach_season,2015,Dan Quinn,ATL,m1_timeouts_left,0.0
coach_season,2015,Dan Quinn,ATL,m2_candidates,0.0
coach_season,2015,Dan Quinn,ATL,m2_cases,0.0
coach_season,2015,Dan Quinn,ATL,m2_ep_left,0.0
coach_season,2015,Dan Quinn,ATL,m2_wp_left,0.0
coach_season,2015,Dan Quinn,ATL,m3_cases,0.0
coach_season,2015,Dan Quinn,ATL,m3_decisive_games,2.0
coach_season,2015,Dan Quinn,ATL,m3_seconds_wasted,0.0
coach_season,2015,Gary Kubiak,DEN,games,19.0
coach_season,2015,Gary Kubiak,DEN,m1_candidates,1.0
coach_season,2015,Gary Kubiak,DEN,m1_cases,0.0
coach_season,2015,Gary Kubiak,DEN,m1_timeouts_left,0.0
coach_season,2015,Gary Kubiak,DEN,m2_candidates,0.0
coach_season,2015,Gary Kubiak,DEN,m2_cases,0.0
coach_season,2015,Gary Kubiak,DEN,m2_ep_left,0.0
coach_season,2015,Gary Kubiak,DEN,m2_wp_left,0.0
coach_season,2015,Gary Kubiak,DEN,m3_cases,0.0
coach_season,2015,Gary Kubiak,DEN,m3_decisive_games,1.0
coach_season,2015,Gary Kubiak,DEN,m3_seconds_wasted,0.0
coach_season,2015,Gus Bradley,JAX,games,16.0
coach_season,2015,Gus Bradley,JAX,m1_candidates,0.0
coach_season,2015,Gus Bradley,JAX,m1_cases,0.0
coach_season,2015,Gus Bradley,JAX,m1_timeouts_left,0.0
coach_season,2015,Gus Bradley,JAX,m2_candidates,0.0
coach_season,2015,Gus Bradley,JAX,m2_cases,0.0
coach_season,2015,Gus Bradley,JAX,m2_ep_left,0.0
coach_season,2015,Gus Bradley,JAX,m2_wp_left,0.0
coach_season,2015,Gus Bradley,JAX,m3_cases,0.0
coach_season,2015,Gus Bradley,JAX,m3_decisive_games,0.0
coach_season,2015,Gus Bradley,JAX,m3_seconds_wasted,0.0
coach_season,2015,Jack Del Rio,LV,games,16.0
coach_season,2015,Jack Del Rio,LV,m1_candidates,1.0
coach_season,2015,Jack Del Rio,LV,m1_cases,0.0
coach_season,2015,Jack Del Rio,LV,m1_timeouts_left,0.0
coach_season,2015,Jack Del Rio,LV,m2_candidates,0.0
coach_season,2015,Jack Del Rio,LV,m2_cases,0.0
coach_season,2015,Jack Del Rio,LV,m2_ep_left,0.0
coach_season,2015,Jack Del Rio,LV,m2_wp_left,0.0
coach_season,2015,Jack Del Rio,LV,m3_cases,0.0
coach_season,2015,Jack Del Rio,LV,m3_decisive_games,2.0
coach_season,2015,Jack Del Rio,LV,m3_seconds_wasted,0.0
coach_season,2015,Jason Garrett,DAL,games,16.0
coach_season,2015,Jason Garrett,DAL,m1_candidates,0.0
coach_season,2015,Jason Garrett,DAL,m1_cases,0.0
coach_season,2015,Jason Garrett,DAL,m1_timeouts_left,0.0
coach_season,2015,Jason Garrett,DAL,m2_candidates,0.0
coach_season,2015,Jason Garrett,DAL,m2_cases,0.0
coach_season,2015,Jason Garrett,DAL,m2_ep_left,0.0
coach_season,2015,Jason Garrett,DAL,m2_wp_left,0.0
coach_season,2015,Jason Garrett,DAL,m3_cases,0.0
coach_season,2015,Jason Garrett,DAL,m3_decisive_games,2.0
coach_season,2015,Jason Garrett,DAL,m3_seconds_wasted,0.0
coach_season,2015,Jay Gruden,WAS,games,17.0
coach_season,2015,Jay Gruden,WAS,m1_candidates,1.0
coach_season,2015,Jay Gruden,WAS,m1_cases,0.0
coach_season,2015,Jay Gruden,WAS,m1_timeouts_left,0.0
coach_season,2015,Jay Gruden,WAS,m2_candidates,0.0
coach_season,2015,Jay Gruden,WAS,m2_cases,0.0
coach_season,2015,Jay Gruden,WAS,m2_ep_left,0.0
coach_season,2015,Jay Gruden,WAS,m2_wp_left,0.0
coach_season,2015,Jay Gruden,WAS,m3_cases,0.0
coach_season,2015,Jay Gruden,WAS,m3_decisive_games,1.0
coach_season,2015,Jay Gruden,WAS,m3_seconds_wasted,0.0
coach_season,2015,Jeff Fisher,LA,games,16.0
coach_season,2015,Jeff Fisher,LA,m1_candidates,0.0
coach_season,2015,Jeff Fisher,LA,m1_cases,0.0
coach_season,2015,Jeff Fisher,LA,m1_timeouts_left,0.0
coach_season,2015,Jeff Fisher,LA,m2_candidates,0.0
coach_season,2015,Jeff Fisher,LA,m2_cases,0.0
coach_season,2015,Jeff Fisher,LA,m2_ep_left,0.0
coach_season,2015,Jeff Fisher,LA,m2_wp_left,0.0
coach_season,2015,Jeff Fisher,LA,m3_cases,0.0
coach_season,2015,Jeff Fisher,LA,m3_decisive_games,1.0
coach_season,2015,Jeff Fisher,LA,m3_seconds_wasted,0.0
coach_season,2015,Jim Caldwell,DET,games,16.0
coach_season,2015,Jim Caldwell,DET,m1_candidates,2.0
coach_season,2015,Jim Caldwell,DET,m1_cases,0.0
coach_season,2015,Jim Caldwell,DET,m1_timeouts_left,0.0
coach_season,2015,Jim Caldwell,DET,m2_candidates,0.0
coach_season,2015,Jim Caldwell,DET,m2_cases,0.0
coach_season,2015,Jim Caldwell,DET,m2_ep_left,0.0
coach_season,2015,Jim Caldwell,DET,m2_wp_left,0.0
coach_season,2015,Jim Caldwell,DET,m3_cases,0.0
coach_season,2015,Jim Caldwell,DET,m3_decisive_games,2.0
coach_season,2015,Jim Caldwell,DET,m3_seconds_wasted,0.0
coach_season,2015,Jim Tomsula,SF,games,16.0
coach_season,2015,Jim Tomsula,SF,m1_candidates,0.0
coach_season,2015,Jim Tomsula,SF,m1_cases,0.0
coach_season,2015,Jim Tomsula,SF,m1_timeouts_left,0.0
coach_season,2015,Jim Tomsula,SF,m2_candidates,2.0
coach_season,2015,Jim Tomsula,SF,m2_cases,0.0
coach_season,2015,Jim Tomsula,SF,m2_ep_left,0.0
coach_season,2015,Jim Tomsula,SF,m2_wp_left,0.0
coach_season,2015,Jim Tomsula,SF,m3_cases,0.0
coach_season,2015,Jim Tomsula,SF,m3_decisive_games,0.0
coach_season,2015,Jim Tomsula,SF,m3_seconds_wasted,0.0
coach_season,2015,Joe Philbin,MIA,games,16.0
coach_season,2015,Joe Philbin,MIA,m1_candidates,0.0
coach_season,2015,Joe Philbin,MIA,m1_cases,0.0
coach_season,2015,Joe Philbin,MIA,m1_timeouts_left,0.0
coach_season,2015,Joe Philbin,MIA,m2_candidates,0.0
coach_season,2015,Joe Philbin,MIA,m2_cases,0.0
coach_season,2015,Joe Philbin,MIA,m2_ep_left,0.0
coach_season,2015,Joe Philbin,MIA,m2_wp_left,0.0
coach_season,2015,Joe Philbin,MIA,m3_cases,0.0
coach_season,2015,Joe Philbin,MIA,m3_decisive_games,0.0
coach_season,2015,Joe Philbin,MIA,m3_seconds_wasted,0.0
coach_season,2015,John Fox,CHI,games,16.0
coach_season,2015,John Fox,CHI,m1_candidates,2.0
coach_season,2015,John Fox,CHI,m1_cases,0.0
coach_season,2015,John Fox,CHI,m1_timeouts_left,0.0
coach_season,2015,John Fox,CHI,m2_candidates,1.0
coach_season,2015,John Fox,CHI,m2_cases,0.0
coach_season,2015,John Fox,CHI,m2_ep_left,0.0
coach_season,2015,John Fox,CHI,m2_wp_left,0.0
coach_season,2015,John Fox,CHI,m3_cases,0.0
coach_season,2015,John Fox,CHI,m3_decisive_games,2.0
coach_season,2015,John Fox,CHI,m3_seconds_wasted,0.0
coach_season,2015,John Harbaugh,BAL,games,16.0
coach_season,2015,John Harbaugh,BAL,m1_candidates,1.0
coach_season,2015,John Harbaugh,BAL,m1_cases,0.0
coach_season,2015,John Harbaugh,BAL,m1_timeouts_left,0.0
coach_season,2015,John Harbaugh,BAL,m2_candidates,0.0
coach_season,2015,John Harbaugh,BAL,m2_cases,0.0
coach_season,2015,John Harbaugh,BAL,m2_ep_left,0.0
coach_season,2015,John Harbaugh,BAL,m2_wp_left,0.0
coach_season,2015,John Harbaugh,BAL,m3_cases,0.0
coach_season,2015,John Harbaugh,BAL,m3_decisive_games,2.0
coach_season,2015,John Harbaugh,BAL,m3_seconds_wasted,0.0
coach_season,2015,Ken Whisenhunt,TEN,games,16.0
coach_season,2015,Ken Whisenhunt,TEN,m1_candidates,1.0
coach_season,2015,Ken Whisenhunt,TEN,m1_cases,1.0
coach_season,2015,Ken Whisenhunt,TEN,m1_timeouts_left,1.0
coach_season,2015,Ken Whisenhunt,TEN,m2_candidates,0.0
coach_season,2015,Ken Whisenhunt,TEN,m2_cases,0.0
coach_season,2015,Ken Whisenhunt,TEN,m2_ep_left,0.0
coach_season,2015,Ken Whisenhunt,TEN,m2_wp_left,0.0
coach_season,2015,Ken Whisenhunt,TEN,m3_cases,1.0
coach_season,2015,Ken Whisenhunt,TEN,m3_decisive_games,1.0
coach_season,2015,Ken Whisenhunt,TEN,m3_seconds_wasted,39.0
coach_season,2015,Lovie Smith,TB,games,16.0
coach_season,2015,Lovie Smith,TB,m1_candidates,0.0
coach_season,2015,Lovie Smith,TB,m1_cases,0.0
coach_season,2015,Lovie Smith,TB,m1_timeouts_left,0.0
coach_season,2015,Lovie Smith,TB,m2_candidates,0.0
coach_season,2015,Lovie Smith,TB,m2_cases,0.0
coach_season,2015,Lovie Smith,TB,m2_ep_left,0.0
coach_season,2015,Lovie Smith,TB,m2_wp_left,0.0
coach_season,2015,Lovie Smith,TB,m3_cases,0.0
coach_season,2015,Lovie Smith,TB,m3_decisive_games,0.0
coach_season,2015,Lovie Smith,TB,m3_seconds_wasted,0.0
coach_season,2015,Marvin Lewis,CIN,games,17.0
coach_season,2015,Marvin Lewis,CIN,m1_candidates,0.0
coach_season,2015,Marvin Lewis,CIN,m1_cases,0.0
coach_season,2015,Marvin Lewis,CIN,m1_timeouts_left,0.0
coach_season,2015,Marvin Lewis,CIN,m2_candidates,1.0
coach_season,2015,Marvin Lewis,CIN,m2_cases,0.0
coach_season,2015,Marvin Lewis,CIN,m2_ep_left,0.0
coach_season,2015,Marvin Lewis,CIN,m2_wp_left,0.0
coach_season,2015,Marvin Lewis,CIN,m3_cases,0.0
coach_season,2015,Marvin Lewis,CIN,m3_decisive_games,0.0
coach_season,2015,Marvin Lewis,CIN,m3_seconds_wasted,0.0
coach_season,2015,Mike McCarthy,GB,games,18.0
coach_season,2015,Mike McCarthy,GB,m1_candidates,0.0
coach_season,2015,Mike McCarthy,GB,m1_cases,0.0
coach_season,2015,Mike McCarthy,GB,m1_timeouts_left,0.0
coach_season,2015,Mike McCarthy,GB,m2_candidates,0.0
coach_season,2015,Mike McCarthy,GB,m2_cases,0.0
coach_season,2015,Mike McCarthy,GB,m2_ep_left,0.0
coach_season,2015,Mike McCarthy,GB,m2_wp_left,0.0
coach_season,2015,Mike McCarthy,GB,m3_cases,0.0
coach_season,2015,Mike McCarthy,GB,m3_decisive_games,1.0
coach_season,2015,Mike McCarthy,GB,m3_seconds_wasted,0.0
coach_season,2015,Mike McCoy,LAC,games,16.0
coach_season,2015,Mike McCoy,LAC,m1_candidates,1.0
coach_season,2015,Mike McCoy,LAC,m1_cases,0.0
coach_season,2015,Mike McCoy,LAC,m1_timeouts_left,0.0
coach_season,2015,Mike McCoy,LAC,m2_candidates,0.0
coach_season,2015,Mike McCoy,LAC,m2_cases,0.0
coach_season,2015,Mike McCoy,LAC,m2_ep_left,0.0
coach_season,2015,Mike McCoy,LAC,m2_wp_left,0.0
coach_season,2015,Mike McCoy,LAC,m3_cases,0.0
coach_season,2015,Mike McCoy,LAC,m3_decisive_games,1.0
coach_season,2015,Mike McCoy,LAC,m3_seconds_wasted,0.0
coach_season,2015,Mike Pettine,CLE,games,16.0
coach_season,2015,Mike Pettine,CLE,m1_candidates,0.0
coach_season,2015,Mike Pettine,CLE,m1_cases,0.0
coach_season,2015,Mike Pettine,CLE,m1_timeouts_left,0.0
coach_season,2015,Mike Pettine,CLE,m2_candidates,0.0
coach_season,2015,Mike Pettine,CLE,m2_cases,0.0
coach_season,2015,Mike Pettine,CLE,m2_ep_left,0.0
coach_season,2015,Mike Pettine,CLE,m2_wp_left,0.0
coach_season,2015,Mike Pettine,CLE,m3_cases,0.0
coach_season,2015,Mike Pettine,CLE,m3_decisive_games,0.0
coach_season,2015,Mike Pettine,CLE,m3_seconds_wasted,0.0
coach_season,2015,Mike Tomlin,PIT,games,18.0
coach_season,2015,Mike Tomlin,PIT,m1_candidates,0.0
coach_season,2015,Mike Tomlin,PIT,m1_cases,0.0
coach_season,2015,Mike Tomlin,PIT,m1_timeouts_left,0.0
coach_season,2015,Mike Tomlin,PIT,m2_candidates,0.0
coach_season,2015,Mike Tomlin,PIT,m2_cases,0.0
coach_season,2015,Mike Tomlin,PIT,m2_ep_left,0.0
coach_season,2015,Mike Tomlin,PIT,m2_wp_left,0.0
coach_season,2015,Mike Tomlin,PIT,m3_cases,0.0
coach_season,2015,Mike Tomlin,PIT,m3_decisive_games,2.0
coach_season,2015,Mike Tomlin,PIT,m3_seconds_wasted,0.0
coach_season,2015,Mike Zimmer,MIN,games,17.0
coach_season,2015,Mike Zimmer,MIN,m1_candidates,0.0
coach_season,2015,Mike Zimmer,MIN,m1_cases,0.0
coach_season,2015,Mike Zimmer,MIN,m1_timeouts_left,0.0
coach_season,2015,Mike Zimmer,MIN,m2_candidates,2.0
coach_season,2015,Mike Zimmer,MIN,m2_cases,0.0
coach_season,2015,Mike Zimmer,MIN,m2_ep_left,0.0
coach_season,2015,Mike Zimmer,MIN,m2_wp_left,0.0
coach_season,2015,Mike Zimmer,MIN,m3_cases,0.0
coach_season,2015,Mike Zimmer,MIN,m3_decisive_games,0.0
coach_season,2015,Mike Zimmer,MIN,m3_seconds_wasted,0.0
coach_season,2015,Pat Shurmur,PHI,games,1.0
coach_season,2015,Pat Shurmur,PHI,m1_candidates,0.0
coach_season,2015,Pat Shurmur,PHI,m1_cases,0.0
coach_season,2015,Pat Shurmur,PHI,m1_timeouts_left,0.0
coach_season,2015,Pat Shurmur,PHI,m2_candidates,0.0
coach_season,2015,Pat Shurmur,PHI,m2_cases,0.0
coach_season,2015,Pat Shurmur,PHI,m2_ep_left,0.0
coach_season,2015,Pat Shurmur,PHI,m2_wp_left,0.0
coach_season,2015,Pat Shurmur,PHI,m3_cases,0.0
coach_season,2015,Pat Shurmur,PHI,m3_decisive_games,0.0
coach_season,2015,Pat Shurmur,PHI,m3_seconds_wasted,0.0
coach_season,2015,Pete Carroll,SEA,games,18.0
coach_season,2015,Pete Carroll,SEA,m1_candidates,0.0
coach_season,2015,Pete Carroll,SEA,m1_cases,0.0
coach_season,2015,Pete Carroll,SEA,m1_timeouts_left,0.0
coach_season,2015,Pete Carroll,SEA,m2_candidates,0.0
coach_season,2015,Pete Carroll,SEA,m2_cases,0.0
coach_season,2015,Pete Carroll,SEA,m2_ep_left,0.0
coach_season,2015,Pete Carroll,SEA,m2_wp_left,0.0
coach_season,2015,Pete Carroll,SEA,m3_cases,0.0
coach_season,2015,Pete Carroll,SEA,m3_decisive_games,0.0
coach_season,2015,Pete Carroll,SEA,m3_seconds_wasted,0.0
coach_season,2015,Rex Ryan,BUF,games,16.0
coach_season,2015,Rex Ryan,BUF,m1_candidates,0.0
coach_season,2015,Rex Ryan,BUF,m1_cases,0.0
coach_season,2015,Rex Ryan,BUF,m1_timeouts_left,0.0
coach_season,2015,Rex Ryan,BUF,m2_candidates,0.0
coach_season,2015,Rex Ryan,BUF,m2_cases,0.0
coach_season,2015,Rex Ryan,BUF,m2_ep_left,0.0
coach_season,2015,Rex Ryan,BUF,m2_wp_left,0.0
coach_season,2015,Rex Ryan,BUF,m3_cases,0.0
coach_season,2015,Rex Ryan,BUF,m3_decisive_games,0.0
coach_season,2015,Rex Ryan,BUF,m3_seconds_wasted,0.0
coach_season,2015,Ron Rivera,CAR,games,19.0
coach_season,2015,Ron Rivera,CAR,m1_candidates,0.0
coach_season,2015,Ron Rivera,CAR,m1_cases,0.0
coach_season,2015,Ron Rivera,CAR,m1_timeouts_left,0.0
coach_season,2015,Ron Rivera,CAR,m2_candidates,1.0
coach_season,2015,Ron Rivera,CAR,m2_cases,0.0
coach_season,2015,Ron Rivera,CAR,m2_ep_left,0.0
coach_season,2015,Ron Rivera,CAR,m2_wp_left,0.0
coach_season,2015,Ron Rivera,CAR,m3_cases,0.0
coach_season,2015,Ron Rivera,CAR,m3_decisive_games,1.0
coach_season,2015,Ron Rivera,CAR,m3_seconds_wasted,0.0
coach_season,2015,Sean Payton,NO,games,16.0
coach_season,2015,Sean Payton,NO,m1_candidates,0.0
coach_season,2015,Sean Payton,NO,m1_cases,0.0
coach_season,2015,Sean Payton,NO,m1_timeouts_left,0.0
coach_season,2015,Sean Payton,NO,m2_candidates,0.0
coach_season,2015,Sean Payton,NO,m2_cases,0.0
coach_season,2015,Sean Payton,NO,m2_ep_left,0.0
coach_season,2015,Sean Payton,NO,m2_wp_left,0.0
coach_season,2015,Sean Payton,NO,m3_cases,0.0
coach_season,2015,Sean Payton,NO,m3_decisive_games,3.0
coach_season,2015,Sean Payton,NO,m3_seconds_wasted,0.0
coach_season,2015,Todd Bowles,NYJ,games,16.0
coach_season,2015,Todd Bowles,NYJ,m1_candidates,0.0
coach_season,2015,Todd Bowles,NYJ,m1_cases,0.0
coach_season,2015,Todd Bowles,NYJ,m1_timeouts_left,0.0
coach_season,2015,Todd Bowles,NYJ,m2_candidates,0.0
coach_season,2015,Todd Bowles,NYJ,m2_cases,0.0
coach_season,2015,Todd Bowles,NYJ,m2_ep_left,0.0
coach_season,2015,Todd Bowles,NYJ,m2_wp_left,0.0
coach_season,2015,Todd Bowles,NYJ,m3_cases,1.0
coach_season,2015,Todd Bowles,NYJ,m3_decisive_games,2.0
coach_season,2015,Todd Bowles,NYJ,m3_seconds_wasted,35.0
coach_season,2015,Tom Coughlin,NYG,games,16.0
coach_season,2015,Tom Coughlin,NYG,m1_candidates,0.0
coach_season,2015,Tom Coughlin,NYG,m1_cases,0.0
coach_season,2015,Tom Coughlin,NYG,m1_timeouts_left,0.0
coach_season,2015,Tom Coughlin,NYG,m2_candidates,0.0
coach_season,2015,Tom Coughlin,NYG,m2_cases,0.0
coach_season,2015,Tom Coughlin,NYG,m2_ep_left,0.0
coach_season,2015,Tom Coughlin,NYG,m2_wp_left,0.0
coach_season,2015,Tom Coughlin,NYG,m3_cases,0.0
coach_season,2015,Tom Coughlin,NYG,m3_decisive_games,0.0
coach_season,2015,Tom Coughlin,NYG,m3_seconds_wasted,0.0
coach_season,2016,Adam Gase,MIA,games,17.0
coach_season,2016,Adam Gase,MIA,m1_candidates,0.0
coach_season,2016,Adam Gase,MIA,m1_cases,0.0
coach_season,2016,Adam Gase,MIA,m1_timeouts_left,0.0
coach_season,2016,Adam Gase,MIA,m2_candidates,1.0
coach_season,2016,Adam Gase,MIA,m2_cases,0.0
coach_season,2016,Adam Gase,MIA,m2_ep_left,0.0
coach_season,2016,Adam Gase,MIA,m2_wp_left,0.0
coach_season,2016,Adam Gase,MIA,m3_cases,0.0
coach_season,2016,Adam Gase,MIA,m3_decisive_games,1.0
coach_season,2016,Adam Gase,MIA,m3_seconds_wasted,0.0
coach_season,2016,Andy Reid,KC,games,17.0
coach_season,2016,Andy Reid,KC,m1_candidates,0.0
coach_season,2016,Andy Reid,KC,m1_cases,0.0
coach_season,2016,Andy Reid,KC,m1_timeouts_left,0.0
coach_season,2016,Andy Reid,KC,m2_candidates,1.0
coach_season,2016,Andy Reid,KC,m2_cases,0.0
coach_season,2016,Andy Reid,KC,m2_ep_left,0.0
coach_season,2016,Andy Reid,KC,m2_wp_left,0.0
coach_season,2016,Andy Reid,KC,m3_cases,0.0
coach_season,2016,Andy Reid,KC,m3_decisive_games,1.0
coach_season,2016,Andy Reid,KC,m3_seconds_wasted,0.0
coach_season,2016,Anthony Lynn,BUF,games,1.0
coach_season,2016,Anthony Lynn,BUF,m1_candidates,0.0
coach_season,2016,Anthony Lynn,BUF,m1_cases,0.0
coach_season,2016,Anthony Lynn,BUF,m1_timeouts_left,0.0
coach_season,2016,Anthony Lynn,BUF,m2_candidates,0.0
coach_season,2016,Anthony Lynn,BUF,m2_cases,0.0
coach_season,2016,Anthony Lynn,BUF,m2_ep_left,0.0
coach_season,2016,Anthony Lynn,BUF,m2_wp_left,0.0
coach_season,2016,Anthony Lynn,BUF,m3_cases,0.0
coach_season,2016,Anthony Lynn,BUF,m3_decisive_games,0.0
coach_season,2016,Anthony Lynn,BUF,m3_seconds_wasted,0.0
coach_season,2016,Ben McAdoo,NYG,games,17.0
coach_season,2016,Ben McAdoo,NYG,m1_candidates,0.0
coach_season,2016,Ben McAdoo,NYG,m1_cases,0.0
coach_season,2016,Ben McAdoo,NYG,m1_timeouts_left,0.0
coach_season,2016,Ben McAdoo,NYG,m2_candidates,0.0
coach_season,2016,Ben McAdoo,NYG,m2_cases,0.0
coach_season,2016,Ben McAdoo,NYG,m2_ep_left,0.0
coach_season,2016,Ben McAdoo,NYG,m2_wp_left,0.0
coach_season,2016,Ben McAdoo,NYG,m3_cases,0.0
coach_season,2016,Ben McAdoo,NYG,m3_decisive_games,1.0
coach_season,2016,Ben McAdoo,NYG,m3_seconds_wasted,0.0
coach_season,2016,Bill Belichick,NE,games,19.0
coach_season,2016,Bill Belichick,NE,m1_candidates,0.0
coach_season,2016,Bill Belichick,NE,m1_cases,0.0
coach_season,2016,Bill Belichick,NE,m1_timeouts_left,0.0
coach_season,2016,Bill Belichick,NE,m2_candidates,1.0
coach_season,2016,Bill Belichick,NE,m2_cases,0.0
coach_season,2016,Bill Belichick,NE,m2_ep_left,0.0
coach_season,2016,Bill Belichick,NE,m2_wp_left,0.0
coach_season,2016,Bill Belichick,NE,m3_cases,0.0
coach_season,2016,Bill Belichick,NE,m3_decisive_games,0.0
coach_season,2016,Bill Belichick,NE,m3_seconds_wasted,0.0
coach_season,2016,Bill O'Brien,HOU,games,18.0
coach_season,2016,Bill O'Brien,HOU,m1_candidates,1.0
coach_season,2016,Bill O'Brien,HOU,m1_cases,0.0
coach_season,2016,Bill O'Brien,HOU,m1_timeouts_left,0.0
coach_season,2016,Bill O'Brien,HOU,m2_candidates,0.0
coach_season,2016,Bill O'Brien,HOU,m2_cases,0.0
coach_season,2016,Bill O'Brien,HOU,m2_ep_left,0.0
coach_season,2016,Bill O'Brien,HOU,m2_wp_left,0.0
coach_season,2016,Bill O'Brien,HOU,m3_cases,0.0
coach_season,2016,Bill O'Brien,HOU,m3_decisive_games,2.0
coach_season,2016,Bill O'Brien,HOU,m3_seconds_wasted,0.0
coach_season,2016,Bruce Arians,ARI,games,16.0
coach_season,2016,Bruce Arians,ARI,m1_candidates,0.0
coach_season,2016,Bruce Arians,ARI,m1_cases,0.0
coach_season,2016,Bruce Arians,ARI,m1_timeouts_left,0.0
coach_season,2016,Bruce Arians,ARI,m2_candidates,0.0
coach_season,2016,Bruce Arians,ARI,m2_cases,0.0
coach_season,2016,Bruce Arians,ARI,m2_ep_left,0.0
coach_season,2016,Bruce Arians,ARI,m2_wp_left,0.0
coach_season,2016,Bruce Arians,ARI,m3_cases,0.0
coach_season,2016,Bruce Arians,ARI,m3_decisive_games,1.0
coach_season,2016,Bruce Arians,ARI,m3_seconds_wasted,0.0
coach_season,2016,Chip Kelly,SF,games,16.0
coach_season,2016,Chip Kelly,SF,m1_candidates,1.0
coach_season,2016,Chip Kelly,SF,m1_cases,0.0
coach_season,2016,Chip Kelly,SF,m1_timeouts_left,0.0
coach_season,2016,Chip Kelly,SF,m2_candidates,0.0
coach_season,2016,Chip Kelly,SF,m2_cases,0.0
coach_season,2016,Chip Kelly,SF,m2_ep_left,0.0
coach_season,2016,Chip Kelly,SF,m2_wp_left,0.0
coach_season,2016,Chip Kelly,SF,m3_cases,0.0
coach_season,2016,Chip Kelly,SF,m3_decisive_games,1.0
coach_season,2016,Chip Kelly,SF,m3_seconds_wasted,0.0
coach_season,2016,Chuck Pagano,IND,games,16.0
coach_season,2016,Chuck Pagano,IND,m1_candidates,0.0
coach_season,2016,Chuck Pagano,IND,m1_cases,0.0
coach_season,2016,Chuck Pagano,IND,m1_timeouts_left,0.0
coach_season,2016,Chuck Pagano,IND,m2_candidates,1.0
coach_season,2016,Chuck Pagano,IND,m2_cases,0.0
coach_season,2016,Chuck Pagano,IND,m2_ep_left,0.0
coach_season,2016,Chuck Pagano,IND,m2_wp_left,0.0
coach_season,2016,Chuck Pagano,IND,m3_cases,0.0
coach_season,2016,Chuck Pagano,IND,m3_decisive_games,1.0
coach_season,2016,Chuck Pagano,IND,m3_seconds_wasted,0.0
coach_season,2016,Dan Quinn,ATL,games,19.0
coach_season,2016,Dan Quinn,ATL,m1_candidates,1.0
coach_season,2016,Dan Quinn,ATL,m1_cases,1.0
coach_season,2016,Dan Quinn,ATL,m1_timeouts_left,1.0
coach_season,2016,Dan Quinn,ATL,m2_candidates,0.0
coach_season,2016,Dan Quinn,ATL,m2_cases,0.0
coach_season,2016,Dan Quinn,ATL,m2_ep_left,0.0
coach_season,2016,Dan Quinn,ATL,m2_wp_left,0.0
coach_season,2016,Dan Quinn,ATL,m3_cases,1.0
coach_season,2016,Dan Quinn,ATL,m3_decisive_games,1.0
coach_season,2016,Dan Quinn,ATL,m3_seconds_wasted,39.0
coach_season,2016,Dirk Koetter,TB,games,16.0
coach_season,2016,Dirk Koetter,TB,m1_candidates,1.0
coach_season,2016,Dirk Koetter,TB,m1_cases,0.0
coach_season,2016,Dirk Koetter,TB,m1_timeouts_left,0.0
coach_season,2016,Dirk Koetter,TB,m2_candidates,1.0
coach_season,2016,Dirk Koetter,TB,m2_cases,0.0
coach_season,2016,Dirk Koetter,TB,m2_ep_left,0.0
coach_season,2016,Dirk Koetter,TB,m2_wp_left,0.0
coach_season,2016,Dirk Koetter,TB,m3_cases,0.0
coach_season,2016,Dirk Koetter,TB,m3_decisive_games,2.0
coach_season,2016,Dirk Koetter,TB,m3_seconds_wasted,0.0
coach_season,2016,Doug Marrone,JAX,games,2.0
coach_season,2016,Doug Marrone,JAX,m1_candidates,0.0
coach_season,2016,Doug Marrone,JAX,m1_cases,0.0
coach_season,2016,Doug Marrone,JAX,m1_timeouts_left,0.0
coach_season,2016,Doug Marrone,JAX,m2_candidates,0.0
coach_season,2016,Doug Marrone,JAX,m2_cases,0.0
coach_season,2016,Doug Marrone,JAX,m2_ep_left,0.0
coach_season,2016,Doug Marrone,JAX,m2_wp_left,0.0
coach_season,2016,Doug Marrone,JAX,m3_cases,0.0
coach_season,2016,Doug Marrone,JAX,m3_decisive_games,0.0
coach_season,2016,Doug Marrone,JAX,m3_seconds_wasted,0.0
coach_season,2016,Doug Pederson,PHI,games,16.0
coach_season,2016,Doug Pederson,PHI,m1_candidates,1.0
coach_season,2016,Doug Pederson,PHI,m1_cases,0.0
coach_season,2016,Doug Pederson,PHI,m1_timeouts_left,0.0
coach_season,2016,Doug Pederson,PHI,m2_candidates,0.0
coach_season,2016,Doug Pederson,PHI,m2_cases,0.0
coach_season,2016,Doug Pederson,PHI,m2_ep_left,0.0
coach_season,2016,Doug Pederson,PHI,m2_wp_left,0.0
coach_season,2016,Doug Pederson,PHI,m3_cases,0.0
coach_season,2016,Doug Pederson,PHI,m3_decisive_games,1.0
coach_season,2016,Doug Pederson,PHI,m3_seconds_wasted,0.0
coach_season,2016,Gary Kubiak,DEN,games,16.0
coach_season,2016,Gary Kubiak,DEN,m1_candidates,0.0
coach_season,2016,Gary Kubiak,DEN,m1_cases,0.0
coach_season,2016,Gary Kubiak,DEN,m1_timeouts_left,0.0
coach_season,2016,Gary Kubiak,DEN,m2_candidates,1.0
coach_season,2016,Gary Kubiak,DEN,m2_cases,0.0
coach_season,2016,Gary Kubiak,DEN,m2_ep_left,0.0
coach_season,2016,Gary Kubiak,DEN,m2_wp_left,0.0
coach_season,2016,Gary Kubiak,DEN,m3_cases,0.0
coach_season,2016,Gary Kubiak,DEN,m3_decisive_games,0.0
coach_season,2016,Gary Kubiak,DEN,m3_seconds_wasted,0.0
coach_season,2016,Gus Bradley,JAX,games,14.0
coach_season,2016,Gus Bradley,JAX,m1_candidates,1.0
coach_season,2016,Gus Bradley,JAX,m1_cases,0.0
coach_season,2016,Gus Bradley,JAX,m1_timeouts_left,0.0
coach_season,2016,Gus Bradley,JAX,m2_candidates,0.0
coach_season,2016,Gus Bradley,JAX,m2_cases,0.0
coach_season,2016,Gus Bradley,JAX,m2_ep_left,0.0
coach_season,2016,Gus Bradley,JAX,m2_wp_left,0.0
coach_season,2016,Gus Bradley,JAX,m3_cases,0.0
coach_season,2016,Gus Bradley,JAX,m3_decisive_games,3.0
coach_season,2016,Gus Bradley,JAX,m3_seconds_wasted,0.0
coach_season,2016,Hue Jackson,CLE,games,16.0
coach_season,2016,Hue Jackson,CLE,m1_candidates,0.0
coach_season,2016,Hue Jackson,CLE,m1_cases,0.0
coach_season,2016,Hue Jackson,CLE,m1_timeouts_left,0.0
coach_season,2016,Hue Jackson,CLE,m2_candidates,0.0
coach_season,2016,Hue Jackson,CLE,m2_cases,0.0
coach_season,2016,Hue Jackson,CLE,m2_ep_left,0.0
coach_season,2016,Hue Jackson,CLE,m2_wp_left,0.0
coach_season,2016,Hue Jackson,CLE,m3_cases,0.0
coach_season,2016,Hue Jackson,CLE,m3_decisive_games,0.0
coach_season,2016,Hue Jackson,CLE,m3_seconds_wasted,0.0
coach_season,2016,Jack Del Rio,LV,games,17.0
coach_season,2016,Jack Del Rio,LV,m1_candidates,1.0
coach_season,2016,Jack Del Rio,LV,m1_cases,0.0
coach_season,2016,Jack Del Rio,LV,m1_timeouts_left,0.0
coach_season,2016,Jack Del Rio,LV,m2_candidates,0.0
coach_season,2016,Jack Del Rio,LV,m2_cases,0.0
coach_season,2016,Jack Del Rio,LV,m2_ep_left,0.0
coach_season,2016,Jack Del Rio,LV,m2_wp_left,0.0
coach_season,2016,Jack Del Rio,LV,m3_cases,0.0
coach_season,2016,Jack Del Rio,LV,m3_decisive_games,2.0
coach_season,2016,Jack Del Rio,LV,m3_seconds_wasted,0.0
coach_season,2016,Jason Garrett,DAL,games,17.0
coach_season,2016,Jason Garrett,DAL,m1_candidates,0.0
coach_season,2016,Jason Garrett,DAL,m1_cases,0.0
coach_season,2016,Jason Garrett,DAL,m1_timeouts_left,0.0
coach_season,2016,Jason Garrett,DAL,m2_candidates,0.0
coach_season,2016,Jason Garrett,DAL,m2_cases,0.0
coach_season,2016,Jason Garrett,DAL,m2_ep_left,0.0
coach_season,2016,Jason Garrett,DAL,m2_wp_left,0.0
coach_season,2016,Jason Garrett,DAL,m3_cases,0.0
coach_season,2016,Jason Garrett,DAL,m3_decisive_games,1.0
coach_season,2016,Jason Garrett,DAL,m3_seconds_wasted,0.0
coach_season,2016,Jay Gruden,WAS,games,16.0
coach_season,2016,Jay Gruden,WAS,m1_candidates,1.0
coach_season,2016,Jay Gruden,WAS,m1_cases,0.0
coach_season,2016,Jay Gruden,WAS,m1_timeouts_left,0.0
coach_season,2016,Jay Gruden,WAS,m2_candidates,0.0
coach_season,2016,Jay Gruden,WAS,m2_cases,0.0
coach_season,2016,Jay Gruden,WAS,m2_ep_left,0.0
coach_season,2016,Jay Gruden,WAS,m2_wp_left,0.0
coach_season,2016,Jay Gruden,WAS,m3_cases,0.0
coach_season,2016,Jay Gruden,WAS,m3_decisive_games,3.0
coach_season,2016,Jay Gruden,WAS,m3_seconds_wasted,0.0
coach_season,2016,Jeff Fisher,LA,games,16.0
coach_season,2016,Jeff Fisher,LA,m1_candidates,1.0
coach_season,2016,Jeff Fisher,LA,m1_cases,0.0
coach_season,2016,Jeff Fisher,LA,m1_timeouts_left,0.0
coach_season,2016,Jeff Fisher,LA,m2_candidates,0.0
coach_season,2016,Jeff Fisher,LA,m2_cases,0.0
coach_season,2016,Jeff Fisher,LA,m2_ep_left,0.0
coach_season,2016,Jeff Fisher,LA,m2_wp_left,0.0
coach_season,2016,Jeff Fisher,LA,m3_cases,0.0
coach_season,2016,Jeff Fisher,LA,m3_decisive_games,1.0
coach_season,2016,Jeff Fisher,LA,m3_seconds_wasted,0.0
coach_season,2016,Jim Caldwell,DET,games,17.0
coach_season,2016,Jim Caldwell,DET,m1_candidates,0.0
coach_season,2016,Jim Caldwell,DET,m1_cases,0.0
coach_season,2016,Jim Caldwell,DET,m1_timeouts_left,0.0
coach_season,2016,Jim Caldwell,DET,m2_candidates,0.0
coach_season,2016,Jim Caldwell,DET,m2_cases,0.0
coach_season,2016,Jim Caldwell,DET,m2_ep_left,0.0
coach_season,2016,Jim Caldwell,DET,m2_wp_left,0.0
coach_season,2016,Jim Caldwell,DET,m3_cases,0.0
coach_season,2016,Jim Caldwell,DET,m3_decisive_games,0.0
coach_season,2016,Jim Caldwell,DET,m3_seconds_wasted,0.0
coach_season,2016,John Fox,CHI,games,16.0
coach_season,2016,John Fox,CHI,m1_candidates,2.0
coach_season,2016,John Fox,CHI,m1_cases,1.0
coach_season,2016,John Fox,CHI,m1_timeouts_left,1.0
coach_season,2016,John Fox,CHI,m2_candidates,0.0
coach_season,2016,John Fox,CHI,m2_cases,0.0
coach_season,2016,John Fox,CHI,m2_ep_left,0.0
coach_season,2016,John Fox,CHI,m2_wp_left,0.0
coach_season,2016,John Fox,CHI,m3_cases,0.0
coach_season,2016,John Fox,CHI,m3_decisive_games,1.0
coach_season,2016,John Fox,CHI,m3_seconds_wasted,0.0
coach_season,2016,John Harbaugh,BAL,games,16.0
coach_season,2016,John Harbaugh,BAL,m1_candidates,2.0
coach_season,2016,John Harbaugh,BAL,m1_cases,1.0
coach_season,2016,John Harbaugh,BAL,m1_timeouts_left,1.0
coach_season,2016,John Harbaugh,BAL,m2_candidates,0.0
coach_season,2016,John Harbaugh,BAL,m2_cases,0.0
coach_season,2016,John Harbaugh,BAL,m2_ep_left,0.0
coach_season,2016,John Harbaugh,BAL,m2_wp_left,0.0
coach_season,2016,John Harbaugh,BAL,m3_cases,1.0
coach_season,2016,John Harbaugh,BAL,m3_decisive_games,2.0
coach_season,2016,John Harbaugh,BAL,m3_seconds_wasted,43.0
coach_season,2016,Marvin Lewis,CIN,games,16.0
coach_season,2016,Marvin Lewis,CIN,m1_candidates,2.0
coach_season,2016,Marvin Lewis,CIN,m1_cases,0.0
coach_season,2016,Marvin Lewis,CIN,m1_timeouts_left,0.0
coach_season,2016,Marvin Lewis,CIN,m2_candidates,0.0
coach_season,2016,Marvin Lewis,CIN,m2_cases,0.0
coach_season,2016,Marvin Lewis,CIN,m2_ep_left,0.0
coach_season,2016,Marvin Lewis,CIN,m2_wp_left,0.0
coach_season,2016,Marvin Lewis,CIN,m3_cases,0.0
coach_season,2016,Marvin Lewis,CIN,m3_decisive_games,3.0
coach_season,2016,Marvin Lewis,CIN,m3_seconds_wasted,0.0
coach_season,2016,Mike McCarthy,GB,games,19.0
coach_season,2016,Mike McCarthy,GB,m1_candidates,1.0
coach_season,2016,Mike McCarthy,GB,m1_cases,1.0
coach_season,2016,Mike McCarthy,GB,m1_timeouts_left,1.0
coach_season,2016,Mike McCarthy,GB,m2_candidates,0.0
coach_season,2016,Mike McCarthy,GB,m2_cases,0.0
coach_season,2016,Mike McCarthy,GB,m2_ep_left,0.0
coach_season,2016,Mike McCarthy,GB,m2_wp_left,0.0
coach_season,2016,Mike McCarthy,GB,m3_cases,0.0
coach_season,2016,Mike McCarthy,GB,m3_decisive_games,1.0
coach_season,2016,Mike McCarthy,GB,m3_seconds_wasted,0.0
coach_season,2016,Mike McCoy,LAC,games,16.0
coach_season,2016,Mike McCoy,LAC,m1_candidates,1.0
coach_season,2016,Mike McCoy,LAC,m1_cases,1.0
coach_season,2016,Mike McCoy,LAC,m1_timeouts_left,1.0
coach_season,2016,Mike McCoy,LAC,m2_candidates,0.0
coach_season,2016,Mike McCoy,LAC,m2_cases,0.0
coach_season,2016,Mike McCoy,LAC,m2_ep_left,0.0
coach_season,2016,Mike McCoy,LAC,m2_wp_left,0.0
coach_season,2016,Mike McCoy,LAC,m3_cases,1.0
coach_season,2016,Mike McCoy,LAC,m3_decisive_games,3.0
coach_season,2016,Mike McCoy,LAC,m3_seconds_wasted,36.0
coach_season,2016,Mike Mularkey,TEN,games,16.0
coach_season,2016,Mike Mularkey,TEN,m1_candidates,0.0
coach_season,2016,Mike Mularkey,TEN,m1_cases,0.0
coach_season,2016,Mike Mularkey,TEN,m1_timeouts_left,0.0
coach_season,2016,Mike Mularkey,TEN,m2_candidates,0.0
coach_season,2016,Mike Mularkey,TEN,m2_cases,0.0
coach_season,2016,Mike Mularkey,TEN,m2_ep_left,0.0
coach_season,2016,Mike Mularkey,TEN,m2_wp_left,0.0
coach_season,2016,Mike Mularkey,TEN,m3_cases,0.0
coach_season,2016,Mike Mularkey,TEN,m3_decisive_games,1.0
coach_season,2016,Mike Mularkey,TEN,m3_seconds_wasted,0.0
coach_season,2016,Mike Tomlin,PIT,games,19.0
coach_season,2016,Mike Tomlin,PIT,m1_candidates,0.0
coach_season,2016,Mike Tomlin,PIT,m1_cases,0.0
coach_season,2016,Mike Tomlin,PIT,m1_timeouts_left,0.0
coach_season,2016,Mike Tomlin,PIT,m2_candidates,1.0
coach_season,2016,Mike Tomlin,PIT,m2_cases,0.0
coach_season,2016,Mike Tomlin,PIT,m2_ep_left,0.0
coach_season,2016,Mike Tomlin,PIT,m2_wp_left,0.0
coach_season,2016,Mike Tomlin,PIT,m3_cases,0.0
coach_season,2016,Mike Tomlin,PIT,m3_decisive_games,0.0
coach_season,2016,Mike Tomlin,PIT,m3_seconds_wasted,0.0
coach_season,2016,Mike Zimmer,MIN,games,16.0
coach_season,2016,Mike Zimmer,MIN,m1_candidates,0.0
coach_season,2016,Mike Zimmer,MIN,m1_cases,0.0
coach_season,2016,Mike Zimmer,MIN,m1_timeouts_left,0.0
coach_season,2016,Mike Zimmer,MIN,m2_candidates,0.0
coach_season,2016,Mike Zimmer,MIN,m2_cases,0.0
coach_season,2016,Mike Zimmer,MIN,m2_ep_left,0.0
coach_season,2016,Mike Zimmer,MIN,m2_wp_left,0.0
coach_season,2016,Mike Zimmer,MIN,m3_cases,0.0
coach_season,2016,Mike Zimmer,MIN,m3_decisive_games,0.0
coach_season,2016,Mike Zimmer,MIN,m3_seconds_wasted,0.0
coach_season,2016,Pete Carroll,SEA,games,18.0
coach_season,2016,Pete Carroll,SEA,m1_candidates,0.0
coach_season,2016,Pete Carroll,SEA,m1_cases,0.0
coach_season,2016,Pete Carroll,SEA,m1_timeouts_left,0.0
coach_season,2016,Pete Carroll,SEA,m2_candidates,1.0
coach_season,2016,Pete Carroll,SEA,m2_cases,0.0
coach_season,2016,Pete Carroll,SEA,m2_ep_left,0.0
coach_season,2016,Pete Carroll,SEA,m2_wp_left,0.0
coach_season,2016,Pete Carroll,SEA,m3_cases,0.0
coach_season,2016,Pete Carroll,SEA,m3_decisive_games,0.0
coach_season,2016,Pete Carroll,SEA,m3_seconds_wasted,0.0
coach_season,2016,Rex Ryan,BUF,games,15.0
coach_season,2016,Rex Ryan,BUF,m1_candidates,1.0
coach_season,2016,Rex Ryan,BUF,m1_cases,0.0
coach_season,2016,Rex Ryan,BUF,m1_timeouts_left,0.0
coach_season,2016,Rex Ryan,BUF,m2_candidates,0.0
coach_season,2016,Rex Ryan,BUF,m2_cases,0.0
coach_season,2016,Rex Ryan,BUF,m2_ep_left,0.0
coach_season,2016,Rex Ryan,BUF,m2_wp_left,0.0
coach_season,2016,Rex Ryan,BUF,m3_cases,0.0
coach_season,2016,Rex Ryan,BUF,m3_decisive_games,2.0
coach_season,2016,Rex Ryan,BUF,m3_seconds_wasted,0.0
coach_season,2016,Ron Rivera,CAR,games,16.0
coach_season,2016,Ron Rivera,CAR,m1_candidates,0.0
coach_season,2016,Ron Rivera,CAR,m1_cases,0.0
coach_season,2016,Ron Rivera,CAR,m1_timeouts_left,0.0
coach_season,2016,Ron Rivera,CAR,m2_candidates,2.0
coach_season,2016,Ron Rivera,CAR,m2_cases,0.0
coach_season,2016,Ron Rivera,CAR,m2_ep_left,0.0
coach_season,2016,Ron Rivera,CAR,m2_wp_left,0.0
coach_season,2016,Ron Rivera,CAR,m3_cases,0.0
coach_season,2016,Ron Rivera,CAR,m3_decisive_games,1.0
coach_season,2016,Ron Rivera,CAR,m3_seconds_wasted,0.0
coach_season,2016,Sean Payton,NO,games,16.0
coach_season,2016,Sean Payton,NO,m1_candidates,0.0
coach_season,2016,Sean Payton,NO,m1_cases,0.0
coach_season,2016,Sean Payton,NO,m1_timeouts_left,0.0
coach_season,2016,Sean Payton,NO,m2_candidates,0.0
coach_season,2016,Sean Payton,NO,m2_cases,0.0
coach_season,2016,Sean Payton,NO,m2_ep_left,0.0
coach_season,2016,Sean Payton,NO,m2_wp_left,0.0
coach_season,2016,Sean Payton,NO,m3_cases,0.0
coach_season,2016,Sean Payton,NO,m3_decisive_games,0.0
coach_season,2016,Sean Payton,NO,m3_seconds_wasted,0.0
coach_season,2016,Todd Bowles,NYJ,games,16.0
coach_season,2016,Todd Bowles,NYJ,m1_candidates,2.0
coach_season,2016,Todd Bowles,NYJ,m1_cases,1.0
coach_season,2016,Todd Bowles,NYJ,m1_timeouts_left,1.0
coach_season,2016,Todd Bowles,NYJ,m2_candidates,1.0
coach_season,2016,Todd Bowles,NYJ,m2_cases,0.0
coach_season,2016,Todd Bowles,NYJ,m2_ep_left,0.0
coach_season,2016,Todd Bowles,NYJ,m2_wp_left,0.0
coach_season,2016,Todd Bowles,NYJ,m3_cases,1.0
coach_season,2016,Todd Bowles,NYJ,m3_decisive_games,2.0
coach_season,2016,Todd Bowles,NYJ,m3_seconds_wasted,39.0
coach_season,2017,Adam Gase,MIA,games,16.0
coach_season,2017,Adam Gase,MIA,m1_candidates,0.0
coach_season,2017,Adam Gase,MIA,m1_cases,0.0
coach_season,2017,Adam Gase,MIA,m1_timeouts_left,0.0
coach_season,2017,Adam Gase,MIA,m2_candidates,0.0
coach_season,2017,Adam Gase,MIA,m2_cases,0.0
coach_season,2017,Adam Gase,MIA,m2_ep_left,0.0
coach_season,2017,Adam Gase,MIA,m2_wp_left,0.0
coach_season,2017,Adam Gase,MIA,m3_cases,0.0
coach_season,2017,Adam Gase,MIA,m3_decisive_games,0.0
coach_season,2017,Adam Gase,MIA,m3_seconds_wasted,0.0
coach_season,2017,Andy Reid,KC,games,17.0
coach_season,2017,Andy Reid,KC,m1_candidates,1.0
coach_season,2017,Andy Reid,KC,m1_cases,0.0
coach_season,2017,Andy Reid,KC,m1_timeouts_left,0.0
coach_season,2017,Andy Reid,KC,m2_candidates,1.0
coach_season,2017,Andy Reid,KC,m2_cases,0.0
coach_season,2017,Andy Reid,KC,m2_ep_left,0.0
coach_season,2017,Andy Reid,KC,m2_wp_left,0.0
coach_season,2017,Andy Reid,KC,m3_cases,0.0
coach_season,2017,Andy Reid,KC,m3_decisive_games,1.0
coach_season,2017,Andy Reid,KC,m3_seconds_wasted,0.0
coach_season,2017,Anthony Lynn,LAC,games,16.0
coach_season,2017,Anthony Lynn,LAC,m1_candidates,0.0
coach_season,2017,Anthony Lynn,LAC,m1_cases,0.0
coach_season,2017,Anthony Lynn,LAC,m1_timeouts_left,0.0
coach_season,2017,Anthony Lynn,LAC,m2_candidates,1.0
coach_season,2017,Anthony Lynn,LAC,m2_cases,0.0
coach_season,2017,Anthony Lynn,LAC,m2_ep_left,0.0
coach_season,2017,Anthony Lynn,LAC,m2_wp_left,0.0
coach_season,2017,Anthony Lynn,LAC,m3_cases,0.0
coach_season,2017,Anthony Lynn,LAC,m3_decisive_games,0.0
coach_season,2017,Anthony Lynn,LAC,m3_seconds_wasted,0.0
coach_season,2017,Ben McAdoo,NYG,games,12.0
coach_season,2017,Ben McAdoo,NYG,m1_candidates,1.0
coach_season,2017,Ben McAdoo,NYG,m1_cases,0.0
coach_season,2017,Ben McAdoo,NYG,m1_timeouts_left,0.0
coach_season,2017,Ben McAdoo,NYG,m2_candidates,0.0
coach_season,2017,Ben McAdoo,NYG,m2_cases,0.0
coach_season,2017,Ben McAdoo,NYG,m2_ep_left,0.0
coach_season,2017,Ben McAdoo,NYG,m2_wp_left,0.0
coach_season,2017,Ben McAdoo,NYG,m3_cases,0.0
coach_season,2017,Ben McAdoo,NYG,m3_decisive_games,1.0
coach_season,2017,Ben McAdoo,NYG,m3_seconds_wasted,0.0
coach_season,2017,Bill Belichick,NE,games,19.0
coach_season,2017,Bill Belichick,NE,m1_candidates,0.0
coach_season,2017,Bill Belichick,NE,m1_cases,0.0
coach_season,2017,Bill Belichick,NE,m1_timeouts_left,0.0
coach_season,2017,Bill Belichick,NE,m2_candidates,0.0
coach_season,2017,Bill Belichick,NE,m2_cases,0.0
coach_season,2017,Bill Belichick,NE,m2_ep_left,0.0
coach_season,2017,Bill Belichick,NE,m2_wp_left,0.0
coach_season,2017,Bill Belichick,NE,m3_cases,0.0
coach_season,2017,Bill Belichick,NE,m3_decisive_games,0.0
coach_season,2017,Bill Belichick,NE,m3_seconds_wasted,0.0
coach_season,2017,Bill O'Brien,HOU,games,16.0
coach_season,2017,Bill O'Brien,HOU,m1_candidates,0.0
coach_season,2017,Bill O'Brien,HOU,m1_cases,0.0
coach_season,2017,Bill O'Brien,HOU,m1_timeouts_left,0.0
coach_season,2017,Bill O'Brien,HOU,m2_candidates,1.0
coach_season,2017,Bill O'Brien,HOU,m2_cases,0.0
coach_season,2017,Bill O'Brien,HOU,m2_ep_left,0.0
coach_season,2017,Bill O'Brien,HOU,m2_wp_left,0.0
coach_season,2017,Bill O'Brien,HOU,m3_cases,0.0
coach_season,2017,Bill O'Brien,HOU,m3_decisive_games,1.0
coach_season,2017,Bill O'Brien,HOU,m3_seconds_wasted,0.0
coach_season,2017,Bruce Arians,ARI,games,16.0
coach_season,2017,Bruce Arians,ARI,m1_candidates,0.0
coach_season,2017,Bruce Arians,ARI,m1_cases,0.0
coach_season,2017,Bruce Arians,ARI,m1_timeouts_left,0.0
coach_season,2017,Bruce Arians,ARI,m2_candidates,0.0
coach_season,2017,Bruce Arians,ARI,m2_cases,0.0
coach_season,2017,Bruce Arians,ARI,m2_ep_left,0.0
coach_season,2017,Bruce Arians,ARI,m2_wp_left,0.0
coach_season,2017,Bruce Arians,ARI,m3_cases,0.0
coach_season,2017,Bruce Arians,ARI,m3_decisive_games,0.0
coach_season,2017,Bruce Arians,ARI,m3_seconds_wasted,0.0
coach_season,2017,Chuck Pagano,IND,games,16.0
coach_season,2017,Chuck Pagano,IND,m1_candidates,0.0
coach_season,2017,Chuck Pagano,IND,m1_cases,0.0
coach_season,2017,Chuck Pagano,IND,m1_timeouts_left,0.0
coach_season,2017,Chuck Pagano,IND,m2_candidates,0.0
coach_season,2017,Chuck Pagano,IND,m2_cases,0.0
coach_season,2017,Chuck Pagano,IND,m2_ep_left,0.0
coach_season,2017,Chuck Pagano,IND,m2_wp_left,0.0
coach_season,2017,Chuck Pagano,IND,m3_cases,0.0
coach_season,2017,Chuck Pagano,IND,m3_decisive_games,1.0
coach_season,2017,Chuck Pagano,IND,m3_seconds_wasted,0.0
coach_season,2017,Dan Quinn,ATL,games,18.0
coach_season,2017,Dan Quinn,ATL,m1_candidates,2.0
coach_season,2017,Dan Quinn,ATL,m1_cases,0.0
coach_season,2017,Dan Quinn,ATL,m1_timeouts_left,0.0
coach_season,2017,Dan Quinn,ATL,m2_candidates,0.0
coach_season,2017,Dan Quinn,ATL,m2_cases,0.0
coach_season,2017,Dan Quinn,ATL,m2_ep_left,0.0
coach_season,2017,Dan Quinn,ATL,m2_wp_left,0.0
coach_season,2017,Dan Quinn,ATL,m3_cases,0.0
coach_season,2017,Dan Quinn,ATL,m3_decisive_games,1.0
coach_season,2017,Dan Quinn,ATL,m3_seconds_wasted,0.0
coach_season,2017,Dirk Koetter,TB,games,16.0
coach_season,2017,Dirk Koetter,TB,m1_candidates,1.0
coach_season,2017,Dirk Koetter,TB,m1_cases,1.0
coach_season,2017,Dirk Koetter,TB,m1_timeouts_left,1.0
coach_season,2017,Dirk Koetter,TB,m2_candidates,0.0
coach_season,2017,Dirk Koetter,TB,m2_cases,0.0
coach_season,2017,Dirk Koetter,TB,m2_ep_left,0.0
coach_season,2017,Dirk Koetter,TB,m2_wp_left,0.0
coach_season,2017,Dirk Koetter,TB,m3_cases,1.0
coach_season,2017,Dirk Koetter,TB,m3_decisive_games,1.0
coach_season,2017,Dirk Koetter,TB,m3_seconds_wasted,38.0
coach_season,2017,Doug Marrone,JAX,games,19.0
coach_season,2017,Doug Marrone,JAX,m1_candidates,1.0
coach_season,2017,Doug Marrone,JAX,m1_cases,0.0
coach_season,2017,Doug Marrone,JAX,m1_timeouts_left,0.0
coach_season,2017,Doug Marrone,JAX,m2_candidates,2.0
coach_season,2017,Doug Marrone,JAX,m2_cases,0.0
coach_season,2017,Doug Marrone,JAX,m2_ep_left,0.0
coach_season,2017,Doug Marrone,JAX,m2_wp_left,0.0
coach_season,2017,Doug Marrone,JAX,m3_cases,0.0
coach_season,2017,Doug Marrone,JAX,m3_decisive_games,4.0
coach_season,2017,Doug Marrone,JAX,m3_seconds_wasted,0.0
coach_season,2017,Doug Pederson,PHI,games,19.0
coach_season,2017,Doug Pederson,PHI,m1_candidates,0.0
coach_season,2017,Doug Pederson,PHI,m1_cases,0.0
coach_season,2017,Doug Pederson,PHI,m1_timeouts_left,0.0
coach_season,2017,Doug Pederson,PHI,m2_candidates,0.0
coach_season,2017,Doug Pederson,PHI,m2_cases,0.0
coach_season,2017,Doug Pederson,PHI,m2_ep_left,0.0
coach_season,2017,Doug Pederson,PHI,m2_wp_left,0.0
coach_season,2017,Doug Pederson,PHI,m3_cases,0.0
coach_season,2017,Doug Pederson,PHI,m3_decisive_games,1.0
coach_season,2017,Doug Pederson,PHI,m3_seconds_wasted,0.0
coach_season,2017,Hue Jackson,CLE,games,16.0
coach_season,2017,Hue Jackson,CLE,m1_candidates,1.0
coach_season,2017,Hue Jackson,CLE,m1_cases,0.0
coach_season,2017,Hue Jackson,CLE,m1_timeouts_left,0.0
coach_season,2017,Hue Jackson,CLE,m2_candidates,0.0
coach_season,2017,Hue Jackson,CLE,m2_cases,0.0
coach_season,2017,Hue Jackson,CLE,m2_ep_left,0.0
coach_season,2017,Hue Jackson,CLE,m2_wp_left,0.0
coach_season,2017,Hue Jackson,CLE,m3_cases,0.0
coach_season,2017,Hue Jackson,CLE,m3_decisive_games,2.0
coach_season,2017,Hue Jackson,CLE,m3_seconds_wasted,0.0
coach_season,2017,Jack Del Rio,LV,games,16.0
coach_season,2017,Jack Del Rio,LV,m1_candidates,0.0
coach_season,2017,Jack Del Rio,LV,m1_cases,0.0
coach_season,2017,Jack Del Rio,LV,m1_timeouts_left,0.0
coach_season,2017,Jack Del Rio,LV,m2_candidates,0.0
coach_season,2017,Jack Del Rio,LV,m2_cases,0.0
coach_season,2017,Jack Del Rio,LV,m2_ep_left,0.0
coach_season,2017,Jack Del Rio,LV,m2_wp_left,0.0
coach_season,2017,Jack Del Rio,LV,m3_cases,0.0
coach_season,2017,Jack Del Rio,LV,m3_decisive_games,0.0
coach_season,2017,Jack Del Rio,LV,m3_seconds_wasted,0.0
coach_season,2017,Jason Garrett,DAL,games,16.0
coach_season,2017,Jason Garrett,DAL,m1_candidates,0.0
coach_season,2017,Jason Garrett,DAL,m1_cases,0.0
coach_season,2017,Jason Garrett,DAL,m1_timeouts_left,0.0
coach_season,2017,Jason Garrett,DAL,m2_candidates,0.0
coach_season,2017,Jason Garrett,DAL,m2_cases,0.0
coach_season,2017,Jason Garrett,DAL,m2_ep_left,0.0
coach_season,2017,Jason Garrett,DAL,m2_wp_left,0.0
coach_season,2017,Jason Garrett,DAL,m3_cases,0.0
coach_season,2017,Jason Garrett,DAL,m3_decisive_games,0.0
coach_season,2017,Jason Garrett,DAL,m3_seconds_wasted,0.0
coach_season,2017,Jay Gruden,WAS,games,16.0
coach_season,2017,Jay Gruden,WAS,m1_candidates,0.0
coach_season,2017,Jay Gruden,WAS,m1_cases,0.0
coach_season,2017,Jay Gruden,WAS,m1_timeouts_left,0.0
coach_season,2017,Jay Gruden,WAS,m2_candidates,0.0
coach_season,2017,Jay Gruden,WAS,m2_cases,0.0
coach_season,2017,Jay Gruden,WAS,m2_ep_left,0.0
coach_season,2017,Jay Gruden,WAS,m2_wp_left,0.0
coach_season,2017,Jay Gruden,WAS,m3_cases,0.0
coach_season,2017,Jay Gruden,WAS,m3_decisive_games,1.0
coach_season,2017,Jay Gruden,WAS,m3_seconds_wasted,0.0
coach_season,2017,Jim Caldwell,DET,games,16.0
coach_season,2017,Jim Caldwell,DET,m1_candidates,1.0
coach_season,2017,Jim Caldwell,DET,m1_cases,0.0
coach_season,2017,Jim Caldwell,DET,m1_timeouts_left,0.0
coach_season,2017,Jim Caldwell,DET,m2_candidates,0.0
coach_season,2017,Jim Caldwell,DET,m2_cases,0.0
coach_season,2017,Jim Caldwell,DET,m2_ep_left,0.0
coach_season,2017,Jim Caldwell,DET,m2_wp_left,0.0
coach_season,2017,Jim Caldwell,DET,m3_cases,0.0
coach_season,2017,Jim Caldwell,DET,m3_decisive_games,1.0
coach_season,2017,Jim Caldwell,DET,m3_seconds_wasted,0.0
coach_season,2017,John Fox,CHI,games,16.0
coach_season,2017,John Fox,CHI,m1_candidates,0.0
coach_season,2017,John Fox,CHI,m1_cases,0.0
coach_season,2017,John Fox,CHI,m1_timeouts_left,0.0
coach_season,2017,John Fox,CHI,m2_candidates,0.0
coach_season,2017,John Fox,CHI,m2_cases,0.0
coach_season,2017,John Fox,CHI,m2_ep_left,0.0
coach_season,2017,John Fox,CHI,m2_wp_left,0.0
coach_season,2017,John Fox,CHI,m3_cases,0.0
coach_season,2017,John Fox,CHI,m3_decisive_games,1.0
coach_season,2017,John Fox,CHI,m3_seconds_wasted,0.0
coach_season,2017,John Harbaugh,BAL,games,16.0
coach_season,2017,John Harbaugh,BAL,m1_candidates,0.0
coach_season,2017,John Harbaugh,BAL,m1_cases,0.0
coach_season,2017,John Harbaugh,BAL,m1_timeouts_left,0.0
coach_season,2017,John Harbaugh,BAL,m2_candidates,0.0
coach_season,2017,John Harbaugh,BAL,m2_cases,0.0
coach_season,2017,John Harbaugh,BAL,m2_ep_left,0.0
coach_season,2017,John Harbaugh,BAL,m2_wp_left,0.0
coach_season,2017,John Harbaugh,BAL,m3_cases,0.0
coach_season,2017,John Harbaugh,BAL,m3_decisive_games,0.0
coach_season,2017,John Harbaugh,BAL,m3_seconds_wasted,0.0
coach_season,2017,Kyle Shanahan,SF,games,16.0
coach_season,2017,Kyle Shanahan,SF,m1_candidates,1.0
coach_season,2017,Kyle Shanahan,SF,m1_cases,0.0
coach_season,2017,Kyle Shanahan,SF,m1_timeouts_left,0.0
coach_season,2017,Kyle Shanahan,SF,m2_candidates,0.0
coach_season,2017,Kyle Shanahan,SF,m2_cases,0.0
coach_season,2017,Kyle Shanahan,SF,m2_ep_left,0.0
coach_season,2017,Kyle Shanahan,SF,m2_wp_left,0.0
coach_season,2017,Kyle Shanahan,SF,m3_cases,0.0
coach_season,2017,Kyle Shanahan,SF,m3_decisive_games,2.0
coach_season,2017,Kyle Shanahan,SF,m3_seconds_wasted,0.0
coach_season,2017,Marvin Lewis,CIN,games,16.0
coach_season,2017,Marvin Lewis,CIN,m1_candidates,0.0
coach_season,2017,Marvin Lewis,CIN,m1_cases,0.0
coach_season,2017,Marvin Lewis,CIN,m1_timeouts_left,0.0
coach_season,2017,Marvin Lewis,CIN,m2_candidates,0.0
coach_season,2017,Marvin Lewis,CIN,m2_cases,0.0
coach_season,2017,Marvin Lewis,CIN,m2_ep_left,0.0
coach_season,2017,Marvin Lewis,CIN,m2_wp_left,0.0
coach_season,2017,Marvin Lewis,CIN,m3_cases,0.0
coach_season,2017,Marvin Lewis,CIN,m3_decisive_games,1.0
coach_season,2017,Marvin Lewis,CIN,m3_seconds_wasted,0.0
coach_season,2017,Mike McCarthy,GB,games,16.0
coach_season,2017,Mike McCarthy,GB,m1_candidates,0.0
coach_season,2017,Mike McCarthy,GB,m1_cases,0.0
coach_season,2017,Mike McCarthy,GB,m1_timeouts_left,0.0
coach_season,2017,Mike McCarthy,GB,m2_candidates,0.0
coach_season,2017,Mike McCarthy,GB,m2_cases,0.0
coach_season,2017,Mike McCarthy,GB,m2_ep_left,0.0
coach_season,2017,Mike McCarthy,GB,m2_wp_left,0.0
coach_season,2017,Mike McCarthy,GB,m3_cases,0.0
coach_season,2017,Mike McCarthy,GB,m3_decisive_games,0.0
coach_season,2017,Mike McCarthy,GB,m3_seconds_wasted,0.0
coach_season,2017,Mike Mularkey,TEN,games,18.0
coach_season,2017,Mike Mularkey,TEN,m1_candidates,1.0
coach_season,2017,Mike Mularkey,TEN,m1_cases,0.0
coach_season,2017,Mike Mularkey,TEN,m1_timeouts_left,0.0
coach_season,2017,Mike Mularkey,TEN,m2_candidates,0.0
coach_season,2017,Mike Mularkey,TEN,m2_cases,0.0
coach_season,2017,Mike Mularkey,TEN,m2_ep_left,0.0
coach_season,2017,Mike Mularkey,TEN,m2_wp_left,0.0
coach_season,2017,Mike Mularkey,TEN,m3_cases,0.0
coach_season,2017,Mike Mularkey,TEN,m3_decisive_games,2.0
coach_season,2017,Mike Mularkey,TEN,m3_seconds_wasted,0.0
coach_season,2017,Mike Tomlin,PIT,games,17.0
coach_season,2017,Mike Tomlin,PIT,m1_candidates,0.0
coach_season,2017,Mike Tomlin,PIT,m1_cases,0.0
coach_season,2017,Mike Tomlin,PIT,m1_timeouts_left,0.0
coach_season,2017,Mike Tomlin,PIT,m2_candidates,0.0
coach_season,2017,Mike Tomlin,PIT,m2_cases,0.0
coach_season,2017,Mike Tomlin,PIT,m2_ep_left,0.0
coach_season,2017,Mike Tomlin,PIT,m2_wp_left,0.0
coach_season,2017,Mike Tomlin,PIT,m3_cases,0.0
coach_season,2017,Mike Tomlin,PIT,m3_decisive_games,0.0
coach_season,2017,Mike Tomlin,PIT,m3_seconds_wasted,0.0
coach_season,2017,Mike Zimmer,MIN,games,18.0
coach_season,2017,Mike Zimmer,MIN,m1_candidates,0.0
coach_season,2017,Mike Zimmer,MIN,m1_cases,0.0
coach_season,2017,Mike Zimmer,MIN,m1_timeouts_left,0.0
coach_season,2017,Mike Zimmer,MIN,m2_candidates,0.0
coach_season,2017,Mike Zimmer,MIN,m2_cases,0.0
coach_season,2017,Mike Zimmer,MIN,m2_ep_left,0.0
coach_season,2017,Mike Zimmer,MIN,m2_wp_left,0.0
coach_season,2017,Mike Zimmer,MIN,m3_cases,0.0
coach_season,2017,Mike Zimmer,MIN,m3_decisive_games,0.0
coach_season,2017,Mike Zimmer,MIN,m3_seconds_wasted,0.0
coach_season,2017,Pete Carroll,SEA,games,16.0
coach_season,2017,Pete Carroll,SEA,m1_candidates,2.0
coach_season,2017,Pete Carroll,SEA,m1_cases,1.0
coach_season,2017,Pete Carroll,SEA,m1_timeouts_left,1.0
coach_season,2017,Pete Carroll,SEA,m2_candidates,0.0
coach_season,2017,Pete Carroll,SEA,m2_cases,0.0
coach_season,2017,Pete Carroll,SEA,m2_ep_left,0.0
coach_season,2017,Pete Carroll,SEA,m2_wp_left,0.0
coach_season,2017,Pete Carroll,SEA,m3_cases,0.0
coach_season,2017,Pete Carroll,SEA,m3_decisive_games,2.0
coach_season,2017,Pete Carroll,SEA,m3_seconds_wasted,0.0
coach_season,2017,Ron Rivera,CAR,games,17.0
coach_season,2017,Ron Rivera,CAR,m1_candidates,0.0
coach_season,2017,Ron Rivera,CAR,m1_cases,0.0
coach_season,2017,Ron Rivera,CAR,m1_timeouts_left,0.0
coach_season,2017,Ron Rivera,CAR,m2_candidates,2.0
coach_season,2017,Ron Rivera,CAR,m2_cases,0.0
coach_season,2017,Ron Rivera,CAR,m2_ep_left,0.0
coach_season,2017,Ron Rivera,CAR,m2_wp_left,0.0
coach_season,2017,Ron Rivera,CAR,m3_cases,0.0
coach_season,2017,Ron Rivera,CAR,m3_decisive_games,0.0
coach_season,2017,Ron Rivera,CAR,m3_seconds_wasted,0.0
coach_season,2017,Sean McDermott,BUF,games,17.0
coach_season,2017,Sean McDermott,BUF,m1_candidates,0.0
coach_season,2017,Sean McDermott,BUF,m1_cases,0.0
coach_season,2017,Sean McDermott,BUF,m1_timeouts_left,0.0
coach_season,2017,Sean McDermott,BUF,m2_candidates,0.0
coach_season,2017,Sean McDermott,BUF,m2_cases,0.0
coach_season,2017,Sean McDermott,BUF,m2_ep_left,0.0
coach_season,2017,Sean McDermott,BUF,m2_wp_left,0.0
coach_season,2017,Sean McDermott,BUF,m3_cases,0.0
coach_season,2017,Sean McDermott,BUF,m3_decisive_games,0.0
coach_season,2017,Sean McDermott,BUF,m3_seconds_wasted,0.0
coach_season,2017,Sean McVay,LA,games,17.0
coach_season,2017,Sean McVay,LA,m1_candidates,1.0
coach_season,2017,Sean McVay,LA,m1_cases,0.0
coach_season,2017,Sean McVay,LA,m1_timeouts_left,0.0
coach_season,2017,Sean McVay,LA,m2_candidates,0.0
coach_season,2017,Sean McVay,LA,m2_cases,0.0
coach_season,2017,Sean McVay,LA,m2_ep_left,0.0
coach_season,2017,Sean McVay,LA,m2_wp_left,0.0
coach_season,2017,Sean McVay,LA,m3_cases,0.0
coach_season,2017,Sean McVay,LA,m3_decisive_games,2.0
coach_season,2017,Sean McVay,LA,m3_seconds_wasted,0.0
coach_season,2017,Sean Payton,NO,games,18.0
coach_season,2017,Sean Payton,NO,m1_candidates,1.0
coach_season,2017,Sean Payton,NO,m1_cases,0.0
coach_season,2017,Sean Payton,NO,m1_timeouts_left,0.0
coach_season,2017,Sean Payton,NO,m2_candidates,0.0
coach_season,2017,Sean Payton,NO,m2_cases,0.0
coach_season,2017,Sean Payton,NO,m2_ep_left,0.0
coach_season,2017,Sean Payton,NO,m2_wp_left,0.0
coach_season,2017,Sean Payton,NO,m3_cases,0.0
coach_season,2017,Sean Payton,NO,m3_decisive_games,1.0
coach_season,2017,Sean Payton,NO,m3_seconds_wasted,0.0
coach_season,2017,Steve Spagnuolo,NYG,games,4.0
coach_season,2017,Steve Spagnuolo,NYG,m1_candidates,0.0
coach_season,2017,Steve Spagnuolo,NYG,m1_cases,0.0
coach_season,2017,Steve Spagnuolo,NYG,m1_timeouts_left,0.0
coach_season,2017,Steve Spagnuolo,NYG,m2_candidates,0.0
coach_season,2017,Steve Spagnuolo,NYG,m2_cases,0.0
coach_season,2017,Steve Spagnuolo,NYG,m2_ep_left,0.0
coach_season,2017,Steve Spagnuolo,NYG,m2_wp_left,0.0
coach_season,2017,Steve Spagnuolo,NYG,m3_cases,0.0
coach_season,2017,Steve Spagnuolo,NYG,m3_decisive_games,1.0
coach_season,2017,Steve Spagnuolo,NYG,m3_seconds_wasted,0.0
coach_season,2017,Todd Bowles,NYJ,games,16.0
coach_season,2017,Todd Bowles,NYJ,m1_candidates,0.0
coach_season,2017,Todd Bowles,NYJ,m1_cases,0.0
coach_season,2017,Todd Bowles,NYJ,m1_timeouts_left,0.0
coach_season,2017,Todd Bowles,NYJ,m2_candidates,0.0
coach_season,2017,Todd Bowles,NYJ,m2_cases,0.0
coach_season,2017,Todd Bowles,NYJ,m2_ep_left,0.0
coach_season,2017,Todd Bowles,NYJ,m2_wp_left,0.0
coach_season,2017,Todd Bowles,NYJ,m3_cases,0.0
coach_season,2017,Todd Bowles,NYJ,m3_decisive_games,2.0
coach_season,2017,Todd Bowles,NYJ,m3_seconds_wasted,0.0
coach_season,2017,Vance Joseph,DEN,games,16.0
coach_season,2017,Vance Joseph,DEN,m1_candidates,0.0
coach_season,2017,Vance Joseph,DEN,m1_cases,0.0
coach_season,2017,Vance Joseph,DEN,m1_timeouts_left,0.0
coach_season,2017,Vance Joseph,DEN,m2_candidates,1.0
coach_season,2017,Vance Joseph,DEN,m2_cases,0.0
coach_season,2017,Vance Joseph,DEN,m2_ep_left,0.0
coach_season,2017,Vance Joseph,DEN,m2_wp_left,0.0
coach_season,2017,Vance Joseph,DEN,m3_cases,0.0
coach_season,2017,Vance Joseph,DEN,m3_decisive_games,0.0
coach_season,2017,Vance Joseph,DEN,m3_seconds_wasted,0.0
coach_season,2018,Adam Gase,MIA,games,16.0
coach_season,2018,Adam Gase,MIA,m1_candidates,0.0
coach_season,2018,Adam Gase,MIA,m1_cases,0.0
coach_season,2018,Adam Gase,MIA,m1_timeouts_left,0.0
coach_season,2018,Adam Gase,MIA,m2_candidates,0.0
coach_season,2018,Adam Gase,MIA,m2_cases,0.0
coach_season,2018,Adam Gase,MIA,m2_ep_left,0.0
coach_season,2018,Adam Gase,MIA,m2_wp_left,0.0
coach_season,2018,Adam Gase,MIA,m3_cases,0.0
coach_season,2018,Adam Gase,MIA,m3_decisive_games,1.0
coach_season,2018,Adam Gase,MIA,m3_seconds_wasted,0.0
coach_season,2018,Andy Reid,KC,games,18.0
coach_season,2018,Andy Reid,KC,m1_candidates,0.0
coach_season,2018,Andy Reid,KC,m1_cases,0.0
coach_season,2018,Andy Reid,KC,m1_timeouts_left,0.0
coach_season,2018,Andy Reid,KC,m2_candidates,0.0
coach_season,2018,Andy Reid,KC,m2_cases,0.0
coach_season,2018,Andy Reid,KC,m2_ep_left,0.0
coach_season,2018,Andy Reid,KC,m2_wp_left,0.0
coach_season,2018,Andy Reid,KC,m3_cases,0.0
coach_season,2018,Andy Reid,KC,m3_decisive_games,1.0
coach_season,2018,Andy Reid,KC,m3_seconds_wasted,0.0
coach_season,2018,Anthony Lynn,LAC,games,18.0
coach_season,2018,Anthony Lynn,LAC,m1_candidates,0.0
coach_season,2018,Anthony Lynn,LAC,m1_cases,0.0
coach_season,2018,Anthony Lynn,LAC,m1_timeouts_left,0.0
coach_season,2018,Anthony Lynn,LAC,m2_candidates,1.0
coach_season,2018,Anthony Lynn,LAC,m2_cases,0.0
coach_season,2018,Anthony Lynn,LAC,m2_ep_left,0.0
coach_season,2018,Anthony Lynn,LAC,m2_wp_left,0.0
coach_season,2018,Anthony Lynn,LAC,m3_cases,0.0
coach_season,2018,Anthony Lynn,LAC,m3_decisive_games,0.0
coach_season,2018,Anthony Lynn,LAC,m3_seconds_wasted,0.0
coach_season,2018,Bill Belichick,NE,games,19.0
coach_season,2018,Bill Belichick,NE,m1_candidates,0.0
coach_season,2018,Bill Belichick,NE,m1_cases,0.0
coach_season,2018,Bill Belichick,NE,m1_timeouts_left,0.0
coach_season,2018,Bill Belichick,NE,m2_candidates,0.0
coach_season,2018,Bill Belichick,NE,m2_cases,0.0
coach_season,2018,Bill Belichick,NE,m2_ep_left,0.0
coach_season,2018,Bill Belichick,NE,m2_wp_left,0.0
coach_season,2018,Bill Belichick,NE,m3_cases,0.0
coach_season,2018,Bill Belichick,NE,m3_decisive_games,0.0
coach_season,2018,Bill Belichick,NE,m3_seconds_wasted,0.0
coach_season,2018,Bill O'Brien,HOU,games,17.0
coach_season,2018,Bill O'Brien,HOU,m1_candidates,0.0
coach_season,2018,Bill O'Brien,HOU,m1_cases,0.0
coach_season,2018,Bill O'Brien,HOU,m1_timeouts_left,0.0
coach_season,2018,Bill O'Brien,HOU,m2_candidates,1.0
coach_season,2018,Bill O'Brien,HOU,m2_cases,0.0
coach_season,2018,Bill O'Brien,HOU,m2_ep_left,0.0
coach_season,2018,Bill O'Brien,HOU,m2_wp_left,0.0
coach_season,2018,Bill O'Brien,HOU,m3_cases,0.0
coach_season,2018,Bill O'Brien,HOU,m3_decisive_games,1.0
coach_season,2018,Bill O'Brien,HOU,m3_seconds_wasted,0.0
coach_season,2018,Dan Quinn,ATL,games,16.0
coach_season,2018,Dan Quinn,ATL,m1_candidates,0.0
coach_season,2018,Dan Quinn,ATL,m1_cases,0.0
coach_season,2018,Dan Quinn,ATL,m1_timeouts_left,0.0
coach_season,2018,Dan Quinn,ATL,m2_candidates,0.0
coach_season,2018,Dan Quinn,ATL,m2_cases,0.0
coach_season,2018,Dan Quinn,ATL,m2_ep_left,0.0
coach_season,2018,Dan Quinn,ATL,m2_wp_left,0.0
coach_season,2018,Dan Quinn,ATL,m3_cases,0.0
coach_season,2018,Dan Quinn,ATL,m3_decisive_games,0.0
coach_season,2018,Dan Quinn,ATL,m3_seconds_wasted,0.0
coach_season,2018,Dirk Koetter,TB,games,16.0
coach_season,2018,Dirk Koetter,TB,m1_candidates,0.0
coach_season,2018,Dirk Koetter,TB,m1_cases,0.0
coach_season,2018,Dirk Koetter,TB,m1_timeouts_left,0.0
coach_season,2018,Dirk Koetter,TB,m2_candidates,1.0
coach_season,2018,Dirk Koetter,TB,m2_cases,0.0
coach_season,2018,Dirk Koetter,TB,m2_ep_left,0.0
coach_season,2018,Dirk Koetter,TB,m2_wp_left,0.0
coach_season,2018,Dirk Koetter,TB,m3_cases,0.0
coach_season,2018,Dirk Koetter,TB,m3_decisive_games,0.0
coach_season,2018,Dirk Koetter,TB,m3_seconds_wasted,0.0
coach_season,2018,Doug Marrone,JAX,games,16.0
coach_season,2018,Doug Marrone,JAX,m1_candidates,0.0
coach_season,2018,Doug Marrone,JAX,m1_cases,0.0
coach_season,2018,Doug Marrone,JAX,m1_timeouts_left,0.0
coach_season,2018,Doug Marrone,JAX,m2_candidates,0.0
coach_season,2018,Doug Marrone,JAX,m2_cases,0.0
coach_season,2018,Doug Marrone,JAX,m2_ep_left,0.0
coach_season,2018,Doug Marrone,JAX,m2_wp_left,0.0
coach_season,2018,Doug Marrone,JAX,m3_cases,1.0
coach_season,2018,Doug Marrone,JAX,m3_decisive_games,1.0
coach_season,2018,Doug Marrone,JAX,m3_seconds_wasted,39.0
coach_season,2018,Doug Pederson,PHI,games,18.0
coach_season,2018,Doug Pederson,PHI,m1_candidates,1.0
coach_season,2018,Doug Pederson,PHI,m1_cases,0.0
coach_season,2018,Doug Pederson,PHI,m1_timeouts_left,0.0
coach_season,2018,Doug Pederson,PHI,m2_candidates,0.0
coach_season,2018,Doug Pederson,PHI,m2_cases,0.0
coach_season,2018,Doug Pederson,PHI,m2_ep_left,0.0
coach_season,2018,Doug Pederson,PHI,m2_wp_left,0.0
coach_season,2018,Doug Pederson,PHI,m3_cases,0.0
coach_season,2018,Doug Pederson,PHI,m3_decisive_games,2.0
coach_season,2018,Doug Pederson,PHI,m3_seconds_wasted,0.0
coach_season,2018,Frank Reich,IND,games,18.0
coach_season,2018,Frank Reich,IND,m1_candidates,0.0
coach_season,2018,Frank Reich,IND,m1_cases,0.0
coach_season,2018,Frank Reich,IND,m1_timeouts_left,0.0
coach_season,2018,Frank Reich,IND,m2_candidates,0.0
coach_season,2018,Frank Reich,IND,m2_cases,0.0
coach_season,2018,Frank Reich,IND,m2_ep_left,0.0
coach_season,2018,Frank Reich,IND,m2_wp_left,0.0
coach_season,2018,Frank Reich,IND,m3_cases,0.0
coach_season,2018,Frank Reich,IND,m3_decisive_games,1.0
coach_season,2018,Frank Reich,IND,m3_seconds_wasted,0.0
coach_season,2018,Gregg Williams,CLE,games,8.0
coach_season,2018,Gregg Williams,CLE,m1_candidates,0.0
coach_season,2018,Gregg Williams,CLE,m1_cases,0.0
coach_season,2018,Gregg Williams,CLE,m1_timeouts_left,0.0
coach_season,2018,Gregg Williams,CLE,m2_candidates,0.0
coach_season,2018,Gregg Williams,CLE,m2_cases,0.0
coach_season,2018,Gregg Williams,CLE,m2_ep_left,0.0
coach_season,2018,Gregg Williams,CLE,m2_wp_left,0.0
coach_season,2018,Gregg Williams,CLE,m3_cases,0.0
coach_season,2018,Gregg Williams,CLE,m3_decisive_games,0.0
coach_season,2018,Gregg Williams,CLE,m3_seconds_wasted,0.0
coach_season,2018,Hue Jackson,CLE,games,8.0
coach_season,2018,Hue Jackson,CLE,m1_candidates,0.0
coach_season,2018,Hue Jackson,CLE,m1_cases,0.0
coach_season,2018,Hue Jackson,CLE,m1_timeouts_left,0.0
coach_season,2018,Hue Jackson,CLE,m2_candidates,0.0
coach_season,2018,Hue Jackson,CLE,m2_cases,0.0
coach_season,2018,Hue Jackson,CLE,m2_ep_left,0.0
coach_season,2018,Hue Jackson,CLE,m2_wp_left,0.0
coach_season,2018,Hue Jackson,CLE,m3_cases,0.0
coach_season,2018,Hue Jackson,CLE,m3_decisive_games,0.0
coach_season,2018,Hue Jackson,CLE,m3_seconds_wasted,0.0
coach_season,2018,Jason Garrett,DAL,games,18.0
coach_season,2018,Jason Garrett,DAL,m1_candidates,2.0
coach_season,2018,Jason Garrett,DAL,m1_cases,0.0
coach_season,2018,Jason Garrett,DAL,m1_timeouts_left,0.0
coach_season,2018,Jason Garrett,DAL,m2_candidates,0.0
coach_season,2018,Jason Garrett,DAL,m2_cases,0.0
coach_season,2018,Jason Garrett,DAL,m2_ep_left,0.0
coach_season,2018,Jason Garrett,DAL,m2_wp_left,0.0
coach_season,2018,Jason Garrett,DAL,m3_cases,0.0
coach_season,2018,Jason Garrett,DAL,m3_decisive_games,3.0
coach_season,2018,Jason Garrett,DAL,m3_seconds_wasted,0.0
coach_season,2018,Jay Gruden,WAS,games,16.0
coach_season,2018,Jay Gruden,WAS,m1_candidates,0.0
coach_season,2018,Jay Gruden,WAS,m1_cases,0.0
coach_season,2018,Jay Gruden,WAS,m1_timeouts_left,0.0
coach_season,2018,Jay Gruden,WAS,m2_candidates,0.0
coach_season,2018,Jay Gruden,WAS,m2_cases,0.0
coach_season,2018,Jay Gruden,WAS,m2_ep_left,0.0
coach_season,2018,Jay Gruden,WAS,m2_wp_left,0.0
coach_season,2018,Jay Gruden,WAS,m3_cases,0.0
coach_season,2018,Jay Gruden,WAS,m3_decisive_games,2.0
coach_season,2018,Jay Gruden,WAS,m3_seconds_wasted,0.0
coach_season,2018,Joe Philbin,GB,games,4.0
coach_season,2018,Joe Philbin,GB,m1_candidates,0.0
coach_season,2018,Joe Philbin,GB,m1_cases,0.0
coach_season,2018,Joe Philbin,GB,m1_timeouts_left,0.0
coach_season,2018,Joe Philbin,GB,m2_candidates,0.0
coach_season,2018,Joe Philbin,GB,m2_cases,0.0
coach_season,2018,Joe Philbin,GB,m2_ep_left,0.0
coach_season,2018,Joe Philbin,GB,m2_wp_left,0.0
coach_season,2018,Joe Philbin,GB,m3_cases,0.0
coach_season,2018,Joe Philbin,GB,m3_decisive_games,0.0
coach_season,2018,Joe Philbin,GB,m3_seconds_wasted,0.0
coach_season,2018,John Harbaugh,BAL,games,17.0
coach_season,2018,John Harbaugh,BAL,m1_candidates,0.0
coach_season,2018,John Harbaugh,BAL,m1_cases,0.0
coach_season,2018,John Harbaugh,BAL,m1_timeouts_left,0.0
coach_season,2018,John Harbaugh,BAL,m2_candidates,0.0
coach_season,2018,John Harbaugh,BAL,m2_cases,0.0
coach_season,2018,John Harbaugh,BAL,m2_ep_left,0.0
coach_season,2018,John Harbaugh,BAL,m2_wp_left,0.0
coach_season,2018,John Harbaugh,BAL,m3_cases,0.0
coach_season,2018,John Harbaugh,BAL,m3_decisive_games,2.0
coach_season,2018,John Harbaugh,BAL,m3_seconds_wasted,0.0
coach_season,2018,Jon Gruden,LV,games,16.0
coach_season,2018,Jon Gruden,LV,m1_candidates,0.0
coach_season,2018,Jon Gruden,LV,m1_cases,0.0
coach_season,2018,Jon Gruden,LV,m1_timeouts_left,0.0
coach_season,2018,Jon Gruden,LV,m2_candidates,0.0
coach_season,2018,Jon Gruden,LV,m2_cases,0.0
coach_season,2018,Jon Gruden,LV,m2_ep_left,0.0
coach_season,2018,Jon Gruden,LV,m2_wp_left,0.0
coach_season,2018,Jon Gruden,LV,m3_cases,0.0
coach_season,2018,Jon Gruden,LV,m3_decisive_games,1.0
coach_season,2018,Jon Gruden,LV,m3_seconds_wasted,0.0
coach_season,2018,Kyle Shanahan,SF,games,16.0
coach_season,2018,Kyle Shanahan,SF,m1_candidates,1.0
coach_season,2018,Kyle Shanahan,SF,m1_cases,0.0
coach_season,2018,Kyle Shanahan,SF,m1_timeouts_left,0.0
coach_season,2018,Kyle Shanahan,SF,m2_candidates,0.0
coach_season,2018,Kyle Shanahan,SF,m2_cases,0.0
coach_season,2018,Kyle Shanahan,SF,m2_ep_left,0.0
coach_season,2018,Kyle Shanahan,SF,m2_wp_left,0.0
coach_season,2018,Kyle Shanahan,SF,m3_cases,0.0
coach_season,2018,Kyle Shanahan,SF,m3_decisive_games,1.0
coach_season,2018,Kyle Shanahan,SF,m3_seconds_wasted,0.0
coach_season,2018,Marvin Lewis,CIN,games,16.0
coach_season,2018,Marvin Lewis,CIN,m1_candidates,0.0
coach_season,2018,Marvin Lewis,CIN,m1_cases,0.0
coach_season,2018,Marvin Lewis,CIN,m1_timeouts_left,0.0
coach_season,2018,Marvin Lewis,CIN,m2_candidates,0.0
coach_season,2018,Marvin Lewis,CIN,m2_cases,0.0
coach_season,2018,Marvin Lewis,CIN,m2_ep_left,0.0
coach_season,2018,Marvin Lewis,CIN,m2_wp_left,0.0
coach_season,2018,Marvin Lewis,CIN,m3_cases,0.0
coach_season,2018,Marvin Lewis,CIN,m3_decisive_games,1.0
coach_season,2018,Marvin Lewis,CIN,m3_seconds_wasted,0.0
coach_season,2018,Matt Nagy,CHI,games,17.0
coach_season,2018,Matt Nagy,CHI,m1_candidates,1.0
coach_season,2018,Matt Nagy,CHI,m1_cases,0.0
coach_season,2018,Matt Nagy,CHI,m1_timeouts_left,0.0
coach_season,2018,Matt Nagy,CHI,m2_candidates,1.0
coach_season,2018,Matt Nagy,CHI,m2_cases,0.0
coach_season,2018,Matt Nagy,CHI,m2_ep_left,0.0
coach_season,2018,Matt Nagy,CHI,m2_wp_left,0.0
coach_season,2018,Matt Nagy,CHI,m3_cases,0.0
coach_season,2018,Matt Nagy,CHI,m3_decisive_games,1.0
coach_season,2018,Matt Nagy,CHI,m3_seconds_wasted,0.0
coach_season,2018,Matt Patricia,DET,games,16.0
coach_season,2018,Matt Patricia,DET,m1_candidates,1.0
coach_season,2018,Matt Patricia,DET,m1_cases,1.0
coach_season,2018,Matt Patricia,DET,m1_timeouts_left,1.0
coach_season,2018,Matt Patricia,DET,m2_candidates,0.0
coach_season,2018,Matt Patricia,DET,m2_cases,0.0
coach_season,2018,Matt Patricia,DET,m2_ep_left,0.0
coach_season,2018,Matt Patricia,DET,m2_wp_left,0.0
coach_season,2018,Matt Patricia,DET,m3_cases,0.0
coach_season,2018,Matt Patricia,DET,m3_decisive_games,1.0
coach_season,2018,Matt Patricia,DET,m3_seconds_wasted,0.0
coach_season,2018,Mike McCarthy,GB,games,12.0
coach_season,2018,Mike McCarthy,GB,m1_candidates,1.0
coach_season,2018,Mike McCarthy,GB,m1_cases,0.0
coach_season,2018,Mike McCarthy,GB,m1_timeouts_left,0.0
coach_season,2018,Mike McCarthy,GB,m2_candidates,0.0
coach_season,2018,Mike McCarthy,GB,m2_cases,0.0
coach_season,2018,Mike McCarthy,GB,m2_ep_left,0.0
coach_season,2018,Mike McCarthy,GB,m2_wp_left,0.0
coach_season,2018,Mike McCarthy,GB,m3_cases,0.0
coach_season,2018,Mike McCarthy,GB,m3_decisive_games,1.0
coach_season,2018,Mike McCarthy,GB,m3_seconds_wasted,0.0
coach_season,2018,Mike Tomlin,PIT,games,16.0
coach_season,2018,Mike Tomlin,PIT,m1_candidates,2.0
coach_season,2018,Mike Tomlin,PIT,m1_cases,1.0
coach_season,2018,Mike Tomlin,PIT,m1_timeouts_left,1.0
coach_season,2018,Mike Tomlin,PIT,m2_candidates,0.0
coach_season,2018,Mike Tomlin,PIT,m2_cases,0.0
coach_season,2018,Mike Tomlin,PIT,m2_ep_left,0.0
coach_season,2018,Mike Tomlin,PIT,m2_wp_left,0.0
coach_season,2018,Mike Tomlin,PIT,m3_cases,1.0
coach_season,2018,Mike Tomlin,PIT,m3_decisive_games,2.0
coach_season,2018,Mike Tomlin,PIT,m3_seconds_wasted,25.0
coach_season,2018,Mike Vrabel,TEN,games,16.0
coach_season,2018,Mike Vrabel,TEN,m1_candidates,0.0
coach_season,2018,Mike Vrabel,TEN,m1_cases,0.0
coach_season,2018,Mike Vrabel,TEN,m1_timeouts_left,0.0
coach_season,2018,Mike Vrabel,TEN,m2_candidates,1.0
coach_season,2018,Mike Vrabel,TEN,m2_cases,0.0
coach_season,2018,Mike Vrabel,TEN,m2_ep_left,0.0
coach_season,2018,Mike Vrabel,TEN,m2_wp_left,0.0
coach_season,2018,Mike Vrabel,TEN,m3_cases,0.0
coach_season,2018,Mike Vrabel,TEN,m3_decisive_games,0.0
coach_season,2018,Mike Vrabel,TEN,m3_seconds_wasted,0.0
coach_season,2018,Mike Zimmer,MIN,games,16.0
coach_season,2018,Mike Zimmer,MIN,m1_candidates,1.0
coach_season,2018,Mike Zimmer,MIN,m1_cases,1.0
coach_season,2018,Mike Zimmer,MIN,m1_timeouts_left,2.0
coach_season,2018,Mike Zimmer,MIN,m2_candidates,0.0
coach_season,2018,Mike Zimmer,MIN,m2_cases,0.0
coach_season,2018,Mike Zimmer,MIN,m2_ep_left,0.0
coach_season,2018,Mike Zimmer,MIN,m2_wp_left,0.0
coach_season,2018,Mike Zimmer,MIN,m3_cases,0.0
coach_season,2018,Mike Zimmer,MIN,m3_decisive_games,0.0
coach_season,2018,Mike Zimmer,MIN,m3_seconds_wasted,0.0
coach_season,2018,Pat Shurmur,NYG,games,16.0
coach_season,2018,Pat Shurmur,NYG,m1_candidates,1.0
coach_season,2018,Pat Shurmur,NYG,m1_cases,1.0
coach_season,2018,Pat Shurmur,NYG,m1_timeouts_left,2.0
coach_season,2018,Pat Shurmur,NYG,m2_candidates,0.0
coach_season,2018,Pat Shurmur,NYG,m2_cases,0.0
coach_season,2018,Pat Shurmur,NYG,m2_ep_left,0.0
coach_season,2018,Pat Shurmur,NYG,m2_wp_left,0.0
coach_season,2018,Pat Shurmur,NYG,m3_cases,0.0
coach_season,2018,Pat Shurmur,NYG,m3_decisive_games,1.0
coach_season,2018,Pat Shurmur,NYG,m3_seconds_wasted,0.0
coach_season,2018,Pete Carroll,SEA,games,17.0
coach_season,2018,Pete Carroll,SEA,m1_candidates,0.0
coach_season,2018,Pete Carroll,SEA,m1_cases,0.0
coach_season,2018,Pete Carroll,SEA,m1_timeouts_left,0.0
coach_season,2018,Pete Carroll,SEA,m2_candidates,1.0
coach_season,2018,Pete Carroll,SEA,m2_cases,0.0
coach_season,2018,Pete Carroll,SEA,m2_ep_left,0.0
coach_season,2018,Pete Carroll,SEA,m2_wp_left,0.0
coach_season,2018,Pete Carroll,SEA,m3_cases,0.0
coach_season,2018,Pete Carroll,SEA,m3_decisive_games,2.0
coach_season,2018,Pete Carroll,SEA,m3_seconds_wasted,0.0
coach_season,2018,Ron Rivera,CAR,games,16.0
coach_season,2018,Ron Rivera,CAR,m1_candidates,0.0
coach_season,2018,Ron Rivera,CAR,m1_cases,0.0
coach_season,2018,Ron Rivera,CAR,m1_timeouts_left,0.0
coach_season,2018,Ron Rivera,CAR,m2_candidates,1.0
coach_season,2018,Ron Rivera,CAR,m2_cases,0.0
coach_season,2018,Ron Rivera,CAR,m2_ep_left,0.0
coach_season,2018,Ron Rivera,CAR,m2_wp_left,0.0
coach_season,2018,Ron Rivera,CAR,m3_cases,0.0
coach_season,2018,Ron Rivera,CAR,m3_decisive_games,1.0
coach_season,2018,Ron Rivera,CAR,m3_seconds_wasted,0.0
coach_season,2018,Sean McDermott,BUF,games,16.0
coach_season,2018,Sean McDermott,BUF,m1_candidates,0.0
coach_season,2018,Sean McDermott,BUF,m1_cases,0.0
coach_season,2018,Sean McDermott,BUF,m1_timeouts_left,0.0
coach_season,2018,Sean McDermott,BUF,m2_candidates,0.0
coach_season,2018,Sean McDermott,BUF,m2_cases,0.0
coach_season,2018,Sean McDermott,BUF,m2_ep_left,0.0
coach_season,2018,Sean McDermott,BUF,m2_wp_left,0.0
coach_season,2018,Sean McDermott,BUF,m3_cases,0.0
coach_season,2018,Sean McDermott,BUF,m3_decisive_games,0.0
coach_season,2018,Sean McDermott,BUF,m3_seconds_wasted,0.0
coach_season,2018,Sean McVay,LA,games,19.0
coach_season,2018,Sean McVay,LA,m1_candidates,0.0
coach_season,2018,Sean McVay,LA,m1_cases,0.0
coach_season,2018,Sean McVay,LA,m1_timeouts_left,0.0
coach_season,2018,Sean McVay,LA,m2_candidates,0.0
coach_season,2018,Sean McVay,LA,m2_cases,0.0
coach_season,2018,Sean McVay,LA,m2_ep_left,0.0
coach_season,2018,Sean McVay,LA,m2_wp_left,0.0
coach_season,2018,Sean McVay,LA,m3_cases,0.0
coach_season,2018,Sean McVay,LA,m3_decisive_games,0.0
coach_season,2018,Sean McVay,LA,m3_seconds_wasted,0.0
coach_season,2018,Sean Payton,NO,games,18.0
coach_season,2018,Sean Payton,NO,m1_candidates,0.0
coach_season,2018,Sean Payton,NO,m1_cases,0.0
coach_season,2018,Sean Payton,NO,m1_timeouts_left,0.0
coach_season,2018,Sean Payton,NO,m2_candidates,0.0
coach_season,2018,Sean Payton,NO,m2_cases,0.0
coach_season,2018,Sean Payton,NO,m2_ep_left,0.0
coach_season,2018,Sean Payton,NO,m2_wp_left,0.0
coach_season,2018,Sean Payton,NO,m3_cases,0.0
coach_season,2018,Sean Payton,NO,m3_decisive_games,0.0
coach_season,2018,Sean Payton,NO,m3_seconds_wasted,0.0
coach_season,2018,Steve Wilks,ARI,games,16.0
coach_season,2018,Steve Wilks,ARI,m1_candidates,0.0
coach_season,2018,Steve Wilks,ARI,m1_cases,0.0
coach_season,2018,Steve Wilks,ARI,m1_timeouts_left,0.0
coach_season,2018,Steve Wilks,ARI,m2_candidates,0.0
coach_season,2018,Steve Wilks,ARI,m2_cases,0.0
coach_season,2018,Steve Wilks,ARI,m2_ep_left,0.0
coach_season,2018,Steve Wilks,ARI,m2_wp_left,0.0
coach_season,2018,Steve Wilks,ARI,m3_cases,0.0
coach_season,2018,Steve Wilks,ARI,m3_decisive_games,1.0
coach_season,2018,Steve Wilks,ARI,m3_seconds_wasted,0.0
coach_season,2018,Todd Bowles,NYJ,games,16.0
coach_season,2018,Todd Bowles,NYJ,m1_candidates,0.0
coach_season,2018,Todd Bowles,NYJ,m1_cases,0.0
coach_season,2018,Todd Bowles,NYJ,m1_timeouts_left,0.0
coach_season,2018,Todd Bowles,NYJ,m2_candidates,1.0
coach_season,2018,Todd Bowles,NYJ,m2_cases,0.0
coach_season,2018,Todd Bowles,NYJ,m2_ep_left,0.0
coach_season,2018,Todd Bowles,NYJ,m2_wp_left,0.0
coach_season,2018,Todd Bowles,NYJ,m3_cases,0.0
coach_season,2018,Todd Bowles,NYJ,m3_decisive_games,2.0
coach_season,2018,Todd Bowles,NYJ,m3_seconds_wasted,0.0
coach_season,2018,Vance Joseph,DEN,games,16.0
coach_season,2018,Vance Joseph,DEN,m1_candidates,0.0
coach_season,2018,Vance Joseph,DEN,m1_cases,0.0
coach_season,2018,Vance Joseph,DEN,m1_timeouts_left,0.0
coach_season,2018,Vance Joseph,DEN,m2_candidates,0.0
coach_season,2018,Vance Joseph,DEN,m2_cases,0.0
coach_season,2018,Vance Joseph,DEN,m2_ep_left,0.0
coach_season,2018,Vance Joseph,DEN,m2_wp_left,0.0
coach_season,2018,Vance Joseph,DEN,m3_cases,0.0
coach_season,2018,Vance Joseph,DEN,m3_decisive_games,1.0
coach_season,2018,Vance Joseph,DEN,m3_seconds_wasted,0.0
coach_season,2019,Adam Gase,NYJ,games,16.0
coach_season,2019,Adam Gase,NYJ,m1_candidates,1.0
coach_season,2019,Adam Gase,NYJ,m1_cases,1.0
coach_season,2019,Adam Gase,NYJ,m1_timeouts_left,2.0
coach_season,2019,Adam Gase,NYJ,m2_candidates,0.0
coach_season,2019,Adam Gase,NYJ,m2_cases,0.0
coach_season,2019,Adam Gase,NYJ,m2_ep_left,0.0
coach_season,2019,Adam Gase,NYJ,m2_wp_left,0.0
coach_season,2019,Adam Gase,NYJ,m3_cases,0.0
coach_season,2019,Adam Gase,NYJ,m3_decisive_games,2.0
coach_season,2019,Adam Gase,NYJ,m3_seconds_wasted,0.0
coach_season,2019,Andy Reid,KC,games,19.0
coach_season,2019,Andy Reid,KC,m1_candidates,0.0
coach_season,2019,Andy Reid,KC,m1_cases,0.0
coach_season,2019,Andy Reid,KC,m1_timeouts_left,0.0
coach_season,2019,Andy Reid,KC,m2_candidates,0.0
coach_season,2019,Andy Reid,KC,m2_cases,0.0
coach_season,2019,Andy Reid,KC,m2_ep_left,0.0
coach_season,2019,Andy Reid,KC,m2_wp_left,0.0
coach_season,2019,Andy Reid,KC,m3_cases,0.0
coach_season,2019,Andy Reid,KC,m3_decisive_games,0.0
coach_season,2019,Andy Reid,KC,m3_seconds_wasted,0.0
coach_season,2019,Anthony Lynn,LAC,games,16.0
coach_season,2019,Anthony Lynn,LAC,m1_candidates,2.0
coach_season,2019,Anthony Lynn,LAC,m1_cases,1.0
coach_season,2019,Anthony Lynn,LAC,m1_timeouts_left,1.0
coach_season,2019,Anthony Lynn,LAC,m2_candidates,0.0
coach_season,2019,Anthony Lynn,LAC,m2_cases,0.0
coach_season,2019,Anthony Lynn,LAC,m2_ep_left,0.0
coach_season,2019,Anthony Lynn,LAC,m2_wp_left,0.0
coach_season,2019,Anthony Lynn,LAC,m3_cases,0.0
coach_season,2019,Anthony Lynn,LAC,m3_decisive_games,3.0
coach_season,2019,Anthony Lynn,LAC,m3_seconds_wasted,0.0
coach_season,2019,Bill Belichick,NE,games,17.0
coach_season,2019,Bill Belichick,NE,m1_candidates,0.0
coach_season,2019,Bill Belichick,NE,m1_cases,0.0
coach_season,2019,Bill Belichick,NE,m1_timeouts_left,0.0
coach_season,2019,Bill Belichick,NE,m2_candidates,1.0
coach_season,2019,Bill Belichick,NE,m2_cases,0.0
coach_season,2019,Bill Belichick,NE,m2_ep_left,0.0
coach_season,2019,Bill Belichick,NE,m2_wp_left,0.0
coach_season,2019,Bill Belichick,NE,m3_cases,0.0
coach_season,2019,Bill Belichick,NE,m3_decisive_games,1.0
coach_season,2019,Bill Belichick,NE,m3_seconds_wasted,0.0
coach_season,2019,Bill Callahan,WAS,games,11.0
coach_season,2019,Bill Callahan,WAS,m1_candidates,0.0
coach_season,2019,Bill Callahan,WAS,m1_cases,0.0
coach_season,2019,Bill Callahan,WAS,m1_timeouts_left,0.0
coach_season,2019,Bill Callahan,WAS,m2_candidates,0.0
coach_season,2019,Bill Callahan,WAS,m2_cases,0.0
coach_season,2019,Bill Callahan,WAS,m2_ep_left,0.0
coach_season,2019,Bill Callahan,WAS,m2_wp_left,0.0
coach_season,2019,Bill Callahan,WAS,m3_cases,0.0
coach_season,2019,Bill Callahan,WAS,m3_decisive_games,0.0
coach_season,2019,Bill Callahan,WAS,m3_seconds_wasted,0.0
coach_season,2019,Bill O'Brien,HOU,games,18.0
coach_season,2019,Bill O'Brien,HOU,m1_candidates,0.0
coach_season,2019,Bill O'Brien,HOU,m1_cases,0.0
coach_season,2019,Bill O'Brien,HOU,m1_timeouts_left,0.0
coach_season,2019,Bill O'Brien,HOU,m2_candidates,0.0
coach_season,2019,Bill O'Brien,HOU,m2_cases,0.0
coach_season,2019,Bill O'Brien,HOU,m2_ep_left,0.0
coach_season,2019,Bill O'Brien,HOU,m2_wp_left,0.0
coach_season,2019,Bill O'Brien,HOU,m3_cases,0.0
coach_season,2019,Bill O'Brien,HOU,m3_decisive_games,1.0
coach_season,2019,Bill O'Brien,HOU,m3_seconds_wasted,0.0
coach_season,2019,Brian Flores,MIA,games,16.0
coach_season,2019,Brian Flores,MIA,m1_candidates,0.0
coach_season,2019,Brian Flores,MIA,m1_cases,0.0
coach_season,2019,Brian Flores,MIA,m1_timeouts_left,0.0
coach_season,2019,Brian Flores,MIA,m2_candidates,0.0
coach_season,2019,Brian Flores,MIA,m2_cases,0.0
coach_season,2019,Brian Flores,MIA,m2_ep_left,0.0
coach_season,2019,Brian Flores,MIA,m2_wp_left,0.0
coach_season,2019,Brian Flores,MIA,m3_cases,0.0
coach_season,2019,Brian Flores,MIA,m3_decisive_games,0.0
coach_season,2019,Brian Flores,MIA,m3_seconds_wasted,0.0
coach_season,2019,Bruce Arians,TB,games,16.0
coach_season,2019,Bruce Arians,TB,m1_candidates,0.0
coach_season,2019,Bruce Arians,TB,m1_cases,0.0
coach_season,2019,Bruce Arians,TB,m1_timeouts_left,0.0
coach_season,2019,Bruce Arians,TB,m2_candidates,0.0
coach_season,2019,Bruce Arians,TB,m2_cases,0.0
coach_season,2019,Bruce Arians,TB,m2_ep_left,0.0
coach_season,2019,Bruce Arians,TB,m2_wp_left,0.0
coach_season,2019,Bruce Arians,TB,m3_cases,0.0
coach_season,2019,Bruce Arians,TB,m3_decisive_games,2.0
coach_season,2019,Bruce Arians,TB,m3_seconds_wasted,0.0
coach_season,2019,Dan Quinn,ATL,games,16.0
coach_season,2019,Dan Quinn,ATL,m1_candidates,1.0
coach_season,2019,Dan Quinn,ATL,m1_cases,0.0
coach_season,2019,Dan Quinn,ATL,m1_timeouts_left,0.0
coach_season,2019,Dan Quinn,ATL,m2_candidates,0.0
coach_season,2019,Dan Quinn,ATL,m2_cases,0.0
coach_season,2019,Dan Quinn,ATL,m2_ep_left,0.0
coach_season,2019,Dan Quinn,ATL,m2_wp_left,0.0
coach_season,2019,Dan Quinn,ATL,m3_cases,0.0
coach_season,2019,Dan Quinn,ATL,m3_decisive_games,1.0
coach_season,2019,Dan Quinn,ATL,m3_seconds_wasted,0.0
coach_season,2019,Doug Marrone,JAX,games,16.0
coach_season,2019,Doug Marrone,JAX,m1_candidates,0.0
coach_season,2019,Doug Marrone,JAX,m1_cases,0.0
coach_season,2019,Doug Marrone,JAX,m1_timeouts_left,0.0
coach_season,2019,Doug Marrone,JAX,m2_candidates,0.0
coach_season,2019,Doug Marrone,JAX,m2_cases,0.0
coach_season,2019,Doug Marrone,JAX,m2_ep_left,0.0
coach_season,2019,Doug Marrone,JAX,m2_wp_left,0.0
coach_season,2019,Doug Marrone,JAX,m3_cases,0.0
coach_season,2019,Doug Marrone,JAX,m3_decisive_games,0.0
coach_season,2019,Doug Marrone,JAX,m3_seconds_wasted,0.0
coach_season,2019,Doug Pederson,PHI,games,17.0
coach_season,2019,Doug Pederson,PHI,m1_candidates,1.0
coach_season,2019,Doug Pederson,PHI,m1_cases,0.0
coach_season,2019,Doug Pederson,PHI,m1_timeouts_left,0.0
coach_season,2019,Doug Pederson,PHI,m2_candidates,1.0
coach_season,2019,Doug Pederson,PHI,m2_cases,0.0
coach_season,2019,Doug Pederson,PHI,m2_ep_left,0.0
coach_season,2019,Doug Pederson,PHI,m2_wp_left,0.0
coach_season,2019,Doug Pederson,PHI,m3_cases,0.0
coach_season,2019,Doug Pederson,PHI,m3_decisive_games,3.0
coach_season,2019,Doug Pederson,PHI,m3_seconds_wasted,0.0
coach_season,2019,Frank Reich,IND,games,16.0
coach_season,2019,Frank Reich,IND,m1_candidates,3.0
coach_season,2019,Frank Reich,IND,m1_cases,1.0
coach_season,2019,Frank Reich,IND,m1_timeouts_left,2.0
coach_season,2019,Frank Reich,IND,m2_candidates,0.0
coach_season,2019,Frank Reich,IND,m2_cases,0.0
coach_season,2019,Frank Reich,IND,m2_ep_left,0.0
coach_season,2019,Frank Reich,IND,m2_wp_left,0.0
coach_season,2019,Frank Reich,IND,m3_cases,0.0
coach_season,2019,Frank Reich,IND,m3_decisive_games,3.0
coach_season,2019,Frank Reich,IND,m3_seconds_wasted,0.0
coach_season,2019,Freddie Kitchens,CLE,games,16.0
coach_season,2019,Freddie Kitchens,CLE,m1_candidates,0.0
coach_season,2019,Freddie Kitchens,CLE,m1_cases,0.0
coach_season,2019,Freddie Kitchens,CLE,m1_timeouts_left,0.0
coach_season,2019,Freddie Kitchens,CLE,m2_candidates,0.0
coach_season,2019,Freddie Kitchens,CLE,m2_cases,0.0
coach_season,2019,Freddie Kitchens,CLE,m2_ep_left,0.0
coach_season,2019,Freddie Kitchens,CLE,m2_wp_left,0.0
coach_season,2019,Freddie Kitchens,CLE,m3_cases,0.0
coach_season,2019,Freddie Kitchens,CLE,m3_decisive_games,0.0
coach_season,2019,Freddie Kitchens,CLE,m3_seconds_wasted,0.0
coach_season,2019,Jason Garrett,DAL,games,16.0
coach_season,2019,Jason Garrett,DAL,m1_candidates,1.0
coach_season,2019,Jason Garrett,DAL,m1_cases,0.0
coach_season,2019,Jason Garrett,DAL,m1_timeouts_left,0.0
coach_season,2019,Jason Garrett,DAL,m2_candidates,0.0
coach_season,2019,Jason Garrett,DAL,m2_cases,0.0
coach_season,2019,Jason Garrett,DAL,m2_ep_left,0.0
coach_season,2019,Jason Garrett,DAL,m2_wp_left,0.0
coach_season,2019,Jason Garrett,DAL,m3_cases,0.0
coach_season,2019,Jason Garrett,DAL,m3_decisive_games,4.0
coach_season,2019,Jason Garrett,DAL,m3_seconds_wasted,0.0
coach_season,2019,Jay Gruden,WAS,games,5.0
coach_season,2019,Jay Gruden,WAS,m1_candidates,0.0
coach_season,2019,Jay Gruden,WAS,m1_cases,0.0
coach_season,2019,Jay Gruden,WAS,m1_timeouts_left,0.0
coach_season,2019,Jay Gruden,WAS,m2_candidates,0.0
coach_season,2019,Jay Gruden,WAS,m2_cases,0.0
coach_season,2019,Jay Gruden,WAS,m2_ep_left,0.0
coach_season,2019,Jay Gruden,WAS,m2_wp_left,0.0
coach_season,2019,Jay Gruden,WAS,m3_cases,0.0
coach_season,2019,Jay Gruden,WAS,m3_decisive_games,0.0
coach_season,2019,Jay Gruden,WAS,m3_seconds_wasted,0.0
coach_season,2019,John Harbaugh,BAL,games,17.0
coach_season,2019,John Harbaugh,BAL,m1_candidates,0.0
coach_season,2019,John Harbaugh,BAL,m1_cases,0.0
coach_season,2019,John Harbaugh,BAL,m1_timeouts_left,0.0
coach_season,2019,John Harbaugh,BAL,m2_candidates,0.0
coach_season,2019,John Harbaugh,BAL,m2_cases,0.0
coach_season,2019,John Harbaugh,BAL,m2_ep_left,0.0
coach_season,2019,John Harbaugh,BAL,m2_wp_left,0.0
coach_season,2019,John Harbaugh,BAL,m3_cases,0.0
coach_season,2019,John Harbaugh,BAL,m3_decisive_games,0.0
coach_season,2019,John Harbaugh,BAL,m3_seconds_wasted,0.0
coach_season,2019,Jon Gruden,LV,games,16.0
coach_season,2019,Jon Gruden,LV,m1_candidates,0.0
coach_season,2019,Jon Gruden,LV,m1_cases,0.0
coach_season,2019,Jon Gruden,LV,m1_timeouts_left,0.0
coach_season,2019,Jon Gruden,LV,m2_candidates,0.0
coach_season,2019,Jon Gruden,LV,m2_cases,0.0
coach_season,2019,Jon Gruden,LV,m2_ep_left,0.0
coach_season,2019,Jon Gruden,LV,m2_wp_left,0.0
coach_season,2019,Jon Gruden,LV,m3_cases,0.0
coach_season,2019,Jon Gruden,LV,m3_decisive_games,0.0
coach_season,2019,Jon Gruden,LV,m3_seconds_wasted,0.0
coach_season,2019,Kliff Kingsbury,ARI,games,16.0
coach_season,2019,Kliff Kingsbury,ARI,m1_candidates,0.0
coach_season,2019,Kliff Kingsbury,ARI,m1_cases,0.0
coach_season,2019,Kliff Kingsbury,ARI,m1_timeouts_left,0.0
coach_season,2019,Kliff Kingsbury,ARI,m2_candidates,1.0
coach_season,2019,Kliff Kingsbury,ARI,m2_cases,0.0
coach_season,2019,Kliff Kingsbury,ARI,m2_ep_left,0.0
coach_season,2019,Kliff Kingsbury,ARI,m2_wp_left,0.0
coach_season,2019,Kliff Kingsbury,ARI,m3_cases,0.0
coach_season,2019,Kliff Kingsbury,ARI,m3_decisive_games,2.0
coach_season,2019,Kliff Kingsbury,ARI,m3_seconds_wasted,0.0
coach_season,2019,Kyle Shanahan,SF,games,19.0
coach_season,2019,Kyle Shanahan,SF,m1_candidates,0.0
coach_season,2019,Kyle Shanahan,SF,m1_cases,0.0
coach_season,2019,Kyle Shanahan,SF,m1_timeouts_left,0.0
coach_season,2019,Kyle Shanahan,SF,m2_candidates,1.0
coach_season,2019,Kyle Shanahan,SF,m2_cases,0.0
coach_season,2019,Kyle Shanahan,SF,m2_ep_left,0.0
coach_season,2019,Kyle Shanahan,SF,m2_wp_left,0.0
coach_season,2019,Kyle Shanahan,SF,m3_cases,0.0
coach_season,2019,Kyle Shanahan,SF,m3_decisive_games,1.0
coach_season,2019,Kyle Shanahan,SF,m3_seconds_wasted,0.0
coach_season,2019,Matt LaFleur,GB,games,18.0
coach_season,2019,Matt LaFleur,GB,m1_candidates,0.0
coach_season,2019,Matt LaFleur,GB,m1_cases,0.0
coach_season,2019,Matt LaFleur,GB,m1_timeouts_left,0.0
coach_season,2019,Matt LaFleur,GB,m2_candidates,1.0
coach_season,2019,Matt LaFleur,GB,m2_cases,0.0
coach_season,2019,Matt LaFleur,GB,m2_ep_left,0.0
coach_season,2019,Matt LaFleur,GB,m2_wp_left,0.0
coach_season,2019,Matt LaFleur,GB,m3_cases,0.0
coach_season,2019,Matt LaFleur,GB,m3_decisive_games,0.0
coach_season,2019,Matt LaFleur,GB,m3_seconds_wasted,0.0
coach_season,2019,Matt Nagy,CHI,games,16.0
coach_season,2019,Matt Nagy,CHI,m1_candidates,0.0
coach_season,2019,Matt Nagy,CHI,m1_cases,0.0
coach_season,2019,Matt Nagy,CHI,m1_timeouts_left,0.0
coach_season,2019,Matt Nagy,CHI,m2_candidates,0.0
coach_season,2019,Matt Nagy,CHI,m2_cases,0.0
coach_season,2019,Matt Nagy,CHI,m2_ep_left,0.0
coach_season,2019,Matt Nagy,CHI,m2_wp_left,0.0
coach_season,2019,Matt Nagy,CHI,m3_cases,0.0
coach_season,2019,Matt Nagy,CHI,m3_decisive_games,3.0
coach_season,2019,Matt Nagy,CHI,m3_seconds_wasted,0.0
coach_season,2019,Matt Patricia,DET,games,16.0
coach_season,2019,Matt Patricia,DET,m1_candidates,1.0
coach_season,2019,Matt Patricia,DET,m1_cases,0.0
coach_season,2019,Matt Patricia,DET,m1_timeouts_left,0.0
coach_season,2019,Matt Patricia,DET,m2_candidates,0.0
coach_season,2019,Matt Patricia,DET,m2_cases,0.0
coach_season,2019,Matt Patricia,DET,m2_ep_left,0.0
coach_season,2019,Matt Patricia,DET,m2_wp_left,0.0
coach_season,2019,Matt Patricia,DET,m3_cases,0.0
coach_season,2019,Matt Patricia,DET,m3_decisive_games,1.0
coach_season,2019,Matt Patricia,DET,m3_seconds_wasted,0.0
coach_season,2019,Mike Tomlin,PIT,games,16.0
coach_season,2019,Mike Tomlin,PIT,m1_candidates,0.0
coach_season,2019,Mike Tomlin,PIT,m1_cases,0.0
coach_season,2019,Mike Tomlin,PIT,m1_timeouts_left,0.0
coach_season,2019,Mike Tomlin,PIT,m2_candidates,0.0
coach_season,2019,Mike Tomlin,PIT,m2_cases,0.0
coach_season,2019,Mike Tomlin,PIT,m2_ep_left,0.0
coach_season,2019,Mike Tomlin,PIT,m2_wp_left,0.0
coach_season,2019,Mike Tomlin,PIT,m3_cases,0.0
coach_season,2019,Mike Tomlin,PIT,m3_decisive_games,2.0
coach_season,2019,Mike Tomlin,PIT,m3_seconds_wasted,0.0
coach_season,2019,Mike Vrabel,TEN,games,19.0
coach_season,2019,Mike Vrabel,TEN,m1_candidates,0.0
coach_season,2019,Mike Vrabel,TEN,m1_cases,0.0
coach_season,2019,Mike Vrabel,TEN,m1_timeouts_left,0.0
coach_season,2019,Mike Vrabel,TEN,m2_candidates,0.0
coach_season,2019,Mike Vrabel,TEN,m2_cases,0.0
coach_season,2019,Mike Vrabel,TEN,m2_ep_left,0.0
coach_season,2019,Mike Vrabel,TEN,m2_wp_left,0.0
coach_season,2019,Mike Vrabel,TEN,m3_cases,0.0
coach_season,2019,Mike Vrabel,TEN,m3_decisive_games,2.0
coach_season,2019,Mike Vrabel,TEN,m3_seconds_wasted,0.0
coach_season,2019,Mike Zimmer,MIN,games,18.0
coach_season,2019,Mike Zimmer,MIN,m1_candidates,0.0
coach_season,2019,Mike Zimmer,MIN,m1_cases,0.0
coach_season,2019,Mike Zimmer,MIN,m1_timeouts_left,0.0
coach_season,2019,Mike Zimmer,MIN,m2_candidates,0.0
coach_season,2019,Mike Zimmer,MIN,m2_cases,0.0
coach_season,2019,Mike Zimmer,MIN,m2_ep_left,0.0
coach_season,2019,Mike Zimmer,MIN,m2_wp_left,0.0
coach_season,2019,Mike Zimmer,MIN,m3_cases,0.0
coach_season,2019,Mike Zimmer,MIN,m3_decisive_games,2.0
coach_season,2019,Mike Zimmer,MIN,m3_seconds_wasted,0.0
coach_season,2019,Pat Shurmur,NYG,games,16.0
coach_season,2019,Pat Shurmur,NYG,m1_candidates,0.0
coach_season,2019,Pat Shurmur,NYG,m1_cases,0.0
coach_season,2019,Pat Shurmur,NYG,m1_timeouts_left,0.0
coach_season,2019,Pat Shurmur,NYG,m2_candidates,0.0
coach_season,2019,Pat Shurmur,NYG,m2_cases,0.0
coach_season,2019,Pat Shurmur,NYG,m2_ep_left,0.0
coach_season,2019,Pat Shurmur,NYG,m2_wp_left,0.0
coach_season,2019,Pat Shurmur,NYG,m3_cases,0.0
coach_season,2019,Pat Shurmur,NYG,m3_decisive_games,0.0
coach_season,2019,Pat Shurmur,NYG,m3_seconds_wasted,0.0
coach_season,2019,Pete Carroll,SEA,games,18.0
coach_season,2019,Pete Carroll,SEA,m1_candidates,0.0
coach_season,2019,Pete Carroll,SEA,m1_cases,0.0
coach_season,2019,Pete Carroll,SEA,m1_timeouts_left,0.0
coach_season,2019,Pete Carroll,SEA,m2_candidates,0.0
coach_season,2019,Pete Carroll,SEA,m2_cases,0.0
coach_season,2019,Pete Carroll,SEA,m2_ep_left,0.0
coach_season,2019,Pete Carroll,SEA,m2_wp_left,0.0
coach_season,2019,Pete Carroll,SEA,m3_cases,0.0
coach_season,2019,Pete Carroll,SEA,m3_decisive_games,0.0
coach_season,2019,Pete Carroll,SEA,m3_seconds_wasted,0.0
coach_season,2019,Ron Rivera,CAR,games,16.0
coach_season,2019,Ron Rivera,CAR,m1_candidates,1.0
coach_season,2019,Ron Rivera,CAR,m1_cases,0.0
coach_season,2019,Ron Rivera,CAR,m1_timeouts_left,0.0
coach_season,2019,Ron Rivera,CAR,m2_candidates,0.0
coach_season,2019,Ron Rivera,CAR,m2_cases,0.0
coach_season,2019,Ron Rivera,CAR,m2_ep_left,0.0
coach_season,2019,Ron Rivera,CAR,m2_wp_left,0.0
coach_season,2019,Ron Rivera,CAR,m3_cases,0.0
coach_season,2019,Ron Rivera,CAR,m3_decisive_games,1.0
coach_season,2019,Ron Rivera,CAR,m3_seconds_wasted,0.0
coach_season,2019,Sean McDermott,BUF,games,17.0
coach_season,2019,Sean McDermott,BUF,m1_candidates,0.0
coach_season,2019,Sean McDermott,BUF,m1_cases,0.0
coach_season,2019,Sean McDermott,BUF,m1_timeouts_left,0.0
coach_season,2019,Sean McDermott,BUF,m2_candidates,1.0
coach_season,2019,Sean McDermott,BUF,m2_cases,0.0
coach_season,2019,Sean McDermott,BUF,m2_ep_left,0.0
coach_season,2019,Sean McDermott,BUF,m2_wp_left,0.0
coach_season,2019,Sean McDermott,BUF,m3_cases,0.0
coach_season,2019,Sean McDermott,BUF,m3_decisive_games,1.0
coach_season,2019,Sean McDermott,BUF,m3_seconds_wasted,0.0
coach_season,2019,Sean McVay,LA,games,16.0
coach_season,2019,Sean McVay,LA,m1_candidates,0.0
coach_season,2019,Sean McVay,LA,m1_cases,0.0
coach_season,2019,Sean McVay,LA,m1_timeouts_left,0.0
coach_season,2019,Sean McVay,LA,m2_candidates,0.0
coach_season,2019,Sean McVay,LA,m2_cases,0.0
coach_season,2019,Sean McVay,LA,m2_ep_left,0.0
coach_season,2019,Sean McVay,LA,m2_wp_left,0.0
coach_season,2019,Sean McVay,LA,m3_cases,0.0
coach_season,2019,Sean McVay,LA,m3_decisive_games,1.0
coach_season,2019,Sean McVay,LA,m3_seconds_wasted,0.0
coach_season,2019,Sean Payton,NO,games,17.0
coach_season,2019,Sean Payton,NO,m1_candidates,0.0
coach_season,2019,Sean Payton,NO,m1_cases,0.0
coach_season,2019,Sean Payton,NO,m1_timeouts_left,0.0
coach_season,2019,Sean Payton,NO,m2_candidates,0.0
coach_season,2019,Sean Payton,NO,m2_cases,0.0
coach_season,2019,Sean Payton,NO,m2_ep_left,0.0
coach_season,2019,Sean Payton,NO,m2_wp_left,0.0
coach_season,2019,Sean Payton,NO,m3_cases,0.0
coach_season,2019,Sean Payton,NO,m3_decisive_games,0.0
coach_season,2019,Sean Payton,NO,m3_seconds_wasted,0.0
coach_season,2019,Vic Fangio,DEN,games,16.0
coach_season,2019,Vic Fangio,DEN,m1_candidates,0.0
coach_season,2019,Vic Fangio,DEN,m1_cases,0.0
coach_season,2019,Vic Fangio,DEN,m1_timeouts_left,0.0
coach_season,2019,Vic Fangio,DEN,m2_candidates,0.0
coach_season,2019,Vic Fangio,DEN,m2_cases,0.0
coach_season,2019,Vic Fangio,DEN,m2_ep_left,0.0
coach_season,2019,Vic Fangio,DEN,m2_wp_left,0.0
coach_season,2019,Vic Fangio,DEN,m3_cases,0.0
coach_season,2019,Vic Fangio,DEN,m3_decisive_games,0.0
coach_season,2019,Vic Fangio,DEN,m3_seconds_wasted,0.0
coach_season,2019,Zac Taylor,CIN,games,16.0
coach_season,2019,Zac Taylor,CIN,m1_candidates,0.0
coach_season,2019,Zac Taylor,CIN,m1_cases,0.0
coach_season,2019,Zac Taylor,CIN,m1_timeouts_left,0.0
coach_season,2019,Zac Taylor,CIN,m2_candidates,1.0
coach_season,2019,Zac Taylor,CIN,m2_cases,0.0
coach_season,2019,Zac Taylor,CIN,m2_ep_left,0.0
coach_season,2019,Zac Taylor,CIN,m2_wp_left,0.0
coach_season,2019,Zac Taylor,CIN,m3_cases,0.0
coach_season,2019,Zac Taylor,CIN,m3_decisive_games,0.0
coach_season,2019,Zac Taylor,CIN,m3_seconds_wasted,0.0
coach_season,2020,Adam Gase,NYJ,games,16.0
coach_season,2020,Adam Gase,NYJ,m1_candidates,1.0
coach_season,2020,Adam Gase,NYJ,m1_cases,0.0
coach_season,2020,Adam Gase,NYJ,m1_timeouts_left,0.0
coach_season,2020,Adam Gase,NYJ,m2_candidates,0.0
coach_season,2020,Adam Gase,NYJ,m2_cases,0.0
coach_season,2020,Adam Gase,NYJ,m2_ep_left,0.0
coach_season,2020,Adam Gase,NYJ,m2_wp_left,0.0
coach_season,2020,Adam Gase,NYJ,m3_cases,0.0
coach_season,2020,Adam Gase,NYJ,m3_decisive_games,1.0
coach_season,2020,Adam Gase,NYJ,m3_seconds_wasted,0.0
coach_season,2020,Andy Reid,KC,games,19.0
coach_season,2020,Andy Reid,KC,m1_candidates,0.0
coach_season,2020,Andy Reid,KC,m1_cases,0.0
coach_season,2020,Andy Reid,KC,m1_timeouts_left,0.0
coach_season,2020,Andy Reid,KC,m2_candidates,0.0
coach_season,2020,Andy Reid,KC,m2_cases,0.0
coach_season,2020,Andy Reid,KC,m2_ep_left,0.0
coach_season,2020,Andy Reid,KC,m2_wp_left,0.0
coach_season,2020,Andy Reid,KC,m3_cases,0.0
coach_season,2020,Andy Reid,KC,m3_decisive_games,0.0
coach_season,2020,Andy Reid,KC,m3_seconds_wasted,0.0
coach_season,2020,Anthony Lynn,LAC,games,16.0
coach_season,2020,Anthony Lynn,LAC,m1_candidates,0.0
coach_season,2020,Anthony Lynn,LAC,m1_cases,0.0
coach_season,2020,Anthony Lynn,LAC,m1_timeouts_left,0.0
coach_season,2020,Anthony Lynn,LAC,m2_candidates,0.0
coach_season,2020,Anthony Lynn,LAC,m2_cases,0.0
coach_season,2020,Anthony Lynn,LAC,m2_ep_left,0.0
coach_season,2020,Anthony Lynn,LAC,m2_wp_left,0.0
coach_season,2020,Anthony Lynn,LAC,m3_cases,0.0
coach_season,2020,Anthony Lynn,LAC,m3_decisive_games,0.0
coach_season,2020,Anthony Lynn,LAC,m3_seconds_wasted,0.0
coach_season,2020,Bill Belichick,NE,games,16.0
coach_season,2020,Bill Belichick,NE,m1_candidates,0.0
coach_season,2020,Bill Belichick,NE,m1_cases,0.0
coach_season,2020,Bill Belichick,NE,m1_timeouts_left,0.0
coach_season,2020,Bill Belichick,NE,m2_candidates,0.0
coach_season,2020,Bill Belichick,NE,m2_cases,0.0
coach_season,2020,Bill Belichick,NE,m2_ep_left,0.0
coach_season,2020,Bill Belichick,NE,m2_wp_left,0.0
coach_season,2020,Bill Belichick,NE,m3_cases,0.0
coach_season,2020,Bill Belichick,NE,m3_decisive_games,1.0
coach_season,2020,Bill Belichick,NE,m3_seconds_wasted,0.0
coach_season,2020,Bill O'Brien,HOU,games,4.0
coach_season,2020,Bill O'Brien,HOU,m1_candidates,0.0
coach_season,2020,Bill O'Brien,HOU,m1_cases,0.0
coach_season,2020,Bill O'Brien,HOU,m1_timeouts_left,0.0
coach_season,2020,Bill O'Brien,HOU,m2_candidates,0.0
coach_season,2020,Bill O'Brien,HOU,m2_cases,0.0
coach_season,2020,Bill O'Brien,HOU,m2_ep_left,0.0
coach_season,2020,Bill O'Brien,HOU,m2_wp_left,0.0
coach_season,2020,Bill O'Brien,HOU,m3_cases,0.0
coach_season,2020,Bill O'Brien,HOU,m3_decisive_games,0.0
coach_season,2020,Bill O'Brien,HOU,m3_seconds_wasted,0.0
coach_season,2020,Brian Flores,MIA,games,16.0
coach_season,2020,Brian Flores,MIA,m1_candidates,2.0
coach_season,2020,Brian Flores,MIA,m1_cases,0.0
coach_season,2020,Brian Flores,MIA,m1_timeouts_left,0.0
coach_season,2020,Brian Flores,MIA,m2_candidates,0.0
coach_season,2020,Brian Flores,MIA,m2_cases,0.0
coach_season,2020,Brian Flores,MIA,m2_ep_left,0.0
coach_season,2020,Brian Flores,MIA,m2_wp_left,0.0
coach_season,2020,Brian Flores,MIA,m3_cases,0.0
coach_season,2020,Brian Flores,MIA,m3_decisive_games,2.0
coach_season,2020,Brian Flores,MIA,m3_seconds_wasted,0.0
coach_season,2020,Bruce Arians,TB,games,20.0
coach_season,2020,Bruce Arians,TB,m1_candidates,1.0
coach_season,2020,Bruce Arians,TB,m1_cases,0.0
coach_season,2020,Bruce Arians,TB,m1_timeouts_left,0.0
coach_season,2020,Bruce Arians,TB,m2_candidates,0.0
coach_season,2020,Bruce Arians,TB,m2_cases,0.0
coach_season,2020,Bruce Arians,TB,m2_ep_left,0.0
coach_season,2020,Bruce Arians,TB,m2_wp_left,0.0
coach_season,2020,Bruce Arians,TB,m3_cases,0.0
coach_season,2020,Bruce Arians,TB,m3_decisive_games,1.0
coach_season,2020,Bruce Arians,TB,m3_seconds_wasted,0.0
coach_season,2020,Dan Quinn,ATL,games,5.0
coach_season,2020,Dan Quinn,ATL,m1_candidates,1.0
coach_season,2020,Dan Quinn,ATL,m1_cases,0.0
coach_season,2020,Dan Quinn,ATL,m1_timeouts_left,0.0
coach_season,2020,Dan Quinn,ATL,m2_candidates,0.0
coach_season,2020,Dan Quinn,ATL,m2_cases,0.0
coach_season,2020,Dan Quinn,ATL,m2_ep_left,0.0
coach_season,2020,Dan Quinn,ATL,m2_wp_left,0.0
coach_season,2020,Dan Quinn,ATL,m3_cases,0.0
coach_season,2020,Dan Quinn,ATL,m3_decisive_games,0.0
coach_season,2020,Dan Quinn,ATL,m3_seconds_wasted,0.0
coach_season,2020,Darrell Bevell,DET,games,5.0
coach_season,2020,Darrell Bevell,DET,m1_candidates,1.0
coach_season,2020,Darrell Bevell,DET,m1_cases,0.0
coach_season,2020,Darrell Bevell,DET,m1_timeouts_left,0.0
coach_season,2020,Darrell Bevell,DET,m2_candidates,0.0
coach_season,2020,Darrell Bevell,DET,m2_cases,0.0
coach_season,2020,Darrell Bevell,DET,m2_ep_left,0.0
coach_season,2020,Darrell Bevell,DET,m2_wp_left,0.0
coach_season,2020,Darrell Bevell,DET,m3_cases,0.0
coach_season,2020,Darrell Bevell,DET,m3_decisive_games,1.0
coach_season,2020,Darrell Bevell,DET,m3_seconds_wasted,0.0
coach_season,2020,Doug Marrone,JAX,games,16.0
coach_season,2020,Doug Marrone,JAX,m1_candidates,0.0
coach_season,2020,Doug Marrone,JAX,m1_cases,0.0
coach_season,2020,Doug Marrone,JAX,m1_timeouts_left,0.0
coach_season,2020,Doug Marrone,JAX,m2_candidates,0.0
coach_season,2020,Doug Marrone,JAX,m2_cases,0.0
coach_season,2020,Doug Marrone,JAX,m2_ep_left,0.0
coach_season,2020,Doug Marrone,JAX,m2_wp_left,0.0
coach_season,2020,Doug Marrone,JAX,m3_cases,0.0
coach_season,2020,Doug Marrone,JAX,m3_decisive_games,1.0
coach_season,2020,Doug Marrone,JAX,m3_seconds_wasted,0.0
coach_season,2020,Doug Pederson,PHI,games,16.0
coach_season,2020,Doug Pederson,PHI,m1_candidates,1.0
coach_season,2020,Doug Pederson,PHI,m1_cases,0.0
coach_season,2020,Doug Pederson,PHI,m1_timeouts_left,0.0
coach_season,2020,Doug Pederson,PHI,m2_candidates,0.0
coach_season,2020,Doug Pederson,PHI,m2_cases,0.0
coach_season,2020,Doug Pederson,PHI,m2_ep_left,0.0
coach_season,2020,Doug Pederson,PHI,m2_wp_left,0.0
coach_season,2020,Doug Pederson,PHI,m3_cases,0.0
coach_season,2020,Doug Pederson,PHI,m3_decisive_games,3.0
coach_season,2020,Doug Pederson,PHI,m3_seconds_wasted,0.0
coach_season,2020,Frank Reich,IND,games,17.0
coach_season,2020,Frank Reich,IND,m1_candidates,0.0
coach_season,2020,Frank Reich,IND,m1_cases,0.0
coach_season,2020,Frank Reich,IND,m1_timeouts_left,0.0
coach_season,2020,Frank Reich,IND,m2_candidates,0.0
coach_season,2020,Frank Reich,IND,m2_cases,0.0
coach_season,2020,Frank Reich,IND,m2_ep_left,0.0
coach_season,2020,Frank Reich,IND,m2_wp_left,0.0
coach_season,2020,Frank Reich,IND,m3_cases,0.0
coach_season,2020,Frank Reich,IND,m3_decisive_games,1.0
coach_season,2020,Frank Reich,IND,m3_seconds_wasted,0.0
coach_season,2020,Joe Judge,NYG,games,16.0
coach_season,2020,Joe Judge,NYG,m1_candidates,0.0
coach_season,2020,Joe Judge,NYG,m1_cases,0.0
coach_season,2020,Joe Judge,NYG,m1_timeouts_left,0.0
coach_season,2020,Joe Judge,NYG,m2_candidates,0.0
coach_season,2020,Joe Judge,NYG,m2_cases,0.0
coach_season,2020,Joe Judge,NYG,m2_ep_left,0.0
coach_season,2020,Joe Judge,NYG,m2_wp_left,0.0
coach_season,2020,Joe Judge,NYG,m3_cases,0.0
coach_season,2020,Joe Judge,NYG,m3_decisive_games,0.0
coach_season,2020,Joe Judge,NYG,m3_seconds_wasted,0.0
coach_season,2020,John Harbaugh,BAL,games,18.0
coach_season,2020,John Harbaugh,BAL,m1_candidates,0.0
coach_season,2020,John Harbaugh,BAL,m1_cases,0.0
coach_season,2020,John Harbaugh,BAL,m1_timeouts_left,0.0
coach_season,2020,John Harbaugh,BAL,m2_candidates,1.0
coach_season,2020,John Harbaugh,BAL,m2_cases,0.0
coach_season,2020,John Harbaugh,BAL,m2_ep_left,0.0
coach_season,2020,John Harbaugh,BAL,m2_wp_left,0.0
coach_season,2020,John Harbaugh,BAL,m3_cases,0.0
coach_season,2020,John Harbaugh,BAL,m3_decisive_games,1.0
coach_season,2020,John Harbaugh,BAL,m3_seconds_wasted,0.0
coach_season,2020,Jon Gruden,LV,games,16.0
coach_season,2020,Jon Gruden,LV,m1_candidates,1.0
coach_season,2020,Jon Gruden,LV,m1_cases,0.0
coach_season,2020,Jon Gruden,LV,m1_timeouts_left,0.0
coach_season,2020,Jon Gruden,LV,m2_candidates,0.0
coach_season,2020,Jon Gruden,LV,m2_cases,0.0
coach_season,2020,Jon Gruden,LV,m2_ep_left,0.0
coach_season,2020,Jon Gruden,LV,m2_wp_left,0.0
coach_season,2020,Jon Gruden,LV,m3_cases,0.0
coach_season,2020,Jon Gruden,LV,m3_decisive_games,2.0
coach_season,2020,Jon Gruden,LV,m3_seconds_wasted,0.0
coach_season,2020,Kevin Stefanski,CLE,games,18.0
coach_season,2020,Kevin Stefanski,CLE,m1_candidates,0.0
coach_season,2020,Kevin Stefanski,CLE,m1_cases,0.0
coach_season,2020,Kevin Stefanski,CLE,m1_timeouts_left,0.0
coach_season,2020,Kevin Stefanski,CLE,m2_candidates,0.0
coach_season,2020,Kevin Stefanski,CLE,m2_cases,0.0
coach_season,2020,Kevin Stefanski,CLE,m2_ep_left,0.0
coach_season,2020,Kevin Stefanski,CLE,m2_wp_left,0.0
coach_season,2020,Kevin Stefanski,CLE,m3_cases,0.0
coach_season,2020,Kevin Stefanski,CLE,m3_decisive_games,0.0
coach_season,2020,Kevin Stefanski,CLE,m3_seconds_wasted,0.0
coach_season,2020,Kliff Kingsbury,ARI,games,16.0
coach_season,2020,Kliff Kingsbury,ARI,m1_candidates,1.0
coach_season,2020,Kliff Kingsbury,ARI,m1_cases,0.0
coach_season,2020,Kliff Kingsbury,ARI,m1_timeouts_left,0.0
coach_season,2020,Kliff Kingsbury,ARI,m2_candidates,0.0
coach_season,2020,Kliff Kingsbury,ARI,m2_cases,0.0
coach_season,2020,Kliff Kingsbury,ARI,m2_ep_left,0.0
coach_season,2020,Kliff Kingsbury,ARI,m2_wp_left,0.0
coach_season,2020,Kliff Kingsbury,ARI,m3_cases,0.0
coach_season,2020,Kliff Kingsbury,ARI,m3_decisive_games,2.0
coach_season,2020,Kliff Kingsbury,ARI,m3_seconds_wasted,0.0
coach_season,2020,Kyle Shanahan,SF,games,16.0
coach_season,2020,Kyle Shanahan,SF,m1_candidates,1.0
coach_season,2020,Kyle Shanahan,SF,m1_cases,0.0
coach_season,2020,Kyle Shanahan,SF,m1_timeouts_left,0.0
coach_season,2020,Kyle Shanahan,SF,m2_candidates,1.0
coach_season,2020,Kyle Shanahan,SF,m2_cases,0.0
coach_season,2020,Kyle Shanahan,SF,m2_ep_left,0.0
coach_season,2020,Kyle Shanahan,SF,m2_wp_left,0.0
coach_season,2020,Kyle Shanahan,SF,m3_cases,0.0
coach_season,2020,Kyle Shanahan,SF,m3_decisive_games,3.0
coach_season,2020,Kyle Shanahan,SF,m3_seconds_wasted,0.0
coach_season,2020,Matt LaFleur,GB,games,18.0
coach_season,2020,Matt LaFleur,GB,m1_candidates,1.0
coach_season,2020,Matt LaFleur,GB,m1_cases,0.0
coach_season,2020,Matt LaFleur,GB,m1_timeouts_left,0.0
coach_season,2020,Matt LaFleur,GB,m2_candidates,0.0
coach_season,2020,Matt LaFleur,GB,m2_cases,0.0
coach_season,2020,Matt LaFleur,GB,m2_ep_left,0.0
coach_season,2020,Matt LaFleur,GB,m2_wp_left,0.0
coach_season,2020,Matt LaFleur,GB,m3_cases,0.0
coach_season,2020,Matt LaFleur,GB,m3_decisive_games,3.0
coach_season,2020,Matt LaFleur,GB,m3_seconds_wasted,0.0
coach_season,2020,Matt Nagy,CHI,games,17.0
coach_season,2020,Matt Nagy,CHI,m1_candidates,1.0
coach_season,2020,Matt Nagy,CHI,m1_cases,0.0
coach_season,2020,Matt Nagy,CHI,m1_timeouts_left,0.0
coach_season,2020,Matt Nagy,CHI,m2_candidates,0.0
coach_season,2020,Matt Nagy,CHI,m2_cases,0.0
coach_season,2020,Matt Nagy,CHI,m2_ep_left,0.0
coach_season,2020,Matt Nagy,CHI,m2_wp_left,0.0
coach_season,2020,Matt Nagy,CHI,m3_cases,0.0
coach_season,2020,Matt Nagy,CHI,m3_decisive_games,2.0
coach_season,2020,Matt Nagy,CHI,m3_seconds_wasted,0.0
coach_season,2020,Matt Patricia,DET,games,11.0
coach_season,2020,Matt Patricia,DET,m1_candidates,0.0
coach_season,2020,Matt Patricia,DET,m1_cases,0.0
coach_season,2020,Matt Patricia,DET,m1_timeouts_left,0.0
coach_season,2020,Matt Patricia,DET,m2_candidates,0.0
coach_season,2020,Matt Patricia,DET,m2_cases,0.0
coach_season,2020,Matt Patricia,DET,m2_ep_left,0.0
coach_season,2020,Matt Patricia,DET,m2_wp_left,0.0
coach_season,2020,Matt Patricia,DET,m3_cases,0.0
coach_season,2020,Matt Patricia,DET,m3_decisive_games,0.0
coach_season,2020,Matt Patricia,DET,m3_seconds_wasted,0.0
coach_season,2020,Matt Rhule,CAR,games,16.0
coach_season,2020,Matt Rhule,CAR,m1_candidates,2.0
coach_season,2020,Matt Rhule,CAR,m1_cases,0.0
coach_season,2020,Matt Rhule,CAR,m1_timeouts_left,0.0
coach_season,2020,Matt Rhule,CAR,m2_candidates,0.0
coach_season,2020,Matt Rhule,CAR,m2_cases,0.0
coach_season,2020,Matt Rhule,CAR,m2_ep_left,0.0
coach_season,2020,Matt Rhule,CAR,m2_wp_left,0.0
coach_season,2020,Matt Rhule,CAR,m3_cases,0.0
coach_season,2020,Matt Rhule,CAR,m3_decisive_games,4.0
coach_season,2020,Matt Rhule,CAR,m3_seconds_wasted,0.0
coach_season,2020,Mike McCarthy,DAL,games,16.0
coach_season,2020,Mike McCarthy,DAL,m1_candidates,1.0
coach_season,2020,Mike McCarthy,DAL,m1_cases,0.0
coach_season,2020,Mike McCarthy,DAL,m1_timeouts_left,0.0
coach_season,2020,Mike McCarthy,DAL,m2_candidates,0.0
coach_season,2020,Mike McCarthy,DAL,m2_cases,0.0
coach_season,2020,Mike McCarthy,DAL,m2_ep_left,0.0
coach_season,2020,Mike McCarthy,DAL,m2_wp_left,0.0
coach_season,2020,Mike McCarthy,DAL,m3_cases,0.0
coach_season,2020,Mike McCarthy,DAL,m3_decisive_games,2.0
coach_season,2020,Mike McCarthy,DAL,m3_seconds_wasted,0.0
coach_season,2020,Mike Tomlin,PIT,games,17.0
coach_season,2020,Mike Tomlin,PIT,m1_candidates,1.0
coach_season,2020,Mike Tomlin,PIT,m1_cases,1.0
coach_season,2020,Mike Tomlin,PIT,m1_timeouts_left,1.0
coach_season,2020,Mike Tomlin,PIT,m2_candidates,0.0
coach_season,2020,Mike Tomlin,PIT,m2_cases,0.0
coach_season,2020,Mike Tomlin,PIT,m2_ep_left,0.0
coach_season,2020,Mike Tomlin,PIT,m2_wp_left,0.0
coach_season,2020,Mike Tomlin,PIT,m3_cases,0.0
coach_season,2020,Mike Tomlin,PIT,m3_decisive_games,3.0
coach_season,2020,Mike Tomlin,PIT,m3_seconds_wasted,0.0
coach_season,2020,Mike Vrabel,TEN,games,17.0
coach_season,2020,Mike Vrabel,TEN,m1_candidates,1.0
coach_season,2020,Mike Vrabel,TEN,m1_cases,0.0
coach_season,2020,Mike Vrabel,TEN,m1_timeouts_left,0.0
coach_season,2020,Mike Vrabel,TEN,m2_candidates,0.0
coach_season,2020,Mike Vrabel,TEN,m2_cases,0.0
coach_season,2020,Mike Vrabel,TEN,m2_ep_left,0.0
coach_season,2020,Mike Vrabel,TEN,m2_wp_left,0.0
coach_season,2020,Mike Vrabel,TEN,m3_cases,0.0
coach_season,2020,Mike Vrabel,TEN,m3_decisive_games,1.0
coach_season,2020,Mike Vrabel,TEN,m3_seconds_wasted,0.0
coach_season,2020,Mike Zimmer,MIN,games,16.0
coach_season,2020,Mike Zimmer,MIN,m1_candidates,0.0
coach_season,2020,Mike Zimmer,MIN,m1_cases,0.0
coach_season,2020,Mike Zimmer,MIN,m1_timeouts_left,0.0
coach_season,2020,Mike Zimmer,MIN,m2_candidates,1.0
coach_season,2020,Mike Zimmer,MIN,m2_cases,0.0
coach_season,2020,Mike Zimmer,MIN,m2_ep_left,0.0
coach_season,2020,Mike Zimmer,MIN,m2_wp_left,0.0
coach_season,2020,Mike Zimmer,MIN,m3_cases,0.0
coach_season,2020,Mike Zimmer,MIN,m3_decisive_games,1.0
coach_season,2020,Mike Zimmer,MIN,m3_seconds_wasted,0.0
coach_season,2020,Pete Carroll,SEA,games,17.0
coach_season,2020,Pete Carroll,SEA,m1_candidates,0.0
coach_season,2020,Pete Carroll,SEA,m1_cases,0.0
coach_season,2020,Pete Carroll,SEA,m1_timeouts_left,0.0
coach_season,2020,Pete Carroll,SEA,m2_candidates,0.0
coach_season,2020,Pete Carroll,SEA,m2_cases,0.0
coach_season,2020,Pete Carroll,SEA,m2_ep_left,0.0
coach_season,2020,Pete Carroll,SEA,m2_wp_left,0.0
coach_season,2020,Pete Carroll,SEA,m3_cases,0.0
coach_season,2020,Pete Carroll,SEA,m3_decisive_games,0.0
coach_season,2020,Pete Carroll,SEA,m3_seconds_wasted,0.0
coach_season,2020,Raheem Morris,ATL,games,11.0
coach_season,2020,Raheem Morris,ATL,m1_candidates,0.0
coach_season,2020,Raheem Morris,ATL,m1_cases,0.0
coach_season,2020,Raheem Morris,ATL,m1_timeouts_left,0.0
coach_season,2020,Raheem Morris,ATL,m2_candidates,0.0
coach_season,2020,Raheem Morris,ATL,m2_cases,0.0
coach_season,2020,Raheem Morris,ATL,m2_ep_left,0.0
coach_season,2020,Raheem Morris,ATL,m2_wp_left,0.0
coach_season,2020,Raheem Morris,ATL,m3_cases,0.0
coach_season,2020,Raheem Morris,ATL,m3_decisive_games,1.0
coach_season,2020,Raheem Morris,ATL,m3_seconds_wasted,0.0
coach_season,2020,Romeo Crennel,HOU,games,12.0
coach_season,2020,Romeo Crennel,HOU,m1_candidates,0.0
coach_season,2020,Romeo Crennel,HOU,m1_cases,0.0
coach_season,2020,Romeo Crennel,HOU,m1_timeouts_left,0.0
coach_season,2020,Romeo Crennel,HOU,m2_candidates,0.0
coach_season,2020,Romeo Crennel,HOU,m2_cases,0.0
coach_season,2020,Romeo Crennel,HOU,m2_ep_left,0.0
coach_season,2020,Romeo Crennel,HOU,m2_wp_left,0.0
coach_season,2020,Romeo Crennel,HOU,m3_cases,0.0
coach_season,2020,Romeo Crennel,HOU,m3_decisive_games,2.0
coach_season,2020,Romeo Crennel,HOU,m3_seconds_wasted,0.0
coach_season,2020,Ron Rivera,WAS,games,17.0
coach_season,2020,Ron Rivera,WAS,m1_candidates,0.0
coach_season,2020,Ron Rivera,WAS,m1_cases,0.0
coach_season,2020,Ron Rivera,WAS,m1_timeouts_left,0.0
coach_season,2020,Ron Rivera,WAS,m2_candidates,0.0
coach_season,2020,Ron Rivera,WAS,m2_cases,0.0
coach_season,2020,Ron Rivera,WAS,m2_ep_left,0.0
coach_season,2020,Ron Rivera,WAS,m2_wp_left,0.0
coach_season,2020,Ron Rivera,WAS,m3_cases,0.0
coach_season,2020,Ron Rivera,WAS,m3_decisive_games,0.0
coach_season,2020,Ron Rivera,WAS,m3_seconds_wasted,0.0
coach_season,2020,Sean McDermott,BUF,games,19.0
coach_season,2020,Sean McDermott,BUF,m1_candidates,0.0
coach_season,2020,Sean McDermott,BUF,m1_cases,0.0
coach_season,2020,Sean McDermott,BUF,m1_timeouts_left,0.0
coach_season,2020,Sean McDermott,BUF,m2_candidates,0.0
coach_season,2020,Sean McDermott,BUF,m2_cases,0.0
coach_season,2020,Sean McDermott,BUF,m2_ep_left,0.0
coach_season,2020,Sean McDermott,BUF,m2_wp_left,0.0
coach_season,2020,Sean McDermott,BUF,m3_cases,0.0
coach_season,2020,Sean McDermott,BUF,m3_decisive_games,0.0
coach_season,2020,Sean McDermott,BUF,m3_seconds_wasted,0.0
coach_season,2020,Sean McVay,LA,games,18.0
coach_season,2020,Sean McVay,LA,m1_candidates,0.0
coach_season,2020,Sean McVay,LA,m1_cases,0.0
coach_season,2020,Sean McVay,LA,m1_timeouts_left,0.0
coach_season,2020,Sean McVay,LA,m2_candidates,0.0
coach_season,2020,Sean McVay,LA,m2_cases,0.0
coach_season,2020,Sean McVay,LA,m2_ep_left,0.0
coach_season,2020,Sean McVay,LA,m2_wp_left,0.0
coach_season,2020,Sean McVay,LA,m3_cases,0.0
coach_season,2020,Sean McVay,LA,m3_decisive_games,0.0
coach_season,2020,Sean McVay,LA,m3_seconds_wasted,0.0
coach_season,2020,Sean Payton,NO,games,18.0
coach_season,2020,Sean Payton,NO,m1_candidates,2.0
coach_season,2020,Sean Payton,NO,m1_cases,0.0
coach_season,2020,Sean Payton,NO,m1_timeouts_left,0.0
coach_season,2020,Sean Payton,NO,m2_candidates,1.0
coach_season,2020,Sean Payton,NO,m2_cases,0.0
coach_season,2020,Sean Payton,NO,m2_ep_left,0.0
coach_season,2020,Sean Payton,NO,m2_wp_left,0.0
coach_season,2020,Sean Payton,NO,m3_cases,0.0
coach_season,2020,Sean Payton,NO,m3_decisive_games,2.0
coach_season,2020,Sean Payton,NO,m3_seconds_wasted,0.0
coach_season,2020,Vic Fangio,DEN,games,16.0
coach_season,2020,Vic Fangio,DEN,m1_candidates,1.0
coach_season,2020,Vic Fangio,DEN,m1_cases,0.0
coach_season,2020,Vic Fangio,DEN,m1_timeouts_left,0.0
coach_season,2020,Vic Fangio,DEN,m2_candidates,0.0
coach_season,2020,Vic Fangio,DEN,m2_cases,0.0
coach_season,2020,Vic Fangio,DEN,m2_ep_left,0.0
coach_season,2020,Vic Fangio,DEN,m2_wp_left,0.0
coach_season,2020,Vic Fangio,DEN,m3_cases,0.0
coach_season,2020,Vic Fangio,DEN,m3_decisive_games,2.0
coach_season,2020,Vic Fangio,DEN,m3_seconds_wasted,0.0
coach_season,2020,Zac Taylor,CIN,games,16.0
coach_season,2020,Zac Taylor,CIN,m1_candidates,0.0
coach_season,2020,Zac Taylor,CIN,m1_cases,0.0
coach_season,2020,Zac Taylor,CIN,m1_timeouts_left,0.0
coach_season,2020,Zac Taylor,CIN,m2_candidates,0.0
coach_season,2020,Zac Taylor,CIN,m2_cases,0.0
coach_season,2020,Zac Taylor,CIN,m2_ep_left,0.0
coach_season,2020,Zac Taylor,CIN,m2_wp_left,0.0
coach_season,2020,Zac Taylor,CIN,m3_cases,0.0
coach_season,2020,Zac Taylor,CIN,m3_decisive_games,0.0
coach_season,2020,Zac Taylor,CIN,m3_seconds_wasted,0.0
coach_season,2021,Andy Reid,KC,games,20.0
coach_season,2021,Andy Reid,KC,m1_candidates,1.0
coach_season,2021,Andy Reid,KC,m1_cases,0.0
coach_season,2021,Andy Reid,KC,m1_timeouts_left,0.0
coach_season,2021,Andy Reid,KC,m2_candidates,0.0
coach_season,2021,Andy Reid,KC,m2_cases,0.0
coach_season,2021,Andy Reid,KC,m2_ep_left,0.0
coach_season,2021,Andy Reid,KC,m2_wp_left,0.0
coach_season,2021,Andy Reid,KC,m3_cases,0.0
coach_season,2021,Andy Reid,KC,m3_decisive_games,1.0
coach_season,2021,Andy Reid,KC,m3_seconds_wasted,0.0
coach_season,2021,Arthur Smith,ATL,games,17.0
coach_season,2021,Arthur Smith,ATL,m1_candidates,0.0
coach_season,2021,Arthur Smith,ATL,m1_cases,0.0
coach_season,2021,Arthur Smith,ATL,m1_timeouts_left,0.0
coach_season,2021,Arthur Smith,ATL,m2_candidates,0.0
coach_season,2021,Arthur Smith,ATL,m2_cases,0.0
coach_season,2021,Arthur Smith,ATL,m2_ep_left,0.0
coach_season,2021,Arthur Smith,ATL,m2_wp_left,0.0
coach_season,2021,Arthur Smith,ATL,m3_cases,0.0
coach_season,2021,Arthur Smith,ATL,m3_decisive_games,0.0
coach_season,2021,Arthur Smith,ATL,m3_seconds_wasted,0.0
coach_season,2021,Bill Belichick,NE,games,18.0
coach_season,2021,Bill Belichick,NE,m1_candidates,0.0
coach_season,2021,Bill Belichick,NE,m1_cases,0.0
coach_season,2021,Bill Belichick,NE,m1_timeouts_left,0.0
coach_season,2021,Bill Belichick,NE,m2_candidates,0.0
coach_season,2021,Bill Belichick,NE,m2_cases,0.0
coach_season,2021,Bill Belichick,NE,m2_ep_left,0.0
coach_season,2021,Bill Belichick,NE,m2_wp_left,0.0
coach_season,2021,Bill Belichick,NE,m3_cases,0.0
coach_season,2021,Bill Belichick,NE,m3_decisive_games,1.0
coach_season,2021,Bill Belichick,NE,m3_seconds_wasted,0.0
coach_season,2021,Brandon Staley,LAC,games,17.0
coach_season,2021,Brandon Staley,LAC,m1_candidates,0.0
coach_season,2021,Brandon Staley,LAC,m1_cases,0.0
coach_season,2021,Brandon Staley,LAC,m1_timeouts_left,0.0
coach_season,2021,Brandon Staley,LAC,m2_candidates,0.0
coach_season,2021,Brandon Staley,LAC,m2_cases,0.0
coach_season,2021,Brandon Staley,LAC,m2_ep_left,0.0
coach_season,2021,Brandon Staley,LAC,m2_wp_left,0.0
coach_season,2021,Brandon Staley,LAC,m3_cases,0.0
coach_season,2021,Brandon Staley,LAC,m3_decisive_games,0.0
coach_season,2021,Brandon Staley,LAC,m3_seconds_wasted,0.0
coach_season,2021,Brian Flores,MIA,games,17.0
coach_season,2021,Brian Flores,MIA,m1_candidates,0.0
coach_season,2021,Brian Flores,MIA,m1_cases,0.0
coach_season,2021,Brian Flores,MIA,m1_timeouts_left,0.0
coach_season,2021,Brian Flores,MIA,m2_candidates,0.0
coach_season,2021,Brian Flores,MIA,m2_cases,0.0
coach_season,2021,Brian Flores,MIA,m2_ep_left,0.0
coach_season,2021,Brian Flores,MIA,m2_wp_left,0.0
coach_season,2021,Brian Flores,MIA,m3_cases,0.0
coach_season,2021,Brian Flores,MIA,m3_decisive_games,0.0
coach_season,2021,Brian Flores,MIA,m3_seconds_wasted,0.0
coach_season,2021,Bruce Arians,TB,games,19.0
coach_season,2021,Bruce Arians,TB,m1_candidates,0.0
coach_season,2021,Bruce Arians,TB,m1_cases,0.0
coach_season,2021,Bruce Arians,TB,m1_timeouts_left,0.0
coach_season,2021,Bruce Arians,TB,m2_candidates,0.0
coach_season,2021,Bruce Arians,TB,m2_cases,0.0
coach_season,2021,Bruce Arians,TB,m2_ep_left,0.0
coach_season,2021,Bruce Arians,TB,m2_wp_left,0.0
coach_season,2021,Bruce Arians,TB,m3_cases,0.0
coach_season,2021,Bruce Arians,TB,m3_decisive_games,0.0
coach_season,2021,Bruce Arians,TB,m3_seconds_wasted,0.0
coach_season,2021,Dan Campbell,DET,games,17.0
coach_season,2021,Dan Campbell,DET,m1_candidates,1.0
coach_season,2021,Dan Campbell,DET,m1_cases,0.0
coach_season,2021,Dan Campbell,DET,m1_timeouts_left,0.0
coach_season,2021,Dan Campbell,DET,m2_candidates,0.0
coach_season,2021,Dan Campbell,DET,m2_cases,0.0
coach_season,2021,Dan Campbell,DET,m2_ep_left,0.0
coach_season,2021,Dan Campbell,DET,m2_wp_left,0.0
coach_season,2021,Dan Campbell,DET,m3_cases,0.0
coach_season,2021,Dan Campbell,DET,m3_decisive_games,3.0
coach_season,2021,Dan Campbell,DET,m3_seconds_wasted,0.0
coach_season,2021,Darrell Bevell,JAX,games,4.0
coach_season,2021,Darrell Bevell,JAX,m1_candidates,0.0
coach_season,2021,Darrell Bevell,JAX,m1_cases,0.0
coach_season,2021,Darrell Bevell,JAX,m1_timeouts_left,0.0
coach_season,2021,Darrell Bevell,JAX,m2_candidates,0.0
coach_season,2021,Darrell Bevell,JAX,m2_cases,0.0
coach_season,2021,Darrell Bevell,JAX,m2_ep_left,0.0
coach_season,2021,Darrell Bevell,JAX,m2_wp_left,0.0
coach_season,2021,Darrell Bevell,JAX,m3_cases,0.0
coach_season,2021,Darrell Bevell,JAX,m3_decisive_games,0.0
coach_season,2021,Darrell Bevell,JAX,m3_seconds_wasted,0.0
coach_season,2021,David Culley,HOU,games,17.0
coach_season,2021,David Culley,HOU,m1_candidates,0.0
coach_season,2021,David Culley,HOU,m1_cases,0.0
coach_season,2021,David Culley,HOU,m1_timeouts_left,0.0
coach_season,2021,David Culley,HOU,m2_candidates,0.0
coach_season,2021,David Culley,HOU,m2_cases,0.0
coach_season,2021,David Culley,HOU,m2_ep_left,0.0
coach_season,2021,David Culley,HOU,m2_wp_left,0.0
coach_season,2021,David Culley,HOU,m3_cases,0.0
coach_season,2021,David Culley,HOU,m3_decisive_games,0.0
coach_season,2021,David Culley,HOU,m3_seconds_wasted,0.0
coach_season,2021,Frank Reich,IND,games,17.0
coach_season,2021,Frank Reich,IND,m1_candidates,0.0
coach_season,2021,Frank Reich,IND,m1_cases,0.0
coach_season,2021,Frank Reich,IND,m1_timeouts_left,0.0
coach_season,2021,Frank Reich,IND,m2_candidates,1.0
coach_season,2021,Frank Reich,IND,m2_cases,0.0
coach_season,2021,Frank Reich,IND,m2_ep_left,0.0
coach_season,2021,Frank Reich,IND,m2_wp_left,0.0
coach_season,2021,Frank Reich,IND,m3_cases,0.0
coach_season,2021,Frank Reich,IND,m3_decisive_games,0.0
coach_season,2021,Frank Reich,IND,m3_seconds_wasted,0.0
coach_season,2021,Joe Judge,NYG,games,17.0
coach_season,2021,Joe Judge,NYG,m1_candidates,0.0
coach_season,2021,Joe Judge,NYG,m1_cases,0.0
coach_season,2021,Joe Judge,NYG,m1_timeouts_left,0.0
coach_season,2021,Joe Judge,NYG,m2_candidates,0.0
coach_season,2021,Joe Judge,NYG,m2_cases,0.0
coach_season,2021,Joe Judge,NYG,m2_ep_left,0.0
coach_season,2021,Joe Judge,NYG,m2_wp_left,0.0
coach_season,2021,Joe Judge,NYG,m3_cases,0.0
coach_season,2021,Joe Judge,NYG,m3_decisive_games,0.0
coach_season,2021,Joe Judge,NYG,m3_seconds_wasted,0.0
coach_season,2021,John Harbaugh,BAL,games,17.0
coach_season,2021,John Harbaugh,BAL,m1_candidates,0.0
coach_season,2021,John Harbaugh,BAL,m1_cases,0.0
coach_season,2021,John Harbaugh,BAL,m1_timeouts_left,0.0
coach_season,2021,John Harbaugh,BAL,m2_candidates,0.0
coach_season,2021,John Harbaugh,BAL,m2_cases,0.0
coach_season,2021,John Harbaugh,BAL,m2_ep_left,0.0
coach_season,2021,John Harbaugh,BAL,m2_wp_left,0.0
coach_season,2021,John Harbaugh,BAL,m3_cases,0.0
coach_season,2021,John Harbaugh,BAL,m3_decisive_games,0.0
coach_season,2021,John Harbaugh,BAL,m3_seconds_wasted,0.0
coach_season,2021,Jon Gruden,LV,games,5.0
coach_season,2021,Jon Gruden,LV,m1_candidates,0.0
coach_season,2021,Jon Gruden,LV,m1_cases,0.0
coach_season,2021,Jon Gruden,LV,m1_timeouts_left,0.0
coach_season,2021,Jon Gruden,LV,m2_candidates,0.0
coach_season,2021,Jon Gruden,LV,m2_cases,0.0
coach_season,2021,Jon Gruden,LV,m2_ep_left,0.0
coach_season,2021,Jon Gruden,LV,m2_wp_left,0.0
coach_season,2021,Jon Gruden,LV,m3_cases,0.0
coach_season,2021,Jon Gruden,LV,m3_decisive_games,1.0
coach_season,2021,Jon Gruden,LV,m3_seconds_wasted,0.0
coach_season,2021,Kevin Stefanski,CLE,games,17.0
coach_season,2021,Kevin Stefanski,CLE,m1_candidates,2.0
coach_season,2021,Kevin Stefanski,CLE,m1_cases,1.0
coach_season,2021,Kevin Stefanski,CLE,m1_timeouts_left,1.0
coach_season,2021,Kevin Stefanski,CLE,m2_candidates,0.0
coach_season,2021,Kevin Stefanski,CLE,m2_cases,0.0
coach_season,2021,Kevin Stefanski,CLE,m2_ep_left,0.0
coach_season,2021,Kevin Stefanski,CLE,m2_wp_left,0.0
coach_season,2021,Kevin Stefanski,CLE,m3_cases,0.0
coach_season,2021,Kevin Stefanski,CLE,m3_decisive_games,3.0
coach_season,2021,Kevin Stefanski,CLE,m3_seconds_wasted,0.0
coach_season,2021,Kliff Kingsbury,ARI,games,18.0
coach_season,2021,Kliff Kingsbury,ARI,m1_candidates,1.0
coach_season,2021,Kliff Kingsbury,ARI,m1_cases,1.0
coach_season,2021,Kliff Kingsbury,ARI,m1_timeouts_left,2.0
coach_season,2021,Kliff Kingsbury,ARI,m2_candidates,0.0
coach_season,2021,Kliff Kingsbury,ARI,m2_cases,0.0
coach_season,2021,Kliff Kingsbury,ARI,m2_ep_left,0.0
coach_season,2021,Kliff Kingsbury,ARI,m2_wp_left,0.0
coach_season,2021,Kliff Kingsbury,ARI,m3_cases,0.0
coach_season,2021,Kliff Kingsbury,ARI,m3_decisive_games,1.0
coach_season,2021,Kliff Kingsbury,ARI,m3_seconds_wasted,0.0
coach_season,2021,Kyle Shanahan,SF,games,20.0
coach_season,2021,Kyle Shanahan,SF,m1_candidates,0.0
coach_season,2021,Kyle Shanahan,SF,m1_cases,0.0
coach_season,2021,Kyle Shanahan,SF,m1_timeouts_left,0.0
coach_season,2021,Kyle Shanahan,SF,m2_candidates,1.0
coach_season,2021,Kyle Shanahan,SF,m2_cases,0.0
coach_season,2021,Kyle Shanahan,SF,m2_ep_left,0.0
coach_season,2021,Kyle Shanahan,SF,m2_wp_left,0.0
coach_season,2021,Kyle Shanahan,SF,m3_cases,0.0
coach_season,2021,Kyle Shanahan,SF,m3_decisive_games,1.0
coach_season,2021,Kyle Shanahan,SF,m3_seconds_wasted,0.0
coach_season,2021,Matt LaFleur,GB,games,18.0
coach_season,2021,Matt LaFleur,GB,m1_candidates,0.0
coach_season,2021,Matt LaFleur,GB,m1_cases,0.0
coach_season,2021,Matt LaFleur,GB,m1_timeouts_left,0.0
coach_season,2021,Matt LaFleur,GB,m2_candidates,0.0
coach_season,2021,Matt LaFleur,GB,m2_cases,0.0
coach_season,2021,Matt LaFleur,GB,m2_ep_left,0.0
coach_season,2021,Matt LaFleur,GB,m2_wp_left,0.0
coach_season,2021,Matt LaFleur,GB,m3_cases,0.0
coach_season,2021,Matt LaFleur,GB,m3_decisive_games,1.0
coach_season,2021,Matt LaFleur,GB,m3_seconds_wasted,0.0
coach_season,2021,Matt Nagy,CHI,games,17.0
coach_season,2021,Matt Nagy,CHI,m1_candidates,0.0
coach_season,2021,Matt Nagy,CHI,m1_cases,0.0
coach_season,2021,Matt Nagy,CHI,m1_timeouts_left,0.0
coach_season,2021,Matt Nagy,CHI,m2_candidates,0.0
coach_season,2021,Matt Nagy,CHI,m2_cases,0.0
coach_season,2021,Matt Nagy,CHI,m2_ep_left,0.0
coach_season,2021,Matt Nagy,CHI,m2_wp_left,0.0
coach_season,2021,Matt Nagy,CHI,m3_cases,0.0
coach_season,2021,Matt Nagy,CHI,m3_decisive_games,0.0
coach_season,2021,Matt Nagy,CHI,m3_seconds_wasted,0.0
coach_season,2021,Matt Rhule,CAR,games,17.0
coach_season,2021,Matt Rhule,CAR,m1_candidates,1.0
coach_season,2021,Matt Rhule,CAR,m1_cases,0.0
coach_season,2021,Matt Rhule,CAR,m1_timeouts_left,0.0
coach_season,2021,Matt Rhule,CAR,m2_candidates,0.0
coach_season,2021,Matt Rhule,CAR,m2_cases,0.0
coach_season,2021,Matt Rhule,CAR,m2_ep_left,0.0
coach_season,2021,Matt Rhule,CAR,m2_wp_left,0.0
coach_season,2021,Matt Rhule,CAR,m3_cases,0.0
coach_season,2021,Matt Rhule,CAR,m3_decisive_games,1.0
coach_season,2021,Matt Rhule,CAR,m3_seconds_wasted,0.0
coach_season,2021,Mike McCarthy,DAL,games,18.0
coach_season,2021,Mike McCarthy,DAL,m1_candidates,0.0
coach_season,2021,Mike McCarthy,DAL,m1_cases,0.0
coach_season,2021,Mike McCarthy,DAL,m1_timeouts_left,0.0
coach_season,2021,Mike McCarthy,DAL,m2_candidates,0.0
coach_season,2021,Mike McCarthy,DAL,m2_cases,0.0
coach_season,2021,Mike McCarthy,DAL,m2_ep_left,0.0
coach_season,2021,Mike McCarthy,DAL,m2_wp_left,0.0
coach_season,2021,Mike McCarthy,DAL,m3_cases,0.0
coach_season,2021,Mike McCarthy,DAL,m3_decisive_games,1.0
coach_season,2021,Mike McCarthy,DAL,m3_seconds_wasted,0.0
coach_season,2021,Mike Tomlin,PIT,games,18.0
coach_season,2021,Mike Tomlin,PIT,m1_candidates,0.0
coach_season,2021,Mike Tomlin,PIT,m1_cases,0.0
coach_season,2021,Mike Tomlin,PIT,m1_timeouts_left,0.0
coach_season,2021,Mike Tomlin,PIT,m2_candidates,0.0
coach_season,2021,Mike Tomlin,PIT,m2_cases,0.0
coach_season,2021,Mike Tomlin,PIT,m2_ep_left,0.0
coach_season,2021,Mike Tomlin,PIT,m2_wp_left,0.0
coach_season,2021,Mike Tomlin,PIT,m3_cases,0.0
coach_season,2021,Mike Tomlin,PIT,m3_decisive_games,1.0
coach_season,2021,Mike Tomlin,PIT,m3_seconds_wasted,0.0
coach_season,2021,Mike Vrabel,TEN,games,18.0
coach_season,2021,Mike Vrabel,TEN,m1_candidates,0.0
coach_season,2021,Mike Vrabel,TEN,m1_cases,0.0
coach_season,2021,Mike Vrabel,TEN,m1_timeouts_left,0.0
coach_season,2021,Mike Vrabel,TEN,m2_candidates,1.0
coach_season,2021,Mike Vrabel,TEN,m2_cases,0.0
coach_season,2021,Mike Vrabel,TEN,m2_ep_left,0.0
coach_season,2021,Mike Vrabel,TEN,m2_wp_left,0.0
coach_season,2021,Mike Vrabel,TEN,m3_cases,0.0
coach_season,2021,Mike Vrabel,TEN,m3_decisive_games,0.0
coach_season,2021,Mike Vrabel,TEN,m3_seconds_wasted,0.0
coach_season,2021,Mike Zimmer,MIN,games,17.0
coach_season,2021,Mike Zimmer,MIN,m1_candidates,0.0
coach_season,2021,Mike Zimmer,MIN,m1_cases,0.0
coach_season,2021,Mike Zimmer,MIN,m1_timeouts_left,0.0
coach_season,2021,Mike Zimmer,MIN,m2_candidates,0.0
coach_season,2021,Mike Zimmer,MIN,m2_cases,0.0
coach_season,2021,Mike Zimmer,MIN,m2_ep_left,0.0
coach_season,2021,Mike Zimmer,MIN,m2_wp_left,0.0
coach_season,2021,Mike Zimmer,MIN,m3_cases,0.0
coach_season,2021,Mike Zimmer,MIN,m3_decisive_games,1.0
coach_season,2021,Mike Zimmer,MIN,m3_seconds_wasted,0.0
coach_season,2021,Nick Sirianni,PHI,games,18.0
coach_season,2021,Nick Sirianni,PHI,m1_candidates,0.0
coach_season,2021,Nick Sirianni,PHI,m1_cases,0.0
coach_season,2021,Nick Sirianni,PHI,m1_timeouts_left,0.0
coach_season,2021,Nick Sirianni,PHI,m2_candidates,0.0
coach_season,2021,Nick Sirianni,PHI,m2_cases,0.0
coach_season,2021,Nick Sirianni,PHI,m2_ep_left,0.0
coach_season,2021,Nick Sirianni,PHI,m2_wp_left,0.0
coach_season,2021,Nick Sirianni,PHI,m3_cases,0.0
coach_season,2021,Nick Sirianni,PHI,m3_decisive_games,1.0
coach_season,2021,Nick Sirianni,PHI,m3_seconds_wasted,0.0
coach_season,2021,Pete Carroll,SEA,games,17.0
coach_season,2021,Pete Carroll,SEA,m1_candidates,0.0
coach_season,2021,Pete Carroll,SEA,m1_cases,0.0
coach_season,2021,Pete Carroll,SEA,m1_timeouts_left,0.0
coach_season,2021,Pete Carroll,SEA,m2_candidates,0.0
coach_season,2021,Pete Carroll,SEA,m2_cases,0.0
coach_season,2021,Pete Carroll,SEA,m2_ep_left,0.0
coach_season,2021,Pete Carroll,SEA,m2_wp_left,0.0
coach_season,2021,Pete Carroll,SEA,m3_cases,0.0
coach_season,2021,Pete Carroll,SEA,m3_decisive_games,0.0
coach_season,2021,Pete Carroll,SEA,m3_seconds_wasted,0.0
coach_season,2021,Rich Bisaccia,LV,games,13.0
coach_season,2021,Rich Bisaccia,LV,m1_candidates,0.0
coach_season,2021,Rich Bisaccia,LV,m1_cases,0.0
coach_season,2021,Rich Bisaccia,LV,m1_timeouts_left,0.0
coach_season,2021,Rich Bisaccia,LV,m2_candidates,0.0
coach_season,2021,Rich Bisaccia,LV,m2_cases,0.0
coach_season,2021,Rich Bisaccia,LV,m2_ep_left,0.0
coach_season,2021,Rich Bisaccia,LV,m2_wp_left,0.0
coach_season,2021,Rich Bisaccia,LV,m3_cases,0.0
coach_season,2021,Rich Bisaccia,LV,m3_decisive_games,0.0
coach_season,2021,Rich Bisaccia,LV,m3_seconds_wasted,0.0
coach_season,2021,Robert Saleh,NYJ,games,17.0
coach_season,2021,Robert Saleh,NYJ,m1_candidates,1.0
coach_season,2021,Robert Saleh,NYJ,m1_cases,0.0
coach_season,2021,Robert Saleh,NYJ,m1_timeouts_left,0.0
coach_season,2021,Robert Saleh,NYJ,m2_candidates,0.0
coach_season,2021,Robert Saleh,NYJ,m2_cases,0.0
coach_season,2021,Robert Saleh,NYJ,m2_ep_left,0.0
coach_season,2021,Robert Saleh,NYJ,m2_wp_left,0.0
coach_season,2021,Robert Saleh,NYJ,m3_cases,0.0
coach_season,2021,Robert Saleh,NYJ,m3_decisive_games,1.0
coach_season,2021,Robert Saleh,NYJ,m3_seconds_wasted,0.0
coach_season,2021,Ron Rivera,WAS,games,17.0
coach_season,2021,Ron Rivera,WAS,m1_candidates,0.0
coach_season,2021,Ron Rivera,WAS,m1_cases,0.0
coach_season,2021,Ron Rivera,WAS,m1_timeouts_left,0.0
coach_season,2021,Ron Rivera,WAS,m2_candidates,0.0
coach_season,2021,Ron Rivera,WAS,m2_cases,0.0
coach_season,2021,Ron Rivera,WAS,m2_ep_left,0.0
coach_season,2021,Ron Rivera,WAS,m2_wp_left,0.0
coach_season,2021,Ron Rivera,WAS,m3_cases,0.0
coach_season,2021,Ron Rivera,WAS,m3_decisive_games,2.0
coach_season,2021,Ron Rivera,WAS,m3_seconds_wasted,0.0
coach_season,2021,Sean McDermott,BUF,games,19.0
coach_season,2021,Sean McDermott,BUF,m1_candidates,2.0
coach_season,2021,Sean McDermott,BUF,m1_cases,0.0
coach_season,2021,Sean McDermott,BUF,m1_timeouts_left,0.0
coach_season,2021,Sean McDermott,BUF,m2_candidates,0.0
coach_season,2021,Sean McDermott,BUF,m2_cases,0.0
coach_season,2021,Sean McDermott,BUF,m2_ep_left,0.0
coach_season,2021,Sean McDermott,BUF,m2_wp_left,0.0
coach_season,2021,Sean McDermott,BUF,m3_cases,0.0
coach_season,2021,Sean McDermott,BUF,m3_decisive_games,2.0
coach_season,2021,Sean McDermott,BUF,m3_seconds_wasted,0.0
coach_season,2021,Sean McVay,LA,games,21.0
coach_season,2021,Sean McVay,LA,m1_candidates,0.0
coach_season,2021,Sean McVay,LA,m1_cases,0.0
coach_season,2021,Sean McVay,LA,m1_timeouts_left,0.0
coach_season,2021,Sean McVay,LA,m2_candidates,0.0
coach_season,2021,Sean McVay,LA,m2_cases,0.0
coach_season,2021,Sean McVay,LA,m2_ep_left,0.0
coach_season,2021,Sean McVay,LA,m2_wp_left,0.0
coach_season,2021,Sean McVay,LA,m3_cases,0.0
coach_season,2021,Sean McVay,LA,m3_decisive_games,0.0
coach_season,2021,Sean McVay,LA,m3_seconds_wasted,0.0
coach_season,2021,Sean Payton,NO,games,17.0
coach_season,2021,Sean Payton,NO,m1_candidates,0.0
coach_season,2021,Sean Payton,NO,m1_cases,0.0
coach_season,2021,Sean Payton,NO,m1_timeouts_left,0.0
coach_season,2021,Sean Payton,NO,m2_candidates,0.0
coach_season,2021,Sean Payton,NO,m2_cases,0.0
coach_season,2021,Sean Payton,NO,m2_ep_left,0.0
coach_season,2021,Sean Payton,NO,m2_wp_left,0.0
coach_season,2021,Sean Payton,NO,m3_cases,0.0
coach_season,2021,Sean Payton,NO,m3_decisive_games,0.0
coach_season,2021,Sean Payton,NO,m3_seconds_wasted,0.0
coach_season,2021,Urban Meyer,JAX,games,13.0
coach_season,2021,Urban Meyer,JAX,m1_candidates,0.0
coach_season,2021,Urban Meyer,JAX,m1_cases,0.0
coach_season,2021,Urban Meyer,JAX,m1_timeouts_left,0.0
coach_season,2021,Urban Meyer,JAX,m2_candidates,0.0
coach_season,2021,Urban Meyer,JAX,m2_cases,0.0
coach_season,2021,Urban Meyer,JAX,m2_ep_left,0.0
coach_season,2021,Urban Meyer,JAX,m2_wp_left,0.0
coach_season,2021,Urban Meyer,JAX,m3_cases,0.0
coach_season,2021,Urban Meyer,JAX,m3_decisive_games,0.0
coach_season,2021,Urban Meyer,JAX,m3_seconds_wasted,0.0
coach_season,2021,Vic Fangio,DEN,games,17.0
coach_season,2021,Vic Fangio,DEN,m1_candidates,0.0
coach_season,2021,Vic Fangio,DEN,m1_cases,0.0
coach_season,2021,Vic Fangio,DEN,m1_timeouts_left,0.0
coach_season,2021,Vic Fangio,DEN,m2_candidates,0.0
coach_season,2021,Vic Fangio,DEN,m2_cases,0.0
coach_season,2021,Vic Fangio,DEN,m2_ep_left,0.0
coach_season,2021,Vic Fangio,DEN,m2_wp_left,0.0
coach_season,2021,Vic Fangio,DEN,m3_cases,0.0
coach_season,2021,Vic Fangio,DEN,m3_decisive_games,0.0
coach_season,2021,Vic Fangio,DEN,m3_seconds_wasted,0.0
coach_season,2021,Zac Taylor,CIN,games,21.0
coach_season,2021,Zac Taylor,CIN,m1_candidates,1.0
coach_season,2021,Zac Taylor,CIN,m1_cases,0.0
coach_season,2021,Zac Taylor,CIN,m1_timeouts_left,0.0
coach_season,2021,Zac Taylor,CIN,m2_candidates,0.0
coach_season,2021,Zac Taylor,CIN,m2_cases,0.0
coach_season,2021,Zac Taylor,CIN,m2_ep_left,0.0
coach_season,2021,Zac Taylor,CIN,m2_wp_left,0.0
coach_season,2021,Zac Taylor,CIN,m3_cases,0.0
coach_season,2021,Zac Taylor,CIN,m3_decisive_games,1.0
coach_season,2021,Zac Taylor,CIN,m3_seconds_wasted,0.0
coach_season,2022,Andy Reid,KC,games,20.0
coach_season,2022,Andy Reid,KC,m1_candidates,1.0
coach_season,2022,Andy Reid,KC,m1_cases,0.0
coach_season,2022,Andy Reid,KC,m1_timeouts_left,0.0
coach_season,2022,Andy Reid,KC,m2_candidates,0.0
coach_season,2022,Andy Reid,KC,m2_cases,0.0
coach_season,2022,Andy Reid,KC,m2_ep_left,0.0
coach_season,2022,Andy Reid,KC,m2_wp_left,0.0
coach_season,2022,Andy Reid,KC,m3_cases,0.0
coach_season,2022,Andy Reid,KC,m3_decisive_games,1.0
coach_season,2022,Andy Reid,KC,m3_seconds_wasted,0.0
coach_season,2022,Arthur Smith,ATL,games,17.0
coach_season,2022,Arthur Smith,ATL,m1_candidates,2.0
coach_season,2022,Arthur Smith,ATL,m1_cases,0.0
coach_season,2022,Arthur Smith,ATL,m1_timeouts_left,0.0
coach_season,2022,Arthur Smith,ATL,m2_candidates,0.0
coach_season,2022,Arthur Smith,ATL,m2_cases,0.0
coach_season,2022,Arthur Smith,ATL,m2_ep_left,0.0
coach_season,2022,Arthur Smith,ATL,m2_wp_left,0.0
coach_season,2022,Arthur Smith,ATL,m3_cases,0.0
coach_season,2022,Arthur Smith,ATL,m3_decisive_games,6.0
coach_season,2022,Arthur Smith,ATL,m3_seconds_wasted,0.0
coach_season,2022,Bill Belichick,NE,games,17.0
coach_season,2022,Bill Belichick,NE,m1_candidates,0.0
coach_season,2022,Bill Belichick,NE,m1_cases,0.0
coach_season,2022,Bill Belichick,NE,m1_timeouts_left,0.0
coach_season,2022,Bill Belichick,NE,m2_candidates,0.0
coach_season,2022,Bill Belichick,NE,m2_cases,0.0
coach_season,2022,Bill Belichick,NE,m2_ep_left,0.0
coach_season,2022,Bill Belichick,NE,m2_wp_left,0.0
coach_season,2022,Bill Belichick,NE,m3_cases,0.0
coach_season,2022,Bill Belichick,NE,m3_decisive_games,2.0
coach_season,2022,Bill Belichick,NE,m3_seconds_wasted,0.0
coach_season,2022,Brandon Staley,LAC,games,18.0
coach_season,2022,Brandon Staley,LAC,m1_candidates,1.0
coach_season,2022,Brandon Staley,LAC,m1_cases,1.0
coach_season,2022,Brandon Staley,LAC,m1_timeouts_left,2.0
coach_season,2022,Brandon Staley,LAC,m2_candidates,0.0
coach_season,2022,Brandon Staley,LAC,m2_cases,0.0
coach_season,2022,Brandon Staley,LAC,m2_ep_left,0.0
coach_season,2022,Brandon Staley,LAC,m2_wp_left,0.0
coach_season,2022,Brandon Staley,LAC,m3_cases,1.0
coach_season,2022,Brandon Staley,LAC,m3_decisive_games,2.0
coach_season,2022,Brandon Staley,LAC,m3_seconds_wasted,77.0
coach_season,2022,Brian Daboll,NYG,games,19.0
coach_season,2022,Brian Daboll,NYG,m1_candidates,0.0
coach_season,2022,Brian Daboll,NYG,m1_cases,0.0
coach_season,2022,Brian Daboll,NYG,m1_timeouts_left,0.0
coach_season,2022,Brian Daboll,NYG,m2_candidates,0.0
coach_season,2022,Brian Daboll,NYG,m2_cases,0.0
coach_season,2022,Brian Daboll,NYG,m2_ep_left,0.0
coach_season,2022,Brian Daboll,NYG,m2_wp_left,0.0
coach_season,2022,Brian Daboll,NYG,m3_cases,0.0
coach_season,2022,Brian Daboll,NYG,m3_decisive_games,0.0
coach_season,2022,Brian Daboll,NYG,m3_seconds_wasted,0.0
coach_season,2022,Dan Campbell,DET,games,17.0
coach_season,2022,Dan Campbell,DET,m1_candidates,2.0
coach_season,2022,Dan Campbell,DET,m1_cases,0.0
coach_season,2022,Dan Campbell,DET,m1_timeouts_left,0.0
coach_season,2022,Dan Campbell,DET,m2_candidates,1.0
coach_season,2022,Dan Campbell,DET,m2_cases,0.0
coach_season,2022,Dan Campbell,DET,m2_ep_left,0.0
coach_season,2022,Dan Campbell,DET,m2_wp_left,0.0
coach_season,2022,Dan Campbell,DET,m3_cases,0.0
coach_season,2022,Dan Campbell,DET,m3_decisive_games,3.0
coach_season,2022,Dan Campbell,DET,m3_seconds_wasted,0.0
coach_season,2022,Dennis Allen,NO,games,17.0
coach_season,2022,Dennis Allen,NO,m1_candidates,0.0
coach_season,2022,Dennis Allen,NO,m1_cases,0.0
coach_season,2022,Dennis Allen,NO,m1_timeouts_left,0.0
coach_season,2022,Dennis Allen,NO,m2_candidates,1.0
coach_season,2022,Dennis Allen,NO,m2_cases,0.0
coach_season,2022,Dennis Allen,NO,m2_ep_left,0.0
coach_season,2022,Dennis Allen,NO,m2_wp_left,0.0
coach_season,2022,Dennis Allen,NO,m3_cases,0.0
coach_season,2022,Dennis Allen,NO,m3_decisive_games,1.0
coach_season,2022,Dennis Allen,NO,m3_seconds_wasted,0.0
coach_season,2022,Doug Pederson,JAX,games,19.0
coach_season,2022,Doug Pederson,JAX,m1_candidates,2.0
coach_season,2022,Doug Pederson,JAX,m1_cases,0.0
coach_season,2022,Doug Pederson,JAX,m1_timeouts_left,0.0
coach_season,2022,Doug Pederson,JAX,m2_candidates,0.0
coach_season,2022,Doug Pederson,JAX,m2_cases,0.0
coach_season,2022,Doug Pederson,JAX,m2_ep_left,0.0
coach_season,2022,Doug Pederson,JAX,m2_wp_left,0.0
coach_season,2022,Doug Pederson,JAX,m3_cases,0.0
coach_season,2022,Doug Pederson,JAX,m3_decisive_games,5.0
coach_season,2022,Doug Pederson,JAX,m3_seconds_wasted,0.0
coach_season,2022,Frank Reich,IND,games,9.0
coach_season,2022,Frank Reich,IND,m1_candidates,1.0
coach_season,2022,Frank Reich,IND,m1_cases,0.0
coach_season,2022,Frank Reich,IND,m1_timeouts_left,0.0
coach_season,2022,Frank Reich,IND,m2_candidates,0.0
coach_season,2022,Frank Reich,IND,m2_cases,0.0
coach_season,2022,Frank Reich,IND,m2_ep_left,0.0
coach_season,2022,Frank Reich,IND,m2_wp_left,0.0
coach_season,2022,Frank Reich,IND,m3_cases,0.0
coach_season,2022,Frank Reich,IND,m3_decisive_games,1.0
coach_season,2022,Frank Reich,IND,m3_seconds_wasted,0.0
coach_season,2022,Jay Rosburg,DEN,games,2.0
coach_season,2022,Jay Rosburg,DEN,m1_candidates,1.0
coach_season,2022,Jay Rosburg,DEN,m1_cases,0.0
coach_season,2022,Jay Rosburg,DEN,m1_timeouts_left,0.0
coach_season,2022,Jay Rosburg,DEN,m2_candidates,0.0
coach_season,2022,Jay Rosburg,DEN,m2_cases,0.0
coach_season,2022,Jay Rosburg,DEN,m2_ep_left,0.0
coach_season,2022,Jay Rosburg,DEN,m2_wp_left,0.0
coach_season,2022,Jay Rosburg,DEN,m3_cases,0.0
coach_season,2022,Jay Rosburg,DEN,m3_decisive_games,1.0
coach_season,2022,Jay Rosburg,DEN,m3_seconds_wasted,0.0
coach_season,2022,Jeff Saturday,IND,games,8.0
coach_season,2022,Jeff Saturday,IND,m1_candidates,0.0
coach_season,2022,Jeff Saturday,IND,m1_cases,0.0
coach_season,2022,Jeff Saturday,IND,m1_timeouts_left,0.0
coach_season,2022,Jeff Saturday,IND,m2_candidates,0.0
coach_season,2022,Jeff Saturday,IND,m2_cases,0.0
coach_season,2022,Jeff Saturday,IND,m2_ep_left,0.0
coach_season,2022,Jeff Saturday,IND,m2_wp_left,0.0
coach_season,2022,Jeff Saturday,IND,m3_cases,0.0
coach_season,2022,Jeff Saturday,IND,m3_decisive_games,0.0
coach_season,2022,Jeff Saturday,IND,m3_seconds_wasted,0.0
coach_season,2022,John Harbaugh,BAL,games,18.0
coach_season,2022,John Harbaugh,BAL,m1_candidates,1.0
coach_season,2022,John Harbaugh,BAL,m1_cases,0.0
coach_season,2022,John Harbaugh,BAL,m1_timeouts_left,0.0
coach_season,2022,John Harbaugh,BAL,m2_candidates,0.0
coach_season,2022,John Harbaugh,BAL,m2_cases,0.0
coach_season,2022,John Harbaugh,BAL,m2_ep_left,0.0
coach_season,2022,John Harbaugh,BAL,m2_wp_left,0.0
coach_season,2022,John Harbaugh,BAL,m3_cases,0.0
coach_season,2022,John Harbaugh,BAL,m3_decisive_games,1.0
coach_season,2022,John Harbaugh,BAL,m3_seconds_wasted,0.0
coach_season,2022,Josh McDaniels,LV,games,17.0
coach_season,2022,Josh McDaniels,LV,m1_candidates,2.0
coach_season,2022,Josh McDaniels,LV,m1_cases,1.0
coach_season,2022,Josh McDaniels,LV,m1_timeouts_left,2.0
coach_season,2022,Josh McDaniels,LV,m2_candidates,0.0
coach_season,2022,Josh McDaniels,LV,m2_cases,0.0
coach_season,2022,Josh McDaniels,LV,m2_ep_left,0.0
coach_season,2022,Josh McDaniels,LV,m2_wp_left,0.0
coach_season,2022,Josh McDaniels,LV,m3_cases,0.0
coach_season,2022,Josh McDaniels,LV,m3_decisive_games,2.0
coach_season,2022,Josh McDaniels,LV,m3_seconds_wasted,0.0
coach_season,2022,Kevin O'Connell,MIN,games,18.0
coach_season,2022,Kevin O'Connell,MIN,m1_candidates,0.0
coach_season,2022,Kevin O'Connell,MIN,m1_cases,0.0
coach_season,2022,Kevin O'Connell,MIN,m1_timeouts_left,0.0
coach_season,2022,Kevin O'Connell,MIN,m2_candidates,0.0
coach_season,2022,Kevin O'Connell,MIN,m2_cases,0.0
coach_season,2022,Kevin O'Connell,MIN,m2_ep_left,0.0
coach_season,2022,Kevin O'Connell,MIN,m2_wp_left,0.0
coach_season,2022,Kevin O'Connell,MIN,m3_cases,0.0
coach_season,2022,Kevin O'Connell,MIN,m3_decisive_games,1.0
coach_season,2022,Kevin O'Connell,MIN,m3_seconds_wasted,0.0
coach_season,2022,Kevin Stefanski,CLE,games,17.0
coach_season,2022,Kevin Stefanski,CLE,m1_candidates,0.0
coach_season,2022,Kevin Stefanski,CLE,m1_cases,0.0
coach_season,2022,Kevin Stefanski,CLE,m1_timeouts_left,0.0
coach_season,2022,Kevin Stefanski,CLE,m2_candidates,0.0
coach_season,2022,Kevin Stefanski,CLE,m2_cases,0.0
coach_season,2022,Kevin Stefanski,CLE,m2_ep_left,0.0
coach_season,2022,Kevin Stefanski,CLE,m2_wp_left,0.0
coach_season,2022,Kevin Stefanski,CLE,m3_cases,0.0
coach_season,2022,Kevin Stefanski,CLE,m3_decisive_games,1.0
coach_season,2022,Kevin Stefanski,CLE,m3_seconds_wasted,0.0
coach_season,2022,Kliff Kingsbury,ARI,games,17.0
coach_season,2022,Kliff Kingsbury,ARI,m1_candidates,0.0
coach_season,2022,Kliff Kingsbury,ARI,m1_cases,0.0
coach_season,2022,Kliff Kingsbury,ARI,m1_timeouts_left,0.0
coach_season,2022,Kliff Kingsbury,ARI,m2_candidates,0.0
coach_season,2022,Kliff Kingsbury,ARI,m2_cases,0.0
coach_season,2022,Kliff Kingsbury,ARI,m2_ep_left,0.0
coach_season,2022,Kliff Kingsbury,ARI,m2_wp_left,0.0
coach_season,2022,Kliff Kingsbury,ARI,m3_cases,0.0
coach_season,2022,Kliff Kingsbury,ARI,m3_decisive_games,0.0
coach_season,2022,Kliff Kingsbury,ARI,m3_seconds_wasted,0.0
coach_season,2022,Kyle Shanahan,SF,games,20.0
coach_season,2022,Kyle Shanahan,SF,m1_candidates,0.0
coach_season,2022,Kyle Shanahan,SF,m1_cases,0.0
coach_season,2022,Kyle Shanahan,SF,m1_timeouts_left,0.0
coach_season,2022,Kyle Shanahan,SF,m2_candidates,0.0
coach_season,2022,Kyle Shanahan,SF,m2_cases,0.0
coach_season,2022,Kyle Shanahan,SF,m2_ep_left,0.0
coach_season,2022,Kyle Shanahan,SF,m2_wp_left,0.0
coach_season,2022,Kyle Shanahan,SF,m3_cases,0.0
coach_season,2022,Kyle Shanahan,SF,m3_decisive_games,0.0
coach_season,2022,Kyle Shanahan,SF,m3_seconds_wasted,0.0
coach_season,2022,Lovie Smith,HOU,games,17.0
coach_season,2022,Lovie Smith,HOU,m1_candidates,0.0
coach_season,2022,Lovie Smith,HOU,m1_cases,0.0
coach_season,2022,Lovie Smith,HOU,m1_timeouts_left,0.0
coach_season,2022,Lovie Smith,HOU,m2_candidates,0.0
coach_season,2022,Lovie Smith,HOU,m2_cases,0.0
coach_season,2022,Lovie Smith,HOU,m2_ep_left,0.0
coach_season,2022,Lovie Smith,HOU,m2_wp_left,0.0
coach_season,2022,Lovie Smith,HOU,m3_cases,0.0
coach_season,2022,Lovie Smith,HOU,m3_decisive_games,1.0
coach_season,2022,Lovie Smith,HOU,m3_seconds_wasted,0.0
coach_season,2022,Matt Eberflus,CHI,games,17.0
coach_season,2022,Matt Eberflus,CHI,m1_candidates,2.0
coach_season,2022,Matt Eberflus,CHI,m1_cases,0.0
coach_season,2022,Matt Eberflus,CHI,m1_timeouts_left,0.0
coach_season,2022,Matt Eberflus,CHI,m2_candidates,0.0
coach_season,2022,Matt Eberflus,CHI,m2_cases,0.0
coach_season,2022,Matt Eberflus,CHI,m2_ep_left,0.0
coach_season,2022,Matt Eberflus,CHI,m2_wp_left,0.0
coach_season,2022,Matt Eberflus,CHI,m3_cases,0.0
coach_season,2022,Matt Eberflus,CHI,m3_decisive_games,3.0
coach_season,2022,Matt Eberflus,CHI,m3_seconds_wasted,0.0
coach_season,2022,Matt LaFleur,GB,games,17.0
coach_season,2022,Matt LaFleur,GB,m1_candidates,1.0
coach_season,2022,Matt LaFleur,GB,m1_cases,1.0
coach_season,2022,Matt LaFleur,GB,m1_timeouts_left,1.0
coach_season,2022,Matt LaFleur,GB,m2_candidates,1.0
coach_season,2022,Matt LaFleur,GB,m2_cases,0.0
coach_season,2022,Matt LaFleur,GB,m2_ep_left,0.0
coach_season,2022,Matt LaFleur,GB,m2_wp_left,0.0
coach_season,2022,Matt LaFleur,GB,m3_cases,0.0
coach_season,2022,Matt LaFleur,GB,m3_decisive_games,2.0
coach_season,2022,Matt LaFleur,GB,m3_seconds_wasted,0.0
coach_season,2022,Matt Rhule,CAR,games,5.0
coach_season,2022,Matt Rhule,CAR,m1_candidates,0.0
coach_season,2022,Matt Rhule,CAR,m1_cases,0.0
coach_season,2022,Matt Rhule,CAR,m1_timeouts_left,0.0
coach_season,2022,Matt Rhule,CAR,m2_candidates,0.0
coach_season,2022,Matt Rhule,CAR,m2_cases,0.0
coach_season,2022,Matt Rhule,CAR,m2_ep_left,0.0
coach_season,2022,Matt Rhule,CAR,m2_wp_left,0.0
coach_season,2022,Matt Rhule,CAR,m3_cases,0.0
coach_season,2022,Matt Rhule,CAR,m3_decisive_games,1.0
coach_season,2022,Matt Rhule,CAR,m3_seconds_wasted,0.0
coach_season,2022,Mike McCarthy,DAL,games,19.0
coach_season,2022,Mike McCarthy,DAL,m1_candidates,0.0
coach_season,2022,Mike McCarthy,DAL,m1_cases,0.0
coach_season,2022,Mike McCarthy,DAL,m1_timeouts_left,0.0
coach_season,2022,Mike McCarthy,DAL,m2_candidates,0.0
coach_season,2022,Mike McCarthy,DAL,m2_cases,0.0
coach_season,2022,Mike McCarthy,DAL,m2_ep_left,0.0
coach_season,2022,Mike McCarthy,DAL,m2_wp_left,0.0
coach_season,2022,Mike McCarthy,DAL,m3_cases,0.0
coach_season,2022,Mike McCarthy,DAL,m3_decisive_games,1.0
coach_season,2022,Mike McCarthy,DAL,m3_seconds_wasted,0.0
coach_season,2022,Mike McDaniel,MIA,games,18.0
coach_season,2022,Mike McDaniel,MIA,m1_candidates,0.0
coach_season,2022,Mike McDaniel,MIA,m1_cases,0.0
coach_season,2022,Mike McDaniel,MIA,m1_timeouts_left,0.0
coach_season,2022,Mike McDaniel,MIA,m2_candidates,0.0
coach_season,2022,Mike McDaniel,MIA,m2_cases,0.0
coach_season,2022,Mike McDaniel,MIA,m2_ep_left,0.0
coach_season,2022,Mike McDaniel,MIA,m2_wp_left,0.0
coach_season,2022,Mike McDaniel,MIA,m3_cases,0.0
coach_season,2022,Mike McDaniel,MIA,m3_decisive_games,0.0
coach_season,2022,Mike McDaniel,MIA,m3_seconds_wasted,0.0
coach_season,2022,Mike Tomlin,PIT,games,17.0
coach_season,2022,Mike Tomlin,PIT,m1_candidates,0.0
coach_season,2022,Mike Tomlin,PIT,m1_cases,0.0
coach_season,2022,Mike Tomlin,PIT,m1_timeouts_left,0.0
coach_season,2022,Mike Tomlin,PIT,m2_candidates,1.0
coach_season,2022,Mike Tomlin,PIT,m2_cases,0.0
coach_season,2022,Mike Tomlin,PIT,m2_ep_left,0.0
coach_season,2022,Mike Tomlin,PIT,m2_wp_left,0.0
coach_season,2022,Mike Tomlin,PIT,m3_cases,0.0
coach_season,2022,Mike Tomlin,PIT,m3_decisive_games,2.0
coach_season,2022,Mike Tomlin,PIT,m3_seconds_wasted,0.0
coach_season,2022,Mike Vrabel,TEN,games,17.0
coach_season,2022,Mike Vrabel,TEN,m1_candidates,1.0
coach_season,2022,Mike Vrabel,TEN,m1_cases,1.0
coach_season,2022,Mike Vrabel,TEN,m1_timeouts_left,1.0
coach_season,2022,Mike Vrabel,TEN,m2_candidates,0.0
coach_season,2022,Mike Vrabel,TEN,m2_cases,0.0
coach_season,2022,Mike Vrabel,TEN,m2_ep_left,0.0
coach_season,2022,Mike Vrabel,TEN,m2_wp_left,0.0
coach_season,2022,Mike Vrabel,TEN,m3_cases,1.0
coach_season,2022,Mike Vrabel,TEN,m3_decisive_games,2.0
coach_season,2022,Mike Vrabel,TEN,m3_seconds_wasted,43.0
coach_season,2022,Nathaniel Hackett,DEN,games,15.0
coach_season,2022,Nathaniel Hackett,DEN,m1_candidates,0.0
coach_season,2022,Nathaniel Hackett,DEN,m1_cases,0.0
coach_season,2022,Nathaniel Hackett,DEN,m1_timeouts_left,0.0
coach_season,2022,Nathaniel Hackett,DEN,m2_candidates,0.0
coach_season,2022,Nathaniel Hackett,DEN,m2_cases,0.0
coach_season,2022,Nathaniel Hackett,DEN,m2_ep_left,0.0
coach_season,2022,Nathaniel Hackett,DEN,m2_wp_left,0.0
coach_season,2022,Nathaniel Hackett,DEN,m3_cases,0.0
coach_season,2022,Nathaniel Hackett,DEN,m3_decisive_games,1.0
coach_season,2022,Nathaniel Hackett,DEN,m3_seconds_wasted,0.0
coach_season,2022,Nick Sirianni,PHI,games,20.0
coach_season,2022,Nick Sirianni,PHI,m1_candidates,0.0
coach_season,2022,Nick Sirianni,PHI,m1_cases,0.0
coach_season,2022,Nick Sirianni,PHI,m1_timeouts_left,0.0
coach_season,2022,Nick Sirianni,PHI,m2_candidates,0.0
coach_season,2022,Nick Sirianni,PHI,m2_cases,0.0
coach_season,2022,Nick Sirianni,PHI,m2_ep_left,0.0
coach_season,2022,Nick Sirianni,PHI,m2_wp_left,0.0
coach_season,2022,Nick Sirianni,PHI,m3_cases,0.0
coach_season,2022,Nick Sirianni,PHI,m3_decisive_games,1.0
coach_season,2022,Nick Sirianni,PHI,m3_seconds_wasted,0.0
coach_season,2022,Pete Carroll,SEA,games,18.0
coach_season,2022,Pete Carroll,SEA,m1_candidates,1.0
coach_season,2022,Pete Carroll,SEA,m1_cases,0.0
coach_season,2022,Pete Carroll,SEA,m1_timeouts_left,0.0
coach_season,2022,Pete Carroll,SEA,m2_candidates,0.0
coach_season,2022,Pete Carroll,SEA,m2_cases,0.0
coach_season,2022,Pete Carroll,SEA,m2_ep_left,0.0
coach_season,2022,Pete Carroll,SEA,m2_wp_left,0.0
coach_season,2022,Pete Carroll,SEA,m3_cases,0.0
coach_season,2022,Pete Carroll,SEA,m3_decisive_games,1.0
coach_season,2022,Pete Carroll,SEA,m3_seconds_wasted,0.0
coach_season,2022,Robert Saleh,NYJ,games,17.0
coach_season,2022,Robert Saleh,NYJ,m1_candidates,0.0
coach_season,2022,Robert Saleh,NYJ,m1_cases,0.0
coach_season,2022,Robert Saleh,NYJ,m1_timeouts_left,0.0
coach_season,2022,Robert Saleh,NYJ,m2_candidates,0.0
coach_season,2022,Robert Saleh,NYJ,m2_cases,0.0
coach_season,2022,Robert Saleh,NYJ,m2_ep_left,0.0
coach_season,2022,Robert Saleh,NYJ,m2_wp_left,0.0
coach_season,2022,Robert Saleh,NYJ,m3_cases,0.0
coach_season,2022,Robert Saleh,NYJ,m3_decisive_games,2.0
coach_season,2022,Robert Saleh,NYJ,m3_seconds_wasted,0.0
coach_season,2022,Ron Rivera,WAS,games,17.0
coach_season,2022,Ron Rivera,WAS,m1_candidates,0.0
coach_season,2022,Ron Rivera,WAS,m1_cases,0.0
coach_season,2022,Ron Rivera,WAS,m1_timeouts_left,0.0
coach_season,2022,Ron Rivera,WAS,m2_candidates,0.0
coach_season,2022,Ron Rivera,WAS,m2_cases,0.0
coach_season,2022,Ron Rivera,WAS,m2_ep_left,0.0
coach_season,2022,Ron Rivera,WAS,m2_wp_left,0.0
coach_season,2022,Ron Rivera,WAS,m3_cases,0.0
coach_season,2022,Ron Rivera,WAS,m3_decisive_games,0.0
coach_season,2022,Ron Rivera,WAS,m3_seconds_wasted,0.0
coach_season,2022,Sean McDermott,BUF,games,18.0
coach_season,2022,Sean McDermott,BUF,m1_candidates,0.0
coach_season,2022,Sean McDermott,BUF,m1_cases,0.0
coach_season,2022,Sean McDermott,BUF,m1_timeouts_left,0.0
coach_season,2022,Sean McDermott,BUF,m2_candidates,0.0
coach_season,2022,Sean McDermott,BUF,m2_cases,0.0
coach_season,2022,Sean McDermott,BUF,m2_ep_left,0.0
coach_season,2022,Sean McDermott,BUF,m2_wp_left,0.0
coach_season,2022,Sean McDermott,BUF,m3_cases,0.0
coach_season,2022,Sean McDermott,BUF,m3_decisive_games,1.0
coach_season,2022,Sean McDermott,BUF,m3_seconds_wasted,0.0
coach_season,2022,Sean McVay,LA,games,17.0
coach_season,2022,Sean McVay,LA,m1_candidates,0.0
coach_season,2022,Sean McVay,LA,m1_cases,0.0
coach_season,2022,Sean McVay,LA,m1_timeouts_left,0.0
coach_season,2022,Sean McVay,LA,m2_candidates,1.0
coach_season,2022,Sean McVay,LA,m2_cases,0.0
coach_season,2022,Sean McVay,LA,m2_ep_left,0.0
coach_season,2022,Sean McVay,LA,m2_wp_left,0.0
coach_season,2022,Sean McVay,LA,m3_cases,0.0
coach_season,2022,Sean McVay,LA,m3_decisive_games,0.0
coach_season,2022,Sean McVay,LA,m3_seconds_wasted,0.0
coach_season,2022,Steve Wilks,CAR,games,12.0
coach_season,2022,Steve Wilks,CAR,m1_candidates,0.0
coach_season,2022,Steve Wilks,CAR,m1_cases,0.0
coach_season,2022,Steve Wilks,CAR,m1_timeouts_left,0.0
coach_season,2022,Steve Wilks,CAR,m2_candidates,0.0
coach_season,2022,Steve Wilks,CAR,m2_cases,0.0
coach_season,2022,Steve Wilks,CAR,m2_ep_left,0.0
coach_season,2022,Steve Wilks,CAR,m2_wp_left,0.0
coach_season,2022,Steve Wilks,CAR,m3_cases,0.0
coach_season,2022,Steve Wilks,CAR,m3_decisive_games,2.0
coach_season,2022,Steve Wilks,CAR,m3_seconds_wasted,0.0
coach_season,2022,Todd Bowles,TB,games,18.0
coach_season,2022,Todd Bowles,TB,m1_candidates,0.0
coach_season,2022,Todd Bowles,TB,m1_cases,0.0
coach_season,2022,Todd Bowles,TB,m1_timeouts_left,0.0
coach_season,2022,Todd Bowles,TB,m2_candidates,1.0
coach_season,2022,Todd Bowles,TB,m2_cases,0.0
coach_season,2022,Todd Bowles,TB,m2_ep_left,0.0
coach_season,2022,Todd Bowles,TB,m2_wp_left,0.0
coach_season,2022,Todd Bowles,TB,m3_cases,0.0
coach_season,2022,Todd Bowles,TB,m3_decisive_games,1.0
coach_season,2022,Todd Bowles,TB,m3_seconds_wasted,0.0
coach_season,2022,Zac Taylor,CIN,games,19.0
coach_season,2022,Zac Taylor,CIN,m1_candidates,0.0
coach_season,2022,Zac Taylor,CIN,m1_cases,0.0
coach_season,2022,Zac Taylor,CIN,m1_timeouts_left,0.0
coach_season,2022,Zac Taylor,CIN,m2_candidates,0.0
coach_season,2022,Zac Taylor,CIN,m2_cases,0.0
coach_season,2022,Zac Taylor,CIN,m2_ep_left,0.0
coach_season,2022,Zac Taylor,CIN,m2_wp_left,0.0
coach_season,2022,Zac Taylor,CIN,m3_cases,0.0
coach_season,2022,Zac Taylor,CIN,m3_decisive_games,1.0
coach_season,2022,Zac Taylor,CIN,m3_seconds_wasted,0.0
coach_season,2023,Andy Reid,KC,games,21.0
coach_season,2023,Andy Reid,KC,m1_candidates,0.0
coach_season,2023,Andy Reid,KC,m1_cases,0.0
coach_season,2023,Andy Reid,KC,m1_timeouts_left,0.0
coach_season,2023,Andy Reid,KC,m2_candidates,0.0
coach_season,2023,Andy Reid,KC,m2_cases,0.0
coach_season,2023,Andy Reid,KC,m2_ep_left,0.0
coach_season,2023,Andy Reid,KC,m2_wp_left,0.0
coach_season,2023,Andy Reid,KC,m3_cases,0.0
coach_season,2023,Andy Reid,KC,m3_decisive_games,1.0
coach_season,2023,Andy Reid,KC,m3_seconds_wasted,0.0
coach_season,2023,Antonio Pierce,LV,games,9.0
coach_season,2023,Antonio Pierce,LV,m1_candidates,0.0
coach_season,2023,Antonio Pierce,LV,m1_cases,0.0
coach_season,2023,Antonio Pierce,LV,m1_timeouts_left,0.0
coach_season,2023,Antonio Pierce,LV,m2_candidates,0.0
coach_season,2023,Antonio Pierce,LV,m2_cases,0.0
coach_season,2023,Antonio Pierce,LV,m2_ep_left,0.0
coach_season,2023,Antonio Pierce,LV,m2_wp_left,0.0
coach_season,2023,Antonio Pierce,LV,m3_cases,0.0
coach_season,2023,Antonio Pierce,LV,m3_decisive_games,1.0
coach_season,2023,Antonio Pierce,LV,m3_seconds_wasted,0.0
coach_season,2023,Arthur Smith,ATL,games,17.0
coach_season,2023,Arthur Smith,ATL,m1_candidates,0.0
coach_season,2023,Arthur Smith,ATL,m1_cases,0.0
coach_season,2023,Arthur Smith,ATL,m1_timeouts_left,0.0
coach_season,2023,Arthur Smith,ATL,m2_candidates,0.0
coach_season,2023,Arthur Smith,ATL,m2_cases,0.0
coach_season,2023,Arthur Smith,ATL,m2_ep_left,0.0
coach_season,2023,Arthur Smith,ATL,m2_wp_left,0.0
coach_season,2023,Arthur Smith,ATL,m3_cases,0.0
coach_season,2023,Arthur Smith,ATL,m3_decisive_games,0.0
coach_season,2023,Arthur Smith,ATL,m3_seconds_wasted,0.0
coach_season,2023,Bill Belichick,NE,games,17.0
coach_season,2023,Bill Belichick,NE,m1_candidates,1.0
coach_season,2023,Bill Belichick,NE,m1_cases,0.0
coach_season,2023,Bill Belichick,NE,m1_timeouts_left,0.0
coach_season,2023,Bill Belichick,NE,m2_candidates,1.0
coach_season,2023,Bill Belichick,NE,m2_cases,0.0
coach_season,2023,Bill Belichick,NE,m2_ep_left,0.0
coach_season,2023,Bill Belichick,NE,m2_wp_left,0.0
coach_season,2023,Bill Belichick,NE,m3_cases,0.0
coach_season,2023,Bill Belichick,NE,m3_decisive_games,1.0
coach_season,2023,Bill Belichick,NE,m3_seconds_wasted,0.0
coach_season,2023,Brandon Staley,LAC,games,14.0
coach_season,2023,Brandon Staley,LAC,m1_candidates,0.0
coach_season,2023,Brandon Staley,LAC,m1_cases,0.0
coach_season,2023,Brandon Staley,LAC,m1_timeouts_left,0.0
coach_season,2023,Brandon Staley,LAC,m2_candidates,0.0
coach_season,2023,Brandon Staley,LAC,m2_cases,0.0
coach_season,2023,Brandon Staley,LAC,m2_ep_left,0.0
coach_season,2023,Brandon Staley,LAC,m2_wp_left,0.0
coach_season,2023,Brandon Staley,LAC,m3_cases,0.0
coach_season,2023,Brandon Staley,LAC,m3_decisive_games,2.0
coach_season,2023,Brandon Staley,LAC,m3_seconds_wasted,0.0
coach_season,2023,Brian Daboll,NYG,games,17.0
coach_season,2023,Brian Daboll,NYG,m1_candidates,0.0
coach_season,2023,Brian Daboll,NYG,m1_cases,0.0
coach_season,2023,Brian Daboll,NYG,m1_timeouts_left,0.0
coach_season,2023,Brian Daboll,NYG,m2_candidates,0.0
coach_season,2023,Brian Daboll,NYG,m2_cases,0.0
coach_season,2023,Brian Daboll,NYG,m2_ep_left,0.0
coach_season,2023,Brian Daboll,NYG,m2_wp_left,0.0
coach_season,2023,Brian Daboll,NYG,m3_cases,0.0
coach_season,2023,Brian Daboll,NYG,m3_decisive_games,1.0
coach_season,2023,Brian Daboll,NYG,m3_seconds_wasted,0.0
coach_season,2023,Chris Tabor,CAR,games,6.0
coach_season,2023,Chris Tabor,CAR,m1_candidates,0.0
coach_season,2023,Chris Tabor,CAR,m1_cases,0.0
coach_season,2023,Chris Tabor,CAR,m1_timeouts_left,0.0
coach_season,2023,Chris Tabor,CAR,m2_candidates,0.0
coach_season,2023,Chris Tabor,CAR,m2_cases,0.0
coach_season,2023,Chris Tabor,CAR,m2_ep_left,0.0
coach_season,2023,Chris Tabor,CAR,m2_wp_left,0.0
coach_season,2023,Chris Tabor,CAR,m3_cases,0.0
coach_season,2023,Chris Tabor,CAR,m3_decisive_games,0.0
coach_season,2023,Chris Tabor,CAR,m3_seconds_wasted,0.0
coach_season,2023,Dan Campbell,DET,games,20.0
coach_season,2023,Dan Campbell,DET,m1_candidates,1.0
coach_season,2023,Dan Campbell,DET,m1_cases,0.0
coach_season,2023,Dan Campbell,DET,m1_timeouts_left,0.0
coach_season,2023,Dan Campbell,DET,m2_candidates,0.0
coach_season,2023,Dan Campbell,DET,m2_cases,0.0
coach_season,2023,Dan Campbell,DET,m2_ep_left,0.0
coach_season,2023,Dan Campbell,DET,m2_wp_left,0.0
coach_season,2023,Dan Campbell,DET,m3_cases,0.0
coach_season,2023,Dan Campbell,DET,m3_decisive_games,2.0
coach_season,2023,Dan Campbell,DET,m3_seconds_wasted,0.0
coach_season,2023,DeMeco Ryans,HOU,games,19.0
coach_season,2023,DeMeco Ryans,HOU,m1_candidates,0.0
coach_season,2023,DeMeco Ryans,HOU,m1_cases,0.0
coach_season,2023,DeMeco Ryans,HOU,m1_timeouts_left,0.0
coach_season,2023,DeMeco Ryans,HOU,m2_candidates,0.0
coach_season,2023,DeMeco Ryans,HOU,m2_cases,0.0
coach_season,2023,DeMeco Ryans,HOU,m2_ep_left,0.0
coach_season,2023,DeMeco Ryans,HOU,m2_wp_left,0.0
coach_season,2023,DeMeco Ryans,HOU,m3_cases,0.0
coach_season,2023,DeMeco Ryans,HOU,m3_decisive_games,0.0
coach_season,2023,DeMeco Ryans,HOU,m3_seconds_wasted,0.0
coach_season,2023,Dennis Allen,NO,games,17.0
coach_season,2023,Dennis Allen,NO,m1_candidates,0.0
coach_season,2023,Dennis Allen,NO,m1_cases,0.0
coach_season,2023,Dennis Allen,NO,m1_timeouts_left,0.0
coach_season,2023,Dennis Allen,NO,m2_candidates,0.0
coach_season,2023,Dennis Allen,NO,m2_cases,0.0
coach_season,2023,Dennis Allen,NO,m2_ep_left,0.0
coach_season,2023,Dennis Allen,NO,m2_wp_left,0.0
coach_season,2023,Dennis Allen,NO,m3_cases,0.0
coach_season,2023,Dennis Allen,NO,m3_decisive_games,1.0
coach_season,2023,Dennis Allen,NO,m3_seconds_wasted,0.0
coach_season,2023,Doug Pederson,JAX,games,17.0
coach_season,2023,Doug Pederson,JAX,m1_candidates,1.0
coach_season,2023,Doug Pederson,JAX,m1_cases,0.0
coach_season,2023,Doug Pederson,JAX,m1_timeouts_left,0.0
coach_season,2023,Doug Pederson,JAX,m2_candidates,0.0
coach_season,2023,Doug Pederson,JAX,m2_cases,0.0
coach_season,2023,Doug Pederson,JAX,m2_ep_left,0.0
coach_season,2023,Doug Pederson,JAX,m2_wp_left,0.0
coach_season,2023,Doug Pederson,JAX,m3_cases,0.0
coach_season,2023,Doug Pederson,JAX,m3_decisive_games,1.0
coach_season,2023,Doug Pederson,JAX,m3_seconds_wasted,0.0
coach_season,2023,Frank Reich,CAR,games,11.0
coach_season,2023,Frank Reich,CAR,m1_candidates,3.0
coach_season,2023,Frank Reich,CAR,m1_cases,0.0
coach_season,2023,Frank Reich,CAR,m1_timeouts_left,0.0
coach_season,2023,Frank Reich,CAR,m2_candidates,0.0
coach_season,2023,Frank Reich,CAR,m2_cases,0.0
coach_season,2023,Frank Reich,CAR,m2_ep_left,0.0
coach_season,2023,Frank Reich,CAR,m2_wp_left,0.0
coach_season,2023,Frank Reich,CAR,m3_cases,0.0
coach_season,2023,Frank Reich,CAR,m3_decisive_games,2.0
coach_season,2023,Frank Reich,CAR,m3_seconds_wasted,0.0
coach_season,2023,Giff Smith,LAC,games,3.0
coach_season,2023,Giff Smith,LAC,m1_candidates,0.0
coach_season,2023,Giff Smith,LAC,m1_cases,0.0
coach_season,2023,Giff Smith,LAC,m1_timeouts_left,0.0
coach_season,2023,Giff Smith,LAC,m2_candidates,0.0
coach_season,2023,Giff Smith,LAC,m2_cases,0.0
coach_season,2023,Giff Smith,LAC,m2_ep_left,0.0
coach_season,2023,Giff Smith,LAC,m2_wp_left,0.0
coach_season,2023,Giff Smith,LAC,m3_cases,0.0
coach_season,2023,Giff Smith,LAC,m3_decisive_games,0.0
coach_season,2023,Giff Smith,LAC,m3_seconds_wasted,0.0
coach_season,2023,John Harbaugh,BAL,games,19.0
coach_season,2023,John Harbaugh,BAL,m1_candidates,0.0
coach_season,2023,John Harbaugh,BAL,m1_cases,0.0
coach_season,2023,John Harbaugh,BAL,m1_timeouts_left,0.0
coach_season,2023,John Harbaugh,BAL,m2_candidates,0.0
coach_season,2023,John Harbaugh,BAL,m2_cases,0.0
coach_season,2023,John Harbaugh,BAL,m2_ep_left,0.0
coach_season,2023,John Harbaugh,BAL,m2_wp_left,0.0
coach_season,2023,John Harbaugh,BAL,m3_cases,0.0
coach_season,2023,John Harbaugh,BAL,m3_decisive_games,1.0
coach_season,2023,John Harbaugh,BAL,m3_seconds_wasted,0.0
coach_season,2023,Jonathan Gannon,ARI,games,17.0
coach_season,2023,Jonathan Gannon,ARI,m1_candidates,1.0
coach_season,2023,Jonathan Gannon,ARI,m1_cases,0.0
coach_season,2023,Jonathan Gannon,ARI,m1_timeouts_left,0.0
coach_season,2023,Jonathan Gannon,ARI,m2_candidates,0.0
coach_season,2023,Jonathan Gannon,ARI,m2_cases,0.0
coach_season,2023,Jonathan Gannon,ARI,m2_ep_left,0.0
coach_season,2023,Jonathan Gannon,ARI,m2_wp_left,0.0
coach_season,2023,Jonathan Gannon,ARI,m3_cases,0.0
coach_season,2023,Jonathan Gannon,ARI,m3_decisive_games,2.0
coach_season,2023,Jonathan Gannon,ARI,m3_seconds_wasted,0.0
coach_season,2023,Josh McDaniels,LV,games,8.0
coach_season,2023,Josh McDaniels,LV,m1_candidates,0.0
coach_season,2023,Josh McDaniels,LV,m1_cases,0.0
coach_season,2023,Josh McDaniels,LV,m1_timeouts_left,0.0
coach_season,2023,Josh McDaniels,LV,m2_candidates,0.0
coach_season,2023,Josh McDaniels,LV,m2_cases,0.0
coach_season,2023,Josh McDaniels,LV,m2_ep_left,0.0
coach_season,2023,Josh McDaniels,LV,m2_wp_left,0.0
coach_season,2023,Josh McDaniels,LV,m3_cases,0.0
coach_season,2023,Josh McDaniels,LV,m3_decisive_games,1.0
coach_season,2023,Josh McDaniels,LV,m3_seconds_wasted,0.0
coach_season,2023,Kevin O'Connell,MIN,games,17.0
coach_season,2023,Kevin O'Connell,MIN,m1_candidates,0.0
coach_season,2023,Kevin O'Connell,MIN,m1_cases,0.0
coach_season,2023,Kevin O'Connell,MIN,m1_timeouts_left,0.0
coach_season,2023,Kevin O'Connell,MIN,m2_candidates,0.0
coach_season,2023,Kevin O'Connell,MIN,m2_cases,0.0
coach_season,2023,Kevin O'Connell,MIN,m2_ep_left,0.0
coach_season,2023,Kevin O'Connell,MIN,m2_wp_left,0.0
coach_season,2023,Kevin O'Connell,MIN,m3_cases,0.0
coach_season,2023,Kevin O'Connell,MIN,m3_decisive_games,1.0
coach_season,2023,Kevin O'Connell,MIN,m3_seconds_wasted,0.0
coach_season,2023,Kevin Stefanski,CLE,games,18.0
coach_season,2023,Kevin Stefanski,CLE,m1_candidates,0.0
coach_season,2023,Kevin Stefanski,CLE,m1_cases,0.0
coach_season,2023,Kevin Stefanski,CLE,m1_timeouts_left,0.0
coach_season,2023,Kevin Stefanski,CLE,m2_candidates,0.0
coach_season,2023,Kevin Stefanski,CLE,m2_cases,0.0
coach_season,2023,Kevin Stefanski,CLE,m2_ep_left,0.0
coach_season,2023,Kevin Stefanski,CLE,m2_wp_left,0.0
coach_season,2023,Kevin Stefanski,CLE,m3_cases,0.0
coach_season,2023,Kevin Stefanski,CLE,m3_decisive_games,0.0
coach_season,2023,Kevin Stefanski,CLE,m3_seconds_wasted,0.0
coach_season,2023,Kyle Shanahan,SF,games,20.0
coach_season,2023,Kyle Shanahan,SF,m1_candidates,0.0
coach_season,2023,Kyle Shanahan,SF,m1_cases,0.0
coach_season,2023,Kyle Shanahan,SF,m1_timeouts_left,0.0
coach_season,2023,Kyle Shanahan,SF,m2_candidates,0.0
coach_season,2023,Kyle Shanahan,SF,m2_cases,0.0
coach_season,2023,Kyle Shanahan,SF,m2_ep_left,0.0
coach_season,2023,Kyle Shanahan,SF,m2_wp_left,0.0
coach_season,2023,Kyle Shanahan,SF,m3_cases,0.0
coach_season,2023,Kyle Shanahan,SF,m3_decisive_games,0.0
coach_season,2023,Kyle Shanahan,SF,m3_seconds_wasted,0.0
coach_season,2023,Matt Eberflus,CHI,games,17.0
coach_season,2023,Matt Eberflus,CHI,m1_candidates,1.0
coach_season,2023,Matt Eberflus,CHI,m1_cases,0.0
coach_season,2023,Matt Eberflus,CHI,m1_timeouts_left,0.0
coach_season,2023,Matt Eberflus,CHI,m2_candidates,0.0
coach_season,2023,Matt Eberflus,CHI,m2_cases,0.0
coach_season,2023,Matt Eberflus,CHI,m2_ep_left,0.0
coach_season,2023,Matt Eberflus,CHI,m2_wp_left,0.0
coach_season,2023,Matt Eberflus,CHI,m3_cases,0.0
coach_season,2023,Matt Eberflus,CHI,m3_decisive_games,1.0
coach_season,2023,Matt Eberflus,CHI,m3_seconds_wasted,0.0
coach_season,2023,Matt LaFleur,GB,games,19.0
coach_season,2023,Matt LaFleur,GB,m1_candidates,1.0
coach_season,2023,Matt LaFleur,GB,m1_cases,0.0
coach_season,2023,Matt LaFleur,GB,m1_timeouts_left,0.0
coach_season,2023,Matt LaFleur,GB,m2_candidates,0.0
coach_season,2023,Matt LaFleur,GB,m2_cases,0.0
coach_season,2023,Matt LaFleur,GB,m2_ep_left,0.0
coach_season,2023,Matt LaFleur,GB,m2_wp_left,0.0
coach_season,2023,Matt LaFleur,GB,m3_cases,0.0
coach_season,2023,Matt LaFleur,GB,m3_decisive_games,1.0
coach_season,2023,Matt LaFleur,GB,m3_seconds_wasted,0.0
coach_season,2023,Mike McCarthy,DAL,games,18.0
coach_season,2023,Mike McCarthy,DAL,m1_candidates,0.0
coach_season,2023,Mike McCarthy,DAL,m1_cases,0.0
coach_season,2023,Mike McCarthy,DAL,m1_timeouts_left,0.0
coach_season,2023,Mike McCarthy,DAL,m2_candidates,0.0
coach_season,2023,Mike McCarthy,DAL,m2_cases,0.0
coach_season,2023,Mike McCarthy,DAL,m2_ep_left,0.0
coach_season,2023,Mike McCarthy,DAL,m2_wp_left,0.0
coach_season,2023,Mike McCarthy,DAL,m3_cases,0.0
coach_season,2023,Mike McCarthy,DAL,m3_decisive_games,1.0
coach_season,2023,Mike McCarthy,DAL,m3_seconds_wasted,0.0
coach_season,2023,Mike McDaniel,MIA,games,18.0
coach_season,2023,Mike McDaniel,MIA,m1_candidates,0.0
coach_season,2023,Mike McDaniel,MIA,m1_cases,0.0
coach_season,2023,Mike McDaniel,MIA,m1_timeouts_left,0.0
coach_season,2023,Mike McDaniel,MIA,m2_candidates,0.0
coach_season,2023,Mike McDaniel,MIA,m2_cases,0.0
coach_season,2023,Mike McDaniel,MIA,m2_ep_left,0.0
coach_season,2023,Mike McDaniel,MIA,m2_wp_left,0.0
coach_season,2023,Mike McDaniel,MIA,m3_cases,0.0
coach_season,2023,Mike McDaniel,MIA,m3_decisive_games,0.0
coach_season,2023,Mike McDaniel,MIA,m3_seconds_wasted,0.0
coach_season,2023,Mike Tomlin,PIT,games,18.0
coach_season,2023,Mike Tomlin,PIT,m1_candidates,0.0
coach_season,2023,Mike Tomlin,PIT,m1_cases,0.0
coach_season,2023,Mike Tomlin,PIT,m1_timeouts_left,0.0
coach_season,2023,Mike Tomlin,PIT,m2_candidates,0.0
coach_season,2023,Mike Tomlin,PIT,m2_cases,0.0
coach_season,2023,Mike Tomlin,PIT,m2_ep_left,0.0
coach_season,2023,Mike Tomlin,PIT,m2_wp_left,0.0
coach_season,2023,Mike Tomlin,PIT,m3_cases,0.0
coach_season,2023,Mike Tomlin,PIT,m3_decisive_games,1.0
coach_season,2023,Mike Tomlin,PIT,m3_seconds_wasted,0.0
coach_season,2023,Mike Vrabel,TEN,games,17.0
coach_season,2023,Mike Vrabel,TEN,m1_candidates,1.0
coach_season,2023,Mike Vrabel,TEN,m1_cases,0.0
coach_season,2023,Mike Vrabel,TEN,m1_timeouts_left,0.0
coach_season,2023,Mike Vrabel,TEN,m2_candidates,0.0
coach_season,2023,Mike Vrabel,TEN,m2_cases,0.0
coach_season,2023,Mike Vrabel,TEN,m2_ep_left,0.0
coach_season,2023,Mike Vrabel,TEN,m2_wp_left,0.0
coach_season,2023,Mike Vrabel,TEN,m3_cases,0.0
coach_season,2023,Mike Vrabel,TEN,m3_decisive_games,2.0
coach_season,2023,Mike Vrabel,TEN,m3_seconds_wasted,0.0
coach_season,2023,Nick Sirianni,PHI,games,18.0
coach_season,2023,Nick Sirianni,PHI,m1_candidates,0.0
coach_season,2023,Nick Sirianni,PHI,m1_cases,0.0
coach_season,2023,Nick Sirianni,PHI,m1_timeouts_left,0.0
coach_season,2023,Nick Sirianni,PHI,m2_candidates,0.0
coach_season,2023,Nick Sirianni,PHI,m2_cases,0.0
coach_season,2023,Nick Sirianni,PHI,m2_ep_left,0.0
coach_season,2023,Nick Sirianni,PHI,m2_wp_left,0.0
coach_season,2023,Nick Sirianni,PHI,m3_cases,0.0
coach_season,2023,Nick Sirianni,PHI,m3_decisive_games,0.0
coach_season,2023,Nick Sirianni,PHI,m3_seconds_wasted,0.0
coach_season,2023,Pete Carroll,SEA,games,17.0
coach_season,2023,Pete Carroll,SEA,m1_candidates,1.0
coach_season,2023,Pete Carroll,SEA,m1_cases,0.0
coach_season,2023,Pete Carroll,SEA,m1_timeouts_left,0.0
coach_season,2023,Pete Carroll,SEA,m2_candidates,1.0
coach_season,2023,Pete Carroll,SEA,m2_cases,0.0
coach_season,2023,Pete Carroll,SEA,m2_ep_left,0.0
coach_season,2023,Pete Carroll,SEA,m2_wp_left,0.0
coach_season,2023,Pete Carroll,SEA,m3_cases,0.0
coach_season,2023,Pete Carroll,SEA,m3_decisive_games,2.0
coach_season,2023,Pete Carroll,SEA,m3_seconds_wasted,0.0
coach_season,2023,Robert Saleh,NYJ,games,17.0
coach_season,2023,Robert Saleh,NYJ,m1_candidates,0.0
coach_season,2023,Robert Saleh,NYJ,m1_cases,0.0
coach_season,2023,Robert Saleh,NYJ,m1_timeouts_left,0.0
coach_season,2023,Robert Saleh,NYJ,m2_candidates,0.0
coach_season,2023,Robert Saleh,NYJ,m2_cases,0.0
coach_season,2023,Robert Saleh,NYJ,m2_ep_left,0.0
coach_season,2023,Robert Saleh,NYJ,m2_wp_left,0.0
coach_season,2023,Robert Saleh,NYJ,m3_cases,0.0
coach_season,2023,Robert Saleh,NYJ,m3_decisive_games,3.0
coach_season,2023,Robert Saleh,NYJ,m3_seconds_wasted,0.0
coach_season,2023,Ron Rivera,WAS,games,17.0
coach_season,2023,Ron Rivera,WAS,m1_candidates,2.0
coach_season,2023,Ron Rivera,WAS,m1_cases,0.0
coach_season,2023,Ron Rivera,WAS,m1_timeouts_left,0.0
coach_season,2023,Ron Rivera,WAS,m2_candidates,0.0
coach_season,2023,Ron Rivera,WAS,m2_cases,0.0
coach_season,2023,Ron Rivera,WAS,m2_ep_left,0.0
coach_season,2023,Ron Rivera,WAS,m2_wp_left,0.0
coach_season,2023,Ron Rivera,WAS,m3_cases,0.0
coach_season,2023,Ron Rivera,WAS,m3_decisive_games,2.0
coach_season,2023,Ron Rivera,WAS,m3_seconds_wasted,0.0
coach_season,2023,Sean McDermott,BUF,games,19.0
coach_season,2023,Sean McDermott,BUF,m1_candidates,1.0
coach_season,2023,Sean McDermott,BUF,m1_cases,0.0
coach_season,2023,Sean McDermott,BUF,m1_timeouts_left,0.0
coach_season,2023,Sean McDermott,BUF,m2_candidates,0.0
coach_season,2023,Sean McDermott,BUF,m2_cases,0.0
coach_season,2023,Sean McDermott,BUF,m2_ep_left,0.0
coach_season,2023,Sean McDermott,BUF,m2_wp_left,0.0
coach_season,2023,Sean McDermott,BUF,m3_cases,0.0
coach_season,2023,Sean McDermott,BUF,m3_decisive_games,1.0
coach_season,2023,Sean McDermott,BUF,m3_seconds_wasted,0.0
coach_season,2023,Sean McVay,LA,games,18.0
coach_season,2023,Sean McVay,LA,m1_candidates,0.0
coach_season,2023,Sean McVay,LA,m1_cases,0.0
coach_season,2023,Sean McVay,LA,m1_timeouts_left,0.0
coach_season,2023,Sean McVay,LA,m2_candidates,0.0
coach_season,2023,Sean McVay,LA,m2_cases,0.0
coach_season,2023,Sean McVay,LA,m2_ep_left,0.0
coach_season,2023,Sean McVay,LA,m2_wp_left,0.0
coach_season,2023,Sean McVay,LA,m3_cases,0.0
coach_season,2023,Sean McVay,LA,m3_decisive_games,0.0
coach_season,2023,Sean McVay,LA,m3_seconds_wasted,0.0
coach_season,2023,Sean Payton,DEN,games,17.0
coach_season,2023,Sean Payton,DEN,m1_candidates,0.0
coach_season,2023,Sean Payton,DEN,m1_cases,0.0
coach_season,2023,Sean Payton,DEN,m1_timeouts_left,0.0
coach_season,2023,Sean Payton,DEN,m2_candidates,0.0
coach_season,2023,Sean Payton,DEN,m2_cases,0.0
coach_season,2023,Sean Payton,DEN,m2_ep_left,0.0
coach_season,2023,Sean Payton,DEN,m2_wp_left,0.0
coach_season,2023,Sean Payton,DEN,m3_cases,0.0
coach_season,2023,Sean Payton,DEN,m3_decisive_games,1.0
coach_season,2023,Sean Payton,DEN,m3_seconds_wasted,0.0
coach_season,2023,Shane Steichen,IND,games,17.0
coach_season,2023,Shane Steichen,IND,m1_candidates,1.0
coach_season,2023,Shane Steichen,IND,m1_cases,0.0
coach_season,2023,Shane Steichen,IND,m1_timeouts_left,0.0
coach_season,2023,Shane Steichen,IND,m2_candidates,1.0
coach_season,2023,Shane Steichen,IND,m2_cases,0.0
coach_season,2023,Shane Steichen,IND,m2_ep_left,0.0
coach_season,2023,Shane Steichen,IND,m2_wp_left,0.0
coach_season,2023,Shane Steichen,IND,m3_cases,0.0
coach_season,2023,Shane Steichen,IND,m3_decisive_games,2.0
coach_season,2023,Shane Steichen,IND,m3_seconds_wasted,0.0
coach_season,2023,Todd Bowles,TB,games,19.0
coach_season,2023,Todd Bowles,TB,m1_candidates,2.0
coach_season,2023,Todd Bowles,TB,m1_cases,2.0
coach_season,2023,Todd Bowles,TB,m1_timeouts_left,3.0
coach_season,2023,Todd Bowles,TB,m2_candidates,0.0
coach_season,2023,Todd Bowles,TB,m2_cases,0.0
coach_season,2023,Todd Bowles,TB,m2_ep_left,0.0
coach_season,2023,Todd Bowles,TB,m2_wp_left,0.0
coach_season,2023,Todd Bowles,TB,m3_cases,1.0
coach_season,2023,Todd Bowles,TB,m3_decisive_games,2.0
coach_season,2023,Todd Bowles,TB,m3_seconds_wasted,25.0
coach_season,2023,Zac Taylor,CIN,games,17.0
coach_season,2023,Zac Taylor,CIN,m1_candidates,0.0
coach_season,2023,Zac Taylor,CIN,m1_cases,0.0
coach_season,2023,Zac Taylor,CIN,m1_timeouts_left,0.0
coach_season,2023,Zac Taylor,CIN,m2_candidates,0.0
coach_season,2023,Zac Taylor,CIN,m2_cases,0.0
coach_season,2023,Zac Taylor,CIN,m2_ep_left,0.0
coach_season,2023,Zac Taylor,CIN,m2_wp_left,0.0
coach_season,2023,Zac Taylor,CIN,m3_cases,0.0
coach_season,2023,Zac Taylor,CIN,m3_decisive_games,0.0
coach_season,2023,Zac Taylor,CIN,m3_seconds_wasted,0.0
coach_season,2024,Andy Reid,KC,games,20.0
coach_season,2024,Andy Reid,KC,m1_candidates,0.0
coach_season,2024,Andy Reid,KC,m1_cases,0.0
coach_season,2024,Andy Reid,KC,m1_timeouts_left,0.0
coach_season,2024,Andy Reid,KC,m2_candidates,0.0
coach_season,2024,Andy Reid,KC,m2_cases,0.0
coach_season,2024,Andy Reid,KC,m2_ep_left,0.0
coach_season,2024,Andy Reid,KC,m2_wp_left,0.0
coach_season,2024,Andy Reid,KC,m3_cases,0.0
coach_season,2024,Andy Reid,KC,m3_decisive_games,0.0
coach_season,2024,Andy Reid,KC,m3_seconds_wasted,0.0
coach_season,2024,Antonio Pierce,LV,games,17.0
coach_season,2024,Antonio Pierce,LV,m1_candidates,0.0
coach_season,2024,Antonio Pierce,LV,m1_cases,0.0
coach_season,2024,Antonio Pierce,LV,m1_timeouts_left,0.0
coach_season,2024,Antonio Pierce,LV,m2_candidates,0.0
coach_season,2024,Antonio Pierce,LV,m2_cases,0.0
coach_season,2024,Antonio Pierce,LV,m2_ep_left,0.0
coach_season,2024,Antonio Pierce,LV,m2_wp_left,0.0
coach_season,2024,Antonio Pierce,LV,m3_cases,0.0
coach_season,2024,Antonio Pierce,LV,m3_decisive_games,1.0
coach_season,2024,Antonio Pierce,LV,m3_seconds_wasted,0.0
coach_season,2024,Brian Callahan,TEN,games,17.0
coach_season,2024,Brian Callahan,TEN,m1_candidates,0.0
coach_season,2024,Brian Callahan,TEN,m1_cases,0.0
coach_season,2024,Brian Callahan,TEN,m1_timeouts_left,0.0
coach_season,2024,Brian Callahan,TEN,m2_candidates,0.0
coach_season,2024,Brian Callahan,TEN,m2_cases,0.0
coach_season,2024,Brian Callahan,TEN,m2_ep_left,0.0
coach_season,2024,Brian Callahan,TEN,m2_wp_left,0.0
coach_season,2024,Brian Callahan,TEN,m3_cases,0.0
coach_season,2024,Brian Callahan,TEN,m3_decisive_games,4.0
coach_season,2024,Brian Callahan,TEN,m3_seconds_wasted,0.0
coach_season,2024,Brian Daboll,NYG,games,17.0
coach_season,2024,Brian Daboll,NYG,m1_candidates,1.0
coach_season,2024,Brian Daboll,NYG,m1_cases,0.0
coach_season,2024,Brian Daboll,NYG,m1_timeouts_left,0.0
coach_season,2024,Brian Daboll,NYG,m2_candidates,0.0
coach_season,2024,Brian Daboll,NYG,m2_cases,0.0
coach_season,2024,Brian Daboll,NYG,m2_ep_left,0.0
coach_season,2024,Brian Daboll,NYG,m2_wp_left,0.0
coach_season,2024,Brian Daboll,NYG,m3_cases,0.0
coach_season,2024,Brian Daboll,NYG,m3_decisive_games,3.0
coach_season,2024,Brian Daboll,NYG,m3_seconds_wasted,0.0
coach_season,2024,Dan Campbell,DET,games,18.0
coach_season,2024,Dan Campbell,DET,m1_candidates,0.0
coach_season,2024,Dan Campbell,DET,m1_cases,0.0
coach_season,2024,Dan Campbell,DET,m1_timeouts_left,0.0
coach_season,2024,Dan Campbell,DET,m2_candidates,0.0
coach_season,2024,Dan Campbell,DET,m2_cases,0.0
coach_season,2024,Dan Campbell,DET,m2_ep_left,0.0
coach_season,2024,Dan Campbell,DET,m2_wp_left,0.0
coach_season,2024,Dan Campbell,DET,m3_cases,0.0
coach_season,2024,Dan Campbell,DET,m3_decisive_games,1.0
coach_season,2024,Dan Campbell,DET,m3_seconds_wasted,0.0
coach_season,2024,Dan Quinn,WAS,games,20.0
coach_season,2024,Dan Quinn,WAS,m1_candidates,1.0
coach_season,2024,Dan Quinn,WAS,m1_cases,0.0
coach_season,2024,Dan Quinn,WAS,m1_timeouts_left,0.0
coach_season,2024,Dan Quinn,WAS,m2_candidates,0.0
coach_season,2024,Dan Quinn,WAS,m2_cases,0.0
coach_season,2024,Dan Quinn,WAS,m2_ep_left,0.0
coach_season,2024,Dan Quinn,WAS,m2_wp_left,0.0
coach_season,2024,Dan Quinn,WAS,m3_cases,0.0
coach_season,2024,Dan Quinn,WAS,m3_decisive_games,3.0
coach_season,2024,Dan Quinn,WAS,m3_seconds_wasted,0.0
coach_season,2024,Dave Canales,CAR,games,17.0
coach_season,2024,Dave Canales,CAR,m1_candidates,0.0
coach_season,2024,Dave Canales,CAR,m1_cases,0.0
coach_season,2024,Dave Canales,CAR,m1_timeouts_left,0.0
coach_season,2024,Dave Canales,CAR,m2_candidates,0.0
coach_season,2024,Dave Canales,CAR,m2_cases,0.0
coach_season,2024,Dave Canales,CAR,m2_ep_left,0.0
coach_season,2024,Dave Canales,CAR,m2_wp_left,0.0
coach_season,2024,Dave Canales,CAR,m3_cases,0.0
coach_season,2024,Dave Canales,CAR,m3_decisive_games,0.0
coach_season,2024,Dave Canales,CAR,m3_seconds_wasted,0.0
coach_season,2024,DeMeco Ryans,HOU,games,19.0
coach_season,2024,DeMeco Ryans,HOU,m1_candidates,0.0
coach_season,2024,DeMeco Ryans,HOU,m1_cases,0.0
coach_season,2024,DeMeco Ryans,HOU,m1_timeouts_left,0.0
coach_season,2024,DeMeco Ryans,HOU,m2_candidates,0.0
coach_season,2024,DeMeco Ryans,HOU,m2_cases,0.0
coach_season,2024,DeMeco Ryans,HOU,m2_ep_left,0.0
coach_season,2024,DeMeco Ryans,HOU,m2_wp_left,0.0
coach_season,2024,DeMeco Ryans,HOU,m3_cases,0.0
coach_season,2024,DeMeco Ryans,HOU,m3_decisive_games,1.0
coach_season,2024,DeMeco Ryans,HOU,m3_seconds_wasted,0.0
coach_season,2024,Dennis Allen,NO,games,17.0
coach_season,2024,Dennis Allen,NO,m1_candidates,1.0
coach_season,2024,Dennis Allen,NO,m1_cases,1.0
coach_season,2024,Dennis Allen,NO,m1_timeouts_left,1.0
coach_season,2024,Dennis Allen,NO,m2_candidates,0.0
coach_season,2024,Dennis Allen,NO,m2_cases,0.0
coach_season,2024,Dennis Allen,NO,m2_ep_left,0.0
coach_season,2024,Dennis Allen,NO,m2_wp_left,0.0
coach_season,2024,Dennis Allen,NO,m3_cases,0.0
coach_season,2024,Dennis Allen,NO,m3_decisive_games,0.0
coach_season,2024,Dennis Allen,NO,m3_seconds_wasted,0.0
coach_season,2024,Doug Pederson,JAX,games,17.0
coach_season,2024,Doug Pederson,JAX,m1_candidates,2.0
coach_season,2024,Doug Pederson,JAX,m1_cases,0.0
coach_season,2024,Doug Pederson,JAX,m1_timeouts_left,0.0
coach_season,2024,Doug Pederson,JAX,m2_candidates,0.0
coach_season,2024,Doug Pederson,JAX,m2_cases,0.0
coach_season,2024,Doug Pederson,JAX,m2_ep_left,0.0
coach_season,2024,Doug Pederson,JAX,m2_wp_left,0.0
coach_season,2024,Doug Pederson,JAX,m3_cases,0.0
coach_season,2024,Doug Pederson,JAX,m3_decisive_games,3.0
coach_season,2024,Doug Pederson,JAX,m3_seconds_wasted,0.0
coach_season,2024,Jerod Mayo,NE,games,17.0
coach_season,2024,Jerod Mayo,NE,m1_candidates,1.0
coach_season,2024,Jerod Mayo,NE,m1_cases,0.0
coach_season,2024,Jerod Mayo,NE,m1_timeouts_left,0.0
coach_season,2024,Jerod Mayo,NE,m2_candidates,1.0
coach_season,2024,Jerod Mayo,NE,m2_cases,0.0
coach_season,2024,Jerod Mayo,NE,m2_ep_left,0.0
coach_season,2024,Jerod Mayo,NE,m2_wp_left,0.0
coach_season,2024,Jerod Mayo,NE,m3_cases,0.0
coach_season,2024,Jerod Mayo,NE,m3_decisive_games,2.0
coach_season,2024,Jerod Mayo,NE,m3_seconds_wasted,0.0
coach_season,2024,Jim Harbaugh,LAC,games,18.0
coach_season,2024,Jim Harbaugh,LAC,m1_candidates,0.0
coach_season,2024,Jim Harbaugh,LAC,m1_cases,0.0
coach_season,2024,Jim Harbaugh,LAC,m1_timeouts_left,0.0
coach_season,2024,Jim Harbaugh,LAC,m2_candidates,0.0
coach_season,2024,Jim Harbaugh,LAC,m2_cases,0.0
coach_season,2024,Jim Harbaugh,LAC,m2_ep_left,0.0
coach_season,2024,Jim Harbaugh,LAC,m2_wp_left,0.0
coach_season,2024,Jim Harbaugh,LAC,m3_cases,0.0
coach_season,2024,Jim Harbaugh,LAC,m3_decisive_games,0.0
coach_season,2024,Jim Harbaugh,LAC,m3_seconds_wasted,0.0
coach_season,2024,John Harbaugh,BAL,games,19.0
coach_season,2024,John Harbaugh,BAL,m1_candidates,2.0
coach_season,2024,John Harbaugh,BAL,m1_cases,0.0
coach_season,2024,John Harbaugh,BAL,m1_timeouts_left,0.0
coach_season,2024,John Harbaugh,BAL,m2_candidates,1.0
coach_season,2024,John Harbaugh,BAL,m2_cases,0.0
coach_season,2024,John Harbaugh,BAL,m2_ep_left,0.0
coach_season,2024,John Harbaugh,BAL,m2_wp_left,0.0
coach_season,2024,John Harbaugh,BAL,m3_cases,0.0
coach_season,2024,John Harbaugh,BAL,m3_decisive_games,1.0
coach_season,2024,John Harbaugh,BAL,m3_seconds_wasted,0.0
coach_season,2024,Jonathan Gannon,ARI,games,17.0
coach_season,2024,Jonathan Gannon,ARI,m1_candidates,0.0
coach_season,2024,Jonathan Gannon,ARI,m1_cases,0.0
coach_season,2024,Jonathan Gannon,ARI,m1_timeouts_left,0.0
coach_season,2024,Jonathan Gannon,ARI,m2_candidates,0.0
coach_season,2024,Jonathan Gannon,ARI,m2_cases,0.0
coach_season,2024,Jonathan Gannon,ARI,m2_ep_left,0.0
coach_season,2024,Jonathan Gannon,ARI,m2_wp_left,0.0
coach_season,2024,Jonathan Gannon,ARI,m3_cases,0.0
coach_season,2024,Jonathan Gannon,ARI,m3_decisive_games,1.0
coach_season,2024,Jonathan Gannon,ARI,m3_seconds_wasted,0.0
coach_season,2024,Kevin O'Connell,MIN,games,18.0
coach_season,2024,Kevin O'Connell,MIN,m1_candidates,0.0
coach_season,2024,Kevin O'Connell,MIN,m1_cases,0.0
coach_season,2024,Kevin O'Connell,MIN,m1_timeouts_left,0.0
coach_season,2024,Kevin O'Connell,MIN,m2_candidates,0.0
coach_season,2024,Kevin O'Connell,MIN,m2_cases,0.0
coach_season,2024,Kevin O'Connell,MIN,m2_ep_left,0.0
coach_season,2024,Kevin O'Connell,MIN,m2_wp_left,0.0
coach_season,2024,Kevin O'Connell,MIN,m3_cases,0.0
coach_season,2024,Kevin O'Connell,MIN,m3_decisive_games,0.0
coach_season,2024,Kevin O'Connell,MIN,m3_seconds_wasted,0.0
coach_season,2024,Kevin Stefanski,CLE,games,17.0
coach_season,2024,Kevin Stefanski,CLE,m1_candidates,0.0
coach_season,2024,Kevin Stefanski,CLE,m1_cases,0.0
coach_season,2024,Kevin Stefanski,CLE,m1_timeouts_left,0.0
coach_season,2024,Kevin Stefanski,CLE,m2_candidates,0.0
coach_season,2024,Kevin Stefanski,CLE,m2_cases,0.0
coach_season,2024,Kevin Stefanski,CLE,m2_ep_left,0.0
coach_season,2024,Kevin Stefanski,CLE,m2_wp_left,0.0
coach_season,2024,Kevin Stefanski,CLE,m3_cases,0.0
coach_season,2024,Kevin Stefanski,CLE,m3_decisive_games,0.0
coach_season,2024,Kevin Stefanski,CLE,m3_seconds_wasted,0.0
coach_season,2024,Kyle Shanahan,SF,games,17.0
coach_season,2024,Kyle Shanahan,SF,m1_candidates,0.0
coach_season,2024,Kyle Shanahan,SF,m1_cases,0.0
coach_season,2024,Kyle Shanahan,SF,m1_timeouts_left,0.0
coach_season,2024,Kyle Shanahan,SF,m2_candidates,0.0
coach_season,2024,Kyle Shanahan,SF,m2_cases,0.0
coach_season,2024,Kyle Shanahan,SF,m2_ep_left,0.0
coach_season,2024,Kyle Shanahan,SF,m2_wp_left,0.0
coach_season,2024,Kyle Shanahan,SF,m3_cases,0.0
coach_season,2024,Kyle Shanahan,SF,m3_decisive_games,2.0
coach_season,2024,Kyle Shanahan,SF,m3_seconds_wasted,0.0
coach_season,2024,Matt Eberflus,CHI,games,17.0
coach_season,2024,Matt Eberflus,CHI,m1_candidates,0.0
coach_season,2024,Matt Eberflus,CHI,m1_cases,0.0
coach_season,2024,Matt Eberflus,CHI,m1_timeouts_left,0.0
coach_season,2024,Matt Eberflus,CHI,m2_candidates,0.0
coach_season,2024,Matt Eberflus,CHI,m2_cases,0.0
coach_season,2024,Matt Eberflus,CHI,m2_ep_left,0.0
coach_season,2024,Matt Eberflus,CHI,m2_wp_left,0.0
coach_season,2024,Matt Eberflus,CHI,m3_cases,0.0
coach_season,2024,Matt Eberflus,CHI,m3_decisive_games,0.0
coach_season,2024,Matt Eberflus,CHI,m3_seconds_wasted,0.0
coach_season,2024,Matt LaFleur,GB,games,18.0
coach_season,2024,Matt LaFleur,GB,m1_candidates,0.0
coach_season,2024,Matt LaFleur,GB,m1_cases,0.0
coach_season,2024,Matt LaFleur,GB,m1_timeouts_left,0.0
coach_season,2024,Matt LaFleur,GB,m2_candidates,0.0
coach_season,2024,Matt LaFleur,GB,m2_cases,0.0
coach_season,2024,Matt LaFleur,GB,m2_ep_left,0.0
coach_season,2024,Matt LaFleur,GB,m2_wp_left,0.0
coach_season,2024,Matt LaFleur,GB,m3_cases,0.0
coach_season,2024,Matt LaFleur,GB,m3_decisive_games,2.0
coach_season,2024,Matt LaFleur,GB,m3_seconds_wasted,0.0
coach_season,2024,Mike Macdonald,SEA,games,17.0
coach_season,2024,Mike Macdonald,SEA,m1_candidates,0.0
coach_season,2024,Mike Macdonald,SEA,m1_cases,0.0
coach_season,2024,Mike Macdonald,SEA,m1_timeouts_left,0.0
coach_season,2024,Mike Macdonald,SEA,m2_candidates,0.0
coach_season,2024,Mike Macdonald,SEA,m2_cases,0.0
coach_season,2024,Mike Macdonald,SEA,m2_ep_left,0.0
coach_season,2024,Mike Macdonald,SEA,m2_wp_left,0.0
coach_season,2024,Mike Macdonald,SEA,m3_cases,0.0
coach_season,2024,Mike Macdonald,SEA,m3_decisive_games,2.0
coach_season,2024,Mike Macdonald,SEA,m3_seconds_wasted,0.0
coach_season,2024,Mike McCarthy,DAL,games,17.0
coach_season,2024,Mike McCarthy,DAL,m1_candidates,1.0
coach_season,2024,Mike McCarthy,DAL,m1_cases,0.0
coach_season,2024,Mike McCarthy,DAL,m1_timeouts_left,0.0
coach_season,2024,Mike McCarthy,DAL,m2_candidates,0.0
coach_season,2024,Mike McCarthy,DAL,m2_cases,0.0
coach_season,2024,Mike McCarthy,DAL,m2_ep_left,0.0
coach_season,2024,Mike McCarthy,DAL,m2_wp_left,0.0
coach_season,2024,Mike McCarthy,DAL,m3_cases,0.0
coach_season,2024,Mike McCarthy,DAL,m3_decisive_games,1.0
coach_season,2024,Mike McCarthy,DAL,m3_seconds_wasted,0.0
coach_season,2024,Mike McDaniel,MIA,games,17.0
coach_season,2024,Mike McDaniel,MIA,m1_candidates,0.0
coach_season,2024,Mike McDaniel,MIA,m1_cases,0.0
coach_season,2024,Mike McDaniel,MIA,m1_timeouts_left,0.0
coach_season,2024,Mike McDaniel,MIA,m2_candidates,0.0
coach_season,2024,Mike McDaniel,MIA,m2_cases,0.0
coach_season,2024,Mike McDaniel,MIA,m2_ep_left,0.0
coach_season,2024,Mike McDaniel,MIA,m2_wp_left,0.0
coach_season,2024,Mike McDaniel,MIA,m3_cases,0.0
coach_season,2024,Mike McDaniel,MIA,m3_decisive_games,0.0
coach_season,2024,Mike McDaniel,MIA,m3_seconds_wasted,0.0
coach_season,2024,Mike Tomlin,PIT,games,18.0
coach_season,2024,Mike Tomlin,PIT,m1_candidates,0.0
coach_season,2024,Mike Tomlin,PIT,m1_cases,0.0
coach_season,2024,Mike Tomlin,PIT,m1_timeouts_left,0.0
coach_season,2024,Mike Tomlin,PIT,m2_candidates,1.0
coach_season,2024,Mike Tomlin,PIT,m2_cases,0.0
coach_season,2024,Mike Tomlin,PIT,m2_ep_left,0.0
coach_season,2024,Mike Tomlin,PIT,m2_wp_left,0.0
coach_season,2024,Mike Tomlin,PIT,m3_cases,0.0
coach_season,2024,Mike Tomlin,PIT,m3_decisive_games,0.0
coach_season,2024,Mike Tomlin,PIT,m3_seconds_wasted,0.0
coach_season,2024,Nick Sirianni,PHI,games,21.0
coach_season,2024,Nick Sirianni,PHI,m1_candidates,0.0
coach_season,2024,Nick Sirianni,PHI,m1_cases,0.0
coach_season,2024,Nick Sirianni,PHI,m1_timeouts_left,0.0
coach_season,2024,Nick Sirianni,PHI,m2_candidates,0.0
coach_season,2024,Nick Sirianni,PHI,m2_cases,0.0
coach_season,2024,Nick Sirianni,PHI,m2_ep_left,0.0
coach_season,2024,Nick Sirianni,PHI,m2_wp_left,0.0
coach_season,2024,Nick Sirianni,PHI,m3_cases,0.0
coach_season,2024,Nick Sirianni,PHI,m3_decisive_games,0.0
coach_season,2024,Nick Sirianni,PHI,m3_seconds_wasted,0.0
coach_season,2024,Raheem Morris,ATL,games,17.0
coach_season,2024,Raheem Morris,ATL,m1_candidates,1.0
coach_season,2024,Raheem Morris,ATL,m1_cases,0.0
coach_season,2024,Raheem Morris,ATL,m1_timeouts_left,0.0
coach_season,2024,Raheem Morris,ATL,m2_candidates,0.0
coach_season,2024,Raheem Morris,ATL,m2_cases,0.0
coach_season,2024,Raheem Morris,ATL,m2_ep_left,0.0
coach_season,2024,Raheem Morris,ATL,m2_wp_left,0.0
coach_season,2024,Raheem Morris,ATL,m3_cases,0.0
coach_season,2024,Raheem Morris,ATL,m3_decisive_games,4.0
coach_season,2024,Raheem Morris,ATL,m3_seconds_wasted,0.0
coach_season,2024,Robert Saleh,NYJ,games,17.0
coach_season,2024,Robert Saleh,NYJ,m1_candidates,1.0
coach_season,2024,Robert Saleh,NYJ,m1_cases,0.0
coach_season,2024,Robert Saleh,NYJ,m1_timeouts_left,0.0
coach_season,2024,Robert Saleh,NYJ,m2_candidates,0.0
coach_season,2024,Robert Saleh,NYJ,m2_cases,0.0
coach_season,2024,Robert Saleh,NYJ,m2_ep_left,0.0
coach_season,2024,Robert Saleh,NYJ,m2_wp_left,0.0
coach_season,2024,Robert Saleh,NYJ,m3_cases,0.0
coach_season,2024,Robert Saleh,NYJ,m3_decisive_games,2.0
coach_season,2024,Robert Saleh,NYJ,m3_seconds_wasted,0.0
coach_season,2024,Sean McDermott,BUF,games,20.0
coach_season,2024,Sean McDermott,BUF,m1_candidates,2.0
coach_season,2024,Sean McDermott,BUF,m1_cases,0.0
coach_season,2024,Sean McDermott,BUF,m1_timeouts_left,0.0
coach_season,2024,Sean McDermott,BUF,m2_candidates,0.0
coach_season,2024,Sean McDermott,BUF,m2_cases,0.0
coach_season,2024,Sean McDermott,BUF,m2_ep_left,0.0
coach_season,2024,Sean McDermott,BUF,m2_wp_left,0.0
coach_season,2024,Sean McDermott,BUF,m3_cases,0.0
coach_season,2024,Sean McDermott,BUF,m3_decisive_games,2.0
coach_season,2024,Sean McDermott,BUF,m3_seconds_wasted,0.0
coach_season,2024,Sean McVay,LA,games,19.0
coach_season,2024,Sean McVay,LA,m1_candidates,0.0
coach_season,2024,Sean McVay,LA,m1_cases,0.0
coach_season,2024,Sean McVay,LA,m1_timeouts_left,0.0
coach_season,2024,Sean McVay,LA,m2_candidates,0.0
coach_season,2024,Sean McVay,LA,m2_cases,0.0
coach_season,2024,Sean McVay,LA,m2_ep_left,0.0
coach_season,2024,Sean McVay,LA,m2_wp_left,0.0
coach_season,2024,Sean McVay,LA,m3_cases,0.0
coach_season,2024,Sean McVay,LA,m3_decisive_games,0.0
coach_season,2024,Sean McVay,LA,m3_seconds_wasted,0.0
coach_season,2024,Sean Payton,DEN,games,18.0
coach_season,2024,Sean Payton,DEN,m1_candidates,1.0
coach_season,2024,Sean Payton,DEN,m1_cases,0.0
coach_season,2024,Sean Payton,DEN,m1_timeouts_left,0.0
coach_season,2024,Sean Payton,DEN,m2_candidates,0.0
coach_season,2024,Sean Payton,DEN,m2_cases,0.0
coach_season,2024,Sean Payton,DEN,m2_ep_left,0.0
coach_season,2024,Sean Payton,DEN,m2_wp_left,0.0
coach_season,2024,Sean Payton,DEN,m3_cases,0.0
coach_season,2024,Sean Payton,DEN,m3_decisive_games,2.0
coach_season,2024,Sean Payton,DEN,m3_seconds_wasted,0.0
coach_season,2024,Shane Steichen,IND,games,17.0
coach_season,2024,Shane Steichen,IND,m1_candidates,1.0
coach_season,2024,Shane Steichen,IND,m1_cases,0.0
coach_season,2024,Shane Steichen,IND,m1_timeouts_left,0.0
coach_season,2024,Shane Steichen,IND,m2_candidates,0.0
coach_season,2024,Shane Steichen,IND,m2_cases,0.0
coach_season,2024,Shane Steichen,IND,m2_ep_left,0.0
coach_season,2024,Shane Steichen,IND,m2_wp_left,0.0
coach_season,2024,Shane Steichen,IND,m3_cases,0.0
coach_season,2024,Shane Steichen,IND,m3_decisive_games,3.0
coach_season,2024,Shane Steichen,IND,m3_seconds_wasted,0.0
coach_season,2024,Todd Bowles,TB,games,18.0
coach_season,2024,Todd Bowles,TB,m1_candidates,0.0
coach_season,2024,Todd Bowles,TB,m1_cases,0.0
coach_season,2024,Todd Bowles,TB,m1_timeouts_left,0.0
coach_season,2024,Todd Bowles,TB,m2_candidates,0.0
coach_season,2024,Todd Bowles,TB,m2_cases,0.0
coach_season,2024,Todd Bowles,TB,m2_ep_left,0.0
coach_season,2024,Todd Bowles,TB,m2_wp_left,0.0
coach_season,2024,Todd Bowles,TB,m3_cases,0.0
coach_season,2024,Todd Bowles,TB,m3_decisive_games,1.0
coach_season,2024,Todd Bowles,TB,m3_seconds_wasted,0.0
coach_season,2024,Zac Taylor,CIN,games,17.0
coach_season,2024,Zac Taylor,CIN,m1_candidates,0.0
coach_season,2024,Zac Taylor,CIN,m1_cases,0.0
coach_season,2024,Zac Taylor,CIN,m1_timeouts_left,0.0
coach_season,2024,Zac Taylor,CIN,m2_candidates,0.0
coach_season,2024,Zac Taylor,CIN,m2_cases,0.0
coach_season,2024,Zac Taylor,CIN,m2_ep_left,0.0
coach_season,2024,Zac Taylor,CIN,m2_wp_left,0.0
coach_season,2024,Zac Taylor,CIN,m3_cases,0.0
coach_season,2024,Zac Taylor,CIN,m3_decisive_games,1.0
coach_season,2024,Zac Taylor,CIN,m3_seconds_wasted,0.0
coach_season,2025,Aaron Glenn,NYJ,games,17.0
coach_season,2025,Aaron Glenn,NYJ,m1_candidates,1.0
coach_season,2025,Aaron Glenn,NYJ,m1_cases,0.0
coach_season,2025,Aaron Glenn,NYJ,m1_timeouts_left,0.0
coach_season,2025,Aaron Glenn,NYJ,m2_candidates,0.0
coach_season,2025,Aaron Glenn,NYJ,m2_cases,0.0
coach_season,2025,Aaron Glenn,NYJ,m2_ep_left,0.0
coach_season,2025,Aaron Glenn,NYJ,m2_wp_left,0.0
coach_season,2025,Aaron Glenn,NYJ,m3_cases,0.0
coach_season,2025,Aaron Glenn,NYJ,m3_decisive_games,2.0
coach_season,2025,Aaron Glenn,NYJ,m3_seconds_wasted,0.0
coach_season,2025,Andy Reid,KC,games,17.0
coach_season,2025,Andy Reid,KC,m1_candidates,0.0
coach_season,2025,Andy Reid,KC,m1_cases,0.0
coach_season,2025,Andy Reid,KC,m1_timeouts_left,0.0
coach_season,2025,Andy Reid,KC,m2_candidates,0.0
coach_season,2025,Andy Reid,KC,m2_cases,0.0
coach_season,2025,Andy Reid,KC,m2_ep_left,0.0
coach_season,2025,Andy Reid,KC,m2_wp_left,0.0
coach_season,2025,Andy Reid,KC,m3_cases,0.0
coach_season,2025,Andy Reid,KC,m3_decisive_games,0.0
coach_season,2025,Andy Reid,KC,m3_seconds_wasted,0.0
coach_season,2025,Ben Johnson,CHI,games,19.0
coach_season,2025,Ben Johnson,CHI,m1_candidates,0.0
coach_season,2025,Ben Johnson,CHI,m1_cases,0.0
coach_season,2025,Ben Johnson,CHI,m1_timeouts_left,0.0
coach_season,2025,Ben Johnson,CHI,m2_candidates,0.0
coach_season,2025,Ben Johnson,CHI,m2_cases,0.0
coach_season,2025,Ben Johnson,CHI,m2_ep_left,0.0
coach_season,2025,Ben Johnson,CHI,m2_wp_left,0.0
coach_season,2025,Ben Johnson,CHI,m3_cases,0.0
coach_season,2025,Ben Johnson,CHI,m3_decisive_games,1.0
coach_season,2025,Ben Johnson,CHI,m3_seconds_wasted,0.0
coach_season,2025,Brian Callahan,TEN,games,17.0
coach_season,2025,Brian Callahan,TEN,m1_candidates,0.0
coach_season,2025,Brian Callahan,TEN,m1_cases,0.0
coach_season,2025,Brian Callahan,TEN,m1_timeouts_left,0.0
coach_season,2025,Brian Callahan,TEN,m2_candidates,0.0
coach_season,2025,Brian Callahan,TEN,m2_cases,0.0
coach_season,2025,Brian Callahan,TEN,m2_ep_left,0.0
coach_season,2025,Brian Callahan,TEN,m2_wp_left,0.0
coach_season,2025,Brian Callahan,TEN,m3_cases,0.0
coach_season,2025,Brian Callahan,TEN,m3_decisive_games,1.0
coach_season,2025,Brian Callahan,TEN,m3_seconds_wasted,0.0
coach_season,2025,Brian Daboll,NYG,games,17.0
coach_season,2025,Brian Daboll,NYG,m1_candidates,1.0
coach_season,2025,Brian Daboll,NYG,m1_cases,0.0
coach_season,2025,Brian Daboll,NYG,m1_timeouts_left,0.0
coach_season,2025,Brian Daboll,NYG,m2_candidates,0.0
coach_season,2025,Brian Daboll,NYG,m2_cases,0.0
coach_season,2025,Brian Daboll,NYG,m2_ep_left,0.0
coach_season,2025,Brian Daboll,NYG,m2_wp_left,0.0
coach_season,2025,Brian Daboll,NYG,m3_cases,0.0
coach_season,2025,Brian Daboll,NYG,m3_decisive_games,2.0
coach_season,2025,Brian Daboll,NYG,m3_seconds_wasted,0.0
coach_season,2025,Brian Schottenheimer,DAL,games,17.0
coach_season,2025,Brian Schottenheimer,DAL,m1_candidates,1.0
coach_season,2025,Brian Schottenheimer,DAL,m1_cases,0.0
coach_season,2025,Brian Schottenheimer,DAL,m1_timeouts_left,0.0
coach_season,2025,Brian Schottenheimer,DAL,m2_candidates,0.0
coach_season,2025,Brian Schottenheimer,DAL,m2_cases,0.0
coach_season,2025,Brian Schottenheimer,DAL,m2_ep_left,0.0
coach_season,2025,Brian Schottenheimer,DAL,m2_wp_left,0.0
coach_season,2025,Brian Schottenheimer,DAL,m3_cases,0.0
coach_season,2025,Brian Schottenheimer,DAL,m3_decisive_games,1.0
coach_season,2025,Brian Schottenheimer,DAL,m3_seconds_wasted,0.0
coach_season,2025,Dan Campbell,DET,games,17.0
coach_season,2025,Dan Campbell,DET,m1_candidates,2.0
coach_season,2025,Dan Campbell,DET,m1_cases,0.0
coach_season,2025,Dan Campbell,DET,m1_timeouts_left,0.0
coach_season,2025,Dan Campbell,DET,m2_candidates,0.0
coach_season,2025,Dan Campbell,DET,m2_cases,0.0
coach_season,2025,Dan Campbell,DET,m2_ep_left,0.0
coach_season,2025,Dan Campbell,DET,m2_wp_left,0.0
coach_season,2025,Dan Campbell,DET,m3_cases,0.0
coach_season,2025,Dan Campbell,DET,m3_decisive_games,3.0
coach_season,2025,Dan Campbell,DET,m3_seconds_wasted,0.0
coach_season,2025,Dan Quinn,WAS,games,17.0
coach_season,2025,Dan Quinn,WAS,m1_candidates,1.0
coach_season,2025,Dan Quinn,WAS,m1_cases,0.0
coach_season,2025,Dan Quinn,WAS,m1_timeouts_left,0.0
coach_season,2025,Dan Quinn,WAS,m2_candidates,0.0
coach_season,2025,Dan Quinn,WAS,m2_cases,0.0
coach_season,2025,Dan Quinn,WAS,m2_ep_left,0.0
coach_season,2025,Dan Quinn,WAS,m2_wp_left,0.0
coach_season,2025,Dan Quinn,WAS,m3_cases,0.0
coach_season,2025,Dan Quinn,WAS,m3_decisive_games,1.0
coach_season,2025,Dan Quinn,WAS,m3_seconds_wasted,0.0
coach_season,2025,Dave Canales,CAR,games,18.0
coach_season,2025,Dave Canales,CAR,m1_candidates,0.0
coach_season,2025,Dave Canales,CAR,m1_cases,0.0
coach_season,2025,Dave Canales,CAR,m1_timeouts_left,0.0
coach_season,2025,Dave Canales,CAR,m2_candidates,0.0
coach_season,2025,Dave Canales,CAR,m2_cases,0.0
coach_season,2025,Dave Canales,CAR,m2_ep_left,0.0
coach_season,2025,Dave Canales,CAR,m2_wp_left,0.0
coach_season,2025,Dave Canales,CAR,m3_cases,0.0
coach_season,2025,Dave Canales,CAR,m3_decisive_games,1.0
coach_season,2025,Dave Canales,CAR,m3_seconds_wasted,0.0
coach_season,2025,DeMeco Ryans,HOU,games,19.0
coach_season,2025,DeMeco Ryans,HOU,m1_candidates,2.0
coach_season,2025,DeMeco Ryans,HOU,m1_cases,1.0
coach_season,2025,DeMeco Ryans,HOU,m1_timeouts_left,1.0
coach_season,2025,DeMeco Ryans,HOU,m2_candidates,0.0
coach_season,2025,DeMeco Ryans,HOU,m2_cases,0.0
coach_season,2025,DeMeco Ryans,HOU,m2_ep_left,0.0
coach_season,2025,DeMeco Ryans,HOU,m2_wp_left,0.0
coach_season,2025,DeMeco Ryans,HOU,m3_cases,0.0
coach_season,2025,DeMeco Ryans,HOU,m3_decisive_games,2.0
coach_season,2025,DeMeco Ryans,HOU,m3_seconds_wasted,0.0
coach_season,2025,Jim Harbaugh,LAC,games,18.0
coach_season,2025,Jim Harbaugh,LAC,m1_candidates,0.0
coach_season,2025,Jim Harbaugh,LAC,m1_cases,0.0
coach_season,2025,Jim Harbaugh,LAC,m1_timeouts_left,0.0
coach_season,2025,Jim Harbaugh,LAC,m2_candidates,0.0
coach_season,2025,Jim Harbaugh,LAC,m2_cases,0.0
coach_season,2025,Jim Harbaugh,LAC,m2_ep_left,0.0
coach_season,2025,Jim Harbaugh,LAC,m2_wp_left,0.0
coach_season,2025,Jim Harbaugh,LAC,m3_cases,0.0
coach_season,2025,Jim Harbaugh,LAC,m3_decisive_games,0.0
coach_season,2025,Jim Harbaugh,LAC,m3_seconds_wasted,0.0
coach_season,2025,John Harbaugh,BAL,games,17.0
coach_season,2025,John Harbaugh,BAL,m1_candidates,1.0
coach_season,2025,John Harbaugh,BAL,m1_cases,0.0
coach_season,2025,John Harbaugh,BAL,m1_timeouts_left,0.0
coach_season,2025,John Harbaugh,BAL,m2_candidates,0.0
coach_season,2025,John Harbaugh,BAL,m2_cases,0.0
coach_season,2025,John Harbaugh,BAL,m2_ep_left,0.0
coach_season,2025,John Harbaugh,BAL,m2_wp_left,0.0
coach_season,2025,John Harbaugh,BAL,m3_cases,0.0
coach_season,2025,John Harbaugh,BAL,m3_decisive_games,2.0
coach_season,2025,John Harbaugh,BAL,m3_seconds_wasted,0.0
coach_season,2025,Jonathan Gannon,ARI,games,17.0
coach_season,2025,Jonathan Gannon,ARI,m1_candidates,2.0
coach_season,2025,Jonathan Gannon,ARI,m1_cases,1.0
coach_season,2025,Jonathan Gannon,ARI,m1_timeouts_left,1.0
coach_season,2025,Jonathan Gannon,ARI,m2_candidates,0.0
coach_season,2025,Jonathan Gannon,ARI,m2_cases,0.0
coach_season,2025,Jonathan Gannon,ARI,m2_ep_left,0.0
coach_season,2025,Jonathan Gannon,ARI,m2_wp_left,0.0
coach_season,2025,Jonathan Gannon,ARI,m3_cases,1.0
coach_season,2025,Jonathan Gannon,ARI,m3_decisive_games,3.0
coach_season,2025,Jonathan Gannon,ARI,m3_seconds_wasted,39.0
coach_season,2025,Kellen Moore,NO,games,17.0
coach_season,2025,Kellen Moore,NO,m1_candidates,0.0
coach_season,2025,Kellen Moore,NO,m1_cases,0.0
coach_season,2025,Kellen Moore,NO,m1_timeouts_left,0.0
coach_season,2025,Kellen Moore,NO,m2_candidates,0.0
coach_season,2025,Kellen Moore,NO,m2_cases,0.0
coach_season,2025,Kellen Moore,NO,m2_ep_left,0.0
coach_season,2025,Kellen Moore,NO,m2_wp_left,0.0
coach_season,2025,Kellen Moore,NO,m3_cases,0.0
coach_season,2025,Kellen Moore,NO,m3_decisive_games,0.0
coach_season,2025,Kellen Moore,NO,m3_seconds_wasted,0.0
coach_season,2025,Kevin O'Connell,MIN,games,17.0
coach_season,2025,Kevin O'Connell,MIN,m1_candidates,1.0
coach_season,2025,Kevin O'Connell,MIN,m1_cases,0.0
coach_season,2025,Kevin O'Connell,MIN,m1_timeouts_left,0.0
coach_season,2025,Kevin O'Connell,MIN,m2_candidates,0.0
coach_season,2025,Kevin O'Connell,MIN,m2_cases,0.0
coach_season,2025,Kevin O'Connell,MIN,m2_ep_left,0.0
coach_season,2025,Kevin O'Connell,MIN,m2_wp_left,0.0
coach_season,2025,Kevin O'Connell,MIN,m3_cases,0.0
coach_season,2025,Kevin O'Connell,MIN,m3_decisive_games,1.0
coach_season,2025,Kevin O'Connell,MIN,m3_seconds_wasted,0.0
coach_season,2025,Kevin Stefanski,CLE,games,17.0
coach_season,2025,Kevin Stefanski,CLE,m1_candidates,3.0
coach_season,2025,Kevin Stefanski,CLE,m1_cases,0.0
coach_season,2025,Kevin Stefanski,CLE,m1_timeouts_left,0.0
coach_season,2025,Kevin Stefanski,CLE,m2_candidates,0.0
coach_season,2025,Kevin Stefanski,CLE,m2_cases,0.0
coach_season,2025,Kevin Stefanski,CLE,m2_ep_left,0.0
coach_season,2025,Kevin Stefanski,CLE,m2_wp_left,0.0
coach_season,2025,Kevin Stefanski,CLE,m3_cases,0.0
coach_season,2025,Kevin Stefanski,CLE,m3_decisive_games,4.0
coach_season,2025,Kevin Stefanski,CLE,m3_seconds_wasted,0.0
coach_season,2025,Kyle Shanahan,SF,games,19.0
coach_season,2025,Kyle Shanahan,SF,m1_candidates,0.0
coach_season,2025,Kyle Shanahan,SF,m1_cases,0.0
coach_season,2025,Kyle Shanahan,SF,m1_timeouts_left,0.0
coach_season,2025,Kyle Shanahan,SF,m2_candidates,0.0
coach_season,2025,Kyle Shanahan,SF,m2_cases,0.0
coach_season,2025,Kyle Shanahan,SF,m2_ep_left,0.0
coach_season,2025,Kyle Shanahan,SF,m2_wp_left,0.0
coach_season,2025,Kyle Shanahan,SF,m3_cases,0.0
coach_season,2025,Kyle Shanahan,SF,m3_decisive_games,0.0
coach_season,2025,Kyle Shanahan,SF,m3_seconds_wasted,0.0
coach_season,2025,Liam Coen,JAX,games,18.0
coach_season,2025,Liam Coen,JAX,m1_candidates,0.0
coach_season,2025,Liam Coen,JAX,m1_cases,0.0
coach_season,2025,Liam Coen,JAX,m1_timeouts_left,0.0
coach_season,2025,Liam Coen,JAX,m2_candidates,0.0
coach_season,2025,Liam Coen,JAX,m2_cases,0.0
coach_season,2025,Liam Coen,JAX,m2_ep_left,0.0
coach_season,2025,Liam Coen,JAX,m2_wp_left,0.0
coach_season,2025,Liam Coen,JAX,m3_cases,0.0
coach_season,2025,Liam Coen,JAX,m3_decisive_games,0.0
coach_season,2025,Liam Coen,JAX,m3_seconds_wasted,0.0
coach_season,2025,Matt LaFleur,GB,games,18.0
coach_season,2025,Matt LaFleur,GB,m1_candidates,0.0
coach_season,2025,Matt LaFleur,GB,m1_cases,0.0
coach_season,2025,Matt LaFleur,GB,m1_timeouts_left,0.0
coach_season,2025,Matt LaFleur,GB,m2_candidates,1.0
coach_season,2025,Matt LaFleur,GB,m2_cases,0.0
coach_season,2025,Matt LaFleur,GB,m2_ep_left,0.0
coach_season,2025,Matt LaFleur,GB,m2_wp_left,0.0
coach_season,2025,Matt LaFleur,GB,m3_cases,0.0
coach_season,2025,Matt LaFleur,GB,m3_decisive_games,1.0
coach_season,2025,Matt LaFleur,GB,m3_seconds_wasted,0.0
coach_season,2025,Mike Macdonald,SEA,games,20.0
coach_season,2025,Mike Macdonald,SEA,m1_candidates,0.0
coach_season,2025,Mike Macdonald,SEA,m1_cases,0.0
coach_season,2025,Mike Macdonald,SEA,m1_timeouts_left,0.0
coach_season,2025,Mike Macdonald,SEA,m2_candidates,0.0
coach_season,2025,Mike Macdonald,SEA,m2_cases,0.0
coach_season,2025,Mike Macdonald,SEA,m2_ep_left,0.0
coach_season,2025,Mike Macdonald,SEA,m2_wp_left,0.0
coach_season,2025,Mike Macdonald,SEA,m3_cases,0.0
coach_season,2025,Mike Macdonald,SEA,m3_decisive_games,0.0
coach_season,2025,Mike Macdonald,SEA,m3_seconds_wasted,0.0
coach_season,2025,Mike McDaniel,MIA,games,17.0
coach_season,2025,Mike McDaniel,MIA,m1_candidates,1.0
coach_season,2025,Mike McDaniel,MIA,m1_cases,1.0
coach_season,2025,Mike McDaniel,MIA,m1_timeouts_left,1.0
coach_season,2025,Mike McDaniel,MIA,m2_candidates,0.0
coach_season,2025,Mike McDaniel,MIA,m2_cases,0.0
coach_season,2025,Mike McDaniel,MIA,m2_ep_left,0.0
coach_season,2025,Mike McDaniel,MIA,m2_wp_left,0.0
coach_season,2025,Mike McDaniel,MIA,m3_cases,0.0
coach_season,2025,Mike McDaniel,MIA,m3_decisive_games,2.0
coach_season,2025,Mike McDaniel,MIA,m3_seconds_wasted,0.0
coach_season,2025,Mike Tomlin,PIT,games,18.0
coach_season,2025,Mike Tomlin,PIT,m1_candidates,0.0
coach_season,2025,Mike Tomlin,PIT,m1_cases,0.0
coach_season,2025,Mike Tomlin,PIT,m1_timeouts_left,0.0
coach_season,2025,Mike Tomlin,PIT,m2_candidates,0.0
coach_season,2025,Mike Tomlin,PIT,m2_cases,0.0
coach_season,2025,Mike Tomlin,PIT,m2_ep_left,0.0
coach_season,2025,Mike Tomlin,PIT,m2_wp_left,0.0
coach_season,2025,Mike Tomlin,PIT,m3_cases,0.0
coach_season,2025,Mike Tomlin,PIT,m3_decisive_games,2.0
coach_season,2025,Mike Tomlin,PIT,m3_seconds_wasted,0.0
coach_season,2025,Mike Vrabel,NE,games,21.0
coach_season,2025,Mike Vrabel,NE,m1_candidates,1.0
coach_season,2025,Mike Vrabel,NE,m1_cases,0.0
coach_season,2025,Mike Vrabel,NE,m1_timeouts_left,0.0
coach_season,2025,Mike Vrabel,NE,m2_candidates,0.0
coach_season,2025,Mike Vrabel,NE,m2_cases,0.0
coach_season,2025,Mike Vrabel,NE,m2_ep_left,0.0
coach_season,2025,Mike Vrabel,NE,m2_wp_left,0.0
coach_season,2025,Mike Vrabel,NE,m3_cases,0.0
coach_season,2025,Mike Vrabel,NE,m3_decisive_games,1.0
coach_season,2025,Mike Vrabel,NE,m3_seconds_wasted,0.0
coach_season,2025,Nick Sirianni,PHI,games,18.0
coach_season,2025,Nick Sirianni,PHI,m1_candidates,0.0
coach_season,2025,Nick Sirianni,PHI,m1_cases,0.0
coach_season,2025,Nick Sirianni,PHI,m1_timeouts_left,0.0
coach_season,2025,Nick Sirianni,PHI,m2_candidates,0.0
coach_season,2025,Nick Sirianni,PHI,m2_cases,0.0
coach_season,2025,Nick Sirianni,PHI,m2_ep_left,0.0
coach_season,2025,Nick Sirianni,PHI,m2_wp_left,0.0
coach_season,2025,Nick Sirianni,PHI,m3_cases,0.0
coach_season,2025,Nick Sirianni,PHI,m3_decisive_games,1.0
coach_season,2025,Nick Sirianni,PHI,m3_seconds_wasted,0.0
coach_season,2025,Pete Carroll,LV,games,17.0
coach_season,2025,Pete Carroll,LV,m1_candidates,0.0
coach_season,2025,Pete Carroll,LV,m1_cases,0.0
coach_season,2025,Pete Carroll,LV,m1_timeouts_left,0.0
coach_season,2025,Pete Carroll,LV,m2_candidates,0.0
coach_season,2025,Pete Carroll,LV,m2_cases,0.0
coach_season,2025,Pete Carroll,LV,m2_ep_left,0.0
coach_season,2025,Pete Carroll,LV,m2_wp_left,0.0
coach_season,2025,Pete Carroll,LV,m3_cases,0.0
coach_season,2025,Pete Carroll,LV,m3_decisive_games,0.0
coach_season,2025,Pete Carroll,LV,m3_seconds_wasted,0.0
coach_season,2025,Raheem Morris,ATL,games,17.0
coach_season,2025,Raheem Morris,ATL,m1_candidates,1.0
coach_season,2025,Raheem Morris,ATL,m1_cases,0.0
coach_season,2025,Raheem Morris,ATL,m1_timeouts_left,0.0
coach_season,2025,Raheem Morris,ATL,m2_candidates,0.0
coach_season,2025,Raheem Morris,ATL,m2_cases,0.0
coach_season,2025,Raheem Morris,ATL,m2_ep_left,0.0
coach_season,2025,Raheem Morris,ATL,m2_wp_left,0.0
coach_season,2025,Raheem Morris,ATL,m3_cases,0.0
coach_season,2025,Raheem Morris,ATL,m3_decisive_games,1.0
coach_season,2025,Raheem Morris,ATL,m3_seconds_wasted,0.0
coach_season,2025,Sean McDermott,BUF,games,19.0
coach_season,2025,Sean McDermott,BUF,m1_candidates,0.0
coach_season,2025,Sean McDermott,BUF,m1_cases,0.0
coach_season,2025,Sean McDermott,BUF,m1_timeouts_left,0.0
coach_season,2025,Sean McDermott,BUF,m2_candidates,0.0
coach_season,2025,Sean McDermott,BUF,m2_cases,0.0
coach_season,2025,Sean McDermott,BUF,m2_ep_left,0.0
coach_season,2025,Sean McDermott,BUF,m2_wp_left,0.0
coach_season,2025,Sean McDermott,BUF,m3_cases,0.0
coach_season,2025,Sean McDermott,BUF,m3_decisive_games,2.0
coach_season,2025,Sean McDermott,BUF,m3_seconds_wasted,0.0
coach_season,2025,Sean McVay,LA,games,20.0
coach_season,2025,Sean McVay,LA,m1_candidates,0.0
coach_season,2025,Sean McVay,LA,m1_cases,0.0
coach_season,2025,Sean McVay,LA,m1_timeouts_left,0.0
coach_season,2025,Sean McVay,LA,m2_candidates,1.0
coach_season,2025,Sean McVay,LA,m2_cases,0.0
coach_season,2025,Sean McVay,LA,m2_ep_left,0.0
coach_season,2025,Sean McVay,LA,m2_wp_left,0.0
coach_season,2025,Sean McVay,LA,m3_cases,0.0
coach_season,2025,Sean McVay,LA,m3_decisive_games,1.0
coach_season,2025,Sean McVay,LA,m3_seconds_wasted,0.0
coach_season,2025,Sean Payton,DEN,games,19.0
coach_season,2025,Sean Payton,DEN,m1_candidates,0.0
coach_season,2025,Sean Payton,DEN,m1_cases,0.0
coach_season,2025,Sean Payton,DEN,m1_timeouts_left,0.0
coach_season,2025,Sean Payton,DEN,m2_candidates,0.0
coach_season,2025,Sean Payton,DEN,m2_cases,0.0
coach_season,2025,Sean Payton,DEN,m2_ep_left,0.0
coach_season,2025,Sean Payton,DEN,m2_wp_left,0.0
coach_season,2025,Sean Payton,DEN,m3_cases,0.0
coach_season,2025,Sean Payton,DEN,m3_decisive_games,0.0
coach_season,2025,Sean Payton,DEN,m3_seconds_wasted,0.0
coach_season,2025,Shane Steichen,IND,games,17.0
coach_season,2025,Shane Steichen,IND,m1_candidates,2.0
coach_season,2025,Shane Steichen,IND,m1_cases,1.0
coach_season,2025,Shane Steichen,IND,m1_timeouts_left,1.0
coach_season,2025,Shane Steichen,IND,m2_candidates,0.0
coach_season,2025,Shane Steichen,IND,m2_cases,0.0
coach_season,2025,Shane Steichen,IND,m2_ep_left,0.0
coach_season,2025,Shane Steichen,IND,m2_wp_left,0.0
coach_season,2025,Shane Steichen,IND,m3_cases,0.0
coach_season,2025,Shane Steichen,IND,m3_decisive_games,3.0
coach_season,2025,Shane Steichen,IND,m3_seconds_wasted,0.0
coach_season,2025,Todd Bowles,TB,games,17.0
coach_season,2025,Todd Bowles,TB,m1_candidates,1.0
coach_season,2025,Todd Bowles,TB,m1_cases,0.0
coach_season,2025,Todd Bowles,TB,m1_timeouts_left,0.0
coach_season,2025,Todd Bowles,TB,m2_candidates,0.0
coach_season,2025,Todd Bowles,TB,m2_cases,0.0
coach_season,2025,Todd Bowles,TB,m2_ep_left,0.0
coach_season,2025,Todd Bowles,TB,m2_wp_left,0.0
coach_season,2025,Todd Bowles,TB,m3_cases,0.0
coach_season,2025,Todd Bowles,TB,m3_decisive_games,2.0
coach_season,2025,Todd Bowles,TB,m3_seconds_wasted,0.0
coach_season,2025,Zac Taylor,CIN,games,17.0
coach_season,2025,Zac Taylor,CIN,m1_candidates,0.0
coach_season,2025,Zac Taylor,CIN,m1_cases,0.0
coach_season,2025,Zac Taylor,CIN,m1_timeouts_left,0.0
coach_season,2025,Zac Taylor,CIN,m2_candidates,0.0
coach_season,2025,Zac Taylor,CIN,m2_cases,0.0
coach_season,2025,Zac Taylor,CIN,m2_ep_left,0.0
coach_season,2025,Zac Taylor,CIN,m2_wp_left,0.0
coach_season,2025,Zac Taylor,CIN,m3_cases,0.0
coach_season,2025,Zac Taylor,CIN,m3_decisive_games,0.0
coach_season,2025,Zac Taylor,CIN,m3_seconds_wasted,0.0
coach_season,2026,Aaron Glenn,NYJ,games,3.0
coach_season,2026,Aaron Glenn,NYJ,m1_candidates,0.0
coach_season,2026,Aaron Glenn,NYJ,m1_cases,0.0
coach_season,2026,Aaron Glenn,NYJ,m1_timeouts_left,0.0
coach_season,2026,Aaron Glenn,NYJ,m2_candidates,0.0
coach_season,2026,Aaron Glenn,NYJ,m2_cases,0.0
coach_season,2026,Aaron Glenn,NYJ,m2_ep_left,0.0
coach_season,2026,Aaron Glenn,NYJ,m2_wp_left,0.0
coach_season,2026,Aaron Glenn,NYJ,m3_cases,0.0
coach_season,2026,Aaron Glenn,NYJ,m3_decisive_games,0.0
coach_season,2026,Aaron Glenn,NYJ,m3_seconds_wasted,0.0
coach_season,2026,Andy Reid,KC,games,3.0
coach_season,2026,Andy Reid,KC,m1_candidates,0.0
coach_season,2026,Andy Reid,KC,m1_cases,0.0
coach_season,2026,Andy Reid,KC,m1_timeouts_left,0.0
coach_season,2026,Andy Reid,KC,m2_candidates,0.0
coach_season,2026,Andy Reid,KC,m2_cases,0.0
coach_season,2026,Andy Reid,KC,m2_ep_left,0.0
coach_season,2026,Andy Reid,KC,m2_wp_left,0.0
coach_season,2026,Andy Reid,KC,m3_cases,0.0
coach_season,2026,Andy Reid,KC,m3_decisive_games,0.0
coach_season,2026,Andy Reid,KC,m3_seconds_wasted,0.0
coach_season,2026,Ben Johnson,CHI,games,3.0
coach_season,2026,Ben Johnson,CHI,m1_candidates,0.0
coach_season,2026,Ben Johnson,CHI,m1_cases,0.0
coach_season,2026,Ben Johnson,CHI,m1_timeouts_left,0.0
coach_season,2026,Ben Johnson,CHI,m2_candidates,0.0
coach_season,2026,Ben Johnson,CHI,m2_cases,0.0
coach_season,2026,Ben Johnson,CHI,m2_ep_left,0.0
coach_season,2026,Ben Johnson,CHI,m2_wp_left,0.0
coach_season,2026,Ben Johnson,CHI,m3_cases,0.0
coach_season,2026,Ben Johnson,CHI,m3_decisive_games,0.0
coach_season,2026,Ben Johnson,CHI,m3_seconds_wasted,0.0
coach_season,2026,Brian Schottenheimer,DAL,games,3.0
coach_season,2026,Brian Schottenheimer,DAL,m1_candidates,0.0
coach_season,2026,Brian Schottenheimer,DAL,m1_cases,0.0
coach_season,2026,Brian Schottenheimer,DAL,m1_timeouts_left,0.0
coach_season,2026,Brian Schottenheimer,DAL,m2_candidates,0.0
coach_season,2026,Brian Schottenheimer,DAL,m2_cases,0.0
coach_season,2026,Brian Schottenheimer,DAL,m2_ep_left,0.0
coach_season,2026,Brian Schottenheimer,DAL,m2_wp_left,0.0
coach_season,2026,Brian Schottenheimer,DAL,m3_cases,0.0
coach_season,2026,Brian Schottenheimer,DAL,m3_decisive_games,0.0
coach_season,2026,Brian Schottenheimer,DAL,m3_seconds_wasted,0.0
coach_season,2026,Dan Campbell,DET,games,3.0
coach_season,2026,Dan Campbell,DET,m1_candidates,0.0
coach_season,2026,Dan Campbell,DET,m1_cases,0.0
coach_season,2026,Dan Campbell,DET,m1_timeouts_left,0.0
coach_season,2026,Dan Campbell,DET,m2_candidates,0.0
coach_season,2026,Dan Campbell,DET,m2_cases,0.0
coach_season,2026,Dan Campbell,DET,m2_ep_left,0.0
coach_season,2026,Dan Campbell,DET,m2_wp_left,0.0
coach_season,2026,Dan Campbell,DET,m3_cases,0.0
coach_season,2026,Dan Campbell,DET,m3_decisive_games,0.0
coach_season,2026,Dan Campbell,DET,m3_seconds_wasted,0.0
coach_season,2026,Dan Quinn,WAS,games,3.0
coach_season,2026,Dan Quinn,WAS,m1_candidates,0.0
coach_season,2026,Dan Quinn,WAS,m1_cases,0.0
coach_season,2026,Dan Quinn,WAS,m1_timeouts_left,0.0
coach_season,2026,Dan Quinn,WAS,m2_candidates,0.0
coach_season,2026,Dan Quinn,WAS,m2_cases,0.0
coach_season,2026,Dan Quinn,WAS,m2_ep_left,0.0
coach_season,2026,Dan Quinn,WAS,m2_wp_left,0.0
coach_season,2026,Dan Quinn,WAS,m3_cases,0.0
coach_season,2026,Dan Quinn,WAS,m3_decisive_games,0.0
coach_season,2026,Dan Quinn,WAS,m3_seconds_wasted,0.0
coach_season,2026,Dave Canales,CAR,games,3.0
coach_season,2026,Dave Canales,CAR,m1_candidates,0.0
coach_season,2026,Dave Canales,CAR,m1_cases,0.0
coach_season,2026,Dave Canales,CAR,m1_timeouts_left,0.0
coach_season,2026,Dave Canales,CAR,m2_candidates,0.0
coach_season,2026,Dave Canales,CAR,m2_cases,0.0
coach_season,2026,Dave Canales,CAR,m2_ep_left,0.0
coach_season,2026,Dave Canales,CAR,m2_wp_left,0.0
coach_season,2026,Dave Canales,CAR,m3_cases,0.0
coach_season,2026,Dave Canales,CAR,m3_decisive_games,1.0
coach_season,2026,Dave Canales,CAR,m3_seconds_wasted,0.0
coach_season,2026,DeMeco Ryans,HOU,games,3.0
coach_season,2026,DeMeco Ryans,HOU,m1_candidates,0.0
coach_season,2026,DeMeco Ryans,HOU,m1_cases,0.0
coach_season,2026,DeMeco Ryans,HOU,m1_timeouts_left,0.0
coach_season,2026,DeMeco Ryans,HOU,m2_candidates,0.0
coach_season,2026,DeMeco Ryans,HOU,m2_cases,0.0
coach_season,2026,DeMeco Ryans,HOU,m2_ep_left,0.0
coach_season,2026,DeMeco Ryans,HOU,m2_wp_left,0.0
coach_season,2026,DeMeco Ryans,HOU,m3_cases,0.0
coach_season,2026,DeMeco Ryans,HOU,m3_decisive_games,0.0
coach_season,2026,DeMeco Ryans,HOU,m3_seconds_wasted,0.0
coach_season,2026,Jeff Hafley,MIA,games,3.0
coach_season,2026,Jeff Hafley,MIA,m1_candidates,0.0
coach_season,2026,Jeff Hafley,MIA,m1_cases,0.0
coach_season,2026,Jeff Hafley,MIA,m1_timeouts_left,0.0
coach_season,2026,Jeff Hafley,MIA,m2_candidates,0.0
coach_season,2026,Jeff Hafley,MIA,m2_cases,0.0
coach_season,2026,Jeff Hafley,MIA,m2_ep_left,0.0
coach_season,2026,Jeff Hafley,MIA,m2_wp_left,0.0
coach_season,2026,Jeff Hafley,MIA,m3_cases,0.0
coach_season,2026,Jeff Hafley,MIA,m3_decisive_games,0.0
coach_season,2026,Jeff Hafley,MIA,m3_seconds_wasted,0.0
coach_season,2026,Jesse Minter,BAL,games,3.0
coach_season,2026,Jesse Minter,BAL,m1_candidates,0.0
coach_season,2026,Jesse Minter,BAL,m1_cases,0.0
coach_season,2026,Jesse Minter,BAL,m1_timeouts_left,0.0
coach_season,2026,Jesse Minter,BAL,m2_candidates,0.0
coach_season,2026,Jesse Minter,BAL,m2_cases,0.0
coach_season,2026,Jesse Minter,BAL,m2_ep_left,0.0
coach_season,2026,Jesse Minter,BAL,m2_wp_left,0.0
coach_season,2026,Jesse Minter,BAL,m3_cases,0.0
coach_season,2026,Jesse Minter,BAL,m3_decisive_games,0.0
coach_season,2026,Jesse Minter,BAL,m3_seconds_wasted,0.0
coach_season,2026,Jim Harbaugh,LAC,games,3.0
coach_season,2026,Jim Harbaugh,LAC,m1_candidates,1.0
coach_season,2026,Jim Harbaugh,LAC,m1_cases,0.0
coach_season,2026,Jim Harbaugh,LAC,m1_timeouts_left,0.0
coach_season,2026,Jim Harbaugh,LAC,m2_candidates,0.0
coach_season,2026,Jim Harbaugh,LAC,m2_cases,0.0
coach_season,2026,Jim Harbaugh,LAC,m2_ep_left,0.0
coach_season,2026,Jim Harbaugh,LAC,m2_wp_left,0.0
coach_season,2026,Jim Harbaugh,LAC,m3_cases,0.0
coach_season,2026,Jim Harbaugh,LAC,m3_decisive_games,1.0
coach_season,2026,Jim Harbaugh,LAC,m3_seconds_wasted,0.0
coach_season,2026,John Harbaugh,NYG,games,3.0
coach_season,2026,John Harbaugh,NYG,m1_candidates,0.0
coach_season,2026,John Harbaugh,NYG,m1_cases,0.0
coach_season,2026,John Harbaugh,NYG,m1_timeouts_left,0.0
coach_season,2026,John Harbaugh,NYG,m2_candidates,0.0
coach_season,2026,John Harbaugh,NYG,m2_cases,0.0
coach_season,2026,John Harbaugh,NYG,m2_ep_left,0.0
coach_season,2026,John Harbaugh,NYG,m2_wp_left,0.0
coach_season,2026,John Harbaugh,NYG,m3_cases,0.0
coach_season,2026,John Harbaugh,NYG,m3_decisive_games,0.0
coach_season,2026,John Harbaugh,NYG,m3_seconds_wasted,0.0
coach_season,2026,Jonathan Gannon,ARI,games,3.0
coach_season,2026,Jonathan Gannon,ARI,m1_candidates,0.0
coach_season,2026,Jonathan Gannon,ARI,m1_cases,0.0
coach_season,2026,Jonathan Gannon,ARI,m1_timeouts_left,0.0
coach_season,2026,Jonathan Gannon,ARI,m2_candidates,0.0
coach_season,2026,Jonathan Gannon,ARI,m2_cases,0.0
coach_season,2026,Jonathan Gannon,ARI,m2_ep_left,0.0
coach_season,2026,Jonathan Gannon,ARI,m2_wp_left,0.0
coach_season,2026,Jonathan Gannon,ARI,m3_cases,0.0
coach_season,2026,Jonathan Gannon,ARI,m3_decisive_games,1.0
coach_season,2026,Jonathan Gannon,ARI,m3_seconds_wasted,0.0
coach_season,2026,Kellen Moore,NO,games,3.0
coach_season,2026,Kellen Moore,NO,m1_candidates,0.0
coach_season,2026,Kellen Moore,NO,m1_cases,0.0
coach_season,2026,Kellen Moore,NO,m1_timeouts_left,0.0
coach_season,2026,Kellen Moore,NO,m2_candidates,0.0
coach_season,2026,Kellen Moore,NO,m2_cases,0.0
coach_season,2026,Kellen Moore,NO,m2_ep_left,0.0
coach_season,2026,Kellen Moore,NO,m2_wp_left,0.0
coach_season,2026,Kellen Moore,NO,m3_cases,0.0
coach_season,2026,Kellen Moore,NO,m3_decisive_games,0.0
coach_season,2026,Kellen Moore,NO,m3_seconds_wasted,0.0
coach_season,2026,Kevin O'Connell,MIN,games,3.0
coach_season,2026,Kevin O'Connell,MIN,m1_candidates,0.0
coach_season,2026,Kevin O'Connell,MIN,m1_cases,0.0
coach_season,2026,Kevin O'Connell,MIN,m1_timeouts_left,0.0
coach_season,2026,Kevin O'Connell,MIN,m2_candidates,0.0
coach_season,2026,Kevin O'Connell,MIN,m2_cases,0.0
coach_season,2026,Kevin O'Connell,MIN,m2_ep_left,0.0
coach_season,2026,Kevin O'Connell,MIN,m2_wp_left,0.0
coach_season,2026,Kevin O'Connell,MIN,m3_cases,0.0
coach_season,2026,Kevin O'Connell,MIN,m3_decisive_games,0.0
coach_season,2026,Kevin O'Connell,MIN,m3_seconds_wasted,0.0
coach_season,2026,Klint Kubliak,LV,games,3.0
coach_season,2026,Klint Kubliak,LV,m1_candidates,0.0
coach_season,2026,Klint Kubliak,LV,m1_cases,0.0
coach_season,2026,Klint Kubliak,LV,m1_timeouts_left,0.0
coach_season,2026,Klint Kubliak,LV,m2_candidates,0.0
coach_season,2026,Klint Kubliak,LV,m2_cases,0.0
coach_season,2026,Klint Kubliak,LV,m2_ep_left,0.0
coach_season,2026,Klint Kubliak,LV,m2_wp_left,0.0
coach_season,2026,Klint Kubliak,LV,m3_cases,0.0
coach_season,2026,Klint Kubliak,LV,m3_decisive_games,0.0
coach_season,2026,Klint Kubliak,LV,m3_seconds_wasted,0.0
coach_season,2026,Kyle Shanahan,SF,games,3.0
coach_season,2026,Kyle Shanahan,SF,m1_candidates,0.0
coach_season,2026,Kyle Shanahan,SF,m1_cases,0.0
coach_season,2026,Kyle Shanahan,SF,m1_timeouts_left,0.0
coach_season,2026,Kyle Shanahan,SF,m2_candidates,0.0
coach_season,2026,Kyle Shanahan,SF,m2_cases,0.0
coach_season,2026,Kyle Shanahan,SF,m2_ep_left,0.0
coach_season,2026,Kyle Shanahan,SF,m2_wp_left,0.0
coach_season,2026,Kyle Shanahan,SF,m3_cases,0.0
coach_season,2026,Kyle Shanahan,SF,m3_decisive_games,0.0
coach_season,2026,Kyle Shanahan,SF,m3_seconds_wasted,0.0
coach_season,2026,Liam Coen,JAX,games,3.0
coach_season,2026,Liam Coen,JAX,m1_candidates,0.0
coach_season,2026,Liam Coen,JAX,m1_cases,0.0
coach_season,2026,Liam Coen,JAX,m1_timeouts_left,0.0
coach_season,2026,Liam Coen,JAX,m2_candidates,0.0
coach_season,2026,Liam Coen,JAX,m2_cases,0.0
coach_season,2026,Liam Coen,JAX,m2_ep_left,0.0
coach_season,2026,Liam Coen,JAX,m2_wp_left,0.0
coach_season,2026,Liam Coen,JAX,m3_cases,0.0
coach_season,2026,Liam Coen,JAX,m3_decisive_games,0.0
coach_season,2026,Liam Coen,JAX,m3_seconds_wasted,0.0
coach_season,2026,Matt LaFleur,GB,games,3.0
coach_season,2026,Matt LaFleur,GB,m1_candidates,0.0
coach_season,2026,Matt LaFleur,GB,m1_cases,0.0
coach_season,2026,Matt LaFleur,GB,m1_timeouts_left,0.0
coach_season,2026,Matt LaFleur,GB,m2_candidates,0.0
coach_season,2026,Matt LaFleur,GB,m2_cases,0.0
coach_season,2026,Matt LaFleur,GB,m2_ep_left,0.0
coach_season,2026,Matt LaFleur,GB,m2_wp_left,0.0
coach_season,2026,Matt LaFleur,GB,m3_cases,0.0
coach_season,2026,Matt LaFleur,GB,m3_decisive_games,0.0
coach_season,2026,Matt LaFleur,GB,m3_seconds_wasted,0.0
coach_season,2026,Mike Macdonald,SEA,games,3.0
coach_season,2026,Mike Macdonald,SEA,m1_candidates,1.0
coach_season,2026,Mike Macdonald,SEA,m1_cases,0.0
coach_season,2026,Mike Macdonald,SEA,m1_timeouts_left,0.0
coach_season,2026,Mike Macdonald,SEA,m2_candidates,0.0
coach_season,2026,Mike Macdonald,SEA,m2_cases,0.0
coach_season,2026,Mike Macdonald,SEA,m2_ep_left,0.0
coach_season,2026,Mike Macdonald,SEA,m2_wp_left,0.0
coach_season,2026,Mike Macdonald,SEA,m3_cases,0.0
coach_season,2026,Mike Macdonald,SEA,m3_decisive_games,1.0
coach_season,2026,Mike Macdonald,SEA,m3_seconds_wasted,0.0
coach_season,2026,Mike McCarthy,PIT,games,3.0
coach_season,2026,Mike McCarthy,PIT,m1_candidates,0.0
coach_season,2026,Mike McCarthy,PIT,m1_cases,0.0
coach_season,2026,Mike McCarthy,PIT,m1_timeouts_left,0.0
coach_season,2026,Mike McCarthy,PIT,m2_candidates,0.0
coach_season,2026,Mike McCarthy,PIT,m2_cases,0.0
coach_season,2026,Mike McCarthy,PIT,m2_ep_left,0.0
coach_season,2026,Mike McCarthy,PIT,m2_wp_left,0.0
coach_season,2026,Mike McCarthy,PIT,m3_cases,0.0
coach_season,2026,Mike McCarthy,PIT,m3_decisive_games,0.0
coach_season,2026,Mike McCarthy,PIT,m3_seconds_wasted,0.0
coach_season,2026,Mike Vrabel,NE,games,3.0
coach_season,2026,Mike Vrabel,NE,m1_candidates,0.0
coach_season,2026,Mike Vrabel,NE,m1_cases,0.0
coach_season,2026,Mike Vrabel,NE,m1_timeouts_left,0.0
coach_season,2026,Mike Vrabel,NE,m2_candidates,0.0
coach_season,2026,Mike Vrabel,NE,m2_cases,0.0
coach_season,2026,Mike Vrabel,NE,m2_ep_left,0.0
coach_season,2026,Mike Vrabel,NE,m2_wp_left,0.0
coach_season,2026,Mike Vrabel,NE,m3_cases,0.0
coach_season,2026,Mike Vrabel,NE,m3_decisive_games,0.0
coach_season,2026,Mike Vrabel,NE,m3_seconds_wasted,0.0
coach_season,2026,Nick Sirianni,PHI,games,3.0
coach_season,2026,Nick Sirianni,PHI,m1_candidates,0.0
coach_season,2026,Nick Sirianni,PHI,m1_cases,0.0
coach_season,2026,Nick Sirianni,PHI,m1_timeouts_left,0.0
coach_season,2026,Nick Sirianni,PHI,m2_candidates,0.0
coach_season,2026,Nick Sirianni,PHI,m2_cases,0.0
coach_season,2026,Nick Sirianni,PHI,m2_ep_left,0.0
coach_season,2026,Nick Sirianni,PHI,m2_wp_left,0.0
coach_season,2026,Nick Sirianni,PHI,m3_cases,0.0
coach_season,2026,Nick Sirianni,PHI,m3_decisive_games,0.0
coach_season,2026,Nick Sirianni,PHI,m3_seconds_wasted,0.0
coach_season,2026,Raheem Morris,ATL,games,3.0
coach_season,2026,Raheem Morris,ATL,m1_candidates,0.0
coach_season,2026,Raheem Morris,ATL,m1_cases,0.0
coach_season,2026,Raheem Morris,ATL,m1_timeouts_left,0.0
coach_season,2026,Raheem Morris,ATL,m2_candidates,0.0
coach_season,2026,Raheem Morris,ATL,m2_cases,0.0
coach_season,2026,Raheem Morris,ATL,m2_ep_left,0.0
coach_season,2026,Raheem Morris,ATL,m2_wp_left,0.0
coach_season,2026,Raheem Morris,ATL,m3_cases,0.0
coach_season,2026,Raheem Morris,ATL,m3_decisive_games,0.0
coach_season,2026,Raheem Morris,ATL,m3_seconds_wasted,0.0
coach_season,2026,Robert Saleh,TEN,games,3.0
coach_season,2026,Robert Saleh,TEN,m1_candidates,0.0
coach_season,2026,Robert Saleh,TEN,m1_cases,0.0
coach_season,2026,Robert Saleh,TEN,m1_timeouts_left,0.0
coach_season,2026,Robert Saleh,TEN,m2_candidates,0.0
coach_season,2026,Robert Saleh,TEN,m2_cases,0.0
coach_season,2026,Robert Saleh,TEN,m2_ep_left,0.0
coach_season,2026,Robert Saleh,TEN,m2_wp_left,0.0
coach_season,2026,Robert Saleh,TEN,m3_cases,0.0
coach_season,2026,Robert Saleh,TEN,m3_decisive_games,0.0
coach_season,2026,Robert Saleh,TEN,m3_seconds_wasted,0.0
coach_season,2026,Sean McDermott,BUF,games,3.0
coach_season,2026,Sean McDermott,BUF,m1_candidates,0.0
coach_season,2026,Sean McDermott,BUF,m1_cases,0.0
coach_season,2026,Sean McDermott,BUF,m1_timeouts_left,0.0
coach_season,2026,Sean McDermott,BUF,m2_candidates,0.0
coach_season,2026,Sean McDermott,BUF,m2_cases,0.0
coach_season,2026,Sean McDermott,BUF,m2_ep_left,0.0
coach_season,2026,Sean McDermott,BUF,m2_wp_left,0.0
coach_season,2026,Sean McDermott,BUF,m3_cases,0.0
coach_season,2026,Sean McDermott,BUF,m3_decisive_games,0.0
coach_season,2026,Sean McDermott,BUF,m3_seconds_wasted,0.0
coach_season,2026,Sean McVay,LA,games,3.0
coach_season,2026,Sean McVay,LA,m1_candidates,0.0
coach_season,2026,Sean McVay,LA,m1_cases,0.0
coach_season,2026,Sean McVay,LA,m1_timeouts_left,0.0
coach_season,2026,Sean McVay,LA,m2_candidates,0.0
coach_season,2026,Sean McVay,LA,m2_cases,0.0
coach_season,2026,Sean McVay,LA,m2_ep_left,0.0
coach_season,2026,Sean McVay,LA,m2_wp_left,0.0
coach_season,2026,Sean McVay,LA,m3_cases,0.0
coach_season,2026,Sean McVay,LA,m3_decisive_games,0.0
coach_season,2026,Sean McVay,LA,m3_seconds_wasted,0.0
coach_season,2026,Sean Payton,DEN,games,3.0
coach_season,2026,Sean Payton,DEN,m1_candidates,0.0
coach_season,2026,Sean Payton,DEN,m1_cases,0.0
coach_season,2026,Sean Payton,DEN,m1_timeouts_left,0.0
coach_season,2026,Sean Payton,DEN,m2_candidates,0.0
coach_season,2026,Sean Payton,DEN,m2_cases,0.0
coach_season,2026,Sean Payton,DEN,m2_ep_left,0.0
coach_season,2026,Sean Payton,DEN,m2_wp_left,0.0
coach_season,2026,Sean Payton,DEN,m3_cases,0.0
coach_season,2026,Sean Payton,DEN,m3_decisive_games,0.0
coach_season,2026,Sean Payton,DEN,m3_seconds_wasted,0.0
coach_season,2026,Shane Steichen,IND,games,3.0
coach_season,2026,Shane Steichen,IND,m1_candidates,0.0
coach_season,2026,Shane Steichen,IND,m1_cases,0.0
coach_season,2026,Shane Steichen,IND,m1_timeouts_left,0.0
coach_season,2026,Shane Steichen,IND,m2_candidates,0.0
coach_season,2026,Shane Steichen,IND,m2_cases,0.0
coach_season,2026,Shane Steichen,IND,m2_ep_left,0.0
coach_season,2026,Shane Steichen,IND,m2_wp_left,0.0
coach_season,2026,Shane Steichen,IND,m3_cases,0.0
coach_season,2026,Shane Steichen,IND,m3_decisive_games,0.0
coach_season,2026,Shane Steichen,IND,m3_seconds_wasted,0.0
coach_season,2026,Todd Bowles,TB,games,3.0
coach_season,2026,Todd Bowles,TB,m1_candidates,0.0
coach_season,2026,Todd Bowles,TB,m1_cases,0.0
coach_season,2026,Todd Bowles,TB,m1_timeouts_left,0.0
coach_season,2026,Todd Bowles,TB,m2_candidates,0.0
coach_season,2026,Todd Bowles,TB,m2_cases,0.0
coach_season,2026,Todd Bowles,TB,m2_ep_left,0.0
coach_season,2026,Todd Bowles,TB,m2_wp_left,0.0
coach_season,2026,Todd Bowles,TB,m3_cases,0.0
coach_season,2026,Todd Bowles,TB,m3_decisive_games,1.0
coach_season,2026,Todd Bowles,TB,m3_seconds_wasted,0.0
coach_season,2026,Todd Monken,CLE,games,3.0
coach_season,2026,Todd Monken,CLE,m1_candidates,0.0
coach_season,2026,Todd Monken,CLE,m1_cases,0.0
coach_season,2026,Todd Monken,CLE,m1_timeouts_left,0.0
coach_season,2026,Todd Monken,CLE,m2_candidates,0.0
coach_season,2026,Todd Monken,CLE,m2_cases,0.0
coach_season,2026,Todd Monken,CLE,m2_ep_left,0.0
coach_season,2026,Todd Monken,CLE,m2_wp_left,0.0
coach_season,2026,Todd Monken,CLE,m3_cases,0.0
coach_season,2026,Todd Monken,CLE,m3_decisive_games,0.0
coach_season,2026,Todd Monken,CLE,m3_seconds_wasted,0.0
coach_season,2026,Zac Taylor,CIN,games,3.0
coach_season,2026,Zac Taylor,CIN,m1_candidates,0.0
coach_season,2026,Zac Taylor,CIN,m1_cases,0.0
coach_season,2026,Zac Taylor,CIN,m1_timeouts_left,0.0
coach_season,2026,Zac Taylor,CIN,m2_candidates,0.0
coach_season,2026,Zac Taylor,CIN,m2_cases,0.0
coach_season,2026,Zac Taylor,CIN,m2_ep_left,0.0
coach_season,2026,Zac Taylor,CIN,m2_wp_left,0.0
coach_season,2026,Zac Taylor,CIN,m3_cases,0.0
coach_season,2026,Zac Taylor,CIN,m3_decisive_games,0.0
coach_season,2026,Zac Taylor,CIN,m3_seconds_wasted,0.0
league,2006,,,kneel_cycle,38.0
league,2006,,,kneel_play,4.0
league,2006,,,m1_candidates,8.0
league,2006,,,m1_cases,0.0
league,2006,,,m1_timeouts_left,0.0
league,2006,,,m2_candidates,17.0
league,2006,,,m2_cases,1.0
league,2006,,,m2_ep_left,1.788327
league,2006,,,m2_wp_left,0.048026
league,2006,,,m3_cases,0.0
league,2006,,,m3_decisive_games,21.0
league,2006,,,m3_seconds_wasted,0.0
league,2006,,,play_seconds_pass,9.0
league,2006,,,play_seconds_run,7.0
league,2006,,,team_games,534.0
league,2007,,,kneel_cycle,38.0
league,2007,,,kneel_play,4.0
league,2007,,,m1_candidates,11.0
league,2007,,,m1_cases,3.0
league,2007,,,m1_timeouts_left,3.0
league,2007,,,m2_candidates,26.0
league,2007,,,m2_cases,0.0
league,2007,,,m2_ep_left,0.0
league,2007,,,m2_wp_left,0.0
league,2007,,,m3_cases,3.0
league,2007,,,m3_decisive_games,36.0
league,2007,,,m3_seconds_wasted,104.0
league,2007,,,play_seconds_pass,9.0
league,2007,,,play_seconds_run,7.0
league,2007,,,team_games,534.0
league,2008,,,kneel_cycle,38.0
league,2008,,,kneel_play,4.0
league,2008,,,m1_candidates,11.0
league,2008,,,m1_cases,1.0
league,2008,,,m1_timeouts_left,2.0
league,2008,,,m2_candidates,17.0
league,2008,,,m2_cases,0.0
league,2008,,,m2_ep_left,0.0
league,2008,,,m2_wp_left,0.0
league,2008,,,m3_cases,0.0
league,2008,,,m3_decisive_games,26.0
league,2008,,,m3_seconds_wasted,0.0
league,2008,,,play_seconds_pass,8.0
league,2008,,,play_seconds_run,7.0
league,2008,,,team_games,534.0
league,2009,,,kneel_cycle,39.0
league,2009,,,kneel_play,4.0
league,2009,,,m1_candidates,9.0
league,2009,,,m1_cases,2.0
league,2009,,,m1_timeouts_left,2.0
league,2009,,,m2_candidates,14.0
league,2009,,,m2_cases,0.0
league,2009,,,m2_ep_left,0.0
league,2009,,,m2_wp_left,0.0
league,2009,,,m3_cases,0.0
league,2009,,,m3_decisive_games,19.0
league,2009,,,m3_seconds_wasted,0.0
league,2009,,,play_seconds_pass,8.0
league,2009,,,play_seconds_run,6.0
league,2009,,,team_games,534.0
league,2010,,,kneel_cycle,39.0
league,2010,,,kneel_play,3.0
league,2010,,,m1_candidates,15.0
league,2010,,,m1_cases,0.0
league,2010,,,m1_timeouts_left,0.0
league,2010,,,m2_candidates,12.0
league,2010,,,m2_cases,0.0
league,2010,,,m2_ep_left,0.0
league,2010,,,m2_wp_left,0.0
league,2010,,,m3_cases,0.0
league,2010,,,m3_decisive_games,32.0
league,2010,,,m3_seconds_wasted,0.0
league,2010,,,play_seconds_pass,8.0
league,2010,,,play_seconds_run,6.0
league,2010,,,team_games,534.0
league,2011,,,kneel_cycle,40.0
league,2011,,,kneel_play,3.0
league,2011,,,m1_candidates,15.0
league,2011,,,m1_cases,3.0
league,2011,,,m1_timeouts_left,3.0
league,2011,,,m2_candidates,9.0
league,2011,,,m2_cases,0.0
league,2011,,,m2_ep_left,0.0
league,2011,,,m2_wp_left,0.0
league,2011,,,m3_cases,1.0
league,2011,,,m3_decisive_games,33.0
league,2011,,,m3_seconds_wasted,31.0
league,2011,,,play_seconds_pass,8.0
league,2011,,,play_seconds_run,6.0
league,2011,,,team_games,534.0
league,2012,,,kneel_cycle,40.0
league,2012,,,kneel_play,3.0
league,2012,,,m1_candidates,10.0
league,2012,,,m1_cases,4.0
league,2012,,,m1_timeouts_left,7.0
league,2012,,,m2_candidates,13.0
league,2012,,,m2_cases,0.0
league,2012,,,m2_ep_left,0.0
league,2012,,,m2_wp_left,0.0
league,2012,,,m3_cases,3.0
league,2012,,,m3_decisive_games,32.0
league,2012,,,m3_seconds_wasted,151.0
league,2012,,,play_seconds_pass,8.0
league,2012,,,play_seconds_run,6.0
league,2012,,,team_games,534.0
league,2013,,,kneel_cycle,40.0
league,2013,,,kneel_play,3.0
league,2013,,,m1_candidates,13.0
league,2013,,,m1_cases,1.0
league,2013,,,m1_timeouts_left,3.0
league,2013,,,m2_candidates,11.0
league,2013,,,m2_cases,0.0
league,2013,,,m2_ep_left,0.0
league,2013,,,m2_wp_left,0.0
league,2013,,,m3_cases,0.0
league,2013,,,m3_decisive_games,25.0
league,2013,,,m3_seconds_wasted,0.0
league,2013,,,play_seconds_pass,8.0
league,2013,,,play_seconds_run,6.0
league,2013,,,team_games,534.0
league,2014,,,kneel_cycle,39.0
league,2014,,,kneel_play,3.0
league,2014,,,m1_candidates,9.0
league,2014,,,m1_cases,2.0
league,2014,,,m1_timeouts_left,3.0
league,2014,,,m2_candidates,11.0
league,2014,,,m2_cases,0.0
league,2014,,,m2_ep_left,0.0
league,2014,,,m2_wp_left,0.0
league,2014,,,m3_cases,1.0
league,2014,,,m3_decisive_games,29.0
league,2014,,,m3_seconds_wasted,36.0
league,2014,,,play_seconds_pass,7.0
league,2014,,,play_seconds_run,6.0
league,2014,,,team_games,534.0
league,2015,,,kneel_cycle,39.0
league,2015,,,kneel_play,3.0
league,2015,,,m1_candidates,15.0
league,2015,,,m1_cases,1.0
league,2015,,,m1_timeouts_left,1.0
league,2015,,,m2_candidates,11.0
league,2015,,,m2_cases,0.0
league,2015,,,m2_ep_left,0.0
league,2015,,,m2_wp_left,0.0
league,2015,,,m3_cases,2.0
league,2015,,,m3_decisive_games,31.0
league,2015,,,m3_seconds_wasted,74.0
league,2015,,,play_seconds_pass,7.0
league,2015,,,play_seconds_run,6.0
league,2015,,,team_games,534.0
league,2016,,,kneel_cycle,39.0
league,2016,,,kneel_play,3.0
league,2016,,,m1_candidates,20.0
league,2016,,,m1_cases,6.0
league,2016,,,m1_timeouts_left,6.0
league,2016,,,m2_candidates,11.0
league,2016,,,m2_cases,0.0
league,2016,,,m2_ep_left,0.0
league,2016,,,m2_wp_left,0.0
league,2016,,,m3_cases,4.0
league,2016,,,m3_decisive_games,38.0
league,2016,,,m3_seconds_wasted,157.0
league,2016,,,play_seconds_pass,7.0
league,2016,,,play_seconds_run,6.0
league,2016,,,team_games,534.0
league,2017,,,kneel_cycle,39.0
league,2017,,,kneel_play,3.0
league,2017,,,m1_candidates,14.0
league,2017,,,m1_cases,2.0
league,2017,,,m1_timeouts_left,2.0
league,2017,,,m2_candidates,8.0
league,2017,,,m2_cases,0.0
league,2017,,,m2_ep_left,0.0
league,2017,,,m2_wp_left,0.0
league,2017,,,m3_cases,1.0
league,2017,,,m3_decisive_games,29.0
league,2017,,,m3_seconds_wasted,38.0
league,2017,,,play_seconds_pass,7.0
league,2017,,,play_seconds_run,6.0
league,2017,,,team_games,534.0
league,2018,,,kneel_cycle,39.0
league,2018,,,kneel_play,3.0
league,2018,,,m1_candidates,11.0
league,2018,,,m1_cases,4.0
league,2018,,,m1_timeouts_left,6.0
league,2018,,,m2_candidates,8.0
league,2018,,,m2_cases,0.0
league,2018,,,m2_ep_left,0.0
league,2018,,,m2_wp_left,0.0
league,2018,,,m3_cases,2.0
league,2018,,,m3_decisive_games,30.0
league,2018,,,m3_seconds_wasted,64.0
league,2018,,,play_seconds_pass,7.0
league,2018,,,play_seconds_run,6.0
league,2018,,,team_games,534.0
league,2019,,,kneel_cycle,39.0
league,2019,,,kneel_play,2.0
league,2019,,,m1_candidates,11.0
league,2019,,,m1_cases,3.0
league,2019,,,m1_timeouts_left,5.0
league,2019,,,m2_candidates,7.0
league,2019,,,m2_cases,0.0
league,2019,,,m2_ep_left,0.0
league,2019,,,m2_wp_left,0.0
league,2019,,,m3_cases,0.0
league,2019,,,m3_decisive_games,36.0
league,2019,,,m3_seconds_wasted,0.0
league,2019,,,play_seconds_pass,7.0
league,2019,,,play_seconds_run,6.0
league,2019,,,team_games,534.0
league,2020,,,kneel_cycle,39.0
league,2020,,,kneel_play,2.0
league,2020,,,m1_candidates,20.0
league,2020,,,m1_cases,1.0
league,2020,,,m1_timeouts_left,1.0
league,2020,,,m2_candidates,4.0
league,2020,,,m2_cases,0.0
league,2020,,,m2_ep_left,0.0
league,2020,,,m2_wp_left,0.0
league,2020,,,m3_cases,0.0
league,2020,,,m3_decisive_games,42.0
league,2020,,,m3_seconds_wasted,0.0
league,2020,,,play_seconds_pass,7.0
league,2020,,,play_seconds_run,5.0
league,2020,,,team_games,538.0
league,2021,,,kneel_cycle,39.0
league,2021,,,kneel_play,2.0
league,2021,,,m1_candidates,10.0
league,2021,,,m1_cases,2.0
league,2021,,,m1_timeouts_left,3.0
league,2021,,,m2_candidates,3.0
league,2021,,,m2_cases,0.0
league,2021,,,m2_ep_left,0.0
league,2021,,,m2_wp_left,0.0
league,2021,,,m3_cases,0.0
league,2021,,,m3_decisive_games,23.0
league,2021,,,m3_seconds_wasted,0.0
league,2021,,,play_seconds_pass,7.0
league,2021,,,play_seconds_run,5.0
league,2021,,,team_games,570.0
league,2022,,,kneel_cycle,39.0
league,2022,,,kneel_play,2.0
league,2022,,,m1_candidates,18.0
league,2022,,,m1_cases,4.0
league,2022,,,m1_timeouts_left,6.0
league,2022,,,m2_candidates,6.0
league,2022,,,m2_cases,0.0
league,2022,,,m2_ep_left,0.0
league,2022,,,m2_wp_left,0.0
league,2022,,,m3_cases,2.0
league,2022,,,m3_decisive_games,49.0
league,2022,,,m3_seconds_wasted,120.0
league,2022,,,play_seconds_pass,7.0
league,2022,,,play_seconds_run,5.0
league,2022,,,team_games,568.0
league,2023,,,kneel_cycle,39.0
league,2023,,,kneel_play,2.0
league,2023,,,m1_candidates,17.0
league,2023,,,m1_cases,2.0
league,2023,,,m1_timeouts_left,3.0
league,2023,,,m2_candidates,3.0
league,2023,,,m2_cases,0.0
league,2023,,,m2_ep_left,0.0
league,2023,,,m2_wp_left,0.0
league,2023,,,m3_cases,1.0
league,2023,,,m3_decisive_games,36.0
league,2023,,,m3_seconds_wasted,25.0
league,2023,,,play_seconds_pass,7.0
league,2023,,,play_seconds_run,5.0
league,2023,,,team_games,570.0
league,2024,,,kneel_cycle,39.0
league,2024,,,kneel_play,2.0
league,2024,,,m1_candidates,15.0
league,2024,,,m1_cases,1.0
league,2024,,,m1_timeouts_left,1.0
league,2024,,,m2_candidates,3.0
league,2024,,,m2_cases,0.0
league,2024,,,m2_ep_left,0.0
league,2024,,,m2_wp_left,0.0
league,2024,,,m3_cases,0.0
league,2024,,,m3_decisive_games,42.0
league,2024,,,m3_seconds_wasted,0.0
league,2024,,,play_seconds_pass,7.0
league,2024,,,play_seconds_run,5.0
league,2024,,,team_games,570.0
league,2025,,,kneel_cycle,39.0
league,2025,,,kneel_play,2.0
league,2025,,,m1_candidates,21.0
league,2025,,,m1_cases,4.0
league,2025,,,m1_timeouts_left,4.0
league,2025,,,m2_candidates,2.0
league,2025,,,m2_cases,0.0
league,2025,,,m2_ep_left,0.0
league,2025,,,m2_wp_left,0.0
league,2025,,,m3_cases,1.0
league,2025,,,m3_decisive_games,40.0
league,2025,,,m3_seconds_wasted,39.0
league,2025,,,play_seconds_pass,7.0
league,2025,,,play_seconds_run,5.0
league,2025,,,team_games,570.0
league,2026,,,kneel_cycle,38.0
league,2026,,,kneel_play,2.0
league,2026,,,m1_candidates,2.0
league,2026,,,m1_cases,0.0
league,2026,,,m1_timeouts_left,0.0
league,2026,,,m2_candidates,0.0
league,2026,,,m2_cases,0.0
league,2026,,,m2_ep_left,0.0
league,2026,,,m2_wp_left,0.0
league,2026,,,m3_cases,0.0
league,2026,,,m3_decisive_games,5.0
league,2026,,,m3_seconds_wasted,0.0
league,2026,,,play_seconds_pass,6.0
league,2026,,,play_seconds_run,5.0
league,2026,,,team_games,96.0
