table,season,coach,team,metric,value
coach_season,2006,Andy Reid,PHI,aggressiveness,0.181818
coach_season,2006,Andy Reid,PHI,fourth_graded,49.0
coach_season,2006,Andy Reid,PHI,fourth_toss_ups,73.0
coach_season,2006,Andy Reid,PHI,fourth_wp_lost,0.448422
coach_season,2006,Andy Reid,PHI,fourth_wrong,18.0
coach_season,2006,Andy Reid,PHI,games,18.0
coach_season,2006,Andy Reid,PHI,go_clear,22.0
coach_season,2006,Andy Reid,PHI,go_clear_went,4.0
coach_season,2006,Andy Reid,PHI,two_point_graded,4.0
coach_season,2006,Andy Reid,PHI,two_point_toss_ups,50.0
coach_season,2006,Andy Reid,PHI,two_point_wp_lost,0.07082
coach_season,2006,Andy Reid,PHI,two_point_wrong,3.0
coach_season,2006,Andy Reid,PHI,went,9.0
coach_season,2006,Andy Reid,PHI,wp_lost,0.519242
coach_season,2006,Andy Reid,PHI,wp_lost_per_game,0.028847
coach_season,2006,Art Shell,LV,aggressiveness,0.545455
coach_season,2006,Art Shell,LV,fourth_graded,38.0
coach_season,2006,Art Shell,LV,fourth_toss_ups,84.0
coach_season,2006,Art Shell,LV,fourth_wp_lost,0.126821
coach_season,2006,Art Shell,LV,fourth_wrong,5.0
coach_season,2006,Art Shell,LV,games,16.0
coach_season,2006,Art Shell,LV,go_clear,11.0
coach_season,2006,Art Shell,LV,go_clear_went,6.0
coach_season,2006,Art Shell,LV,two_point_graded,0.0
coach_season,2006,Art Shell,LV,two_point_toss_ups,16.0
coach_season,2006,Art Shell,LV,two_point_wp_lost,0.0
coach_season,2006,Art Shell,LV,two_point_wrong,0.0
coach_season,2006,Art Shell,LV,went,20.0
coach_season,2006,Art Shell,LV,wp_lost,0.126821
coach_season,2006,Art Shell,LV,wp_lost_per_game,0.007926
coach_season,2006,Bill Belichick,NE,aggressiveness,0.535714
coach_season,2006,Bill Belichick,NE,fourth_graded,58.0
coach_season,2006,Bill Belichick,NE,fourth_toss_ups,78.0
coach_season,2006,Bill Belichick,NE,fourth_wp_lost,0.321744
coach_season,2006,Bill Belichick,NE,fourth_wrong,13.0
coach_season,2006,Bill Belichick,NE,games,19.0
coach_season,2006,Bill Belichick,NE,go_clear,28.0
coach_season,2006,Bill Belichick,NE,go_clear_went,15.0
coach_season,2006,Bill Belichick,NE,two_point_graded,3.0
coach_season,2006,Bill Belichick,NE,two_point_toss_ups,53.0
coach_season,2006,Bill Belichick,NE,two_point_wp_lost,0.016236
coach_season,2006,Bill Belichick,NE,two_point_wrong,1.0
coach_season,2006,Bill Belichick,NE,went,22.0
coach_season,2006,Bill Belichick,NE,wp_lost,0.33798
coach_season,2006,Bill Belichick,NE,wp_lost_per_game,0.017788
coach_season,2006,Bill Cowher,PIT,aggressiveness,0.47619
coach_season,2006,Bill Cowher,PIT,fourth_graded,49.0
coach_season,2006,Bill Cowher,PIT,fourth_toss_ups,60.0
coach_season,2006,Bill Cowher,PIT,fourth_wp_lost,0.292895
coach_season,2006,Bill Cowher,PIT,fourth_wrong,11.0
coach_season,2006,Bill Cowher,PIT,games,16.0
coach_season,2006,Bill Cowher,PIT,go_clear,21.0
coach_season,2006,Bill Cowher,PIT,go_clear_went,10.0
coach_season,2006,Bill Cowher,PIT,two_point_graded,1.0
coach_season,2006,Bill Cowher,PIT,two_point_toss_ups,40.0
coach_season,2006,Bill Cowher,PIT,two_point_wp_lost,0.030645
coach_season,2006,Bill Cowher,PIT,two_point_wrong,1.0
coach_season,2006,Bill Cowher,PIT,went,20.0
coach_season,2006,Bill Cowher,PIT,wp_lost,0.32354
coach_season,2006,Bill Cowher,PIT,wp_lost_per_game,0.020221
coach_season,2006,Bill Parcells,DAL,aggressiveness,0.647059
coach_season,2006,Bill Parcells,DAL,fourth_graded,45.0
coach_season,2006,Bill Parcells,DAL,fourth_toss_ups,57.0
coach_season,2006,Bill Parcells,DAL,fourth_wp_lost,0.135477
coach_season,2006,Bill Parcells,DAL,fourth_wrong,6.0
coach_season,2006,Bill Parcells,DAL,games,17.0
coach_season,2006,Bill Parcells,DAL,go_clear,17.0
coach_season,2006,Bill Parcells,DAL,go_clear_went,11.0
coach_season,2006,Bill Parcells,DAL,two_point_graded,0.0
coach_season,2006,Bill Parcells,DAL,two_point_toss_ups,54.0
coach_season,2006,Bill Parcells,DAL,two_point_wp_lost,0.0
coach_season,2006,Bill Parcells,DAL,two_point_wrong,0.0
coach_season,2006,Bill Parcells,DAL,went,18.0
coach_season,2006,Bill Parcells,DAL,wp_lost,0.135477
coach_season,2006,Bill Parcells,DAL,wp_lost_per_game,0.007969
coach_season,2006,Brad Childress,MIN,aggressiveness,0.37037
coach_season,2006,Brad Childress,MIN,fourth_graded,55.0
coach_season,2006,Brad Childress,MIN,fourth_toss_ups,82.0
coach_season,2006,Brad Childress,MIN,fourth_wp_lost,0.622261
coach_season,2006,Brad Childress,MIN,fourth_wrong,17.0
coach_season,2006,Brad Childress,MIN,games,16.0
coach_season,2006,Brad Childress,MIN,go_clear,27.0
coach_season,2006,Brad Childress,MIN,go_clear_went,10.0
coach_season,2006,Brad Childress,MIN,two_point_graded,0.0
coach_season,2006,Brad Childress,MIN,two_point_toss_ups,32.0
coach_season,2006,Brad Childress,MIN,two_point_wp_lost,0.0
coach_season,2006,Brad Childress,MIN,two_point_wrong,0.0
coach_season,2006,Brad Childress,MIN,went,21.0
coach_season,2006,Brad Childress,MIN,wp_lost,0.622261
coach_season,2006,Brad Childress,MIN,wp_lost_per_game,0.038891
coach_season,2006,Brian Billick,BAL,aggressiveness,0.238095
coach_season,2006,Brian Billick,BAL,fourth_graded,44.0
coach_season,2006,Brian Billick,BAL,fourth_toss_ups,88.0
coach_season,2006,Brian Billick,BAL,fourth_wp_lost,0.384589
coach_season,2006,Brian Billick,BAL,fourth_wrong,16.0
coach_season,2006,Brian Billick,BAL,games,17.0
coach_season,2006,Brian Billick,BAL,go_clear,21.0
coach_season,2006,Brian Billick,BAL,go_clear_went,5.0
coach_season,2006,Brian Billick,BAL,two_point_graded,3.0
coach_season,2006,Brian Billick,BAL,two_point_toss_ups,35.0
coach_season,2006,Brian Billick,BAL,two_point_wp_lost,0.022625
coach_season,2006,Brian Billick,BAL,two_point_wrong,1.0
coach_season,2006,Brian Billick,BAL,went,11.0
coach_season,2006,Brian Billick,BAL,wp_lost,0.407214
coach_season,2006,Brian Billick,BAL,wp_lost_per_game,0.023954
coach_season,2006,Dennis Green,ARI,aggressiveness,0.416667
coach_season,2006,Dennis Green,ARI,fourth_graded,39.0
coach_season,2006,Dennis Green,ARI,fourth_toss_ups,77.0
coach_season,2006,Dennis Green,ARI,fourth_wp_lost,0.168266
coach_season,2006,Dennis Green,ARI,fourth_wrong,7.0
coach_season,2006,Dennis Green,ARI,games,16.0
coach_season,2006,Dennis Green,ARI,go_clear,12.0
coach_season,2006,Dennis Green,ARI,go_clear_went,5.0
coach_season,2006,Dennis Green,ARI,two_point_graded,1.0
coach_season,2006,Dennis Green,ARI,two_point_toss_ups,32.0
coach_season,2006,Dennis Green,ARI,two_point_wp_lost,0.05039
coach_season,2006,Dennis Green,ARI,two_point_wrong,1.0
coach_season,2006,Dennis Green,ARI,went,14.0
coach_season,2006,Dennis Green,ARI,wp_lost,0.218655
coach_season,2006,Dennis Green,ARI,wp_lost_per_game,0.013666
coach_season,2006,Dick Jauron,BUF,aggressiveness,0.266667
coach_season,2006,Dick Jauron,BUF,fourth_graded,50.0
coach_season,2006,Dick Jauron,BUF,fourth_toss_ups,74.0
coach_season,2006,Dick Jauron,BUF,fourth_wp_lost,0.296974
coach_season,2006,Dick Jauron,BUF,fourth_wrong,12.0
coach_season,2006,Dick Jauron,BUF,games,16.0
coach_season,2006,Dick Jauron,BUF,go_clear,15.0
coach_season,2006,Dick Jauron,BUF,go_clear_went,4.0
coach_season,2006,Dick Jauron,BUF,two_point_graded,0.0
coach_season,2006,Dick Jauron,BUF,two_point_toss_ups,33.0
coach_season,2006,Dick Jauron,BUF,two_point_wp_lost,0.0
coach_season,2006,Dick Jauron,BUF,two_point_wrong,0.0
coach_season,2006,Dick Jauron,BUF,went,10.0
coach_season,2006,Dick Jauron,BUF,wp_lost,0.296974
coach_season,2006,Dick Jauron,BUF,wp_lost_per_game,0.018561
coach_season,2006,Eric Mangini,NYJ,aggressiveness,0.181818
coach_season,2006,Eric Mangini,NYJ,fourth_graded,40.0
coach_season,2006,Eric Mangini,NYJ,fourth_toss_ups,81.0
coach_season,2006,Eric Mangini,NYJ,fourth_wp_lost,0.44013
coach_season,2006,Eric Mangini,NYJ,fourth_wrong,18.0
coach_season,2006,Eric Mangini,NYJ,games,17.0
coach_season,2006,Eric Mangini,NYJ,go_clear,22.0
coach_season,2006,Eric Mangini,NYJ,go_clear_went,4.0
coach_season,2006,Eric Mangini,NYJ,two_point_graded,2.0
coach_season,2006,Eric Mangini,NYJ,two_point_toss_ups,34.0
coach_season,2006,Eric Mangini,NYJ,two_point_wp_lost,0.016158
coach_season,2006,Eric Mangini,NYJ,two_point_wrong,1.0
coach_season,2006,Eric Mangini,NYJ,went,17.0
coach_season,2006,Eric Mangini,NYJ,wp_lost,0.456288
coach_season,2006,Eric Mangini,NYJ,wp_lost_per_game,0.02684
coach_season,2006,Gary Kubiak,HOU,aggressiveness,0.4375
coach_season,2006,Gary Kubiak,HOU,fourth_graded,48.0
coach_season,2006,Gary Kubiak,HOU,fourth_toss_ups,61.0
coach_season,2006,Gary Kubiak,HOU,fourth_wp_lost,0.207764
coach_season,2006,Gary Kubiak,HOU,fourth_wrong,9.0
coach_season,2006,Gary Kubiak,HOU,games,16.0
coach_season,2006,Gary Kubiak,HOU,go_clear,16.0
coach_season,2006,Gary Kubiak,HOU,go_clear_went,7.0
coach_season,2006,Gary Kubiak,HOU,two_point_graded,2.0
coach_season,2006,Gary Kubiak,HOU,two_point_toss_ups,28.0
coach_season,2006,Gary Kubiak,HOU,two_point_wp_lost,0.0
coach_season,2006,Gary Kubiak,HOU,two_point_wrong,0.0
coach_season,2006,Gary Kubiak,HOU,went,11.0
coach_season,2006,Gary Kubiak,HOU,wp_lost,0.207764
coach_season,2006,Gary Kubiak,HOU,wp_lost_per_game,0.012985
coach_season,2006,Herm Edwards,KC,aggressiveness,0.35
coach_season,2006,Herm Edwards,KC,fourth_graded,47.0
coach_season,2006,Herm Edwards,KC,fourth_toss_ups,76.0
coach_season,2006,Herm Edwards,KC,fourth_wp_lost,0.295576
coach_season,2006,Herm Edwards,KC,fourth_wrong,13.0
coach_season,2006,Herm Edwards,KC,games,17.0
coach_season,2006,Herm Edwards,KC,go_clear,20.0
coach_season,2006,Herm Edwards,KC,go_clear_went,7.0
coach_season,2006,Herm Edwards,KC,two_point_graded,2.0
coach_season,2006,Herm Edwards,KC,two_point_toss_ups,36.0
coach_season,2006,Herm Edwards,KC,two_point_wp_lost,0.021515
coach_season,2006,Herm Edwards,KC,two_point_wrong,1.0
coach_season,2006,Herm Edwards,KC,went,15.0
coach_season,2006,Herm Edwards,KC,wp_lost,0.317092
coach_season,2006,Herm Edwards,KC,wp_lost_per_game,0.018652
coach_season,2006,Jack Del Rio,JAX,aggressiveness,0.304348
coach_season,2006,Jack Del Rio,JAX,fourth_graded,45.0
coach_season,2006,Jack Del Rio,JAX,fourth_toss_ups,71.0
coach_season,2006,Jack Del Rio,JAX,fourth_wp_lost,0.390384
coach_season,2006,Jack Del Rio,JAX,fourth_wrong,16.0
coach_season,2006,Jack Del Rio,JAX,games,16.0
coach_season,2006,Jack Del Rio,JAX,go_clear,23.0
coach_season,2006,Jack Del Rio,JAX,go_clear_went,7.0
coach_season,2006,Jack Del Rio,JAX,two_point_graded,5.0
coach_season,2006,Jack Del Rio,JAX,two_point_toss_ups,37.0
coach_season,2006,Jack Del Rio,JAX,two_point_wp_lost,0.088061
coach_season,2006,Jack Del Rio,JAX,two_point_wrong,4.0
coach_season,2006,Jack Del Rio,JAX,went,12.0
coach_season,2006,Jack Del Rio,JAX,wp_lost,0.478445
coach_season,2006,Jack Del Rio,JAX,wp_lost_per_game,0.029903
coach_season,2006,Jeff Fisher,TEN,aggressiveness,0.235294
coach_season,2006,Jeff Fisher,TEN,fourth_graded,45.0
coach_season,2006,Jeff Fisher,TEN,fourth_toss_ups,81.0
coach_season,2006,Jeff Fisher,TEN,fourth_wp_lost,0.37167
coach_season,2006,Jeff Fisher,TEN,fourth_wrong,14.0
coach_season,2006,Jeff Fisher,TEN,games,16.0
coach_season,2006,Jeff Fisher,TEN,go_clear,17.0
coach_season,2006,Jeff Fisher,TEN,go_clear_went,4.0
coach_season,2006,Jeff Fisher,TEN,two_point_graded,2.0
coach_season,2006,Jeff Fisher,TEN,two_point_toss_ups,33.0
coach_season,2006,Jeff Fisher,TEN,two_point_wp_lost,0.0
coach_season,2006,Jeff Fisher,TEN,two_point_wrong,0.0
coach_season,2006,Jeff Fisher,TEN,went,16.0
coach_season,2006,Jeff Fisher,TEN,wp_lost,0.37167
coach_season,2006,Jeff Fisher,TEN,wp_lost_per_game,0.023229
coach_season,2006,Jim Mora,ATL,aggressiveness,0.4
coach_season,2006,Jim Mora,ATL,fourth_graded,57.0
coach_season,2006,Jim Mora,ATL,fourth_toss_ups,70.0
coach_season,2006,Jim Mora,ATL,fourth_wp_lost,0.282206
coach_season,2006,Jim Mora,ATL,fourth_wrong,15.0
coach_season,2006,Jim Mora,ATL,games,16.0
coach_season,2006,Jim Mora,ATL,go_clear,25.0
coach_season,2006,Jim Mora,ATL,go_clear_went,10.0
coach_season,2006,Jim Mora,ATL,two_point_graded,0.0
coach_season,2006,Jim Mora,ATL,two_point_toss_ups,32.0
coach_season,2006,Jim Mora,ATL,two_point_wp_lost,0.0
coach_season,2006,Jim Mora,ATL,two_point_wrong,0.0
coach_season,2006,Jim Mora,ATL,went,19.0
coach_season,2006,Jim Mora,ATL,wp_lost,0.282206
coach_season,2006,Jim Mora,ATL,wp_lost_per_game,0.017638
coach_season,2006,Joe Gibbs,WAS,aggressiveness,0.217391
coach_season,2006,Joe Gibbs,WAS,fourth_graded,49.0
coach_season,2006,Joe Gibbs,WAS,fourth_toss_ups,74.0
coach_season,2006,Joe Gibbs,WAS,fourth_wp_lost,0.558575
coach_season,2006,Joe Gibbs,WAS,fourth_wrong,18.0
coach_season,2006,Joe Gibbs,WAS,games,16.0
coach_season,2006,Joe Gibbs,WAS,go_clear,23.0
coach_season,2006,Joe Gibbs,WAS,go_clear_went,5.0
coach_season,2006,Joe Gibbs,WAS,two_point_graded,0.0
coach_season,2006,Joe Gibbs,WAS,two_point_toss_ups,33.0
coach_season,2006,Joe Gibbs,WAS,two_point_wp_lost,0.0
coach_season,2006,Joe Gibbs,WAS,two_point_wrong,0.0
coach_season,2006,Joe Gibbs,WAS,went,13.0
coach_season,2006,Joe Gibbs,WAS,wp_lost,0.558575
coach_season,2006,Joe Gibbs,WAS,wp_lost_per_game,0.034911
coach_season,2006,John Fox,CAR,aggressiveness,0.157895
coach_season,2006,John Fox,CAR,fourth_graded,58.0
coach_season,2006,John Fox,CAR,fourth_toss_ups,72.0
coach_season,2006,John Fox,CAR,fourth_wp_lost,0.404236
coach_season,2006,John Fox,CAR,fourth_wrong,16.0
coach_season,2006,John Fox,CAR,games,16.0
coach_season,2006,John Fox,CAR,go_clear,19.0
coach_season,2006,John Fox,CAR,go_clear_went,3.0
coach_season,2006,John Fox,CAR,two_point_graded,1.0
coach_season,2006,John Fox,CAR,two_point_toss_ups,27.0
coach_season,2006,John Fox,CAR,two_point_wp_lost,0.02292
coach_season,2006,John Fox,CAR,two_point_wrong,1.0
coach_season,2006,John Fox,CAR,went,9.0
coach_season,2006,John Fox,CAR,wp_lost,0.427156
coach_season,2006,John Fox,CAR,wp_lost_per_game,0.026697
coach_season,2006,Jon Gruden,TB,aggressiveness,0.304348
coach_season,2006,Jon Gruden,TB,fourth_graded,41.0
coach_season,2006,Jon Gruden,TB,fourth_toss_ups,86.0
coach_season,2006,Jon Gruden,TB,fourth_wp_lost,0.55972
coach_season,2006,Jon Gruden,TB,fourth_wrong,17.0
coach_season,2006,Jon Gruden,TB,games,16.0
coach_season,2006,Jon Gruden,TB,go_clear,23.0
coach_season,2006,Jon Gruden,TB,go_clear_went,7.0
coach_season,2006,Jon Gruden,TB,two_point_graded,1.0
coach_season,2006,Jon Gruden,TB,two_point_toss_ups,22.0
coach_season,2006,Jon Gruden,TB,two_point_wp_lost,0.0
coach_season,2006,Jon Gruden,TB,two_point_wrong,0.0
coach_season,2006,Jon Gruden,TB,went,15.0
coach_season,2006,Jon Gruden,TB,wp_lost,0.55972
coach_season,2006,Jon Gruden,TB,wp_lost_per_game,0.034982
coach_season,2006,Lovie Smith,CHI,aggressiveness,0.363636
coach_season,2006,Lovie Smith,CHI,fourth_graded,53.0
coach_season,2006,Lovie Smith,CHI,fourth_toss_ups,99.0
coach_season,2006,Lovie Smith,CHI,fourth_wp_lost,0.409962
coach_season,2006,Lovie Smith,CHI,fourth_wrong,14.0
coach_season,2006,Lovie Smith,CHI,games,19.0
coach_season,2006,Lovie Smith,CHI,go_clear,22.0
coach_season,2006,Lovie Smith,CHI,go_clear_went,8.0
coach_season,2006,Lovie Smith,CHI,two_point_graded,2.0
coach_season,2006,Lovie Smith,CHI,two_point_toss_ups,54.0
coach_season,2006,Lovie Smith,CHI,two_point_wp_lost,0.016162
coach_season,2006,Lovie Smith,CHI,two_point_wrong,1.0
coach_season,2006,Lovie Smith,CHI,went,17.0
coach_season,2006,Lovie Smith,CHI,wp_lost,0.426124
coach_season,2006,Lovie Smith,CHI,wp_lost_per_game,0.022428
coach_season,2006,Marty Schottenheimer,LAC,aggressiveness,0.263158
coach_season,2006,Marty Schottenheimer,LAC,fourth_graded,46.0
coach_season,2006,Marty Schottenheimer,LAC,fourth_toss_ups,71.0
coach_season,2006,Marty Schottenheimer,LAC,fourth_wp_lost,0.427179
coach_season,2006,Marty Schottenheimer,LAC,fourth_wrong,15.0
coach_season,2006,Marty Schottenheimer,LAC,games,17.0
coach_season,2006,Marty Schottenheimer,LAC,go_clear,19.0
coach_season,2006,Marty Schottenheimer,LAC,go_clear_went,5.0
coach_season,2006,Marty Schottenheimer,LAC,two_point_graded,4.0
coach_season,2006,Marty Schottenheimer,LAC,two_point_toss_ups,58.0
coach_season,2006,Marty Schottenheimer,LAC,two_point_wp_lost,0.015709
coach_season,2006,Marty Schottenheimer,LAC,two_point_wrong,1.0
coach_season,2006,Marty Schottenheimer,LAC,went,12.0
coach_season,2006,Marty Schottenheimer,LAC,wp_lost,0.442888
coach_season,2006,Marty Schottenheimer,LAC,wp_lost_per_game,0.026052
coach_season,2006,Marvin Lewis,CIN,aggressiveness,0.315789
coach_season,2006,Marvin Lewis,CIN,fourth_graded,45.0
coach_season,2006,Marvin Lewis,CIN,fourth_toss_ups,69.0
coach_season,2006,Marvin Lewis,CIN,fourth_wp_lost,0.321561
coach_season,2006,Marvin Lewis,CIN,fourth_wrong,13.0
coach_season,2006,Marvin Lewis,CIN,games,15.0
coach_season,2006,Marvin Lewis,CIN,go_clear,19.0
coach_season,2006,Marvin Lewis,CIN,go_clear_went,6.0
coach_season,2006,Marvin Lewis,CIN,two_point_graded,5.0
coach_season,2006,Marvin Lewis,CIN,two_point_toss_ups,37.0
coach_season,2006,Marvin Lewis,CIN,two_point_wp_lost,0.073558
coach_season,2006,Marvin Lewis,CIN,two_point_wrong,3.0
coach_season,2006,Marvin Lewis,CIN,went,9.0
coach_season,2006,Marvin Lewis,CIN,wp_lost,0.395119
coach_season,2006,Marvin Lewis,CIN,wp_lost_per_game,0.026341
coach_season,2006,Mike Holmgren,SEA,aggressiveness,0.344828
coach_season,2006,Mike Holmgren,SEA,fourth_graded,60.0
coach_season,2006,Mike Holmgren,SEA,fourth_toss_ups,79.0
coach_season,2006,Mike Holmgren,SEA,fourth_wp_lost,0.603566
coach_season,2006,Mike Holmgren,SEA,fourth_wrong,19.0
coach_season,2006,Mike Holmgren,SEA,games,18.0
coach_season,2006,Mike Holmgren,SEA,go_clear,29.0
coach_season,2006,Mike Holmgren,SEA,go_clear_went,10.0
coach_season,2006,Mike Holmgren,SEA,two_point_graded,2.0
coach_season,2006,Mike Holmgren,SEA,two_point_toss_ups,40.0
coach_season,2006,Mike Holmgren,SEA,two_point_wp_lost,0.019657
coach_season,2006,Mike Holmgren,SEA,two_point_wrong,1.0
coach_season,2006,Mike Holmgren,SEA,went,13.0
coach_season,2006,Mike Holmgren,SEA,wp_lost,0.623223
coach_season,2006,Mike Holmgren,SEA,wp_lost_per_game,0.034624
coach_season,2006,Mike McCarthy,GB,aggressiveness,0.285714
coach_season,2006,Mike McCarthy,GB,fourth_graded,40.0
coach_season,2006,Mike McCarthy,GB,fourth_toss_ups,91.0
coach_season,2006,Mike McCarthy,GB,fourth_wp_lost,0.265287
coach_season,2006,Mike McCarthy,GB,fourth_wrong,10.0
coach_season,2006,Mike McCarthy,GB,games,16.0
coach_season,2006,Mike McCarthy,GB,go_clear,14.0
coach_season,2006,Mike McCarthy,GB,go_clear_went,4.0
coach_season,2006,Mike McCarthy,GB,two_point_graded,1.0
coach_season,2006,Mike McCarthy,GB,two_point_toss_ups,31.0
coach_season,2006,Mike McCarthy,GB,two_point_wp_lost,0.0
coach_season,2006,Mike McCarthy,GB,two_point_wrong,0.0
coach_season,2006,Mike McCarthy,GB,went,15.0
coach_season,2006,Mike McCarthy,GB,wp_lost,0.265287
coach_season,2006,Mike McCarthy,GB,wp_lost_per_game,0.01658
coach_season,2006,Mike Nolan,SF,aggressiveness,0.222222
coach_season,2006,Mike Nolan,SF,fourth_graded,35.0
coach_season,2006,Mike Nolan,SF,fourth_toss_ups,86.0
coach_season,2006,Mike Nolan,SF,fourth_wp_lost,0.563648
coach_season,2006,Mike Nolan,SF,fourth_wrong,14.0
coach_season,2006,Mike Nolan,SF,games,16.0
coach_season,2006,Mike Nolan,SF,go_clear,18.0
coach_season,2006,Mike Nolan,SF,go_clear_went,4.0
coach_season,2006,Mike Nolan,SF,two_point_graded,1.0
coach_season,2006,Mike Nolan,SF,two_point_toss_ups,28.0
coach_season,2006,Mike Nolan,SF,two_point_wp_lost,0.0
coach_season,2006,Mike Nolan,SF,two_point_wrong,0.0
coach_season,2006,Mike Nolan,SF,went,12.0
coach_season,2006,Mike Nolan,SF,wp_lost,0.563648
coach_season,2006,Mike Nolan,SF,wp_lost_per_game,0.035228
coach_season,2006,Mike Shanahan,DEN,aggressiveness,0.315789
coach_season,2006,Mike Shanahan,DEN,fourth_graded,54.0
coach_season,2006,Mike Shanahan,DEN,fourth_toss_ups,65.0
coach_season,2006,Mike Shanahan,DEN,fourth_wp_lost,0.312113
coach_season,2006,Mike Shanahan,DEN,fourth_wrong,13.0
coach_season,2006,Mike Shanahan,DEN,games,16.0
coach_season,2006,Mike Shanahan,DEN,go_clear,19.0
coach_season,2006,Mike Shanahan,DEN,go_clear_went,6.0
coach_season,2006,Mike Shanahan,DEN,two_point_graded,3.0
coach_season,2006,Mike Shanahan,DEN,two_point_toss_ups,31.0
coach_season,2006,Mike Shanahan,DEN,two_point_wp_lost,0.025466
coach_season,2006,Mike Shanahan,DEN,two_point_wrong,1.0
coach_season,2006,Mike Shanahan,DEN,went,11.0
coach_season,2006,Mike Shanahan,DEN,wp_lost,0.337578
coach_season,2006,Mike Shanahan,DEN,wp_lost_per_game,0.021099
coach_season,2006,Nick Saban,MIA,aggressiveness,0.269231
coach_season,2006,Nick Saban,MIA,fourth_graded,56.0
coach_season,2006,Nick Saban,MIA,fourth_toss_ups,76.0
coach_season,2006,Nick Saban,MIA,fourth_wp_lost,0.522665
coach_season,2006,Nick Saban,MIA,fourth_wrong,19.0
coach_season,2006,Nick Saban,MIA,games,16.0
coach_season,2006,Nick Saban,MIA,go_clear,26.0
coach_season,2006,Nick Saban,MIA,go_clear_went,7.0
coach_season,2006,Nick Saban,MIA,two_point_graded,2.0
coach_season,2006,Nick Saban,MIA,two_point_toss_ups,23.0
coach_season,2006,Nick Saban,MIA,two_point_wp_lost,0.0
coach_season,2006,Nick Saban,MIA,two_point_wrong,0.0
coach_season,2006,Nick Saban,MIA,went,12.0
coach_season,2006,Nick Saban,MIA,wp_lost,0.522665
coach_season,2006,Nick Saban,MIA,wp_lost_per_game,0.032667
coach_season,2006,Rod Marinelli,DET,aggressiveness,0.391304
coach_season,2006,Rod Marinelli,DET,fourth_graded,53.0
coach_season,2006,Rod Marinelli,DET,fourth_toss_ups,61.0
coach_season,2006,Rod Marinelli,DET,fourth_wp_lost,0.426468
coach_season,2006,Rod Marinelli,DET,fourth_wrong,14.0
coach_season,2006,Rod Marinelli,DET,games,16.0
coach_season,2006,Rod Marinelli,DET,go_clear,23.0
coach_season,2006,Rod Marinelli,DET,go_clear_went,9.0
coach_season,2006,Rod Marinelli,DET,two_point_graded,3.0
coach_season,2006,Rod Marinelli,DET,two_point_toss_ups,28.0
coach_season,2006,Rod Marinelli,DET,two_point_wp_lost,0.051719
coach_season,2006,Rod Marinelli,DET,two_point_wrong,2.0
coach_season,2006,Rod Marinelli,DET,went,16.0
coach_season,2006,Rod Marinelli,DET,wp_lost,0.478186
coach_season,2006,Rod Marinelli,DET,wp_lost_per_game,0.029887
coach_season,2006,Romeo Crennel,CLE,aggressiveness,0.294118
coach_season,2006,Romeo Crennel,CLE,fourth_graded,47.0
coach_season,2006,Romeo Crennel,CLE,fourth_toss_ups,76.0
coach_season,2006,Romeo Crennel,CLE,fourth_wp_lost,0.334344
coach_season,2006,Romeo Crennel,CLE,fourth_wrong,12.0
coach_season,2006,Romeo Crennel,CLE,games,16.0
coach_season,2006,Romeo Crennel,CLE,go_clear,17.0
coach_season,2006,Romeo Crennel,CLE,go_clear_went,5.0
coach_season,2006,Romeo Crennel,CLE,two_point_graded,1.0
coach_season,2006,Romeo Crennel,CLE,two_point_toss_ups,24.0
coach_season,2006,Romeo Crennel,CLE,two_point_wp_lost,0.028831
coach_season,2006,Romeo Crennel,CLE,two_point_wrong,1.0
coach_season,2006,Romeo Crennel,CLE,went,15.0
coach_season,2006,Romeo Crennel,CLE,wp_lost,0.363176
coach_season,2006,Romeo Crennel,CLE,wp_lost_per_game,0.022698
coach_season,2006,Scott Linehan,LA,aggressiveness,0.380952
coach_season,2006,Scott Linehan,LA,fourth_graded,58.0
coach_season,2006,Scott Linehan,LA,fourth_toss_ups,66.0
coach_season,2006,Scott Linehan,LA,fourth_wp_lost,0.46134
coach_season,2006,Scott Linehan,LA,fourth_wrong,14.0
coach_season,2006,Scott Linehan,LA,games,16.0
coach_season,2006,Scott Linehan,LA,go_clear,21.0
coach_season,2006,Scott Linehan,LA,go_clear_went,8.0
coach_season,2006,Scott Linehan,LA,two_point_graded,2.0
coach_season,2006,Scott Linehan,LA,two_point_toss_ups,35.0
coach_season,2006,Scott Linehan,LA,two_point_wp_lost,0.019442
coach_season,2006,Scott Linehan,LA,two_point_wrong,1.0
coach_season,2006,Scott Linehan,LA,went,17.0
coach_season,2006,Scott Linehan,LA,wp_lost,0.480782
coach_season,2006,Scott Linehan,LA,wp_lost_per_game,0.030049
coach_season,2006,Sean Payton,NO,aggressiveness,0.4
coach_season,2006,Sean Payton,NO,fourth_graded,49.0
coach_season,2006,Sean Payton,NO,fourth_toss_ups,81.0
coach_season,2006,Sean Payton,NO,fourth_wp_lost,0.433288
coach_season,2006,Sean Payton,NO,fourth_wrong,16.0
coach_season,2006,Sean Payton,NO,games,18.0
coach_season,2006,Sean Payton,NO,go_clear,25.0
coach_season,2006,Sean Payton,NO,go_clear_went,10.0
coach_season,2006,Sean Payton,NO,two_point_graded,0.0
coach_season,2006,Sean Payton,NO,two_point_toss_ups,54.0
coach_season,2006,Sean Payton,NO,two_point_wp_lost,0.0
coach_season,2006,Sean Payton,NO,two_point_wrong,0.0
coach_season,2006,Sean Payton,NO,went,19.0
coach_season,2006,Sean Payton,NO,wp_lost,0.433288
coach_season,2006,Sean Payton,NO,wp_lost_per_game,0.024072
coach_season,2006,Tom Coughlin,NYG,aggressiveness,0.25
coach_season,2006,Tom Coughlin,NYG,fourth_graded,48.0
coach_season,2006,Tom Coughlin,NYG,fourth_toss_ups,74.0
coach_season,2006,Tom Coughlin,NYG,fourth_wp_lost,0.315617
coach_season,2006,Tom Coughlin,NYG,fourth_wrong,13.0
coach_season,2006,Tom Coughlin,NYG,games,17.0
coach_season,2006,Tom Coughlin,NYG,go_clear,16.0
coach_season,2006,Tom Coughlin,NYG,go_clear_went,4.0
coach_season,2006,Tom Coughlin,NYG,two_point_graded,2.0
coach_season,2006,Tom Coughlin,NYG,two_point_toss_ups,40.0
coach_season,2006,Tom Coughlin,NYG,two_point_wp_lost,0.045654
coach_season,2006,Tom Coughlin,NYG,two_point_wrong,2.0
coach_season,2006,Tom Coughlin,NYG,went,15.0
coach_season,2006,Tom Coughlin,NYG,wp_lost,0.36127
coach_season,2006,Tom Coughlin,NYG,wp_lost_per_game,0.021251
coach_season,2006,Tony Dungy,IND,aggressiveness,0.1
coach_season,2006,Tony Dungy,IND,fourth_graded,42.0
coach_season,2006,Tony Dungy,IND,fourth_toss_ups,61.0
coach_season,2006,Tony Dungy,IND,fourth_wp_lost,0.554879
coach_season,2006,Tony Dungy,IND,fourth_wrong,18.0
coach_season,2006,Tony Dungy,IND,games,20.0
coach_season,2006,Tony Dungy,IND,go_clear,20.0
coach_season,2006,Tony Dungy,IND,go_clear_went,2.0
coach_season,2006,Tony Dungy,IND,two_point_graded,4.0
coach_season,2006,Tony Dungy,IND,two_point_toss_ups,54.0
coach_season,2006,Tony Dungy,IND,two_point_wp_lost,0.032958
coach_season,2006,Tony Dungy,IND,two_point_wrong,1.0
coach_season,2006,Tony Dungy,IND,went,5.0
coach_season,2006,Tony Dungy,IND,wp_lost,0.587838
coach_season,2006,Tony Dungy,IND,wp_lost_per_game,0.029392
coach_season,2007,Andy Reid,PHI,aggressiveness,0.421053
coach_season,2007,Andy Reid,PHI,fourth_graded,55.0
coach_season,2007,Andy Reid,PHI,fourth_toss_ups,58.0
coach_season,2007,Andy Reid,PHI,fourth_wp_lost,0.255485
coach_season,2007,Andy Reid,PHI,fourth_wrong,11.0
coach_season,2007,Andy Reid,PHI,games,16.0
coach_season,2007,Andy Reid,PHI,go_clear,19.0
coach_season,2007,Andy Reid,PHI,go_clear_went,8.0
coach_season,2007,Andy Reid,PHI,two_point_graded,2.0
coach_season,2007,Andy Reid,PHI,two_point_toss_ups,36.0
coach_season,2007,Andy Reid,PHI,two_point_wp_lost,0.061125
coach_season,2007,Andy Reid,PHI,two_point_wrong,2.0
coach_season,2007,Andy Reid,PHI,went,13.0
coach_season,2007,Andy Reid,PHI,wp_lost,0.31661
coach_season,2007,Andy Reid,PHI,wp_lost_per_game,0.019788
coach_season,2007,Bill Belichick,NE,aggressiveness,0.75
coach_season,2007,Bill Belichick,NE,fourth_graded,22.0
coach_season,2007,Bill Belichick,NE,fourth_toss_ups,80.0
coach_season,2007,Bill Belichick,NE,fourth_wp_lost,0.079584
coach_season,2007,Bill Belichick,NE,fourth_wrong,4.0
coach_season,2007,Bill Belichick,NE,games,19.0
coach_season,2007,Bill Belichick,NE,go_clear,8.0
coach_season,2007,Bill Belichick,NE,go_clear_went,6.0
coach_season,2007,Bill Belichick,NE,two_point_graded,2.0
coach_season,2007,Bill Belichick,NE,two_point_toss_ups,82.0
coach_season,2007,Bill Belichick,NE,two_point_wp_lost,0.02823
coach_season,2007,Bill Belichick,NE,two_point_wrong,1.0
coach_season,2007,Bill Belichick,NE,went,22.0
coach_season,2007,Bill Belichick,NE,wp_lost,0.107814
coach_season,2007,Bill Belichick,NE,wp_lost_per_game,0.005674
coach_season,2007,Bobby Petrino,ATL,aggressiveness,0.272727
coach_season,2007,Bobby Petrino,ATL,fourth_graded,37.0
coach_season,2007,Bobby Petrino,ATL,fourth_toss_ups,71.0
coach_season,2007,Bobby Petrino,ATL,fourth_wp_lost,0.16896
coach_season,2007,Bobby Petrino,ATL,fourth_wrong,8.0
coach_season,2007,Bobby Petrino,ATL,games,12.0
coach_season,2007,Bobby Petrino,ATL,go_clear,11.0
coach_season,2007,Bobby Petrino,ATL,go_clear_went,3.0
coach_season,2007,Bobby Petrino,ATL,two_point_graded,1.0
coach_season,2007,Bobby Petrino,ATL,two_point_toss_ups,15.0
coach_season,2007,Bobby Petrino,ATL,two_point_wp_lost,0.0
coach_season,2007,Bobby Petrino,ATL,two_point_wrong,0.0
coach_season,2007,Bobby Petrino,ATL,went,12.0
coach_season,2007,Bobby Petrino,ATL,wp_lost,0.16896
coach_season,2007,Bobby Petrino,ATL,wp_lost_per_game,0.01408
coach_season,2007,Brad Childress,MIN,aggressiveness,0.181818
coach_season,2007,Brad Childress,MIN,fourth_graded,35.0
coach_season,2007,Brad Childress,MIN,fourth_toss_ups,76.0
coach_season,2007,Brad Childress,MIN,fourth_wp_lost,0.224457
coach_season,2007,Brad Childress,MIN,fourth_wrong,9.0
coach_season,2007,Brad Childress,MIN,games,16.0
coach_season,2007,Brad Childress,MIN,go_clear,11.0
coach_season,2007,Brad Childress,MIN,go_clear_went,2.0
coach_season,2007,Brad Childress,MIN,two_point_graded,3.0
coach_season,2007,Brad Childress,MIN,two_point_toss_ups,40.0
coach_season,2007,Brad Childress,MIN,two_point_wp_lost,0.0
coach_season,2007,Brad Childress,MIN,two_point_wrong,0.0
coach_season,2007,Brad Childress,MIN,went,10.0
coach_season,2007,Brad Childress,MIN,wp_lost,0.224457
coach_season,2007,Brad Childress,MIN,wp_lost_per_game,0.014029
coach_season,2007,Brian Billick,BAL,aggressiveness,0.454545
coach_season,2007,Brian Billick,BAL,fourth_graded,27.0
coach_season,2007,Brian Billick,BAL,fourth_toss_ups,99.0
coach_season,2007,Brian Billick,BAL,fourth_wp_lost,0.258892
coach_season,2007,Brian Billick,BAL,fourth_wrong,8.0
coach_season,2007,Brian Billick,BAL,games,16.0
coach_season,2007,Brian Billick,BAL,go_clear,11.0
coach_season,2007,Brian Billick,BAL,go_clear_went,5.0
coach_season,2007,Brian Billick,BAL,two_point_graded,0.0
coach_season,2007,Brian Billick,BAL,two_point_toss_ups,27.0
coach_season,2007,Brian Billick,BAL,two_point_wp_lost,0.0
coach_season,2007,Brian Billick,BAL,two_point_wrong,0.0
coach_season,2007,Brian Billick,BAL,went,19.0
coach_season,2007,Brian Billick,BAL,wp_lost,0.258892
coach_season,2007,Brian Billick,BAL,wp_lost_per_game,0.016181
coach_season,2007,Cam Cameron,MIA,aggressiveness,0.5
coach_season,2007,Cam Cameron,MIA,fourth_graded,48.0
coach_season,2007,Cam Cameron,MIA,fourth_toss_ups,72.0
coach_season,2007,Cam Cameron,MIA,fourth_wp_lost,0.329769
coach_season,2007,Cam Cameron,MIA,fourth_wrong,13.0
coach_season,2007,Cam Cameron,MIA,games,16.0
coach_season,2007,Cam Cameron,MIA,go_clear,20.0
coach_season,2007,Cam Cameron,MIA,go_clear_went,10.0
coach_season,2007,Cam Cameron,MIA,two_point_graded,0.0
coach_season,2007,Cam Cameron,MIA,two_point_toss_ups,28.0
coach_season,2007,Cam Cameron,MIA,two_point_wp_lost,0.0
coach_season,2007,Cam Cameron,MIA,two_point_wrong,0.0
coach_season,2007,Cam Cameron,MIA,went,22.0
coach_season,2007,Cam Cameron,MIA,wp_lost,0.329769
coach_season,2007,Cam Cameron,MIA,wp_lost_per_game,0.020611
coach_season,2007,Dick Jauron,BUF,aggressiveness,0.526316
coach_season,2007,Dick Jauron,BUF,fourth_graded,44.0
coach_season,2007,Dick Jauron,BUF,fourth_toss_ups,77.0
coach_season,2007,Dick Jauron,BUF,fourth_wp_lost,0.272653
coach_season,2007,Dick Jauron,BUF,fourth_wrong,9.0
coach_season,2007,Dick Jauron,BUF,games,16.0
coach_season,2007,Dick Jauron,BUF,go_clear,19.0
coach_season,2007,Dick Jauron,BUF,go_clear_went,10.0
coach_season,2007,Dick Jauron,BUF,two_point_graded,3.0
coach_season,2007,Dick Jauron,BUF,two_point_toss_ups,22.0
coach_season,2007,Dick Jauron,BUF,two_point_wp_lost,0.067904
coach_season,2007,Dick Jauron,BUF,two_point_wrong,2.0
coach_season,2007,Dick Jauron,BUF,went,16.0
coach_season,2007,Dick Jauron,BUF,wp_lost,0.340558
coach_season,2007,Dick Jauron,BUF,wp_lost_per_game,0.021285
coach_season,2007,Emmitt Thomas,ATL,aggressiveness,0.25
coach_season,2007,Emmitt Thomas,ATL,fourth_graded,10.0
coach_season,2007,Emmitt Thomas,ATL,fourth_toss_ups,20.0
coach_season,2007,Emmitt Thomas,ATL,fourth_wp_lost,0.087523
coach_season,2007,Emmitt Thomas,ATL,fourth_wrong,3.0
coach_season,2007,Emmitt Thomas,ATL,games,4.0
coach_season,2007,Emmitt Thomas,ATL,go_clear,4.0
coach_season,2007,Emmitt Thomas,ATL,go_clear_went,1.0
coach_season,2007,Emmitt Thomas,ATL,two_point_graded,0.0
coach_season,2007,Emmitt Thomas,ATL,two_point_toss_ups,10.0
coach_season,2007,Emmitt Thomas,ATL,two_point_wp_lost,0.0
coach_season,2007,Emmitt Thomas,ATL,two_point_wrong,0.0
coach_season,2007,Emmitt Thomas,ATL,went,5.0
coach_season,2007,Emmitt Thomas,ATL,wp_lost,0.087523
coach_season,2007,Emmitt Thomas,ATL,wp_lost_per_game,0.021881
coach_season,2007,Eric Mangini,NYJ,aggressiveness,0.5
coach_season,2007,Eric Mangini,NYJ,fourth_graded,46.0
coach_season,2007,Eric Mangini,NYJ,fourth_toss_ups,75.0
coach_season,2007,Eric Mangini,NYJ,fourth_wp_lost,0.313037
coach_season,2007,Eric Mangini,NYJ,fourth_wrong,10.0
coach_season,2007,Eric Mangini,NYJ,games,16.0
coach_season,2007,Eric Mangini,NYJ,go_clear,20.0
coach_season,2007,Eric Mangini,NYJ,go_clear_went,10.0
coach_season,2007,Eric Mangini,NYJ,two_point_graded,0.0
coach_season,2007,Eric Mangini,NYJ,two_point_toss_ups,26.0
coach_season,2007,Eric Mangini,NYJ,two_point_wp_lost,0.0
coach_season,2007,Eric Mangini,NYJ,two_point_wrong,0.0
coach_season,2007,Eric Mangini,NYJ,went,19.0
coach_season,2007,Eric Mangini,NYJ,wp_lost,0.313037
coach_season,2007,Eric Mangini,NYJ,wp_lost_per_game,0.019565
coach_season,2007,Gary Kubiak,HOU,aggressiveness,0.4375
coach_season,2007,Gary Kubiak,HOU,fourth_graded,29.0
coach_season,2007,Gary Kubiak,HOU,fourth_toss_ups,64.0
coach_season,2007,Gary Kubiak,HOU,fourth_wp_lost,0.253067
coach_season,2007,Gary Kubiak,HOU,fourth_wrong,9.0
coach_season,2007,Gary Kubiak,HOU,games,16.0
coach_season,2007,Gary Kubiak,HOU,go_clear,16.0
coach_season,2007,Gary Kubiak,HOU,go_clear_went,7.0
coach_season,2007,Gary Kubiak,HOU,two_point_graded,2.0
coach_season,2007,Gary Kubiak,HOU,two_point_toss_ups,41.0
coach_season,2007,Gary Kubiak,HOU,two_point_wp_lost,0.0
coach_season,2007,Gary Kubiak,HOU,two_point_wrong,0.0
coach_season,2007,Gary Kubiak,HOU,went,14.0
coach_season,2007,Gary Kubiak,HOU,wp_lost,0.253067
coach_season,2007,Gary Kubiak,HOU,wp_lost_per_game,0.015817
coach_season,2007,Herm Edwards,KC,aggressiveness,0.538462
coach_season,2007,Herm Edwards,KC,fourth_graded,55.0
coach_season,2007,Herm Edwards,KC,fourth_toss_ups,83.0
coach_season,2007,Herm Edwards,KC,fourth_wp_lost,0.194146
coach_season,2007,Herm Edwards,KC,fourth_wrong,8.0
coach_season,2007,Herm Edwards,KC,games,16.0
coach_season,2007,Herm Edwards,KC,go_clear,13.0
coach_season,2007,Herm Edwards,KC,go_clear_went,7.0
coach_season,2007,Herm Edwards,KC,two_point_graded,3.0
coach_season,2007,Herm Edwards,KC,two_point_toss_ups,21.0
coach_season,2007,Herm Edwards,KC,two_point_wp_lost,0.069823
coach_season,2007,Herm Edwards,KC,two_point_wrong,2.0
coach_season,2007,Herm Edwards,KC,went,17.0
coach_season,2007,Herm Edwards,KC,wp_lost,0.263969
coach_season,2007,Herm Edwards,KC,wp_lost_per_game,0.016498
coach_season,2007,Jack Del Rio,JAX,aggressiveness,0.714286
coach_season,2007,Jack Del Rio,JAX,fourth_graded,49.0
coach_season,2007,Jack Del Rio,JAX,fourth_toss_ups,72.0
coach_season,2007,Jack Del Rio,JAX,fourth_wp_lost,0.221818
coach_season,2007,Jack Del Rio,JAX,fourth_wrong,10.0
coach_season,2007,Jack Del Rio,JAX,games,18.0
coach_season,2007,Jack Del Rio,JAX,go_clear,28.0
coach_season,2007,Jack Del Rio,JAX,go_clear_went,20.0
coach_season,2007,Jack Del Rio,JAX,two_point_graded,1.0
coach_season,2007,Jack Del Rio,JAX,two_point_toss_ups,54.0
coach_season,2007,Jack Del Rio,JAX,two_point_wp_lost,0.0
coach_season,2007,Jack Del Rio,JAX,two_point_wrong,0.0
coach_season,2007,Jack Del Rio,JAX,went,35.0
coach_season,2007,Jack Del Rio,JAX,wp_lost,0.221818
coach_season,2007,Jack Del Rio,JAX,wp_lost_per_game,0.012323
coach_season,2007,Jeff Fisher,TEN,aggressiveness,0.25
coach_season,2007,Jeff Fisher,TEN,fourth_graded,58.0
coach_season,2007,Jeff Fisher,TEN,fourth_toss_ups,64.0
coach_season,2007,Jeff Fisher,TEN,fourth_wp_lost,0.43094
coach_season,2007,Jeff Fisher,TEN,fourth_wrong,19.0
coach_season,2007,Jeff Fisher,TEN,games,17.0
coach_season,2007,Jeff Fisher,TEN,go_clear,20.0
coach_season,2007,Jeff Fisher,TEN,go_clear_went,5.0
coach_season,2007,Jeff Fisher,TEN,two_point_graded,2.0
coach_season,2007,Jeff Fisher,TEN,two_point_toss_ups,26.0
coach_season,2007,Jeff Fisher,TEN,two_point_wp_lost,0.032388
coach_season,2007,Jeff Fisher,TEN,two_point_wrong,1.0
coach_season,2007,Jeff Fisher,TEN,went,10.0
coach_season,2007,Jeff Fisher,TEN,wp_lost,0.463328
coach_season,2007,Jeff Fisher,TEN,wp_lost_per_game,0.027255
coach_season,2007,Joe Gibbs,WAS,aggressiveness,0.421053
coach_season,2007,Joe Gibbs,WAS,fourth_graded,54.0
coach_season,2007,Joe Gibbs,WAS,fourth_toss_ups,76.0
coach_season,2007,Joe Gibbs,WAS,fourth_wp_lost,0.366013
coach_season,2007,Joe Gibbs,WAS,fourth_wrong,13.0
coach_season,2007,Joe Gibbs,WAS,games,17.0
coach_season,2007,Joe Gibbs,WAS,go_clear,19.0
coach_season,2007,Joe Gibbs,WAS,go_clear_went,8.0
coach_season,2007,Joe Gibbs,WAS,two_point_graded,1.0
coach_season,2007,Joe Gibbs,WAS,two_point_toss_ups,36.0
coach_season,2007,Joe Gibbs,WAS,two_point_wp_lost,0.024126
coach_season,2007,Joe Gibbs,WAS,two_point_wrong,1.0
coach_season,2007,Joe Gibbs,WAS,went,16.0
coach_season,2007,Joe Gibbs,WAS,wp_lost,0.390139
coach_season,2007,Joe Gibbs,WAS,wp_lost_per_game,0.022949
coach_season,2007,John Fox,CAR,aggressiveness,0.1875
coach_season,2007,John Fox,CAR,fourth_graded,41.0
coach_season,2007,John Fox,CAR,fourth_toss_ups,91.0
coach_season,2007,John Fox,CAR,fourth_wp_lost,0.375378
coach_season,2007,John Fox,CAR,fourth_wrong,13.0
coach_season,2007,John Fox,CAR,games,16.0
coach_season,2007,John Fox,CAR,go_clear,16.0
coach_season,2007,John Fox,CAR,go_clear_went,3.0
coach_season,2007,John Fox,CAR,two_point_graded,2.0
coach_season,2007,John Fox,CAR,two_point_toss_ups,26.0
coach_season,2007,John Fox,CAR,two_point_wp_lost,0.042322
coach_season,2007,John Fox,CAR,two_point_wrong,2.0
coach_season,2007,John Fox,CAR,went,14.0
coach_season,2007,John Fox,CAR,wp_lost,0.4177
coach_season,2007,John Fox,CAR,wp_lost_per_game,0.026106
coach_season,2007,Jon Gruden,TB,aggressiveness,0.272727
coach_season,2007,Jon Gruden,TB,fourth_graded,50.0
coach_season,2007,Jon Gruden,TB,fourth_toss_ups,73.0
coach_season,2007,Jon Gruden,TB,fourth_wp_lost,0.512958
coach_season,2007,Jon Gruden,TB,fourth_wrong,17.0
coach_season,2007,Jon Gruden,TB,games,17.0
coach_season,2007,Jon Gruden,TB,go_clear,22.0
coach_season,2007,Jon Gruden,TB,go_clear_went,6.0
coach_season,2007,Jon Gruden,TB,two_point_graded,1.0
coach_season,2007,Jon Gruden,TB,two_point_toss_ups,37.0
coach_season,2007,Jon Gruden,TB,two_point_wp_lost,0.0
coach_season,2007,Jon Gruden,TB,two_point_wrong,0.0
coach_season,2007,Jon Gruden,TB,went,12.0
coach_season,2007,Jon Gruden,TB,wp_lost,0.512958
coach_season,2007,Jon Gruden,TB,wp_lost_per_game,0.030174
coach_season,2007,Ken Whisenhunt,ARI,aggressiveness,0.4
coach_season,2007,Ken Whisenhunt,ARI,fourth_graded,35.0
coach_season,2007,Ken Whisenhunt,ARI,fourth_toss_ups,79.0
coach_season,2007,Ken Whisenhunt,ARI,fourth_wp_lost,0.169356
coach_season,2007,Ken Whisenhunt,ARI,fourth_wrong,6.0
coach_season,2007,Ken Whisenhunt,ARI,games,16.0
coach_season,2007,Ken Whisenhunt,ARI,go_clear,10.0
coach_season,2007,Ken Whisenhunt,ARI,go_clear_went,4.0
coach_season,2007,Ken Whisenhunt,ARI,two_point_graded,3.0
coach_season,2007,Ken Whisenhunt,ARI,two_point_toss_ups,46.0
coach_season,2007,Ken Whisenhunt,ARI,two_point_wp_lost,0.016544
coach_season,2007,Ken Whisenhunt,ARI,two_point_wrong,1.0
coach_season,2007,Ken Whisenhunt,ARI,went,12.0
coach_season,2007,Ken Whisenhunt,ARI,wp_lost,0.1859
coach_season,2007,Ken Whisenhunt,ARI,wp_lost_per_game,0.011619
coach_season,2007,Lane Kiffin,LV,aggressiveness,0.5
coach_season,2007,Lane Kiffin,LV,fourth_graded,38.0
coach_season,2007,Lane Kiffin,LV,fourth_toss_ups,84.0
coach_season,2007,Lane Kiffin,LV,fourth_wp_lost,0.273758
coach_season,2007,Lane Kiffin,LV,fourth_wrong,9.0
coach_season,2007,Lane Kiffin,LV,games,16.0
coach_season,2007,Lane Kiffin,LV,go_clear,18.0
coach_season,2007,Lane Kiffin,LV,go_clear_went,9.0
coach_season,2007,Lane Kiffin,LV,two_point_graded,2.0
coach_season,2007,Lane Kiffin,LV,two_point_toss_ups,27.0
coach_season,2007,Lane Kiffin,LV,two_point_wp_lost,0.030149
coach_season,2007,Lane Kiffin,LV,two_point_wrong,1.0
coach_season,2007,Lane Kiffin,LV,went,23.0
coach_season,2007,Lane Kiffin,LV,wp_lost,0.303907
coach_season,2007,Lane Kiffin,LV,wp_lost_per_game,0.018994
coach_season,2007,Lovie Smith,CHI,aggressiveness,0.521739
coach_season,2007,Lovie Smith,CHI,fourth_graded,70.0
coach_season,2007,Lovie Smith,CHI,fourth_toss_ups,73.0
coach_season,2007,Lovie Smith,CHI,fourth_wp_lost,0.240108
coach_season,2007,Lovie Smith,CHI,fourth_wrong,11.0
coach_season,2007,Lovie Smith,CHI,games,16.0
coach_season,2007,Lovie Smith,CHI,go_clear,23.0
coach_season,2007,Lovie Smith,CHI,go_clear_went,12.0
coach_season,2007,Lovie Smith,CHI,two_point_graded,5.0
coach_season,2007,Lovie Smith,CHI,two_point_toss_ups,29.0
coach_season,2007,Lovie Smith,CHI,two_point_wp_lost,0.05962
coach_season,2007,Lovie Smith,CHI,two_point_wrong,2.0
coach_season,2007,Lovie Smith,CHI,went,15.0
coach_season,2007,Lovie Smith,CHI,wp_lost,0.299728
coach_season,2007,Lovie Smith,CHI,wp_lost_per_game,0.018733
coach_season,2007,Marvin Lewis,CIN,aggressiveness,0.277778
coach_season,2007,Marvin Lewis,CIN,fourth_graded,42.0
coach_season,2007,Marvin Lewis,CIN,fourth_toss_ups,62.0
coach_season,2007,Marvin Lewis,CIN,fourth_wp_lost,0.429402
coach_season,2007,Marvin Lewis,CIN,fourth_wrong,13.0
coach_season,2007,Marvin Lewis,CIN,games,16.0
coach_season,2007,Marvin Lewis,CIN,go_clear,18.0
coach_season,2007,Marvin Lewis,CIN,go_clear_went,5.0
coach_season,2007,Marvin Lewis,CIN,two_point_graded,2.0
coach_season,2007,Marvin Lewis,CIN,two_point_toss_ups,39.0
coach_season,2007,Marvin Lewis,CIN,two_point_wp_lost,0.046155
coach_season,2007,Marvin Lewis,CIN,two_point_wrong,2.0
coach_season,2007,Marvin Lewis,CIN,went,12.0
coach_season,2007,Marvin Lewis,CIN,wp_lost,0.475557
coach_season,2007,Marvin Lewis,CIN,wp_lost_per_game,0.029722
coach_season,2007,Mike Holmgren,SEA,aggressiveness,0.45
coach_season,2007,Mike Holmgren,SEA,fourth_graded,48.0
coach_season,2007,Mike Holmgren,SEA,fourth_toss_ups,96.0
coach_season,2007,Mike Holmgren,SEA,fourth_wp_lost,0.296121
coach_season,2007,Mike Holmgren,SEA,fourth_wrong,12.0
coach_season,2007,Mike Holmgren,SEA,games,18.0
coach_season,2007,Mike Holmgren,SEA,go_clear,20.0
coach_season,2007,Mike Holmgren,SEA,go_clear_went,9.0
coach_season,2007,Mike Holmgren,SEA,two_point_graded,4.0
coach_season,2007,Mike Holmgren,SEA,two_point_toss_ups,45.0
coach_season,2007,Mike Holmgren,SEA,two_point_wp_lost,0.067553
coach_season,2007,Mike Holmgren,SEA,two_point_wrong,3.0
coach_season,2007,Mike Holmgren,SEA,went,13.0
coach_season,2007,Mike Holmgren,SEA,wp_lost,0.363674
coach_season,2007,Mike Holmgren,SEA,wp_lost_per_game,0.020204
coach_season,2007,Mike McCarthy,GB,aggressiveness,0.235294
coach_season,2007,Mike McCarthy,GB,fourth_graded,41.0
coach_season,2007,Mike McCarthy,GB,fourth_toss_ups,73.0
coach_season,2007,Mike McCarthy,GB,fourth_wp_lost,0.364418
coach_season,2007,Mike McCarthy,GB,fourth_wrong,13.0
coach_season,2007,Mike McCarthy,GB,games,18.0
coach_season,2007,Mike McCarthy,GB,go_clear,17.0
coach_season,2007,Mike McCarthy,GB,go_clear_went,4.0
coach_season,2007,Mike McCarthy,GB,two_point_graded,1.0
coach_season,2007,Mike McCarthy,GB,two_point_toss_ups,55.0
coach_season,2007,Mike McCarthy,GB,two_point_wp_lost,0.0
coach_season,2007,Mike McCarthy,GB,two_point_wrong,0.0
coach_season,2007,Mike McCarthy,GB,went,10.0
coach_season,2007,Mike McCarthy,GB,wp_lost,0.364418
coach_season,2007,Mike McCarthy,GB,wp_lost_per_game,0.020245
coach_season,2007,Mike Nolan,SF,aggressiveness,0.4
coach_season,2007,Mike Nolan,SF,fourth_graded,46.0
coach_season,2007,Mike Nolan,SF,fourth_toss_ups,91.0
coach_season,2007,Mike Nolan,SF,fourth_wp_lost,0.190893
coach_season,2007,Mike Nolan,SF,fourth_wrong,9.0
coach_season,2007,Mike Nolan,SF,games,16.0
coach_season,2007,Mike Nolan,SF,go_clear,15.0
coach_season,2007,Mike Nolan,SF,go_clear_went,6.0
coach_season,2007,Mike Nolan,SF,two_point_graded,2.0
coach_season,2007,Mike Nolan,SF,two_point_toss_ups,21.0
coach_season,2007,Mike Nolan,SF,two_point_wp_lost,0.025811
coach_season,2007,Mike Nolan,SF,two_point_wrong,1.0
coach_season,2007,Mike Nolan,SF,went,15.0
coach_season,2007,Mike Nolan,SF,wp_lost,0.216705
coach_season,2007,Mike Nolan,SF,wp_lost_per_game,0.013544
coach_season,2007,Mike Shanahan,DEN,aggressiveness,0.529412
coach_season,2007,Mike Shanahan,DEN,fourth_graded,36.0
coach_season,2007,Mike Shanahan,DEN,fourth_toss_ups,71.0
coach_season,2007,Mike Shanahan,DEN,fourth_wp_lost,0.236149
coach_season,2007,Mike Shanahan,DEN,fourth_wrong,8.0
coach_season,2007,Mike Shanahan,DEN,games,16.0
coach_season,2007,Mike Shanahan,DEN,go_clear,17.0
coach_season,2007,Mike Shanahan,DEN,go_clear_went,9.0
coach_season,2007,Mike Shanahan,DEN,two_point_graded,1.0
coach_season,2007,Mike Shanahan,DEN,two_point_toss_ups,33.0
coach_season,2007,Mike Shanahan,DEN,two_point_wp_lost,0.0
coach_season,2007,Mike Shanahan,DEN,two_point_wrong,0.0
coach_season,2007,Mike Shanahan,DEN,went,22.0
coach_season,2007,Mike Shanahan,DEN,wp_lost,0.236149
coach_season,2007,Mike Shanahan,DEN,wp_lost_per_game,0.014759
coach_season,2007,Mike Tomlin,PIT,aggressiveness,0.5
coach_season,2007,Mike Tomlin,PIT,fourth_graded,43.0
coach_season,2007,Mike Tomlin,PIT,fourth_toss_ups,66.0
coach_season,2007,Mike Tomlin,PIT,fourth_wp_lost,0.166945
coach_season,2007,Mike Tomlin,PIT,fourth_wrong,7.0
coach_season,2007,Mike Tomlin,PIT,games,17.0
coach_season,2007,Mike Tomlin,PIT,go_clear,14.0
coach_season,2007,Mike Tomlin,PIT,go_clear_went,7.0
coach_season,2007,Mike Tomlin,PIT,two_point_graded,3.0
coach_season,2007,Mike Tomlin,PIT,two_point_toss_ups,47.0
coach_season,2007,Mike Tomlin,PIT,two_point_wp_lost,0.038669
coach_season,2007,Mike Tomlin,PIT,two_point_wrong,2.0
coach_season,2007,Mike Tomlin,PIT,went,13.0
coach_season,2007,Mike Tomlin,PIT,wp_lost,0.205614
coach_season,2007,Mike Tomlin,PIT,wp_lost_per_game,0.012095
coach_season,2007,Norv Turner,LAC,aggressiveness,0.133333
coach_season,2007,Norv Turner,LAC,fourth_graded,44.0
coach_season,2007,Norv Turner,LAC,fourth_toss_ups,90.0
coach_season,2007,Norv Turner,LAC,fourth_wp_lost,0.355857
coach_season,2007,Norv Turner,LAC,fourth_wrong,13.0
coach_season,2007,Norv Turner,LAC,games,19.0
coach_season,2007,Norv Turner,LAC,go_clear,15.0
coach_season,2007,Norv Turner,LAC,go_clear_went,2.0
coach_season,2007,Norv Turner,LAC,two_point_graded,2.0
coach_season,2007,Norv Turner,LAC,two_point_toss_ups,51.0
coach_season,2007,Norv Turner,LAC,two_point_wp_lost,0.0
coach_season,2007,Norv Turner,LAC,two_point_wrong,0.0
coach_season,2007,Norv Turner,LAC,went,11.0
coach_season,2007,Norv Turner,LAC,wp_lost,0.355857
coach_season,2007,Norv Turner,LAC,wp_lost_per_game,0.018729
coach_season,2007,Rod Marinelli,DET,aggressiveness,0.071429
coach_season,2007,Rod Marinelli,DET,fourth_graded,44.0
coach_season,2007,Rod Marinelli,DET,fourth_toss_ups,65.0
coach_season,2007,Rod Marinelli,DET,fourth_wp_lost,0.30058
coach_season,2007,Rod Marinelli,DET,fourth_wrong,13.0
coach_season,2007,Rod Marinelli,DET,games,16.0
coach_season,2007,Rod Marinelli,DET,go_clear,14.0
coach_season,2007,Rod Marinelli,DET,go_clear_went,1.0
coach_season,2007,Rod Marinelli,DET,two_point_graded,2.0
coach_season,2007,Rod Marinelli,DET,two_point_toss_ups,35.0
coach_season,2007,Rod Marinelli,DET,two_point_wp_lost,0.023947
coach_season,2007,Rod Marinelli,DET,two_point_wrong,1.0
coach_season,2007,Rod Marinelli,DET,went,10.0
coach_season,2007,Rod Marinelli,DET,wp_lost,0.324527
coach_season,2007,Rod Marinelli,DET,wp_lost_per_game,0.020283
coach_season,2007,Romeo Crennel,CLE,aggressiveness,0.538462
coach_season,2007,Romeo Crennel,CLE,fourth_graded,36.0
coach_season,2007,Romeo Crennel,CLE,fourth_toss_ups,68.0
coach_season,2007,Romeo Crennel,CLE,fourth_wp_lost,0.194078
coach_season,2007,Romeo Crennel,CLE,fourth_wrong,6.0
coach_season,2007,Romeo Crennel,CLE,games,16.0
coach_season,2007,Romeo Crennel,CLE,go_clear,13.0
coach_season,2007,Romeo Crennel,CLE,go_clear_went,7.0
coach_season,2007,Romeo Crennel,CLE,two_point_graded,1.0
coach_season,2007,Romeo Crennel,CLE,two_point_toss_ups,45.0
coach_season,2007,Romeo Crennel,CLE,two_point_wp_lost,0.0
coach_season,2007,Romeo Crennel,CLE,two_point_wrong,0.0
coach_season,2007,Romeo Crennel,CLE,went,11.0
coach_season,2007,Romeo Crennel,CLE,wp_lost,0.194078
coach_season,2007,Romeo Crennel,CLE,wp_lost_per_game,0.01213
coach_season,2007,Scott Linehan,LA,aggressiveness,0.571429
coach_season,2007,Scott Linehan,LA,fourth_graded,41.0
coach_season,2007,Scott Linehan,LA,fourth_toss_ups,86.0
coach_season,2007,Scott Linehan,LA,fourth_wp_lost,0.120372
coach_season,2007,Scott Linehan,LA,fourth_wrong,4.0
coach_season,2007,Scott Linehan,LA,games,16.0
coach_season,2007,Scott Linehan,LA,go_clear,7.0
coach_season,2007,Scott Linehan,LA,go_clear_went,4.0
coach_season,2007,Scott Linehan,LA,two_point_graded,0.0
coach_season,2007,Scott Linehan,LA,two_point_toss_ups,27.0
coach_season,2007,Scott Linehan,LA,two_point_wp_lost,0.0
coach_season,2007,Scott Linehan,LA,two_point_wrong,0.0
coach_season,2007,Scott Linehan,LA,went,19.0
coach_season,2007,Scott Linehan,LA,wp_lost,0.120372
coach_season,2007,Scott Linehan,LA,wp_lost_per_game,0.007523
coach_season,2007,Sean Payton,NO,aggressiveness,0.578947
coach_season,2007,Sean Payton,NO,fourth_graded,38.0
coach_season,2007,Sean Payton,NO,fourth_toss_ups,66.0
coach_season,2007,Sean Payton,NO,fourth_wp_lost,0.16814
coach_season,2007,Sean Payton,NO,fourth_wrong,8.0
coach_season,2007,Sean Payton,NO,games,16.0
coach_season,2007,Sean Payton,NO,go_clear,19.0
coach_season,2007,Sean Payton,NO,go_clear_went,11.0
coach_season,2007,Sean Payton,NO,two_point_graded,1.0
coach_season,2007,Sean Payton,NO,two_point_toss_ups,46.0
coach_season,2007,Sean Payton,NO,two_point_wp_lost,0.021196
coach_season,2007,Sean Payton,NO,two_point_wrong,1.0
coach_season,2007,Sean Payton,NO,went,23.0
coach_season,2007,Sean Payton,NO,wp_lost,0.189336
coach_season,2007,Sean Payton,NO,wp_lost_per_game,0.011833
coach_season,2007,Tom Coughlin,NYG,aggressiveness,0.37931
coach_season,2007,Tom Coughlin,NYG,fourth_graded,60.0
coach_season,2007,Tom Coughlin,NYG,fourth_toss_ups,79.0
coach_season,2007,Tom Coughlin,NYG,fourth_wp_lost,0.526898
coach_season,2007,Tom Coughlin,NYG,fourth_wrong,19.0
coach_season,2007,Tom Coughlin,NYG,games,20.0
coach_season,2007,Tom Coughlin,NYG,go_clear,29.0
coach_season,2007,Tom Coughlin,NYG,go_clear_went,11.0
coach_season,2007,Tom Coughlin,NYG,two_point_graded,2.0
coach_season,2007,Tom Coughlin,NYG,two_point_toss_ups,51.0
coach_season,2007,Tom Coughlin,NYG,two_point_wp_lost,0.021889
coach_season,2007,Tom Coughlin,NYG,two_point_wrong,1.0
coach_season,2007,Tom Coughlin,NYG,went,19.0
coach_season,2007,Tom Coughlin,NYG,wp_lost,0.548788
coach_season,2007,Tom Coughlin,NYG,wp_lost_per_game,0.027439
coach_season,2007,Tony Dungy,IND,aggressiveness,0.583333
coach_season,2007,Tony Dungy,IND,fourth_graded,31.0
coach_season,2007,Tony Dungy,IND,fourth_toss_ups,60.0
coach_season,2007,Tony Dungy,IND,fourth_wp_lost,0.115617
coach_season,2007,Tony Dungy,IND,fourth_wrong,5.0
coach_season,2007,Tony Dungy,IND,games,17.0
coach_season,2007,Tony Dungy,IND,go_clear,12.0
coach_season,2007,Tony Dungy,IND,go_clear_went,7.0
coach_season,2007,Tony Dungy,IND,two_point_graded,0.0
coach_season,2007,Tony Dungy,IND,two_point_toss_ups,56.0
coach_season,2007,Tony Dungy,IND,two_point_wp_lost,0.0
coach_season,2007,Tony Dungy,IND,two_point_wrong,0.0
coach_season,2007,Tony Dungy,IND,went,13.0
coach_season,2007,Tony Dungy,IND,wp_lost,0.115617
coach_season,2007,Tony Dungy,IND,wp_lost_per_game,0.006801
coach_season,2007,Wade Phillips,DAL,aggressiveness,0.545455
coach_season,2007,Wade Phillips,DAL,fourth_graded,39.0
coach_season,2007,Wade Phillips,DAL,fourth_toss_ups,72.0
coach_season,2007,Wade Phillips,DAL,fourth_wp_lost,0.163143
coach_season,2007,Wade Phillips,DAL,fourth_wrong,6.0
coach_season,2007,Wade Phillips,DAL,games,17.0
coach_season,2007,Wade Phillips,DAL,go_clear,11.0
coach_season,2007,Wade Phillips,DAL,go_clear_went,6.0
coach_season,2007,Wade Phillips,DAL,two_point_graded,3.0
coach_season,2007,Wade Phillips,DAL,two_point_toss_ups,53.0
coach_season,2007,Wade Phillips,DAL,two_point_wp_lost,0.0
coach_season,2007,Wade Phillips,DAL,two_point_wrong,0.0
coach_season,2007,Wade Phillips,DAL,went,15.0
coach_season,2007,Wade Phillips,DAL,wp_lost,0.163143
coach_season,2007,Wade Phillips,DAL,wp_lost_per_game,0.009597
coach_season,2008,Andy Reid,PHI,aggressiveness,0.32
coach_season,2008,Andy Reid,PHI,fourth_graded,58.0
coach_season,2008,Andy Reid,PHI,fourth_toss_ups,82.0
coach_season,2008,Andy Reid,PHI,fourth_wp_lost,0.823467
coach_season,2008,Andy Reid,PHI,fourth_wrong,17.0
coach_season,2008,Andy Reid,PHI,games,19.0
coach_season,2008,Andy Reid,PHI,go_clear,25.0
coach_season,2008,Andy Reid,PHI,go_clear_went,8.0
coach_season,2008,Andy Reid,PHI,two_point_graded,1.0
coach_season,2008,Andy Reid,PHI,two_point_toss_ups,51.0
coach_season,2008,Andy Reid,PHI,two_point_wp_lost,0.0
coach_season,2008,Andy Reid,PHI,two_point_wrong,0.0
coach_season,2008,Andy Reid,PHI,went,10.0
coach_season,2008,Andy Reid,PHI,wp_lost,0.823467
coach_season,2008,Andy Reid,PHI,wp_lost_per_game,0.04334
coach_season,2008,Bill Belichick,NE,aggressiveness,0.545455
coach_season,2008,Bill Belichick,NE,fourth_graded,38.0
coach_season,2008,Bill Belichick,NE,fourth_toss_ups,69.0
coach_season,2008,Bill Belichick,NE,fourth_wp_lost,0.314613
coach_season,2008,Bill Belichick,NE,fourth_wrong,10.0
coach_season,2008,Bill Belichick,NE,games,16.0
coach_season,2008,Bill Belichick,NE,go_clear,22.0
coach_season,2008,Bill Belichick,NE,go_clear_went,12.0
coach_season,2008,Bill Belichick,NE,two_point_graded,0.0
coach_season,2008,Bill Belichick,NE,two_point_toss_ups,43.0
coach_season,2008,Bill Belichick,NE,two_point_wp_lost,0.0
coach_season,2008,Bill Belichick,NE,two_point_wrong,0.0
coach_season,2008,Bill Belichick,NE,went,21.0
coach_season,2008,Bill Belichick,NE,wp_lost,0.314613
coach_season,2008,Bill Belichick,NE,wp_lost_per_game,0.019663
coach_season,2008,Brad Childress,MIN,aggressiveness,0.380952
coach_season,2008,Brad Childress,MIN,fourth_graded,62.0
coach_season,2008,Brad Childress,MIN,fourth_toss_ups,66.0
coach_season,2008,Brad Childress,MIN,fourth_wp_lost,0.33446
coach_season,2008,Brad Childress,MIN,fourth_wrong,13.0
coach_season,2008,Brad Childress,MIN,games,17.0
coach_season,2008,Brad Childress,MIN,go_clear,21.0
coach_season,2008,Brad Childress,MIN,go_clear_went,8.0
coach_season,2008,Brad Childress,MIN,two_point_graded,5.0
coach_season,2008,Brad Childress,MIN,two_point_toss_ups,38.0
coach_season,2008,Brad Childress,MIN,two_point_wp_lost,0.092355
coach_season,2008,Brad Childress,MIN,two_point_wrong,4.0
coach_season,2008,Brad Childress,MIN,went,17.0
coach_season,2008,Brad Childress,MIN,wp_lost,0.426815
coach_season,2008,Brad Childress,MIN,wp_lost_per_game,0.025107
coach_season,2008,Dick Jauron,BUF,aggressiveness,0.238095
coach_season,2008,Dick Jauron,BUF,fourth_graded,50.0
coach_season,2008,Dick Jauron,BUF,fourth_toss_ups,57.0
coach_season,2008,Dick Jauron,BUF,fourth_wp_lost,0.413183
coach_season,2008,Dick Jauron,BUF,fourth_wrong,16.0
coach_season,2008,Dick Jauron,BUF,games,16.0
coach_season,2008,Dick Jauron,BUF,go_clear,21.0
coach_season,2008,Dick Jauron,BUF,go_clear_went,5.0
coach_season,2008,Dick Jauron,BUF,two_point_graded,3.0
coach_season,2008,Dick Jauron,BUF,two_point_toss_ups,31.0
coach_season,2008,Dick Jauron,BUF,two_point_wp_lost,0.029411
coach_season,2008,Dick Jauron,BUF,two_point_wrong,1.0
coach_season,2008,Dick Jauron,BUF,went,15.0
coach_season,2008,Dick Jauron,BUF,wp_lost,0.442594
coach_season,2008,Dick Jauron,BUF,wp_lost_per_game,0.027662
coach_season,2008,Eric Mangini,NYJ,aggressiveness,0.333333
coach_season,2008,Eric Mangini,NYJ,fourth_graded,45.0
coach_season,2008,Eric Mangini,NYJ,fourth_toss_ups,55.0
coach_season,2008,Eric Mangini,NYJ,fourth_wp_lost,0.582884
coach_season,2008,Eric Mangini,NYJ,fourth_wrong,15.0
coach_season,2008,Eric Mangini,NYJ,games,16.0
coach_season,2008,Eric Mangini,NYJ,go_clear,21.0
coach_season,2008,Eric Mangini,NYJ,go_clear_went,7.0
coach_season,2008,Eric Mangini,NYJ,two_point_graded,2.0
coach_season,2008,Eric Mangini,NYJ,two_point_toss_ups,45.0
coach_season,2008,Eric Mangini,NYJ,two_point_wp_lost,0.0
coach_season,2008,Eric Mangini,NYJ,two_point_wrong,0.0
coach_season,2008,Eric Mangini,NYJ,went,16.0
coach_season,2008,Eric Mangini,NYJ,wp_lost,0.582884
coach_season,2008,Eric Mangini,NYJ,wp_lost_per_game,0.03643
coach_season,2008,Gary Kubiak,HOU,aggressiveness,0.647059
coach_season,2008,Gary Kubiak,HOU,fourth_graded,43.0
coach_season,2008,Gary Kubiak,HOU,fourth_toss_ups,59.0
coach_season,2008,Gary Kubiak,HOU,fourth_wp_lost,0.228188
coach_season,2008,Gary Kubiak,HOU,fourth_wrong,8.0
coach_season,2008,Gary Kubiak,HOU,games,16.0
coach_season,2008,Gary Kubiak,HOU,go_clear,17.0
coach_season,2008,Gary Kubiak,HOU,go_clear_went,11.0
coach_season,2008,Gary Kubiak,HOU,two_point_graded,1.0
coach_season,2008,Gary Kubiak,HOU,two_point_toss_ups,38.0
coach_season,2008,Gary Kubiak,HOU,two_point_wp_lost,0.02295
coach_season,2008,Gary Kubiak,HOU,two_point_wrong,1.0
coach_season,2008,Gary Kubiak,HOU,went,22.0
coach_season,2008,Gary Kubiak,HOU,wp_lost,0.251138
coach_season,2008,Gary Kubiak,HOU,wp_lost_per_game,0.015696
coach_season,2008,Herm Edwards,KC,aggressiveness,0.428571
coach_season,2008,Herm Edwards,KC,fourth_graded,44.0
coach_season,2008,Herm Edwards,KC,fourth_toss_ups,76.0
coach_season,2008,Herm Edwards,KC,fourth_wp_lost,0.253716
coach_season,2008,Herm Edwards,KC,fourth_wrong,9.0
coach_season,2008,Herm Edwards,KC,games,16.0
coach_season,2008,Herm Edwards,KC,go_clear,14.0
coach_season,2008,Herm Edwards,KC,go_clear_went,6.0
coach_season,2008,Herm Edwards,KC,two_point_graded,1.0
coach_season,2008,Herm Edwards,KC,two_point_toss_ups,34.0
coach_season,2008,Herm Edwards,KC,two_point_wp_lost,0.031865
coach_season,2008,Herm Edwards,KC,two_point_wrong,1.0
coach_season,2008,Herm Edwards,KC,went,18.0
coach_season,2008,Herm Edwards,KC,wp_lost,0.285582
coach_season,2008,Herm Edwards,KC,wp_lost_per_game,0.017849
coach_season,2008,Jack Del Rio,JAX,aggressiveness,0.545455
coach_season,2008,Jack Del Rio,JAX,fourth_graded,48.0
coach_season,2008,Jack Del Rio,JAX,fourth_toss_ups,65.0
coach_season,2008,Jack Del Rio,JAX,fourth_wp_lost,0.250573
coach_season,2008,Jack Del Rio,JAX,fourth_wrong,10.0
coach_season,2008,Jack Del Rio,JAX,games,16.0
coach_season,2008,Jack Del Rio,JAX,go_clear,22.0
coach_season,2008,Jack Del Rio,JAX,go_clear_went,12.0
coach_season,2008,Jack Del Rio,JAX,two_point_graded,2.0
coach_season,2008,Jack Del Rio,JAX,two_point_toss_ups,33.0
coach_season,2008,Jack Del Rio,JAX,two_point_wp_lost,0.026624
coach_season,2008,Jack Del Rio,JAX,two_point_wrong,1.0
coach_season,2008,Jack Del Rio,JAX,went,24.0
coach_season,2008,Jack Del Rio,JAX,wp_lost,0.277197
coach_season,2008,Jack Del Rio,JAX,wp_lost_per_game,0.017325
coach_season,2008,Jeff Fisher,TEN,aggressiveness,0.230769
coach_season,2008,Jeff Fisher,TEN,fourth_graded,54.0
coach_season,2008,Jeff Fisher,TEN,fourth_toss_ups,79.0
coach_season,2008,Jeff Fisher,TEN,fourth_wp_lost,0.519911
coach_season,2008,Jeff Fisher,TEN,fourth_wrong,21.0
coach_season,2008,Jeff Fisher,TEN,games,17.0
coach_season,2008,Jeff Fisher,TEN,go_clear,26.0
coach_season,2008,Jeff Fisher,TEN,go_clear_went,6.0
coach_season,2008,Jeff Fisher,TEN,two_point_graded,0.0
coach_season,2008,Jeff Fisher,TEN,two_point_toss_ups,42.0
coach_season,2008,Jeff Fisher,TEN,two_point_wp_lost,0.0
coach_season,2008,Jeff Fisher,TEN,two_point_wrong,0.0
coach_season,2008,Jeff Fisher,TEN,went,11.0
coach_season,2008,Jeff Fisher,TEN,wp_lost,0.519911
coach_season,2008,Jeff Fisher,TEN,wp_lost_per_game,0.030583
coach_season,2008,Jim Haslett,LA,aggressiveness,0.6
coach_season,2008,Jim Haslett,LA,fourth_graded,36.0
coach_season,2008,Jim Haslett,LA,fourth_toss_ups,67.0
coach_season,2008,Jim Haslett,LA,fourth_wp_lost,0.130154
coach_season,2008,Jim Haslett,LA,fourth_wrong,5.0
coach_season,2008,Jim Haslett,LA,games,12.0
coach_season,2008,Jim Haslett,LA,go_clear,10.0
coach_season,2008,Jim Haslett,LA,go_clear_went,6.0
coach_season,2008,Jim Haslett,LA,two_point_graded,0.0
coach_season,2008,Jim Haslett,LA,two_point_toss_ups,16.0
coach_season,2008,Jim Haslett,LA,two_point_wp_lost,0.0
coach_season,2008,Jim Haslett,LA,two_point_wrong,0.0
coach_season,2008,Jim Haslett,LA,went,17.0
coach_season,2008,Jim Haslett,LA,wp_lost,0.130154
coach_season,2008,Jim Haslett,LA,wp_lost_per_game,0.010846
coach_season,2008,Jim Zorn,WAS,aggressiveness,0.321429
coach_season,2008,Jim Zorn,WAS,fourth_graded,59.0
coach_season,2008,Jim Zorn,WAS,fourth_toss_ups,70.0
coach_season,2008,Jim Zorn,WAS,fourth_wp_lost,0.477374
coach_season,2008,Jim Zorn,WAS,fourth_wrong,19.0
coach_season,2008,Jim Zorn,WAS,games,16.0
coach_season,2008,Jim Zorn,WAS,go_clear,28.0
coach_season,2008,Jim Zorn,WAS,go_clear_went,9.0
coach_season,2008,Jim Zorn,WAS,two_point_graded,1.0
coach_season,2008,Jim Zorn,WAS,two_point_toss_ups,26.0
coach_season,2008,Jim Zorn,WAS,two_point_wp_lost,0.0
coach_season,2008,Jim Zorn,WAS,two_point_wrong,0.0
coach_season,2008,Jim Zorn,WAS,went,16.0
coach_season,2008,Jim Zorn,WAS,wp_lost,0.477374
coach_season,2008,Jim Zorn,WAS,wp_lost_per_game,0.029836
coach_season,2008,John Fox,CAR,aggressiveness,0.1
coach_season,2008,John Fox,CAR,fourth_graded,35.0
coach_season,2008,John Fox,CAR,fourth_toss_ups,78.0
coach_season,2008,John Fox,CAR,fourth_wp_lost,0.256123
coach_season,2008,John Fox,CAR,fourth_wrong,9.0
coach_season,2008,John Fox,CAR,games,17.0
coach_season,2008,John Fox,CAR,go_clear,10.0
coach_season,2008,John Fox,CAR,go_clear_went,1.0
coach_season,2008,John Fox,CAR,two_point_graded,2.0
coach_season,2008,John Fox,CAR,two_point_toss_ups,47.0
coach_season,2008,John Fox,CAR,two_point_wp_lost,0.0
coach_season,2008,John Fox,CAR,two_point_wrong,0.0
coach_season,2008,John Fox,CAR,went,8.0
coach_season,2008,John Fox,CAR,wp_lost,0.256123
coach_season,2008,John Fox,CAR,wp_lost_per_game,0.015066
coach_season,2008,John Harbaugh,BAL,aggressiveness,0.2
coach_season,2008,John Harbaugh,BAL,fourth_graded,58.0
coach_season,2008,John Harbaugh,BAL,fourth_toss_ups,95.0
coach_season,2008,John Harbaugh,BAL,fourth_wp_lost,0.335386
coach_season,2008,John Harbaugh,BAL,fourth_wrong,13.0
coach_season,2008,John Harbaugh,BAL,games,19.0
coach_season,2008,John Harbaugh,BAL,go_clear,15.0
coach_season,2008,John Harbaugh,BAL,go_clear_went,3.0
coach_season,2008,John Harbaugh,BAL,two_point_graded,1.0
coach_season,2008,John Harbaugh,BAL,two_point_toss_ups,47.0
coach_season,2008,John Harbaugh,BAL,two_point_wp_lost,0.032225
coach_season,2008,John Harbaugh,BAL,two_point_wrong,1.0
coach_season,2008,John Harbaugh,BAL,went,12.0
coach_season,2008,John Harbaugh,BAL,wp_lost,0.367611
coach_season,2008,John Harbaugh,BAL,wp_lost_per_game,0.019348
coach_season,2008,Jon Gruden,TB,aggressiveness,0.363636
coach_season,2008,Jon Gruden,TB,fourth_graded,59.0
coach_season,2008,Jon Gruden,TB,fourth_toss_ups,67.0
coach_season,2008,Jon Gruden,TB,fourth_wp_lost,0.413837
coach_season,2008,Jon Gruden,TB,fourth_wrong,14.0
coach_season,2008,Jon Gruden,TB,games,16.0
coach_season,2008,Jon Gruden,TB,go_clear,22.0
coach_season,2008,Jon Gruden,TB,go_clear_went,8.0
coach_season,2008,Jon Gruden,TB,two_point_graded,2.0
coach_season,2008,Jon Gruden,TB,two_point_toss_ups,36.0
coach_season,2008,Jon Gruden,TB,two_point_wp_lost,0.0
coach_season,2008,Jon Gruden,TB,two_point_wrong,0.0
coach_season,2008,Jon Gruden,TB,went,17.0
coach_season,2008,Jon Gruden,TB,wp_lost,0.413837
coach_season,2008,Jon Gruden,TB,wp_lost_per_game,0.025865
coach_season,2008,Ken Whisenhunt,ARI,aggressiveness,0.333333
coach_season,2008,Ken Whisenhunt,ARI,fourth_graded,40.0
coach_season,2008,Ken Whisenhunt,ARI,fourth_toss_ups,84.0
coach_season,2008,Ken Whisenhunt,ARI,fourth_wp_lost,0.368029
coach_season,2008,Ken Whisenhunt,ARI,fourth_wrong,13.0
coach_season,2008,Ken Whisenhunt,ARI,games,20.0
coach_season,2008,Ken Whisenhunt,ARI,go_clear,15.0
coach_season,2008,Ken Whisenhunt,ARI,go_clear_went,5.0
coach_season,2008,Ken Whisenhunt,ARI,two_point_graded,4.0
coach_season,2008,Ken Whisenhunt,ARI,two_point_toss_ups,59.0
coach_season,2008,Ken Whisenhunt,ARI,two_point_wp_lost,0.073161
coach_season,2008,Ken Whisenhunt,ARI,two_point_wrong,3.0
coach_season,2008,Ken Whisenhunt,ARI,went,16.0
coach_season,2008,Ken Whisenhunt,ARI,wp_lost,0.44119
coach_season,2008,Ken Whisenhunt,ARI,wp_lost_per_game,0.02206
coach_season,2008,Lane Kiffin,LV,aggressiveness,0.4
coach_season,2008,Lane Kiffin,LV,fourth_graded,15.0
coach_season,2008,Lane Kiffin,LV,fourth_toss_ups,20.0
coach_season,2008,Lane Kiffin,LV,fourth_wp_lost,0.096895
coach_season,2008,Lane Kiffin,LV,fourth_wrong,3.0
coach_season,2008,Lane Kiffin,LV,games,4.0
coach_season,2008,Lane Kiffin,LV,go_clear,5.0
coach_season,2008,Lane Kiffin,LV,go_clear_went,2.0
coach_season,2008,Lane Kiffin,LV,two_point_graded,0.0
coach_season,2008,Lane Kiffin,LV,two_point_toss_ups,7.0
coach_season,2008,Lane Kiffin,LV,two_point_wp_lost,0.0
coach_season,2008,Lane Kiffin,LV,two_point_wrong,0.0
coach_season,2008,Lane Kiffin,LV,went,5.0
coach_season,2008,Lane Kiffin,LV,wp_lost,0.096895
coach_season,2008,Lane Kiffin,LV,wp_lost_per_game,0.024224
coach_season,2008,Lovie Smith,CHI,aggressiveness,0.428571
coach_season,2008,Lovie Smith,CHI,fourth_graded,59.0
coach_season,2008,Lovie Smith,CHI,fourth_toss_ups,73.0
coach_season,2008,Lovie Smith,CHI,fourth_wp_lost,0.351384
coach_season,2008,Lovie Smith,CHI,fourth_wrong,12.0
coach_season,2008,Lovie Smith,CHI,games,16.0
coach_season,2008,Lovie Smith,CHI,go_clear,21.0
coach_season,2008,Lovie Smith,CHI,go_clear_went,9.0
coach_season,2008,Lovie Smith,CHI,two_point_graded,3.0
coach_season,2008,Lovie Smith,CHI,two_point_toss_ups,39.0
coach_season,2008,Lovie Smith,CHI,two_point_wp_lost,0.019247
coach_season,2008,Lovie Smith,CHI,two_point_wrong,1.0
coach_season,2008,Lovie Smith,CHI,went,13.0
coach_season,2008,Lovie Smith,CHI,wp_lost,0.370631
coach_season,2008,Lovie Smith,CHI,wp_lost_per_game,0.023164
coach_season,2008,Marvin Lewis,CIN,aggressiveness,0.333333
coach_season,2008,Marvin Lewis,CIN,fourth_graded,52.0
coach_season,2008,Marvin Lewis,CIN,fourth_toss_ups,84.0
coach_season,2008,Marvin Lewis,CIN,fourth_wp_lost,0.415354
coach_season,2008,Marvin Lewis,CIN,fourth_wrong,12.0
coach_season,2008,Marvin Lewis,CIN,games,16.0
coach_season,2008,Marvin Lewis,CIN,go_clear,15.0
coach_season,2008,Marvin Lewis,CIN,go_clear_went,5.0
coach_season,2008,Marvin Lewis,CIN,two_point_graded,1.0
coach_season,2008,Marvin Lewis,CIN,two_point_toss_ups,19.0
coach_season,2008,Marvin Lewis,CIN,two_point_wp_lost,0.0
coach_season,2008,Marvin Lewis,CIN,two_point_wrong,0.0
coach_season,2008,Marvin Lewis,CIN,went,13.0
coach_season,2008,Marvin Lewis,CIN,wp_lost,0.415354
coach_season,2008,Marvin Lewis,CIN,wp_lost_per_game,0.02596
coach_season,2008,Mike Holmgren,SEA,aggressiveness,0.625
coach_season,2008,Mike Holmgren,SEA,fourth_graded,35.0
coach_season,2008,Mike Holmgren,SEA,fourth_toss_ups,89.0
coach_season,2008,Mike Holmgren,SEA,fourth_wp_lost,0.076145
coach_season,2008,Mike Holmgren,SEA,fourth_wrong,3.0
coach_season,2008,Mike Holmgren,SEA,games,16.0
coach_season,2008,Mike Holmgren,SEA,go_clear,8.0
coach_season,2008,Mike Holmgren,SEA,go_clear_went,5.0
coach_season,2008,Mike Holmgren,SEA,two_point_graded,2.0
coach_season,2008,Mike Holmgren,SEA,two_point_toss_ups,30.0
coach_season,2008,Mike Holmgren,SEA,two_point_wp_lost,0.0
coach_season,2008,Mike Holmgren,SEA,two_point_wrong,0.0
coach_season,2008,Mike Holmgren,SEA,went,12.0
coach_season,2008,Mike Holmgren,SEA,wp_lost,0.076145
coach_season,2008,Mike Holmgren,SEA,wp_lost_per_game,0.004759
coach_season,2008,Mike McCarthy,GB,aggressiveness,0.35
coach_season,2008,Mike McCarthy,GB,fourth_graded,51.0
coach_season,2008,Mike McCarthy,GB,fourth_toss_ups,60.0
coach_season,2008,Mike McCarthy,GB,fourth_wp_lost,0.347897
coach_season,2008,Mike McCarthy,GB,fourth_wrong,13.0
coach_season,2008,Mike McCarthy,GB,games,16.0
coach_season,2008,Mike McCarthy,GB,go_clear,20.0
coach_season,2008,Mike McCarthy,GB,go_clear_went,7.0
coach_season,2008,Mike McCarthy,GB,two_point_graded,1.0
coach_season,2008,Mike McCarthy,GB,two_point_toss_ups,47.0
coach_season,2008,Mike McCarthy,GB,two_point_wp_lost,0.0
coach_season,2008,Mike McCarthy,GB,two_point_wrong,0.0
coach_season,2008,Mike McCarthy,GB,went,16.0
coach_season,2008,Mike McCarthy,GB,wp_lost,0.347897
coach_season,2008,Mike McCarthy,GB,wp_lost_per_game,0.021744
coach_season,2008,Mike Nolan,SF,aggressiveness,0.142857
coach_season,2008,Mike Nolan,SF,fourth_graded,14.0
coach_season,2008,Mike Nolan,SF,fourth_toss_ups,33.0
coach_season,2008,Mike Nolan,SF,fourth_wp_lost,0.284584
coach_season,2008,Mike Nolan,SF,fourth_wrong,7.0
coach_season,2008,Mike Nolan,SF,games,7.0
coach_season,2008,Mike Nolan,SF,go_clear,7.0
coach_season,2008,Mike Nolan,SF,go_clear_went,1.0
coach_season,2008,Mike Nolan,SF,two_point_graded,1.0
coach_season,2008,Mike Nolan,SF,two_point_toss_ups,15.0
coach_season,2008,Mike Nolan,SF,two_point_wp_lost,0.0
coach_season,2008,Mike Nolan,SF,two_point_wrong,0.0
coach_season,2008,Mike Nolan,SF,went,6.0
coach_season,2008,Mike Nolan,SF,wp_lost,0.284584
coach_season,2008,Mike Nolan,SF,wp_lost_per_game,0.040655
coach_season,2008,Mike Shanahan,DEN,aggressiveness,0.272727
coach_season,2008,Mike Shanahan,DEN,fourth_graded,32.0
coach_season,2008,Mike Shanahan,DEN,fourth_toss_ups,56.0
coach_season,2008,Mike Shanahan,DEN,fourth_wp_lost,0.367661
coach_season,2008,Mike Shanahan,DEN,fourth_wrong,16.0
coach_season,2008,Mike Shanahan,DEN,games,16.0
coach_season,2008,Mike Shanahan,DEN,go_clear,22.0
coach_season,2008,Mike Shanahan,DEN,go_clear_went,6.0
coach_season,2008,Mike Shanahan,DEN,two_point_graded,3.0
coach_season,2008,Mike Shanahan,DEN,two_point_toss_ups,39.0
coach_season,2008,Mike Shanahan,DEN,two_point_wp_lost,0.081584
coach_season,2008,Mike Shanahan,DEN,two_point_wrong,1.0
coach_season,2008,Mike Shanahan,DEN,went,10.0
coach_season,2008,Mike Shanahan,DEN,wp_lost,0.449245
coach_season,2008,Mike Shanahan,DEN,wp_lost_per_game,0.028078
coach_season,2008,Mike Singletary,SF,aggressiveness,0.333333
coach_season,2008,Mike Singletary,SF,fourth_graded,24.0
coach_season,2008,Mike Singletary,SF,fourth_toss_ups,37.0
coach_season,2008,Mike Singletary,SF,fourth_wp_lost,0.148673
coach_season,2008,Mike Singletary,SF,fourth_wrong,6.0
coach_season,2008,Mike Singletary,SF,games,9.0
coach_season,2008,Mike Singletary,SF,go_clear,9.0
coach_season,2008,Mike Singletary,SF,go_clear_went,3.0
coach_season,2008,Mike Singletary,SF,two_point_graded,4.0
coach_season,2008,Mike Singletary,SF,two_point_toss_ups,16.0
coach_season,2008,Mike Singletary,SF,two_point_wp_lost,0.017486
coach_season,2008,Mike Singletary,SF,two_point_wrong,1.0
coach_season,2008,Mike Singletary,SF,went,5.0
coach_season,2008,Mike Singletary,SF,wp_lost,0.166158
coach_season,2008,Mike Singletary,SF,wp_lost_per_game,0.018462
coach_season,2008,Mike Smith,ATL,aggressiveness,0.428571
coach_season,2008,Mike Smith,ATL,fourth_graded,37.0
coach_season,2008,Mike Smith,ATL,fourth_toss_ups,76.0
coach_season,2008,Mike Smith,ATL,fourth_wp_lost,0.247427
coach_season,2008,Mike Smith,ATL,fourth_wrong,8.0
coach_season,2008,Mike Smith,ATL,games,17.0
coach_season,2008,Mike Smith,ATL,go_clear,14.0
coach_season,2008,Mike Smith,ATL,go_clear_went,6.0
coach_season,2008,Mike Smith,ATL,two_point_graded,4.0
coach_season,2008,Mike Smith,ATL,two_point_toss_ups,42.0
coach_season,2008,Mike Smith,ATL,two_point_wp_lost,0.031786
coach_season,2008,Mike Smith,ATL,two_point_wrong,2.0
coach_season,2008,Mike Smith,ATL,went,14.0
coach_season,2008,Mike Smith,ATL,wp_lost,0.279213
coach_season,2008,Mike Smith,ATL,wp_lost_per_game,0.016424
coach_season,2008,Mike Tomlin,PIT,aggressiveness,0.304348
coach_season,2008,Mike Tomlin,PIT,fourth_graded,57.0
coach_season,2008,Mike Tomlin,PIT,fourth_toss_ups,80.0
coach_season,2008,Mike Tomlin,PIT,fourth_wp_lost,0.467913
coach_season,2008,Mike Tomlin,PIT,fourth_wrong,16.0
coach_season,2008,Mike Tomlin,PIT,games,19.0
coach_season,2008,Mike Tomlin,PIT,go_clear,23.0
coach_season,2008,Mike Tomlin,PIT,go_clear_went,7.0
coach_season,2008,Mike Tomlin,PIT,two_point_graded,2.0
coach_season,2008,Mike Tomlin,PIT,two_point_toss_ups,46.0
coach_season,2008,Mike Tomlin,PIT,two_point_wp_lost,0.029202
coach_season,2008,Mike Tomlin,PIT,two_point_wrong,1.0
coach_season,2008,Mike Tomlin,PIT,went,12.0
coach_season,2008,Mike Tomlin,PIT,wp_lost,0.497115
coach_season,2008,Mike Tomlin,PIT,wp_lost_per_game,0.026164
coach_season,2008,Norv Turner,LAC,aggressiveness,0.333333
coach_season,2008,Norv Turner,LAC,fourth_graded,50.0
coach_season,2008,Norv Turner,LAC,fourth_toss_ups,57.0
coach_season,2008,Norv Turner,LAC,fourth_wp_lost,0.592787
coach_season,2008,Norv Turner,LAC,fourth_wrong,18.0
coach_season,2008,Norv Turner,LAC,games,18.0
coach_season,2008,Norv Turner,LAC,go_clear,27.0
coach_season,2008,Norv Turner,LAC,go_clear_went,9.0
coach_season,2008,Norv Turner,LAC,two_point_graded,4.0
coach_season,2008,Norv Turner,LAC,two_point_toss_ups,52.0
coach_season,2008,Norv Turner,LAC,two_point_wp_lost,0.044912
coach_season,2008,Norv Turner,LAC,two_point_wrong,2.0
coach_season,2008,Norv Turner,LAC,went,11.0
coach_season,2008,Norv Turner,LAC,wp_lost,0.637699
coach_season,2008,Norv Turner,LAC,wp_lost_per_game,0.035428
coach_season,2008,Rod Marinelli,DET,aggressiveness,0.555556
coach_season,2008,Rod Marinelli,DET,fourth_graded,34.0
coach_season,2008,Rod Marinelli,DET,fourth_toss_ups,96.0
coach_season,2008,Rod Marinelli,DET,fourth_wp_lost,0.084493
coach_season,2008,Rod Marinelli,DET,fourth_wrong,4.0
coach_season,2008,Rod Marinelli,DET,games,16.0
coach_season,2008,Rod Marinelli,DET,go_clear,9.0
coach_season,2008,Rod Marinelli,DET,go_clear_went,5.0
coach_season,2008,Rod Marinelli,DET,two_point_graded,0.0
coach_season,2008,Rod Marinelli,DET,two_point_toss_ups,29.0
coach_season,2008,Rod Marinelli,DET,two_point_wp_lost,0.0
coach_season,2008,Rod Marinelli,DET,two_point_wrong,0.0
coach_season,2008,Rod Marinelli,DET,went,20.0
coach_season,2008,Rod Marinelli,DET,wp_lost,0.084493
coach_season,2008,Rod Marinelli,DET,wp_lost_per_game,0.005281
coach_season,2008,Romeo Crennel,CLE,aggressiveness,0.4375
coach_season,2008,Romeo Crennel,CLE,fourth_graded,43.0
coach_season,2008,Romeo Crennel,CLE,fourth_toss_ups,80.0
coach_season,2008,Romeo Crennel,CLE,fourth_wp_lost,0.358402
coach_season,2008,Romeo Crennel,CLE,fourth_wrong,9.0
coach_season,2008,Romeo Crennel,CLE,games,16.0
coach_season,2008,Romeo Crennel,CLE,go_clear,16.0
coach_season,2008,Romeo Crennel,CLE,go_clear_went,7.0
coach_season,2008,Romeo Crennel,CLE,two_point_graded,0.0
coach_season,2008,Romeo Crennel,CLE,two_point_toss_ups,20.0
coach_season,2008,Romeo Crennel,CLE,two_point_wp_lost,0.0
coach_season,2008,Romeo Crennel,CLE,two_point_wrong,0.0
coach_season,2008,Romeo Crennel,CLE,went,14.0
coach_season,2008,Romeo Crennel,CLE,wp_lost,0.358402
coach_season,2008,Romeo Crennel,CLE,wp_lost_per_game,0.0224
coach_season,2008,Scott Linehan,LA,aggressiveness,1.0
coach_season,2008,Scott Linehan,LA,fourth_graded,7.0
coach_season,2008,Scott Linehan,LA,fourth_toss_ups,30.0
coach_season,2008,Scott Linehan,LA,fourth_wp_lost,0.0
coach_season,2008,Scott Linehan,LA,fourth_wrong,0.0
coach_season,2008,Scott Linehan,LA,games,4.0
coach_season,2008,Scott Linehan,LA,go_clear,2.0
coach_season,2008,Scott Linehan,LA,go_clear_went,2.0
coach_season,2008,Scott Linehan,LA,two_point_graded,0.0
coach_season,2008,Scott Linehan,LA,two_point_toss_ups,4.0
coach_season,2008,Scott Linehan,LA,two_point_wp_lost,0.0
coach_season,2008,Scott Linehan,LA,two_point_wrong,0.0
coach_season,2008,Scott Linehan,LA,went,6.0
coach_season,2008,Scott Linehan,LA,wp_lost,0.0
coach_season,2008,Scott Linehan,LA,wp_lost_per_game,0.0
coach_season,2008,Sean Payton,NO,aggressiveness,0.428571
coach_season,2008,Sean Payton,NO,fourth_graded,44.0
coach_season,2008,Sean Payton,NO,fourth_toss_ups,49.0
coach_season,2008,Sean Payton,NO,fourth_wp_lost,0.302159
coach_season,2008,Sean Payton,NO,fourth_wrong,12.0
coach_season,2008,Sean Payton,NO,games,15.0
coach_season,2008,Sean Payton,NO,go_clear,21.0
coach_season,2008,Sean Payton,NO,go_clear_went,9.0
coach_season,2008,Sean Payton,NO,two_point_graded,5.0
coach_season,2008,Sean Payton,NO,two_point_toss_ups,52.0
coach_season,2008,Sean Payton,NO,two_point_wp_lost,0.030267
coach_season,2008,Sean Payton,NO,two_point_wrong,2.0
coach_season,2008,Sean Payton,NO,went,18.0
coach_season,2008,Sean Payton,NO,wp_lost,0.332426
coach_season,2008,Sean Payton,NO,wp_lost_per_game,0.022162
coach_season,2008,Tom Cable,LV,aggressiveness,0.166667
coach_season,2008,Tom Cable,LV,fourth_graded,21.0
coach_season,2008,Tom Cable,LV,fourth_toss_ups,81.0
coach_season,2008,Tom Cable,LV,fourth_wp_lost,0.18434
coach_season,2008,Tom Cable,LV,fourth_wrong,6.0
coach_season,2008,Tom Cable,LV,games,12.0
coach_season,2008,Tom Cable,LV,go_clear,6.0
coach_season,2008,Tom Cable,LV,go_clear_went,1.0
coach_season,2008,Tom Cable,LV,two_point_graded,2.0
coach_season,2008,Tom Cable,LV,two_point_toss_ups,18.0
coach_season,2008,Tom Cable,LV,two_point_wp_lost,0.034242
coach_season,2008,Tom Cable,LV,two_point_wrong,2.0
coach_season,2008,Tom Cable,LV,went,14.0
coach_season,2008,Tom Cable,LV,wp_lost,0.218582
coach_season,2008,Tom Cable,LV,wp_lost_per_game,0.018215
coach_season,2008,Tom Coughlin,NYG,aggressiveness,0.473684
coach_season,2008,Tom Coughlin,NYG,fourth_graded,48.0
coach_season,2008,Tom Coughlin,NYG,fourth_toss_ups,73.0
coach_season,2008,Tom Coughlin,NYG,fourth_wp_lost,0.338183
coach_season,2008,Tom Coughlin,NYG,fourth_wrong,11.0
coach_season,2008,Tom Coughlin,NYG,games,17.0
coach_season,2008,Tom Coughlin,NYG,go_clear,19.0
coach_season,2008,Tom Coughlin,NYG,go_clear_went,9.0
coach_season,2008,Tom Coughlin,NYG,two_point_graded,1.0
coach_season,2008,Tom Coughlin,NYG,two_point_toss_ups,42.0
coach_season,2008,Tom Coughlin,NYG,two_point_wp_lost,0.0
coach_season,2008,Tom Coughlin,NYG,two_point_wrong,0.0
coach_season,2008,Tom Coughlin,NYG,went,14.0
coach_season,2008,Tom Coughlin,NYG,wp_lost,0.338183
coach_season,2008,Tom Coughlin,NYG,wp_lost_per_game,0.019893
coach_season,2008,Tony Dungy,IND,aggressiveness,0.6
coach_season,2008,Tony Dungy,IND,fourth_graded,44.0
coach_season,2008,Tony Dungy,IND,fourth_toss_ups,55.0
coach_season,2008,Tony Dungy,IND,fourth_wp_lost,0.257384
coach_season,2008,Tony Dungy,IND,fourth_wrong,9.0
coach_season,2008,Tony Dungy,IND,games,17.0
coach_season,2008,Tony Dungy,IND,go_clear,20.0
coach_season,2008,Tony Dungy,IND,go_clear_went,12.0
coach_season,2008,Tony Dungy,IND,two_point_graded,4.0
coach_season,2008,Tony Dungy,IND,two_point_toss_ups,43.0
coach_season,2008,Tony Dungy,IND,two_point_wp_lost,0.058797
coach_season,2008,Tony Dungy,IND,two_point_wrong,2.0
coach_season,2008,Tony Dungy,IND,went,17.0
coach_season,2008,Tony Dungy,IND,wp_lost,0.316181
coach_season,2008,Tony Dungy,IND,wp_lost_per_game,0.018599
coach_season,2008,Tony Sparano,MIA,aggressiveness,0.35
coach_season,2008,Tony Sparano,MIA,fourth_graded,50.0
coach_season,2008,Tony Sparano,MIA,fourth_toss_ups,66.0
coach_season,2008,Tony Sparano,MIA,fourth_wp_lost,0.326969
coach_season,2008,Tony Sparano,MIA,fourth_wrong,14.0
coach_season,2008,Tony Sparano,MIA,games,17.0
coach_season,2008,Tony Sparano,MIA,go_clear,20.0
coach_season,2008,Tony Sparano,MIA,go_clear_went,7.0
coach_season,2008,Tony Sparano,MIA,two_point_graded,1.0
coach_season,2008,Tony Sparano,MIA,two_point_toss_ups,40.0
coach_season,2008,Tony Sparano,MIA,two_point_wp_lost,0.0
coach_season,2008,Tony Sparano,MIA,two_point_wrong,0.0
coach_season,2008,Tony Sparano,MIA,went,15.0
coach_season,2008,Tony Sparano,MIA,wp_lost,0.326969
coach_season,2008,Tony Sparano,MIA,wp_lost_per_game,0.019233
coach_season,2008,Wade Phillips,DAL,aggressiveness,0.416667
coach_season,2008,Wade Phillips,DAL,fourth_graded,43.0
coach_season,2008,Wade Phillips,DAL,fourth_toss_ups,65.0
coach_season,2008,Wade Phillips,DAL,fourth_wp_lost,0.200843
coach_season,2008,Wade Phillips,DAL,fourth_wrong,7.0
coach_season,2008,Wade Phillips,DAL,games,16.0
coach_season,2008,Wade Phillips,DAL,go_clear,12.0
coach_season,2008,Wade Phillips,DAL,go_clear_went,5.0
coach_season,2008,Wade Phillips,DAL,two_point_graded,3.0
coach_season,2008,Wade Phillips,DAL,two_point_toss_ups,40.0
coach_season,2008,Wade Phillips,DAL,two_point_wp_lost,0.044947
coach_season,2008,Wade Phillips,DAL,two_point_wrong,2.0
coach_season,2008,Wade Phillips,DAL,went,12.0
coach_season,2008,Wade Phillips,DAL,wp_lost,0.245789
coach_season,2008,Wade Phillips,DAL,wp_lost_per_game,0.015362
coach_season,2009,Andy Reid,PHI,aggressiveness,0.357143
coach_season,2009,Andy Reid,PHI,fourth_graded,48.0
coach_season,2009,Andy Reid,PHI,fourth_toss_ups,80.0
coach_season,2009,Andy Reid,PHI,fourth_wp_lost,0.247436
coach_season,2009,Andy Reid,PHI,fourth_wrong,9.0
coach_season,2009,Andy Reid,PHI,games,17.0
coach_season,2009,Andy Reid,PHI,go_clear,14.0
coach_season,2009,Andy Reid,PHI,go_clear_went,5.0
coach_season,2009,Andy Reid,PHI,two_point_graded,2.0
coach_season,2009,Andy Reid,PHI,two_point_toss_ups,47.0
coach_season,2009,Andy Reid,PHI,two_point_wp_lost,0.029628
coach_season,2009,Andy Reid,PHI,two_point_wrong,1.0
coach_season,2009,Andy Reid,PHI,went,15.0
coach_season,2009,Andy Reid,PHI,wp_lost,0.277063
coach_season,2009,Andy Reid,PHI,wp_lost_per_game,0.016298
coach_season,2009,Bill Belichick,NE,aggressiveness,0.5
coach_season,2009,Bill Belichick,NE,fourth_graded,53.0
coach_season,2009,Bill Belichick,NE,fourth_toss_ups,62.0
coach_season,2009,Bill Belichick,NE,fourth_wp_lost,0.252259
coach_season,2009,Bill Belichick,NE,fourth_wrong,12.0
coach_season,2009,Bill Belichick,NE,games,17.0
coach_season,2009,Bill Belichick,NE,go_clear,24.0
coach_season,2009,Bill Belichick,NE,go_clear_went,12.0
coach_season,2009,Bill Belichick,NE,two_point_graded,1.0
coach_season,2009,Bill Belichick,NE,two_point_toss_ups,51.0
coach_season,2009,Bill Belichick,NE,two_point_wp_lost,0.0
coach_season,2009,Bill Belichick,NE,two_point_wrong,0.0
coach_season,2009,Bill Belichick,NE,went,23.0
coach_season,2009,Bill Belichick,NE,wp_lost,0.252259
coach_season,2009,Bill Belichick,NE,wp_lost_per_game,0.014839
coach_season,2009,Brad Childress,MIN,aggressiveness,0.4
coach_season,2009,Brad Childress,MIN,fourth_graded,46.0
coach_season,2009,Brad Childress,MIN,fourth_toss_ups,78.0
coach_season,2009,Brad Childress,MIN,fourth_wp_lost,0.271011
coach_season,2009,Brad Childress,MIN,fourth_wrong,9.0
coach_season,2009,Brad Childress,MIN,games,18.0
coach_season,2009,Brad Childress,MIN,go_clear,15.0
coach_season,2009,Brad Childress,MIN,go_clear_went,6.0
coach_season,2009,Brad Childress,MIN,two_point_graded,3.0
coach_season,2009,Brad Childress,MIN,two_point_toss_ups,61.0
coach_season,2009,Brad Childress,MIN,two_point_wp_lost,0.038902
coach_season,2009,Brad Childress,MIN,two_point_wrong,1.0
coach_season,2009,Brad Childress,MIN,went,14.0
coach_season,2009,Brad Childress,MIN,wp_lost,0.309913
coach_season,2009,Brad Childress,MIN,wp_lost_per_game,0.017217
coach_season,2009,Dick Jauron,BUF,aggressiveness,0.2
coach_season,2009,Dick Jauron,BUF,fourth_graded,30.0
coach_season,2009,Dick Jauron,BUF,fourth_toss_ups,49.0
coach_season,2009,Dick Jauron,BUF,fourth_wp_lost,0.313906
coach_season,2009,Dick Jauron,BUF,fourth_wrong,9.0
coach_season,2009,Dick Jauron,BUF,games,9.0
coach_season,2009,Dick Jauron,BUF,go_clear,10.0
coach_season,2009,Dick Jauron,BUF,go_clear_went,2.0
coach_season,2009,Dick Jauron,BUF,two_point_graded,0.0
coach_season,2009,Dick Jauron,BUF,two_point_toss_ups,14.0
coach_season,2009,Dick Jauron,BUF,two_point_wp_lost,0.0
coach_season,2009,Dick Jauron,BUF,two_point_wrong,0.0
coach_season,2009,Dick Jauron,BUF,went,9.0
coach_season,2009,Dick Jauron,BUF,wp_lost,0.313906
coach_season,2009,Dick Jauron,BUF,wp_lost_per_game,0.034878
coach_season,2009,Eric Mangini,CLE,aggressiveness,0.2
coach_season,2009,Eric Mangini,CLE,fourth_graded,44.0
coach_season,2009,Eric Mangini,CLE,fourth_toss_ups,87.0
coach_season,2009,Eric Mangini,CLE,fourth_wp_lost,0.692686
coach_season,2009,Eric Mangini,CLE,fourth_wrong,19.0
coach_season,2009,Eric Mangini,CLE,games,16.0
coach_season,2009,Eric Mangini,CLE,go_clear,20.0
coach_season,2009,Eric Mangini,CLE,go_clear_went,4.0
coach_season,2009,Eric Mangini,CLE,two_point_graded,1.0
coach_season,2009,Eric Mangini,CLE,two_point_toss_ups,24.0
coach_season,2009,Eric Mangini,CLE,two_point_wp_lost,0.0
coach_season,2009,Eric Mangini,CLE,two_point_wrong,0.0
coach_season,2009,Eric Mangini,CLE,went,14.0
coach_season,2009,Eric Mangini,CLE,wp_lost,0.692686
coach_season,2009,Eric Mangini,CLE,wp_lost_per_game,0.043293
coach_season,2009,Gary Kubiak,HOU,aggressiveness,0.473684
coach_season,2009,Gary Kubiak,HOU,fourth_graded,41.0
coach_season,2009,Gary Kubiak,HOU,fourth_toss_ups,64.0
coach_season,2009,Gary Kubiak,HOU,fourth_wp_lost,0.346734
coach_season,2009,Gary Kubiak,HOU,fourth_wrong,11.0
coach_season,2009,Gary Kubiak,HOU,games,16.0
coach_season,2009,Gary Kubiak,HOU,go_clear,19.0
coach_season,2009,Gary Kubiak,HOU,go_clear_went,9.0
coach_season,2009,Gary Kubiak,HOU,two_point_graded,4.0
coach_season,2009,Gary Kubiak,HOU,two_point_toss_ups,42.0
coach_season,2009,Gary Kubiak,HOU,two_point_wp_lost,0.054391
coach_season,2009,Gary Kubiak,HOU,two_point_wrong,2.0
coach_season,2009,Gary Kubiak,HOU,went,12.0
coach_season,2009,Gary Kubiak,HOU,wp_lost,0.401124
coach_season,2009,Gary Kubiak,HOU,wp_lost_per_game,0.02507
coach_season,2009,Jack Del Rio,JAX,aggressiveness,0.444444
coach_season,2009,Jack Del Rio,JAX,fourth_graded,50.0
coach_season,2009,Jack Del Rio,JAX,fourth_toss_ups,62.0
coach_season,2009,Jack Del Rio,JAX,fourth_wp_lost,0.412996
coach_season,2009,Jack Del Rio,JAX,fourth_wrong,15.0
coach_season,2009,Jack Del Rio,JAX,games,16.0
coach_season,2009,Jack Del Rio,JAX,go_clear,27.0
coach_season,2009,Jack Del Rio,JAX,go_clear_went,12.0
coach_season,2009,Jack Del Rio,JAX,two_point_graded,2.0
coach_season,2009,Jack Del Rio,JAX,two_point_toss_ups,31.0
coach_season,2009,Jack Del Rio,JAX,two_point_wp_lost,0.028219
coach_season,2009,Jack Del Rio,JAX,two_point_wrong,1.0
coach_season,2009,Jack Del Rio,JAX,went,20.0
coach_season,2009,Jack Del Rio,JAX,wp_lost,0.441216
coach_season,2009,Jack Del Rio,JAX,wp_lost_per_game,0.027576
coach_season,2009,Jeff Fisher,TEN,aggressiveness,0.333333
coach_season,2009,Jeff Fisher,TEN,fourth_graded,47.0
coach_season,2009,Jeff Fisher,TEN,fourth_toss_ups,71.0
coach_season,2009,Jeff Fisher,TEN,fourth_wp_lost,0.457888
coach_season,2009,Jeff Fisher,TEN,fourth_wrong,17.0
coach_season,2009,Jeff Fisher,TEN,games,16.0
coach_season,2009,Jeff Fisher,TEN,go_clear,24.0
coach_season,2009,Jeff Fisher,TEN,go_clear_went,8.0
coach_season,2009,Jeff Fisher,TEN,two_point_graded,2.0
coach_season,2009,Jeff Fisher,TEN,two_point_toss_ups,37.0
coach_season,2009,Jeff Fisher,TEN,two_point_wp_lost,0.020087
coach_season,2009,Jeff Fisher,TEN,two_point_wrong,1.0
coach_season,2009,Jeff Fisher,TEN,went,21.0
coach_season,2009,Jeff Fisher,TEN,wp_lost,0.477975
coach_season,2009,Jeff Fisher,TEN,wp_lost_per_game,0.029873
coach_season,2009,Jim Caldwell,IND,aggressiveness,0.4
coach_season,2009,Jim Caldwell,IND,fourth_graded,37.0
coach_season,2009,Jim Caldwell,IND,fourth_toss_ups,75.0
coach_season,2009,Jim Caldwell,IND,fourth_wp_lost,0.259454
coach_season,2009,Jim Caldwell,IND,fourth_wrong,9.0
coach_season,2009,Jim Caldwell,IND,games,19.0
coach_season,2009,Jim Caldwell,IND,go_clear,15.0
coach_season,2009,Jim Caldwell,IND,go_clear_went,6.0
coach_season,2009,Jim Caldwell,IND,two_point_graded,2.0
coach_season,2009,Jim Caldwell,IND,two_point_toss_ups,58.0
coach_season,2009,Jim Caldwell,IND,two_point_wp_lost,0.02786
coach_season,2009,Jim Caldwell,IND,two_point_wrong,1.0
coach_season,2009,Jim Caldwell,IND,went,12.0
coach_season,2009,Jim Caldwell,IND,wp_lost,0.287314
coach_season,2009,Jim Caldwell,IND,wp_lost_per_game,0.015122
coach_season,2009,Jim Mora,SEA,aggressiveness,0.307692
coach_season,2009,Jim Mora,SEA,fourth_graded,43.0
coach_season,2009,Jim Mora,SEA,fourth_toss_ups,88.0
coach_season,2009,Jim Mora,SEA,fourth_wp_lost,0.252749
coach_season,2009,Jim Mora,SEA,fourth_wrong,9.0
coach_season,2009,Jim Mora,SEA,games,16.0
coach_season,2009,Jim Mora,SEA,go_clear,13.0
coach_season,2009,Jim Mora,SEA,go_clear_went,4.0
coach_season,2009,Jim Mora,SEA,two_point_graded,0.0
coach_season,2009,Jim Mora,SEA,two_point_toss_ups,30.0
coach_season,2009,Jim Mora,SEA,two_point_wp_lost,0.0
coach_season,2009,Jim Mora,SEA,two_point_wrong,0.0
coach_season,2009,Jim Mora,SEA,went,18.0
coach_season,2009,Jim Mora,SEA,wp_lost,0.252749
coach_season,2009,Jim Mora,SEA,wp_lost_per_game,0.015797
coach_season,2009,Jim Schwartz,DET,aggressiveness,0.2
coach_season,2009,Jim Schwartz,DET,fourth_graded,40.0
coach_season,2009,Jim Schwartz,DET,fourth_toss_ups,84.0
coach_season,2009,Jim Schwartz,DET,fourth_wp_lost,0.335918
coach_season,2009,Jim Schwartz,DET,fourth_wrong,13.0
coach_season,2009,Jim Schwartz,DET,games,16.0
coach_season,2009,Jim Schwartz,DET,go_clear,15.0
coach_season,2009,Jim Schwartz,DET,go_clear_went,3.0
coach_season,2009,Jim Schwartz,DET,two_point_graded,4.0
coach_season,2009,Jim Schwartz,DET,two_point_toss_ups,24.0
coach_season,2009,Jim Schwartz,DET,two_point_wp_lost,0.056923
coach_season,2009,Jim Schwartz,DET,two_point_wrong,3.0
coach_season,2009,Jim Schwartz,DET,went,24.0
coach_season,2009,Jim Schwartz,DET,wp_lost,0.392841
coach_season,2009,Jim Schwartz,DET,wp_lost_per_game,0.024553
coach_season,2009,Jim Zorn,WAS,aggressiveness,0.304348
coach_season,2009,Jim Zorn,WAS,fourth_graded,52.0
coach_season,2009,Jim Zorn,WAS,fourth_toss_ups,65.0
coach_season,2009,Jim Zorn,WAS,fourth_wp_lost,0.611918
coach_season,2009,Jim Zorn,WAS,fourth_wrong,17.0
coach_season,2009,Jim Zorn,WAS,games,16.0
coach_season,2009,Jim Zorn,WAS,go_clear,23.0
coach_season,2009,Jim Zorn,WAS,go_clear_went,7.0
coach_season,2009,Jim Zorn,WAS,two_point_graded,1.0
coach_season,2009,Jim Zorn,WAS,two_point_toss_ups,28.0
coach_season,2009,Jim Zorn,WAS,two_point_wp_lost,0.0
coach_season,2009,Jim Zorn,WAS,two_point_wrong,0.0
coach_season,2009,Jim Zorn,WAS,went,18.0
coach_season,2009,Jim Zorn,WAS,wp_lost,0.611918
coach_season,2009,Jim Zorn,WAS,wp_lost_per_game,0.038245
coach_season,2009,John Fox,CAR,aggressiveness,0.368421
coach_season,2009,John Fox,CAR,fourth_graded,46.0
coach_season,2009,John Fox,CAR,fourth_toss_ups,74.0
coach_season,2009,John Fox,CAR,fourth_wp_lost,0.291301
coach_season,2009,John Fox,CAR,fourth_wrong,12.0
coach_season,2009,John Fox,CAR,games,16.0
coach_season,2009,John Fox,CAR,go_clear,19.0
coach_season,2009,John Fox,CAR,go_clear_went,7.0
coach_season,2009,John Fox,CAR,two_point_graded,3.0
coach_season,2009,John Fox,CAR,two_point_toss_ups,32.0
coach_season,2009,John Fox,CAR,two_point_wp_lost,0.019687
coach_season,2009,John Fox,CAR,two_point_wrong,1.0
coach_season,2009,John Fox,CAR,went,18.0
coach_season,2009,John Fox,CAR,wp_lost,0.310988
coach_season,2009,John Fox,CAR,wp_lost_per_game,0.019437
coach_season,2009,John Harbaugh,BAL,aggressiveness,0.25
coach_season,2009,John Harbaugh,BAL,fourth_graded,51.0
coach_season,2009,John Harbaugh,BAL,fourth_toss_ups,73.0
coach_season,2009,John Harbaugh,BAL,fourth_wp_lost,0.327033
coach_season,2009,John Harbaugh,BAL,fourth_wrong,15.0
coach_season,2009,John Harbaugh,BAL,games,18.0
coach_season,2009,John Harbaugh,BAL,go_clear,20.0
coach_season,2009,John Harbaugh,BAL,go_clear_went,5.0
coach_season,2009,John Harbaugh,BAL,two_point_graded,2.0
coach_season,2009,John Harbaugh,BAL,two_point_toss_ups,49.0
coach_season,2009,John Harbaugh,BAL,two_point_wp_lost,0.017413
coach_season,2009,John Harbaugh,BAL,two_point_wrong,1.0
coach_season,2009,John Harbaugh,BAL,went,14.0
coach_season,2009,John Harbaugh,BAL,wp_lost,0.344446
coach_season,2009,John Harbaugh,BAL,wp_lost_per_game,0.019136
coach_season,2009,Josh McDaniels,DEN,aggressiveness,0.2
coach_season,2009,Josh McDaniels,DEN,fourth_graded,46.0
coach_season,2009,Josh McDaniels,DEN,fourth_toss_ups,80.0
coach_season,2009,Josh McDaniels,DEN,fourth_wp_lost,0.688766
coach_season,2009,Josh McDaniels,DEN,fourth_wrong,17.0
coach_season,2009,Josh McDaniels,DEN,games,16.0
coach_season,2009,Josh McDaniels,DEN,go_clear,20.0
coach_season,2009,Josh McDaniels,DEN,go_clear_went,4.0
coach_season,2009,Josh McDaniels,DEN,two_point_graded,1.0
coach_season,2009,Josh McDaniels,DEN,two_point_toss_ups,33.0
coach_season,2009,Josh McDaniels,DEN,two_point_wp_lost,0.027398
coach_season,2009,Josh McDaniels,DEN,two_point_wrong,1.0
coach_season,2009,Josh McDaniels,DEN,went,17.0
coach_season,2009,Josh McDaniels,DEN,wp_lost,0.716164
coach_season,2009,Josh McDaniels,DEN,wp_lost_per_game,0.04476
coach_season,2009,Ken Whisenhunt,ARI,aggressiveness,0.428571
coach_season,2009,Ken Whisenhunt,ARI,fourth_graded,37.0
coach_season,2009,Ken Whisenhunt,ARI,fourth_toss_ups,83.0
coach_season,2009,Ken Whisenhunt,ARI,fourth_wp_lost,0.240616
coach_season,2009,Ken Whisenhunt,ARI,fourth_wrong,8.0
coach_season,2009,Ken Whisenhunt,ARI,games,18.0
coach_season,2009,Ken Whisenhunt,ARI,go_clear,14.0
coach_season,2009,Ken Whisenhunt,ARI,go_clear_went,6.0
coach_season,2009,Ken Whisenhunt,ARI,two_point_graded,1.0
coach_season,2009,Ken Whisenhunt,ARI,two_point_toss_ups,53.0
coach_season,2009,Ken Whisenhunt,ARI,two_point_wp_lost,0.0
coach_season,2009,Ken Whisenhunt,ARI,two_point_wrong,0.0
coach_season,2009,Ken Whisenhunt,ARI,went,10.0
coach_season,2009,Ken Whisenhunt,ARI,wp_lost,0.240616
coach_season,2009,Ken Whisenhunt,ARI,wp_lost_per_game,0.013368
coach_season,2009,Lovie Smith,CHI,aggressiveness,0.470588
coach_season,2009,Lovie Smith,CHI,fourth_graded,50.0
coach_season,2009,Lovie Smith,CHI,fourth_toss_ups,68.0
coach_season,2009,Lovie Smith,CHI,fourth_wp_lost,0.423695
coach_season,2009,Lovie Smith,CHI,fourth_wrong,10.0
coach_season,2009,Lovie Smith,CHI,games,16.0
coach_season,2009,Lovie Smith,CHI,go_clear,17.0
coach_season,2009,Lovie Smith,CHI,go_clear_went,8.0
coach_season,2009,Lovie Smith,CHI,two_point_graded,1.0
coach_season,2009,Lovie Smith,CHI,two_point_toss_ups,34.0
coach_season,2009,Lovie Smith,CHI,two_point_wp_lost,0.046025
coach_season,2009,Lovie Smith,CHI,two_point_wrong,1.0
coach_season,2009,Lovie Smith,CHI,went,17.0
coach_season,2009,Lovie Smith,CHI,wp_lost,0.46972
coach_season,2009,Lovie Smith,CHI,wp_lost_per_game,0.029357
coach_season,2009,Marvin Lewis,CIN,aggressiveness,0.272727
coach_season,2009,Marvin Lewis,CIN,fourth_graded,56.0
coach_season,2009,Marvin Lewis,CIN,fourth_toss_ups,71.0
coach_season,2009,Marvin Lewis,CIN,fourth_wp_lost,0.437087
coach_season,2009,Marvin Lewis,CIN,fourth_wrong,16.0
coach_season,2009,Marvin Lewis,CIN,games,17.0
coach_season,2009,Marvin Lewis,CIN,go_clear,22.0
coach_season,2009,Marvin Lewis,CIN,go_clear_went,6.0
coach_season,2009,Marvin Lewis,CIN,two_point_graded,4.0
coach_season,2009,Marvin Lewis,CIN,two_point_toss_ups,31.0
coach_season,2009,Marvin Lewis,CIN,two_point_wp_lost,0.046361
coach_season,2009,Marvin Lewis,CIN,two_point_wrong,1.0
coach_season,2009,Marvin Lewis,CIN,went,14.0
coach_season,2009,Marvin Lewis,CIN,wp_lost,0.483447
coach_season,2009,Marvin Lewis,CIN,wp_lost_per_game,0.028438
coach_season,2009,Mike McCarthy,GB,aggressiveness,0.5
coach_season,2009,Mike McCarthy,GB,fourth_graded,42.0
coach_season,2009,Mike McCarthy,GB,fourth_toss_ups,67.0
coach_season,2009,Mike McCarthy,GB,fourth_wp_lost,0.168009
coach_season,2009,Mike McCarthy,GB,fourth_wrong,6.0
coach_season,2009,Mike McCarthy,GB,games,17.0
coach_season,2009,Mike McCarthy,GB,go_clear,12.0
coach_season,2009,Mike McCarthy,GB,go_clear_went,6.0
coach_season,2009,Mike McCarthy,GB,two_point_graded,3.0
coach_season,2009,Mike McCarthy,GB,two_point_toss_ups,57.0
coach_season,2009,Mike McCarthy,GB,two_point_wp_lost,0.017563
coach_season,2009,Mike McCarthy,GB,two_point_wrong,1.0
coach_season,2009,Mike McCarthy,GB,went,10.0
coach_season,2009,Mike McCarthy,GB,wp_lost,0.185572
coach_season,2009,Mike McCarthy,GB,wp_lost_per_game,0.010916
coach_season,2009,Mike Singletary,SF,aggressiveness,0.52381
coach_season,2009,Mike Singletary,SF,fourth_graded,67.0
coach_season,2009,Mike Singletary,SF,fourth_toss_ups,77.0
coach_season,2009,Mike Singletary,SF,fourth_wp_lost,0.240348
coach_season,2009,Mike Singletary,SF,fourth_wrong,10.0
coach_season,2009,Mike Singletary,SF,games,16.0
coach_season,2009,Mike Singletary,SF,go_clear,21.0
coach_season,2009,Mike Singletary,SF,go_clear_went,11.0
coach_season,2009,Mike Singletary,SF,two_point_graded,2.0
coach_season,2009,Mike Singletary,SF,two_point_toss_ups,37.0
coach_season,2009,Mike Singletary,SF,two_point_wp_lost,0.02381
coach_season,2009,Mike Singletary,SF,two_point_wrong,1.0
coach_season,2009,Mike Singletary,SF,went,21.0
coach_season,2009,Mike Singletary,SF,wp_lost,0.264158
coach_season,2009,Mike Singletary,SF,wp_lost_per_game,0.01651
coach_season,2009,Mike Smith,ATL,aggressiveness,0.529412
coach_season,2009,Mike Smith,ATL,fourth_graded,37.0
coach_season,2009,Mike Smith,ATL,fourth_toss_ups,74.0
coach_season,2009,Mike Smith,ATL,fourth_wp_lost,0.206528
coach_season,2009,Mike Smith,ATL,fourth_wrong,8.0
coach_season,2009,Mike Smith,ATL,games,16.0
coach_season,2009,Mike Smith,ATL,go_clear,17.0
coach_season,2009,Mike Smith,ATL,go_clear_went,9.0
coach_season,2009,Mike Smith,ATL,two_point_graded,4.0
coach_season,2009,Mike Smith,ATL,two_point_toss_ups,40.0
coach_season,2009,Mike Smith,ATL,two_point_wp_lost,0.033999
coach_season,2009,Mike Smith,ATL,two_point_wrong,1.0
coach_season,2009,Mike Smith,ATL,went,23.0
coach_season,2009,Mike Smith,ATL,wp_lost,0.240526
coach_season,2009,Mike Smith,ATL,wp_lost_per_game,0.015033
coach_season,2009,Mike Tomlin,PIT,aggressiveness,0.391304
coach_season,2009,Mike Tomlin,PIT,fourth_graded,62.0
coach_season,2009,Mike Tomlin,PIT,fourth_toss_ups,50.0
coach_season,2009,Mike Tomlin,PIT,fourth_wp_lost,0.40383
coach_season,2009,Mike Tomlin,PIT,fourth_wrong,14.0
coach_season,2009,Mike Tomlin,PIT,games,16.0
coach_season,2009,Mike Tomlin,PIT,go_clear,23.0
coach_season,2009,Mike Tomlin,PIT,go_clear_went,9.0
coach_season,2009,Mike Tomlin,PIT,two_point_graded,2.0
coach_season,2009,Mike Tomlin,PIT,two_point_toss_ups,39.0
coach_season,2009,Mike Tomlin,PIT,two_point_wp_lost,0.0
coach_season,2009,Mike Tomlin,PIT,two_point_wrong,0.0
coach_season,2009,Mike Tomlin,PIT,went,12.0
coach_season,2009,Mike Tomlin,PIT,wp_lost,0.40383
coach_season,2009,Mike Tomlin,PIT,wp_lost_per_game,0.025239
coach_season,2009,Norv Turner,LAC,aggressiveness,0.285714
coach_season,2009,Norv Turner,LAC,fourth_graded,41.0
coach_season,2009,Norv Turner,LAC,fourth_toss_ups,58.0
coach_season,2009,Norv Turner,LAC,fourth_wp_lost,0.253399
coach_season,2009,Norv Turner,LAC,fourth_wrong,11.0
coach_season,2009,Norv Turner,LAC,games,17.0
coach_season,2009,Norv Turner,LAC,go_clear,14.0
coach_season,2009,Norv Turner,LAC,go_clear_went,4.0
coach_season,2009,Norv Turner,LAC,two_point_graded,3.0
coach_season,2009,Norv Turner,LAC,two_point_toss_ups,50.0
coach_season,2009,Norv Turner,LAC,two_point_wp_lost,0.018898
coach_season,2009,Norv Turner,LAC,two_point_wrong,1.0
coach_season,2009,Norv Turner,LAC,went,10.0
coach_season,2009,Norv Turner,LAC,wp_lost,0.272297
coach_season,2009,Norv Turner,LAC,wp_lost_per_game,0.016017
coach_season,2009,Perry Fewell,BUF,aggressiveness,0.25
coach_season,2009,Perry Fewell,BUF,fourth_graded,22.0
coach_season,2009,Perry Fewell,BUF,fourth_toss_ups,33.0
coach_season,2009,Perry Fewell,BUF,fourth_wp_lost,0.196386
coach_season,2009,Perry Fewell,BUF,fourth_wrong,7.0
coach_season,2009,Perry Fewell,BUF,games,7.0
coach_season,2009,Perry Fewell,BUF,go_clear,8.0
coach_season,2009,Perry Fewell,BUF,go_clear_went,2.0
coach_season,2009,Perry Fewell,BUF,two_point_graded,0.0
coach_season,2009,Perry Fewell,BUF,two_point_toss_ups,11.0
coach_season,2009,Perry Fewell,BUF,two_point_wp_lost,0.0
coach_season,2009,Perry Fewell,BUF,two_point_wrong,0.0
coach_season,2009,Perry Fewell,BUF,went,5.0
coach_season,2009,Perry Fewell,BUF,wp_lost,0.196386
coach_season,2009,Perry Fewell,BUF,wp_lost_per_game,0.028055
coach_season,2009,Raheem Morris,TB,aggressiveness,0.333333
coach_season,2009,Raheem Morris,TB,fourth_graded,41.0
coach_season,2009,Raheem Morris,TB,fourth_toss_ups,89.0
coach_season,2009,Raheem Morris,TB,fourth_wp_lost,0.341122
coach_season,2009,Raheem Morris,TB,fourth_wrong,10.0
coach_season,2009,Raheem Morris,TB,games,16.0
coach_season,2009,Raheem Morris,TB,go_clear,15.0
coach_season,2009,Raheem Morris,TB,go_clear_went,5.0
coach_season,2009,Raheem Morris,TB,two_point_graded,2.0
coach_season,2009,Raheem Morris,TB,two_point_toss_ups,26.0
coach_season,2009,Raheem Morris,TB,two_point_wp_lost,0.023575
coach_season,2009,Raheem Morris,TB,two_point_wrong,1.0
coach_season,2009,Raheem Morris,TB,went,21.0
coach_season,2009,Raheem Morris,TB,wp_lost,0.364697
coach_season,2009,Raheem Morris,TB,wp_lost_per_game,0.022794
coach_season,2009,Rex Ryan,NYJ,aggressiveness,0.416667
coach_season,2009,Rex Ryan,NYJ,fourth_graded,68.0
coach_season,2009,Rex Ryan,NYJ,fourth_toss_ups,86.0
coach_season,2009,Rex Ryan,NYJ,fourth_wp_lost,0.448036
coach_season,2009,Rex Ryan,NYJ,fourth_wrong,15.0
coach_season,2009,Rex Ryan,NYJ,games,19.0
coach_season,2009,Rex Ryan,NYJ,go_clear,24.0
coach_season,2009,Rex Ryan,NYJ,go_clear_went,10.0
coach_season,2009,Rex Ryan,NYJ,two_point_graded,4.0
coach_season,2009,Rex Ryan,NYJ,two_point_toss_ups,40.0
coach_season,2009,Rex Ryan,NYJ,two_point_wp_lost,0.051727
coach_season,2009,Rex Ryan,NYJ,two_point_wrong,2.0
coach_season,2009,Rex Ryan,NYJ,went,19.0
coach_season,2009,Rex Ryan,NYJ,wp_lost,0.499763
coach_season,2009,Rex Ryan,NYJ,wp_lost_per_game,0.026303
coach_season,2009,Sean Payton,NO,aggressiveness,0.36
coach_season,2009,Sean Payton,NO,fourth_graded,41.0
coach_season,2009,Sean Payton,NO,fourth_toss_ups,74.0
coach_season,2009,Sean Payton,NO,fourth_wp_lost,0.570702
coach_season,2009,Sean Payton,NO,fourth_wrong,17.0
coach_season,2009,Sean Payton,NO,games,19.0
coach_season,2009,Sean Payton,NO,go_clear,25.0
coach_season,2009,Sean Payton,NO,go_clear_went,9.0
coach_season,2009,Sean Payton,NO,two_point_graded,2.0
coach_season,2009,Sean Payton,NO,two_point_toss_ups,75.0
coach_season,2009,Sean Payton,NO,two_point_wp_lost,0.023399
coach_season,2009,Sean Payton,NO,two_point_wrong,1.0
coach_season,2009,Sean Payton,NO,went,18.0
coach_season,2009,Sean Payton,NO,wp_lost,0.594101
coach_season,2009,Sean Payton,NO,wp_lost_per_game,0.031268
coach_season,2009,Steve Spagnuolo,LA,aggressiveness,0.4375
coach_season,2009,Steve Spagnuolo,LA,fourth_graded,46.0
coach_season,2009,Steve Spagnuolo,LA,fourth_toss_ups,92.0
coach_season,2009,Steve Spagnuolo,LA,fourth_wp_lost,0.256951
coach_season,2009,Steve Spagnuolo,LA,fourth_wrong,9.0
coach_season,2009,Steve Spagnuolo,LA,games,16.0
coach_season,2009,Steve Spagnuolo,LA,go_clear,16.0
coach_season,2009,Steve Spagnuolo,LA,go_clear_went,7.0
coach_season,2009,Steve Spagnuolo,LA,two_point_graded,2.0
coach_season,2009,Steve Spagnuolo,LA,two_point_toss_ups,15.0
coach_season,2009,Steve Spagnuolo,LA,two_point_wp_lost,0.027384
coach_season,2009,Steve Spagnuolo,LA,two_point_wrong,1.0
coach_season,2009,Steve Spagnuolo,LA,went,27.0
coach_season,2009,Steve Spagnuolo,LA,wp_lost,0.284335
coach_season,2009,Steve Spagnuolo,LA,wp_lost_per_game,0.017771
coach_season,2009,Todd Haley,KC,aggressiveness,0.344828
coach_season,2009,Todd Haley,KC,fourth_graded,61.0
coach_season,2009,Todd Haley,KC,fourth_toss_ups,84.0
coach_season,2009,Todd Haley,KC,fourth_wp_lost,0.70619
coach_season,2009,Todd Haley,KC,fourth_wrong,20.0
coach_season,2009,Todd Haley,KC,games,16.0
coach_season,2009,Todd Haley,KC,go_clear,29.0
coach_season,2009,Todd Haley,KC,go_clear_went,10.0
coach_season,2009,Todd Haley,KC,two_point_graded,4.0
coach_season,2009,Todd Haley,KC,two_point_toss_ups,27.0
coach_season,2009,Todd Haley,KC,two_point_wp_lost,0.018881
coach_season,2009,Todd Haley,KC,two_point_wrong,1.0
coach_season,2009,Todd Haley,KC,went,24.0
coach_season,2009,Todd Haley,KC,wp_lost,0.725071
coach_season,2009,Todd Haley,KC,wp_lost_per_game,0.045317
coach_season,2009,Tom Cable,LV,aggressiveness,0.428571
coach_season,2009,Tom Cable,LV,fourth_graded,50.0
coach_season,2009,Tom Cable,LV,fourth_toss_ups,92.0
coach_season,2009,Tom Cable,LV,fourth_wp_lost,0.2054
coach_season,2009,Tom Cable,LV,fourth_wrong,9.0
coach_season,2009,Tom Cable,LV,games,16.0
coach_season,2009,Tom Cable,LV,go_clear,14.0
coach_season,2009,Tom Cable,LV,go_clear_went,6.0
coach_season,2009,Tom Cable,LV,two_point_graded,2.0
coach_season,2009,Tom Cable,LV,two_point_toss_ups,15.0
coach_season,2009,Tom Cable,LV,two_point_wp_lost,0.0
coach_season,2009,Tom Cable,LV,two_point_wrong,0.0
coach_season,2009,Tom Cable,LV,went,21.0
coach_season,2009,Tom Cable,LV,wp_lost,0.2054
coach_season,2009,Tom Cable,LV,wp_lost_per_game,0.012837
coach_season,2009,Tom Coughlin,NYG,aggressiveness,0.333333
coach_season,2009,Tom Coughlin,NYG,fourth_graded,41.0
coach_season,2009,Tom Coughlin,NYG,fourth_toss_ups,66.0
coach_season,2009,Tom Coughlin,NYG,fourth_wp_lost,0.366229
coach_season,2009,Tom Coughlin,NYG,fourth_wrong,12.0
coach_season,2009,Tom Coughlin,NYG,games,16.0
coach_season,2009,Tom Coughlin,NYG,go_clear,18.0
coach_season,2009,Tom Coughlin,NYG,go_clear_went,6.0
coach_season,2009,Tom Coughlin,NYG,two_point_graded,0.0
coach_season,2009,Tom Coughlin,NYG,two_point_toss_ups,46.0
coach_season,2009,Tom Coughlin,NYG,two_point_wp_lost,0.0
coach_season,2009,Tom Coughlin,NYG,two_point_wrong,0.0
coach_season,2009,Tom Coughlin,NYG,went,15.0
coach_season,2009,Tom Coughlin,NYG,wp_lost,0.366229
coach_season,2009,Tom Coughlin,NYG,wp_lost_per_game,0.022889
coach_season,2009,Tony Sparano,MIA,aggressiveness,0.363636
coach_season,2009,Tony Sparano,MIA,fourth_graded,64.0
coach_season,2009,Tony Sparano,MIA,fourth_toss_ups,53.0
coach_season,2009,Tony Sparano,MIA,fourth_wp_lost,0.33714
coach_season,2009,Tony Sparano,MIA,fourth_wrong,15.0
coach_season,2009,Tony Sparano,MIA,games,16.0
coach_season,2009,Tony Sparano,MIA,go_clear,22.0
coach_season,2009,Tony Sparano,MIA,go_clear_went,8.0
coach_season,2009,Tony Sparano,MIA,two_point_graded,3.0
coach_season,2009,Tony Sparano,MIA,two_point_toss_ups,38.0
coach_season,2009,Tony Sparano,MIA,two_point_wp_lost,0.019534
coach_season,2009,Tony Sparano,MIA,two_point_wrong,1.0
coach_season,2009,Tony Sparano,MIA,went,17.0
coach_season,2009,Tony Sparano,MIA,wp_lost,0.356674
coach_season,2009,Tony Sparano,MIA,wp_lost_per_game,0.022292
coach_season,2009,Wade Phillips,DAL,aggressiveness,0.285714
coach_season,2009,Wade Phillips,DAL,fourth_graded,56.0
coach_season,2009,Wade Phillips,DAL,fourth_toss_ups,68.0
coach_season,2009,Wade Phillips,DAL,fourth_wp_lost,0.295391
coach_season,2009,Wade Phillips,DAL,fourth_wrong,11.0
coach_season,2009,Wade Phillips,DAL,games,18.0
coach_season,2009,Wade Phillips,DAL,go_clear,14.0
coach_season,2009,Wade Phillips,DAL,go_clear_went,4.0
coach_season,2009,Wade Phillips,DAL,two_point_graded,2.0
coach_season,2009,Wade Phillips,DAL,two_point_toss_ups,44.0
coach_season,2009,Wade Phillips,DAL,two_point_wp_lost,0.0
coach_season,2009,Wade Phillips,DAL,two_point_wrong,0.0
coach_season,2009,Wade Phillips,DAL,went,12.0
coach_season,2009,Wade Phillips,DAL,wp_lost,0.295391
coach_season,2009,Wade Phillips,DAL,wp_lost_per_game,0.016411
coach_season,2010,Andy Reid,PHI,aggressiveness,0.421053
coach_season,2010,Andy Reid,PHI,fourth_graded,60.0
coach_season,2010,Andy Reid,PHI,fourth_toss_ups,69.0
coach_season,2010,Andy Reid,PHI,fourth_wp_lost,0.341878
coach_season,2010,Andy Reid,PHI,fourth_wrong,12.0
coach_season,2010,Andy Reid,PHI,games,17.0
coach_season,2010,Andy Reid,PHI,go_clear,19.0
coach_season,2010,Andy Reid,PHI,go_clear_went,8.0
coach_season,2010,Andy Reid,PHI,two_point_graded,1.0
coach_season,2010,Andy Reid,PHI,two_point_toss_ups,50.0
coach_season,2010,Andy Reid,PHI,two_point_wp_lost,0.0
coach_season,2010,Andy Reid,PHI,two_point_wrong,0.0
coach_season,2010,Andy Reid,PHI,went,14.0
coach_season,2010,Andy Reid,PHI,wp_lost,0.341878
coach_season,2010,Andy Reid,PHI,wp_lost_per_game,0.02011
coach_season,2010,Bill Belichick,NE,aggressiveness,0.454545
coach_season,2010,Bill Belichick,NE,fourth_graded,39.0
coach_season,2010,Bill Belichick,NE,fourth_toss_ups,60.0
coach_season,2010,Bill Belichick,NE,fourth_wp_lost,0.178089
coach_season,2010,Bill Belichick,NE,fourth_wrong,6.0
coach_season,2010,Bill Belichick,NE,games,17.0
coach_season,2010,Bill Belichick,NE,go_clear,11.0
coach_season,2010,Bill Belichick,NE,go_clear_went,5.0
coach_season,2010,Bill Belichick,NE,two_point_graded,0.0
coach_season,2010,Bill Belichick,NE,two_point_toss_ups,67.0
coach_season,2010,Bill Belichick,NE,two_point_wp_lost,0.0
coach_season,2010,Bill Belichick,NE,two_point_wrong,0.0
coach_season,2010,Bill Belichick,NE,went,14.0
coach_season,2010,Bill Belichick,NE,wp_lost,0.178089
coach_season,2010,Bill Belichick,NE,wp_lost_per_game,0.010476
coach_season,2010,Brad Childress,MIN,aggressiveness,0.5
coach_season,2010,Brad Childress,MIN,fourth_graded,33.0
coach_season,2010,Brad Childress,MIN,fourth_toss_ups,36.0
coach_season,2010,Brad Childress,MIN,fourth_wp_lost,0.282803
coach_season,2010,Brad Childress,MIN,fourth_wrong,8.0
coach_season,2010,Brad Childress,MIN,games,10.0
coach_season,2010,Brad Childress,MIN,go_clear,14.0
coach_season,2010,Brad Childress,MIN,go_clear_went,7.0
coach_season,2010,Brad Childress,MIN,two_point_graded,2.0
coach_season,2010,Brad Childress,MIN,two_point_toss_ups,18.0
coach_season,2010,Brad Childress,MIN,two_point_wp_lost,0.0
coach_season,2010,Brad Childress,MIN,two_point_wrong,0.0
coach_season,2010,Brad Childress,MIN,went,12.0
coach_season,2010,Brad Childress,MIN,wp_lost,0.282803
coach_season,2010,Brad Childress,MIN,wp_lost_per_game,0.02828
coach_season,2010,Chan Gailey,BUF,aggressiveness,0.526316
coach_season,2010,Chan Gailey,BUF,fourth_graded,46.0
coach_season,2010,Chan Gailey,BUF,fourth_toss_ups,67.0
coach_season,2010,Chan Gailey,BUF,fourth_wp_lost,0.304731
coach_season,2010,Chan Gailey,BUF,fourth_wrong,9.0
coach_season,2010,Chan Gailey,BUF,games,16.0
coach_season,2010,Chan Gailey,BUF,go_clear,19.0
coach_season,2010,Chan Gailey,BUF,go_clear_went,10.0
coach_season,2010,Chan Gailey,BUF,two_point_graded,3.0
coach_season,2010,Chan Gailey,BUF,two_point_toss_ups,31.0
coach_season,2010,Chan Gailey,BUF,two_point_wp_lost,0.071548
coach_season,2010,Chan Gailey,BUF,two_point_wrong,2.0
coach_season,2010,Chan Gailey,BUF,went,20.0
coach_season,2010,Chan Gailey,BUF,wp_lost,0.37628
coach_season,2010,Chan Gailey,BUF,wp_lost_per_game,0.023517
coach_season,2010,Eric Mangini,CLE,aggressiveness,0.125
coach_season,2010,Eric Mangini,CLE,fourth_graded,50.0
coach_season,2010,Eric Mangini,CLE,fourth_toss_ups,59.0
coach_season,2010,Eric Mangini,CLE,fourth_wp_lost,0.487239
coach_season,2010,Eric Mangini,CLE,fourth_wrong,15.0
coach_season,2010,Eric Mangini,CLE,games,16.0
coach_season,2010,Eric Mangini,CLE,go_clear,16.0
coach_season,2010,Eric Mangini,CLE,go_clear_went,2.0
coach_season,2010,Eric Mangini,CLE,two_point_graded,2.0
coach_season,2010,Eric Mangini,CLE,two_point_toss_ups,27.0
coach_season,2010,Eric Mangini,CLE,two_point_wp_lost,0.023288
coach_season,2010,Eric Mangini,CLE,two_point_wrong,1.0
coach_season,2010,Eric Mangini,CLE,went,7.0
coach_season,2010,Eric Mangini,CLE,wp_lost,0.510527
coach_season,2010,Eric Mangini,CLE,wp_lost_per_game,0.031908
coach_season,2010,Eric Studesville,DEN,aggressiveness,
coach_season,2010,Eric Studesville,DEN,fourth_graded,6.0
coach_season,2010,Eric Studesville,DEN,fourth_toss_ups,25.0
coach_season,2010,Eric Studesville,DEN,fourth_wp_lost,0.0
coach_season,2010,Eric Studesville,DEN,fourth_wrong,0.0
coach_season,2010,Eric Studesville,DEN,games,4.0
coach_season,2010,Eric Studesville,DEN,go_clear,0.0
coach_season,2010,Eric Studesville,DEN,go_clear_went,0.0
coach_season,2010,Eric Studesville,DEN,two_point_graded,2.0
coach_season,2010,Eric Studesville,DEN,two_point_toss_ups,8.0
coach_season,2010,Eric Studesville,DEN,two_point_wp_lost,0.0
coach_season,2010,Eric Studesville,DEN,two_point_wrong,0.0
coach_season,2010,Eric Studesville,DEN,went,3.0
coach_season,2010,Eric Studesville,DEN,wp_lost,0.0
coach_season,2010,Eric Studesville,DEN,wp_lost_per_game,0.0
coach_season,2010,Gary Kubiak,HOU,aggressiveness,0.7
coach_season,2010,Gary Kubiak,HOU,fourth_graded,34.0
coach_season,2010,Gary Kubiak,HOU,fourth_toss_ups,74.0
coach_season,2010,Gary Kubiak,HOU,fourth_wp_lost,0.072689
coach_season,2010,Gary Kubiak,HOU,fourth_wrong,3.0
coach_season,2010,Gary Kubiak,HOU,games,16.0
coach_season,2010,Gary Kubiak,HOU,go_clear,10.0
coach_season,2010,Gary Kubiak,HOU,go_clear_went,7.0
coach_season,2010,Gary Kubiak,HOU,two_point_graded,4.0
coach_season,2010,Gary Kubiak,HOU,two_point_toss_ups,40.0
coach_season,2010,Gary Kubiak,HOU,two_point_wp_lost,0.022791
coach_season,2010,Gary Kubiak,HOU,two_point_wrong,1.0
coach_season,2010,Gary Kubiak,HOU,went,18.0
coach_season,2010,Gary Kubiak,HOU,wp_lost,0.095479
coach_season,2010,Gary Kubiak,HOU,wp_lost_per_game,0.005967
coach_season,2010,Jack Del Rio,JAX,aggressiveness,0.588235
coach_season,2010,Jack Del Rio,JAX,fourth_graded,45.0
coach_season,2010,Jack Del Rio,JAX,fourth_toss_ups,58.0
coach_season,2010,Jack Del Rio,JAX,fourth_wp_lost,0.158173
coach_season,2010,Jack Del Rio,JAX,fourth_wrong,7.0
coach_season,2010,Jack Del Rio,JAX,games,16.0
coach_season,2010,Jack Del Rio,JAX,go_clear,17.0
coach_season,2010,Jack Del Rio,JAX,go_clear_went,10.0
coach_season,2010,Jack Del Rio,JAX,two_point_graded,3.0
coach_season,2010,Jack Del Rio,JAX,two_point_toss_ups,38.0
coach_season,2010,Jack Del Rio,JAX,two_point_wp_lost,0.019396
coach_season,2010,Jack Del Rio,JAX,two_point_wrong,1.0
coach_season,2010,Jack Del Rio,JAX,went,21.0
coach_season,2010,Jack Del Rio,JAX,wp_lost,0.177569
coach_season,2010,Jack Del Rio,JAX,wp_lost_per_game,0.011098
coach_season,2010,Jason Garrett,DAL,aggressiveness,0.357143
coach_season,2010,Jason Garrett,DAL,fourth_graded,29.0
coach_season,2010,Jason Garrett,DAL,fourth_toss_ups,27.0
coach_season,2010,Jason Garrett,DAL,fourth_wp_lost,0.251234
coach_season,2010,Jason Garrett,DAL,fourth_wrong,9.0
coach_season,2010,Jason Garrett,DAL,games,8.0
coach_season,2010,Jason Garrett,DAL,go_clear,14.0
coach_season,2010,Jason Garrett,DAL,go_clear_went,5.0
coach_season,2010,Jason Garrett,DAL,two_point_graded,2.0
coach_season,2010,Jason Garrett,DAL,two_point_toss_ups,25.0
coach_season,2010,Jason Garrett,DAL,two_point_wp_lost,0.028396
coach_season,2010,Jason Garrett,DAL,two_point_wrong,1.0
coach_season,2010,Jason Garrett,DAL,went,8.0
coach_season,2010,Jason Garrett,DAL,wp_lost,0.27963
coach_season,2010,Jason Garrett,DAL,wp_lost_per_game,0.034954
coach_season,2010,Jeff Fisher,TEN,aggressiveness,0.4
coach_season,2010,Jeff Fisher,TEN,fourth_graded,40.0
coach_season,2010,Jeff Fisher,TEN,fourth_toss_ups,72.0
coach_season,2010,Jeff Fisher,TEN,fourth_wp_lost,0.208092
coach_season,2010,Jeff Fisher,TEN,fourth_wrong,9.0
coach_season,2010,Jeff Fisher,TEN,games,16.0
coach_season,2010,Jeff Fisher,TEN,go_clear,15.0
coach_season,2010,Jeff Fisher,TEN,go_clear_went,6.0
coach_season,2010,Jeff Fisher,TEN,two_point_graded,2.0
coach_season,2010,Jeff Fisher,TEN,two_point_toss_ups,38.0
coach_season,2010,Jeff Fisher,TEN,two_point_wp_lost,0.050521
coach_season,2010,Jeff Fisher,TEN,two_point_wrong,2.0
coach_season,2010,Jeff Fisher,TEN,went,12.0
coach_season,2010,Jeff Fisher,TEN,wp_lost,0.258613
coach_season,2010,Jeff Fisher,TEN,wp_lost_per_game,0.016163
coach_season,2010,Jim Caldwell,IND,aggressiveness,0.142857
coach_season,2010,Jim Caldwell,IND,fourth_graded,40.0
coach_season,2010,Jim Caldwell,IND,fourth_toss_ups,68.0
coach_season,2010,Jim Caldwell,IND,fourth_wp_lost,0.26165
coach_season,2010,Jim Caldwell,IND,fourth_wrong,13.0
coach_season,2010,Jim Caldwell,IND,games,17.0
coach_season,2010,Jim Caldwell,IND,go_clear,14.0
coach_season,2010,Jim Caldwell,IND,go_clear_went,2.0
coach_season,2010,Jim Caldwell,IND,two_point_graded,4.0
coach_season,2010,Jim Caldwell,IND,two_point_toss_ups,48.0
coach_season,2010,Jim Caldwell,IND,two_point_wp_lost,0.051257
coach_season,2010,Jim Caldwell,IND,two_point_wrong,2.0
coach_season,2010,Jim Caldwell,IND,went,8.0
coach_season,2010,Jim Caldwell,IND,wp_lost,0.312907
coach_season,2010,Jim Caldwell,IND,wp_lost_per_game,0.018406
coach_season,2010,Jim Schwartz,DET,aggressiveness,0.555556
coach_season,2010,Jim Schwartz,DET,fourth_graded,56.0
coach_season,2010,Jim Schwartz,DET,fourth_toss_ups,73.0
coach_season,2010,Jim Schwartz,DET,fourth_wp_lost,0.311596
coach_season,2010,Jim Schwartz,DET,fourth_wrong,9.0
coach_season,2010,Jim Schwartz,DET,games,16.0
coach_season,2010,Jim Schwartz,DET,go_clear,18.0
coach_season,2010,Jim Schwartz,DET,go_clear_went,10.0
coach_season,2010,Jim Schwartz,DET,two_point_graded,2.0
coach_season,2010,Jim Schwartz,DET,two_point_toss_ups,39.0
coach_season,2010,Jim Schwartz,DET,two_point_wp_lost,0.030383
coach_season,2010,Jim Schwartz,DET,two_point_wrong,1.0
coach_season,2010,Jim Schwartz,DET,went,15.0
coach_season,2010,Jim Schwartz,DET,wp_lost,0.341979
coach_season,2010,Jim Schwartz,DET,wp_lost_per_game,0.021374
coach_season,2010,Jim Tomsula,SF,aggressiveness,0.0
coach_season,2010,Jim Tomsula,SF,fourth_graded,2.0
coach_season,2010,Jim Tomsula,SF,fourth_toss_ups,6.0
coach_season,2010,Jim Tomsula,SF,fourth_wp_lost,0.024982
coach_season,2010,Jim Tomsula,SF,fourth_wrong,1.0
coach_season,2010,Jim Tomsula,SF,games,1.0
coach_season,2010,Jim Tomsula,SF,go_clear,1.0
coach_season,2010,Jim Tomsula,SF,go_clear_went,0.0
coach_season,2010,Jim Tomsula,SF,two_point_graded,0.0
coach_season,2010,Jim Tomsula,SF,two_point_toss_ups,5.0
coach_season,2010,Jim Tomsula,SF,two_point_wp_lost,0.0
coach_season,2010,Jim Tomsula,SF,two_point_wrong,0.0
coach_season,2010,Jim Tomsula,SF,went,0.0
coach_season,2010,Jim Tomsula,SF,wp_lost,0.024982
coach_season,2010,Jim Tomsula,SF,wp_lost_per_game,0.024982
coach_season,2010,John Fox,CAR,aggressiveness,0.555556
coach_season,2010,John Fox,CAR,fourth_graded,35.0
coach_season,2010,John Fox,CAR,fourth_toss_ups,108.0
coach_season,2010,John Fox,CAR,fourth_wp_lost,0.101443
coach_season,2010,John Fox,CAR,fourth_wrong,5.0
coach_season,2010,John Fox,CAR,games,16.0
coach_season,2010,John Fox,CAR,go_clear,9.0
coach_season,2010,John Fox,CAR,go_clear_went,5.0
coach_season,2010,John Fox,CAR,two_point_graded,0.0
coach_season,2010,John Fox,CAR,two_point_toss_ups,17.0
coach_season,2010,John Fox,CAR,two_point_wp_lost,0.0
coach_season,2010,John Fox,CAR,two_point_wrong,0.0
coach_season,2010,John Fox,CAR,went,21.0
coach_season,2010,John Fox,CAR,wp_lost,0.101443
coach_season,2010,John Fox,CAR,wp_lost_per_game,0.00634
coach_season,2010,John Harbaugh,BAL,aggressiveness,0.291667
coach_season,2010,John Harbaugh,BAL,fourth_graded,70.0
coach_season,2010,John Harbaugh,BAL,fourth_toss_ups,60.0
coach_season,2010,John Harbaugh,BAL,fourth_wp_lost,0.446705
coach_season,2010,John Harbaugh,BAL,fourth_wrong,17.0
coach_season,2010,John Harbaugh,BAL,games,18.0
coach_season,2010,John Harbaugh,BAL,go_clear,24.0
coach_season,2010,John Harbaugh,BAL,go_clear_went,7.0
coach_season,2010,John Harbaugh,BAL,two_point_graded,3.0
coach_season,2010,John Harbaugh,BAL,two_point_toss_ups,42.0
coach_season,2010,John Harbaugh,BAL,two_point_wp_lost,0.023549
coach_season,2010,John Harbaugh,BAL,two_point_wrong,1.0
coach_season,2010,John Harbaugh,BAL,went,11.0
coach_season,2010,John Harbaugh,BAL,wp_lost,0.470254
coach_season,2010,John Harbaugh,BAL,wp_lost_per_game,0.026125
coach_season,2010,Josh McDaniels,DEN,aggressiveness,0.666667
coach_season,2010,Josh McDaniels,DEN,fourth_graded,34.0
coach_season,2010,Josh McDaniels,DEN,fourth_toss_ups,61.0
coach_season,2010,Josh McDaniels,DEN,fourth_wp_lost,0.110367
coach_season,2010,Josh McDaniels,DEN,fourth_wrong,5.0
coach_season,2010,Josh McDaniels,DEN,games,12.0
coach_season,2010,Josh McDaniels,DEN,go_clear,9.0
coach_season,2010,Josh McDaniels,DEN,go_clear_went,6.0
coach_season,2010,Josh McDaniels,DEN,two_point_graded,1.0
coach_season,2010,Josh McDaniels,DEN,two_point_toss_ups,29.0
coach_season,2010,Josh McDaniels,DEN,two_point_wp_lost,0.023494
coach_season,2010,Josh McDaniels,DEN,two_point_wrong,1.0
coach_season,2010,Josh McDaniels,DEN,went,14.0
coach_season,2010,Josh McDaniels,DEN,wp_lost,0.133861
coach_season,2010,Josh McDaniels,DEN,wp_lost_per_game,0.011155
coach_season,2010,Ken Whisenhunt,ARI,aggressiveness,0.285714
coach_season,2010,Ken Whisenhunt,ARI,fourth_graded,46.0
coach_season,2010,Ken Whisenhunt,ARI,fourth_toss_ups,88.0
coach_season,2010,Ken Whisenhunt,ARI,fourth_wp_lost,0.29394
coach_season,2010,Ken Whisenhunt,ARI,fourth_wrong,11.0
coach_season,2010,Ken Whisenhunt,ARI,games,16.0
coach_season,2010,Ken Whisenhunt,ARI,go_clear,14.0
coach_season,2010,Ken Whisenhunt,ARI,go_clear_went,4.0
coach_season,2010,Ken Whisenhunt,ARI,two_point_graded,1.0
coach_season,2010,Ken Whisenhunt,ARI,two_point_toss_ups,30.0
coach_season,2010,Ken Whisenhunt,ARI,two_point_wp_lost,0.0
coach_season,2010,Ken Whisenhunt,ARI,two_point_wrong,0.0
coach_season,2010,Ken Whisenhunt,ARI,went,15.0
coach_season,2010,Ken Whisenhunt,ARI,wp_lost,0.29394
coach_season,2010,Ken Whisenhunt,ARI,wp_lost_per_game,0.018371
coach_season,2010,Leslie Frazier,MIN,aggressiveness,0.25
coach_season,2010,Leslie Frazier,MIN,fourth_graded,17.0
coach_season,2010,Leslie Frazier,MIN,fourth_toss_ups,29.0
coach_season,2010,Leslie Frazier,MIN,fourth_wp_lost,0.088884
coach_season,2010,Leslie Frazier,MIN,fourth_wrong,3.0
coach_season,2010,Leslie Frazier,MIN,games,6.0
coach_season,2010,Leslie Frazier,MIN,go_clear,4.0
coach_season,2010,Leslie Frazier,MIN,go_clear_went,1.0
coach_season,2010,Leslie Frazier,MIN,two_point_graded,1.0
coach_season,2010,Leslie Frazier,MIN,two_point_toss_ups,12.0
coach_season,2010,Leslie Frazier,MIN,two_point_wp_lost,0.02445
coach_season,2010,Leslie Frazier,MIN,two_point_wrong,1.0
coach_season,2010,Leslie Frazier,MIN,went,3.0
coach_season,2010,Leslie Frazier,MIN,wp_lost,0.113334
coach_season,2010,Leslie Frazier,MIN,wp_lost_per_game,0.018889
coach_season,2010,Lovie Smith,CHI,aggressiveness,0.375
coach_season,2010,Lovie Smith,CHI,fourth_graded,64.0
coach_season,2010,Lovie Smith,CHI,fourth_toss_ups,69.0
coach_season,2010,Lovie Smith,CHI,fourth_wp_lost,0.254053
coach_season,2010,Lovie Smith,CHI,fourth_wrong,10.0
coach_season,2010,Lovie Smith,CHI,games,18.0
coach_season,2010,Lovie Smith,CHI,go_clear,16.0
coach_season,2010,Lovie Smith,CHI,go_clear_went,6.0
coach_season,2010,Lovie Smith,CHI,two_point_graded,1.0
coach_season,2010,Lovie Smith,CHI,two_point_toss_ups,43.0
coach_season,2010,Lovie Smith,CHI,two_point_wp_lost,0.0
coach_season,2010,Lovie Smith,CHI,two_point_wrong,0.0
coach_season,2010,Lovie Smith,CHI,went,11.0
coach_season,2010,Lovie Smith,CHI,wp_lost,0.254053
coach_season,2010,Lovie Smith,CHI,wp_lost_per_game,0.014114
coach_season,2010,Marvin Lewis,CIN,aggressiveness,0.37037
coach_season,2010,Marvin Lewis,CIN,fourth_graded,55.0
coach_season,2010,Marvin Lewis,CIN,fourth_toss_ups,65.0
coach_season,2010,Marvin Lewis,CIN,fourth_wp_lost,0.343537
coach_season,2010,Marvin Lewis,CIN,fourth_wrong,17.0
coach_season,2010,Marvin Lewis,CIN,games,16.0
coach_season,2010,Marvin Lewis,CIN,go_clear,27.0
coach_season,2010,Marvin Lewis,CIN,go_clear_went,10.0
coach_season,2010,Marvin Lewis,CIN,two_point_graded,1.0
coach_season,2010,Marvin Lewis,CIN,two_point_toss_ups,35.0
coach_season,2010,Marvin Lewis,CIN,two_point_wp_lost,0.0
coach_season,2010,Marvin Lewis,CIN,two_point_wrong,0.0
coach_season,2010,Marvin Lewis,CIN,went,19.0
coach_season,2010,Marvin Lewis,CIN,wp_lost,0.343537
coach_season,2010,Marvin Lewis,CIN,wp_lost_per_game,0.021471
coach_season,2010,Mike McCarthy,GB,aggressiveness,0.473684
coach_season,2010,Mike McCarthy,GB,fourth_graded,59.0
coach_season,2010,Mike McCarthy,GB,fourth_toss_ups,72.0
coach_season,2010,Mike McCarthy,GB,fourth_wp_lost,0.218311
coach_season,2010,Mike McCarthy,GB,fourth_wrong,10.0
coach_season,2010,Mike McCarthy,GB,games,20.0
coach_season,2010,Mike McCarthy,GB,go_clear,19.0
coach_season,2010,Mike McCarthy,GB,go_clear_went,9.0
coach_season,2010,Mike McCarthy,GB,two_point_graded,2.0
coach_season,2010,Mike McCarthy,GB,two_point_toss_ups,60.0
coach_season,2010,Mike McCarthy,GB,two_point_wp_lost,0.0
coach_season,2010,Mike McCarthy,GB,two_point_wrong,0.0
coach_season,2010,Mike McCarthy,GB,went,12.0
coach_season,2010,Mike McCarthy,GB,wp_lost,0.218311
coach_season,2010,Mike McCarthy,GB,wp_lost_per_game,0.010916
coach_season,2010,Mike Shanahan,WAS,aggressiveness,0.3
coach_season,2010,Mike Shanahan,WAS,fourth_graded,72.0
coach_season,2010,Mike Shanahan,WAS,fourth_toss_ups,63.0
coach_season,2010,Mike Shanahan,WAS,fourth_wp_lost,0.364223
coach_season,2010,Mike Shanahan,WAS,fourth_wrong,15.0
coach_season,2010,Mike Shanahan,WAS,games,16.0
coach_season,2010,Mike Shanahan,WAS,go_clear,20.0
coach_season,2010,Mike Shanahan,WAS,go_clear_went,6.0
coach_season,2010,Mike Shanahan,WAS,two_point_graded,1.0
coach_season,2010,Mike Shanahan,WAS,two_point_toss_ups,31.0
coach_season,2010,Mike Shanahan,WAS,two_point_wp_lost,0.02256
coach_season,2010,Mike Shanahan,WAS,two_point_wrong,1.0
coach_season,2010,Mike Shanahan,WAS,went,11.0
coach_season,2010,Mike Shanahan,WAS,wp_lost,0.386783
coach_season,2010,Mike Shanahan,WAS,wp_lost_per_game,0.024174
coach_season,2010,Mike Singletary,SF,aggressiveness,0.307692
coach_season,2010,Mike Singletary,SF,fourth_graded,48.0
coach_season,2010,Mike Singletary,SF,fourth_toss_ups,74.0
coach_season,2010,Mike Singletary,SF,fourth_wp_lost,0.278955
coach_season,2010,Mike Singletary,SF,fourth_wrong,11.0
coach_season,2010,Mike Singletary,SF,games,15.0
coach_season,2010,Mike Singletary,SF,go_clear,13.0
coach_season,2010,Mike Singletary,SF,go_clear_went,4.0
coach_season,2010,Mike Singletary,SF,two_point_graded,4.0
coach_season,2010,Mike Singletary,SF,two_point_toss_ups,25.0
coach_season,2010,Mike Singletary,SF,two_point_wp_lost,0.016494
coach_season,2010,Mike Singletary,SF,two_point_wrong,1.0
coach_season,2010,Mike Singletary,SF,went,15.0
coach_season,2010,Mike Singletary,SF,wp_lost,0.29545
coach_season,2010,Mike Singletary,SF,wp_lost_per_game,0.019697
coach_season,2010,Mike Smith,ATL,aggressiveness,0.5
coach_season,2010,Mike Smith,ATL,fourth_graded,42.0
coach_season,2010,Mike Smith,ATL,fourth_toss_ups,81.0
coach_season,2010,Mike Smith,ATL,fourth_wp_lost,0.203357
coach_season,2010,Mike Smith,ATL,fourth_wrong,7.0
coach_season,2010,Mike Smith,ATL,games,17.0
coach_season,2010,Mike Smith,ATL,go_clear,12.0
coach_season,2010,Mike Smith,ATL,go_clear_went,6.0
coach_season,2010,Mike Smith,ATL,two_point_graded,1.0
coach_season,2010,Mike Smith,ATL,two_point_toss_ups,49.0
coach_season,2010,Mike Smith,ATL,two_point_wp_lost,0.016802
coach_season,2010,Mike Smith,ATL,two_point_wrong,1.0
coach_season,2010,Mike Smith,ATL,went,16.0
coach_season,2010,Mike Smith,ATL,wp_lost,0.220159
coach_season,2010,Mike Smith,ATL,wp_lost_per_game,0.012951
coach_season,2010,Mike Tomlin,PIT,aggressiveness,0.263158
coach_season,2010,Mike Tomlin,PIT,fourth_graded,64.0
coach_season,2010,Mike Tomlin,PIT,fourth_toss_ups,61.0
coach_season,2010,Mike Tomlin,PIT,fourth_wp_lost,0.468224
coach_season,2010,Mike Tomlin,PIT,fourth_wrong,14.0
coach_season,2010,Mike Tomlin,PIT,games,19.0
coach_season,2010,Mike Tomlin,PIT,go_clear,19.0
coach_season,2010,Mike Tomlin,PIT,go_clear_went,5.0
coach_season,2010,Mike Tomlin,PIT,two_point_graded,2.0
coach_season,2010,Mike Tomlin,PIT,two_point_toss_ups,48.0
coach_season,2010,Mike Tomlin,PIT,two_point_wp_lost,0.02001
coach_season,2010,Mike Tomlin,PIT,two_point_wrong,1.0
coach_season,2010,Mike Tomlin,PIT,went,8.0
coach_season,2010,Mike Tomlin,PIT,wp_lost,0.488234
coach_season,2010,Mike Tomlin,PIT,wp_lost_per_game,0.025697
coach_season,2010,Norv Turner,LAC,aggressiveness,0.444444
coach_season,2010,Norv Turner,LAC,fourth_graded,39.0
coach_season,2010,Norv Turner,LAC,fourth_toss_ups,61.0
coach_season,2010,Norv Turner,LAC,fourth_wp_lost,0.173035
coach_season,2010,Norv Turner,LAC,fourth_wrong,7.0
coach_season,2010,Norv Turner,LAC,games,16.0
coach_season,2010,Norv Turner,LAC,go_clear,9.0
coach_season,2010,Norv Turner,LAC,go_clear_went,4.0
coach_season,2010,Norv Turner,LAC,two_point_graded,1.0
coach_season,2010,Norv Turner,LAC,two_point_toss_ups,49.0
coach_season,2010,Norv Turner,LAC,two_point_wp_lost,0.0
coach_season,2010,Norv Turner,LAC,two_point_wrong,0.0
coach_season,2010,Norv Turner,LAC,went,13.0
coach_season,2010,Norv Turner,LAC,wp_lost,0.173035
coach_season,2010,Norv Turner,LAC,wp_lost_per_game,0.010815
coach_season,2010,Pete Carroll,SEA,aggressiveness,0.235294
coach_season,2010,Pete Carroll,SEA,fourth_graded,49.0
coach_season,2010,Pete Carroll,SEA,fourth_toss_ups,90.0
coach_season,2010,Pete Carroll,SEA,fourth_wp_lost,0.313937
coach_season,2010,Pete Carroll,SEA,fourth_wrong,14.0
coach_season,2010,Pete Carroll,SEA,games,18.0
coach_season,2010,Pete Carroll,SEA,go_clear,17.0
coach_season,2010,Pete Carroll,SEA,go_clear_went,4.0
coach_season,2010,Pete Carroll,SEA,two_point_graded,1.0
coach_season,2010,Pete Carroll,SEA,two_point_toss_ups,40.0
coach_season,2010,Pete Carroll,SEA,two_point_wp_lost,0.0
coach_season,2010,Pete Carroll,SEA,two_point_wrong,0.0
coach_season,2010,Pete Carroll,SEA,went,17.0
coach_season,2010,Pete Carroll,SEA,wp_lost,0.313937
coach_season,2010,Pete Carroll,SEA,wp_lost_per_game,0.017441
coach_season,2010,Raheem Morris,TB,aggressiveness,0.318182
coach_season,2010,Raheem Morris,TB,fourth_graded,53.0
coach_season,2010,Raheem Morris,TB,fourth_toss_ups,62.0
coach_season,2010,Raheem Morris,TB,fourth_wp_lost,0.428759
coach_season,2010,Raheem Morris,TB,fourth_wrong,17.0
coach_season,2010,Raheem Morris,TB,games,16.0
coach_season,2010,Raheem Morris,TB,go_clear,22.0
coach_season,2010,Raheem Morris,TB,go_clear_went,7.0
coach_season,2010,Raheem Morris,TB,two_point_graded,3.0
coach_season,2010,Raheem Morris,TB,two_point_toss_ups,36.0
coach_season,2010,Raheem Morris,TB,two_point_wp_lost,0.110208
coach_season,2010,Raheem Morris,TB,two_point_wrong,3.0
coach_season,2010,Raheem Morris,TB,went,13.0
coach_season,2010,Raheem Morris,TB,wp_lost,0.538967
coach_season,2010,Raheem Morris,TB,wp_lost_per_game,0.033685
coach_season,2010,Rex Ryan,NYJ,aggressiveness,0.25
coach_season,2010,Rex Ryan,NYJ,fourth_graded,59.0
coach_season,2010,Rex Ryan,NYJ,fourth_toss_ups,93.0
coach_season,2010,Rex Ryan,NYJ,fourth_wp_lost,0.633698
coach_season,2010,Rex Ryan,NYJ,fourth_wrong,19.0
coach_season,2010,Rex Ryan,NYJ,games,19.0
coach_season,2010,Rex Ryan,NYJ,go_clear,24.0
coach_season,2010,Rex Ryan,NYJ,go_clear_went,6.0
coach_season,2010,Rex Ryan,NYJ,two_point_graded,3.0
coach_season,2010,Rex Ryan,NYJ,two_point_toss_ups,43.0
coach_season,2010,Rex Ryan,NYJ,two_point_wp_lost,0.033212
coach_season,2010,Rex Ryan,NYJ,two_point_wrong,2.0
coach_season,2010,Rex Ryan,NYJ,went,17.0
coach_season,2010,Rex Ryan,NYJ,wp_lost,0.66691
coach_season,2010,Rex Ryan,NYJ,wp_lost_per_game,0.035101
coach_season,2010,Sean Payton,NO,aggressiveness,0.466667
coach_season,2010,Sean Payton,NO,fourth_graded,48.0
coach_season,2010,Sean Payton,NO,fourth_toss_ups,54.0
coach_season,2010,Sean Payton,NO,fourth_wp_lost,0.262904
coach_season,2010,Sean Payton,NO,fourth_wrong,8.0
coach_season,2010,Sean Payton,NO,games,17.0
coach_season,2010,Sean Payton,NO,go_clear,15.0
coach_season,2010,Sean Payton,NO,go_clear_went,7.0
coach_season,2010,Sean Payton,NO,two_point_graded,2.0
coach_season,2010,Sean Payton,NO,two_point_toss_ups,45.0
coach_season,2010,Sean Payton,NO,two_point_wp_lost,0.0
coach_season,2010,Sean Payton,NO,two_point_wrong,0.0
coach_season,2010,Sean Payton,NO,went,12.0
coach_season,2010,Sean Payton,NO,wp_lost,0.262904
coach_season,2010,Sean Payton,NO,wp_lost_per_game,0.015465
coach_season,2010,Steve Spagnuolo,LA,aggressiveness,0.428571
coach_season,2010,Steve Spagnuolo,LA,fourth_graded,55.0
coach_season,2010,Steve Spagnuolo,LA,fourth_toss_ups,88.0
coach_season,2010,Steve Spagnuolo,LA,fourth_wp_lost,0.12414
coach_season,2010,Steve Spagnuolo,LA,fourth_wrong,5.0
coach_season,2010,Steve Spagnuolo,LA,games,16.0
coach_season,2010,Steve Spagnuolo,LA,go_clear,7.0
coach_season,2010,Steve Spagnuolo,LA,go_clear_went,3.0
coach_season,2010,Steve Spagnuolo,LA,two_point_graded,1.0
coach_season,2010,Steve Spagnuolo,LA,two_point_toss_ups,26.0
coach_season,2010,Steve Spagnuolo,LA,two_point_wp_lost,0.0
coach_season,2010,Steve Spagnuolo,LA,two_point_wrong,0.0
coach_season,2010,Steve Spagnuolo,LA,went,13.0
coach_season,2010,Steve Spagnuolo,LA,wp_lost,0.12414
coach_season,2010,Steve Spagnuolo,LA,wp_lost_per_game,0.007759
coach_season,2010,Todd Haley,KC,aggressiveness,0.4
coach_season,2010,Todd Haley,KC,fourth_graded,48.0
coach_season,2010,Todd Haley,KC,fourth_toss_ups,89.0
coach_season,2010,Todd Haley,KC,fourth_wp_lost,0.389008
coach_season,2010,Todd Haley,KC,fourth_wrong,12.0
coach_season,2010,Todd Haley,KC,games,17.0
coach_season,2010,Todd Haley,KC,go_clear,20.0
coach_season,2010,Todd Haley,KC,go_clear_went,8.0
coach_season,2010,Todd Haley,KC,two_point_graded,1.0
coach_season,2010,Todd Haley,KC,two_point_toss_ups,44.0
coach_season,2010,Todd Haley,KC,two_point_wp_lost,0.0
coach_season,2010,Todd Haley,KC,two_point_wrong,0.0
coach_season,2010,Todd Haley,KC,went,23.0
coach_season,2010,Todd Haley,KC,wp_lost,0.389008
coach_season,2010,Todd Haley,KC,wp_lost_per_game,0.022883
coach_season,2010,Tom Cable,LV,aggressiveness,0.588235
coach_season,2010,Tom Cable,LV,fourth_graded,59.0
coach_season,2010,Tom Cable,LV,fourth_toss_ups,75.0
coach_season,2010,Tom Cable,LV,fourth_wp_lost,0.230554
coach_season,2010,Tom Cable,LV,fourth_wrong,7.0
coach_season,2010,Tom Cable,LV,games,16.0
coach_season,2010,Tom Cable,LV,go_clear,17.0
coach_season,2010,Tom Cable,LV,go_clear_went,10.0
coach_season,2010,Tom Cable,LV,two_point_graded,0.0
coach_season,2010,Tom Cable,LV,two_point_toss_ups,44.0
coach_season,2010,Tom Cable,LV,two_point_wp_lost,0.0
coach_season,2010,Tom Cable,LV,two_point_wrong,0.0
coach_season,2010,Tom Cable,LV,went,20.0
coach_season,2010,Tom Cable,LV,wp_lost,0.230554
coach_season,2010,Tom Cable,LV,wp_lost_per_game,0.01441
coach_season,2010,Tom Coughlin,NYG,aggressiveness,0.111111
coach_season,2010,Tom Coughlin,NYG,fourth_graded,31.0
coach_season,2010,Tom Coughlin,NYG,fourth_toss_ups,72.0
coach_season,2010,Tom Coughlin,NYG,fourth_wp_lost,0.211697
coach_season,2010,Tom Coughlin,NYG,fourth_wrong,9.0
coach_season,2010,Tom Coughlin,NYG,games,16.0
coach_season,2010,Tom Coughlin,NYG,go_clear,9.0
coach_season,2010,Tom Coughlin,NYG,go_clear_went,1.0
coach_season,2010,Tom Coughlin,NYG,two_point_graded,1.0
coach_season,2010,Tom Coughlin,NYG,two_point_toss_ups,47.0
coach_season,2010,Tom Coughlin,NYG,two_point_wp_lost,0.0
coach_season,2010,Tom Coughlin,NYG,two_point_wrong,0.0
coach_season,2010,Tom Coughlin,NYG,went,9.0
coach_season,2010,Tom Coughlin,NYG,wp_lost,0.211697
coach_season,2010,Tom Coughlin,NYG,wp_lost_per_game,0.013231
coach_season,2010,Tony Sparano,MIA,aggressiveness,0.277778
coach_season,2010,Tony Sparano,MIA,fourth_graded,66.0
coach_season,2010,Tony Sparano,MIA,fourth_toss_ups,54.0
coach_season,2010,Tony Sparano,MIA,fourth_wp_lost,0.345076
coach_season,2010,Tony Sparano,MIA,fourth_wrong,14.0
coach_season,2010,Tony Sparano,MIA,games,16.0
coach_season,2010,Tony Sparano,MIA,go_clear,18.0
coach_season,2010,Tony Sparano,MIA,go_clear_went,5.0
coach_season,2010,Tony Sparano,MIA,two_point_graded,2.0
coach_season,2010,Tony Sparano,MIA,two_point_toss_ups,24.0
coach_season,2010,Tony Sparano,MIA,two_point_wp_lost,0.0
coach_season,2010,Tony Sparano,MIA,two_point_wrong,0.0
coach_season,2010,Tony Sparano,MIA,went,10.0
coach_season,2010,Tony Sparano,MIA,wp_lost,0.345076
coach_season,2010,Tony Sparano,MIA,wp_lost_per_game,0.021567
coach_season,2010,Wade Phillips,DAL,aggressiveness,0.454545
coach_season,2010,Wade Phillips,DAL,fourth_graded,28.0
coach_season,2010,Wade Phillips,DAL,fourth_toss_ups,28.0
coach_season,2010,Wade Phillips,DAL,fourth_wp_lost,0.169668
coach_season,2010,Wade Phillips,DAL,fourth_wrong,7.0
coach_season,2010,Wade Phillips,DAL,games,8.0
coach_season,2010,Wade Phillips,DAL,go_clear,11.0
coach_season,2010,Wade Phillips,DAL,go_clear_went,5.0
coach_season,2010,Wade Phillips,DAL,two_point_graded,0.0
coach_season,2010,Wade Phillips,DAL,two_point_toss_ups,19.0
coach_season,2010,Wade Phillips,DAL,two_point_wp_lost,0.0
coach_season,2010,Wade Phillips,DAL,two_point_wrong,0.0
coach_season,2010,Wade Phillips,DAL,went,12.0
coach_season,2010,Wade Phillips,DAL,wp_lost,0.169668
coach_season,2010,Wade Phillips,DAL,wp_lost_per_game,0.021209
coach_season,2011,Andy Reid,PHI,aggressiveness,0.45
coach_season,2011,Andy Reid,PHI,fourth_graded,48.0
coach_season,2011,Andy Reid,PHI,fourth_toss_ups,58.0
coach_season,2011,Andy Reid,PHI,fourth_wp_lost,0.244763
coach_season,2011,Andy Reid,PHI,fourth_wrong,11.0
coach_season,2011,Andy Reid,PHI,games,16.0
coach_season,2011,Andy Reid,PHI,go_clear,20.0
coach_season,2011,Andy Reid,PHI,go_clear_went,9.0
coach_season,2011,Andy Reid,PHI,two_point_graded,1.0
coach_season,2011,Andy Reid,PHI,two_point_toss_ups,45.0
coach_season,2011,Andy Reid,PHI,two_point_wp_lost,0.0
coach_season,2011,Andy Reid,PHI,two_point_wrong,0.0
coach_season,2011,Andy Reid,PHI,went,15.0
coach_season,2011,Andy Reid,PHI,wp_lost,0.244763
coach_season,2011,Andy Reid,PHI,wp_lost_per_game,0.015298
coach_season,2011,Bill Belichick,NE,aggressiveness,0.333333
coach_season,2011,Bill Belichick,NE,fourth_graded,46.0
coach_season,2011,Bill Belichick,NE,fourth_toss_ups,63.0
coach_season,2011,Bill Belichick,NE,fourth_wp_lost,0.225077
coach_season,2011,Bill Belichick,NE,fourth_wrong,10.0
coach_season,2011,Bill Belichick,NE,games,19.0
coach_season,2011,Bill Belichick,NE,go_clear,15.0
coach_season,2011,Bill Belichick,NE,go_clear_went,5.0
coach_season,2011,Bill Belichick,NE,two_point_graded,2.0
coach_season,2011,Bill Belichick,NE,two_point_toss_ups,69.0
coach_season,2011,Bill Belichick,NE,two_point_wp_lost,0.015103
coach_season,2011,Bill Belichick,NE,two_point_wrong,1.0
coach_season,2011,Bill Belichick,NE,went,13.0
coach_season,2011,Bill Belichick,NE,wp_lost,0.24018
coach_season,2011,Bill Belichick,NE,wp_lost_per_game,0.012641
coach_season,2011,Chan Gailey,BUF,aggressiveness,0.538462
coach_season,2011,Chan Gailey,BUF,fourth_graded,33.0
coach_season,2011,Chan Gailey,BUF,fourth_toss_ups,85.0
coach_season,2011,Chan Gailey,BUF,fourth_wp_lost,0.207023
coach_season,2011,Chan Gailey,BUF,fourth_wrong,9.0
coach_season,2011,Chan Gailey,BUF,games,16.0
coach_season,2011,Chan Gailey,BUF,go_clear,13.0
coach_season,2011,Chan Gailey,BUF,go_clear_went,7.0
coach_season,2011,Chan Gailey,BUF,two_point_graded,3.0
coach_season,2011,Chan Gailey,BUF,two_point_toss_ups,40.0
coach_season,2011,Chan Gailey,BUF,two_point_wp_lost,0.039167
coach_season,2011,Chan Gailey,BUF,two_point_wrong,2.0
coach_season,2011,Chan Gailey,BUF,went,21.0
coach_season,2011,Chan Gailey,BUF,wp_lost,0.24619
coach_season,2011,Chan Gailey,BUF,wp_lost_per_game,0.015387
coach_season,2011,Gary Kubiak,HOU,aggressiveness,0.166667
coach_season,2011,Gary Kubiak,HOU,fourth_graded,44.0
coach_season,2011,Gary Kubiak,HOU,fourth_toss_ups,89.0
coach_season,2011,Gary Kubiak,HOU,fourth_wp_lost,0.225442
coach_season,2011,Gary Kubiak,HOU,fourth_wrong,10.0
coach_season,2011,Gary Kubiak,HOU,games,18.0
coach_season,2011,Gary Kubiak,HOU,go_clear,12.0
coach_season,2011,Gary Kubiak,HOU,go_clear_went,2.0
coach_season,2011,Gary Kubiak,HOU,two_point_graded,3.0
coach_season,2011,Gary Kubiak,HOU,two_point_toss_ups,43.0
coach_season,2011,Gary Kubiak,HOU,two_point_wp_lost,0.062145
coach_season,2011,Gary Kubiak,HOU,two_point_wrong,1.0
coach_season,2011,Gary Kubiak,HOU,went,12.0
coach_season,2011,Gary Kubiak,HOU,wp_lost,0.287587
coach_season,2011,Gary Kubiak,HOU,wp_lost_per_game,0.015977
coach_season,2011,Hue Jackson,LV,aggressiveness,0.375
coach_season,2011,Hue Jackson,LV,fourth_graded,45.0
coach_season,2011,Hue Jackson,LV,fourth_toss_ups,75.0
coach_season,2011,Hue Jackson,LV,fourth_wp_lost,0.271196
coach_season,2011,Hue Jackson,LV,fourth_wrong,10.0
coach_season,2011,Hue Jackson,LV,games,16.0
coach_season,2011,Hue Jackson,LV,go_clear,16.0
coach_season,2011,Hue Jackson,LV,go_clear_went,6.0
coach_season,2011,Hue Jackson,LV,two_point_graded,1.0
coach_season,2011,Hue Jackson,LV,two_point_toss_ups,37.0
coach_season,2011,Hue Jackson,LV,two_point_wp_lost,0.02267
coach_season,2011,Hue Jackson,LV,two_point_wrong,1.0
coach_season,2011,Hue Jackson,LV,went,13.0
coach_season,2011,Hue Jackson,LV,wp_lost,0.293866
coach_season,2011,Hue Jackson,LV,wp_lost_per_game,0.018367
coach_season,2011,Jack Del Rio,JAX,aggressiveness,0.4
coach_season,2011,Jack Del Rio,JAX,fourth_graded,31.0
coach_season,2011,Jack Del Rio,JAX,fourth_toss_ups,67.0
coach_season,2011,Jack Del Rio,JAX,fourth_wp_lost,0.070248
coach_season,2011,Jack Del Rio,JAX,fourth_wrong,3.0
coach_season,2011,Jack Del Rio,JAX,games,11.0
coach_season,2011,Jack Del Rio,JAX,go_clear,5.0
coach_season,2011,Jack Del Rio,JAX,go_clear_went,2.0
coach_season,2011,Jack Del Rio,JAX,two_point_graded,1.0
coach_season,2011,Jack Del Rio,JAX,two_point_toss_ups,11.0
coach_season,2011,Jack Del Rio,JAX,two_point_wp_lost,0.0
coach_season,2011,Jack Del Rio,JAX,two_point_wrong,0.0
coach_season,2011,Jack Del Rio,JAX,went,10.0
coach_season,2011,Jack Del Rio,JAX,wp_lost,0.070248
coach_season,2011,Jack Del Rio,JAX,wp_lost_per_game,0.006386
coach_season,2011,Jason Garrett,DAL,aggressiveness,0.3
coach_season,2011,Jason Garrett,DAL,fourth_graded,41.0
coach_season,2011,Jason Garrett,DAL,fourth_toss_ups,68.0
coach_season,2011,Jason Garrett,DAL,fourth_wp_lost,0.288772
coach_season,2011,Jason Garrett,DAL,fourth_wrong,7.0
coach_season,2011,Jason Garrett,DAL,games,16.0
coach_season,2011,Jason Garrett,DAL,go_clear,10.0
coach_season,2011,Jason Garrett,DAL,go_clear_went,3.0
coach_season,2011,Jason Garrett,DAL,two_point_graded,0.0
coach_season,2011,Jason Garrett,DAL,two_point_toss_ups,39.0
coach_season,2011,Jason Garrett,DAL,two_point_wp_lost,0.0
coach_season,2011,Jason Garrett,DAL,two_point_wrong,0.0
coach_season,2011,Jason Garrett,DAL,went,10.0
coach_season,2011,Jason Garrett,DAL,wp_lost,0.288772
coach_season,2011,Jason Garrett,DAL,wp_lost_per_game,0.018048
coach_season,2011,Jim Caldwell,IND,aggressiveness,0.375
coach_season,2011,Jim Caldwell,IND,fourth_graded,37.0
coach_season,2011,Jim Caldwell,IND,fourth_toss_ups,89.0
coach_season,2011,Jim Caldwell,IND,fourth_wp_lost,0.132552
coach_season,2011,Jim Caldwell,IND,fourth_wrong,5.0
coach_season,2011,Jim Caldwell,IND,games,16.0
coach_season,2011,Jim Caldwell,IND,go_clear,8.0
coach_season,2011,Jim Caldwell,IND,go_clear_went,3.0
coach_season,2011,Jim Caldwell,IND,two_point_graded,1.0
coach_season,2011,Jim Caldwell,IND,two_point_toss_ups,24.0
coach_season,2011,Jim Caldwell,IND,two_point_wp_lost,0.0
coach_season,2011,Jim Caldwell,IND,two_point_wrong,0.0
coach_season,2011,Jim Caldwell,IND,went,11.0
coach_season,2011,Jim Caldwell,IND,wp_lost,0.132552
coach_season,2011,Jim Caldwell,IND,wp_lost_per_game,0.008285
coach_season,2011,Jim Harbaugh,SF,aggressiveness,0.266667
coach_season,2011,Jim Harbaugh,SF,fourth_graded,66.0
coach_season,2011,Jim Harbaugh,SF,fourth_toss_ups,98.0
coach_season,2011,Jim Harbaugh,SF,fourth_wp_lost,0.301961
coach_season,2011,Jim Harbaugh,SF,fourth_wrong,11.0
coach_season,2011,Jim Harbaugh,SF,games,18.0
coach_season,2011,Jim Harbaugh,SF,go_clear,15.0
coach_season,2011,Jim Harbaugh,SF,go_clear_went,4.0
coach_season,2011,Jim Harbaugh,SF,two_point_graded,5.0
coach_season,2011,Jim Harbaugh,SF,two_point_toss_ups,36.0
coach_season,2011,Jim Harbaugh,SF,two_point_wp_lost,0.069847
coach_season,2011,Jim Harbaugh,SF,two_point_wrong,3.0
coach_season,2011,Jim Harbaugh,SF,went,13.0
coach_season,2011,Jim Harbaugh,SF,wp_lost,0.371809
coach_season,2011,Jim Harbaugh,SF,wp_lost_per_game,0.020656
coach_season,2011,Jim Schwartz,DET,aggressiveness,0.7
coach_season,2011,Jim Schwartz,DET,fourth_graded,43.0
coach_season,2011,Jim Schwartz,DET,fourth_toss_ups,82.0
coach_season,2011,Jim Schwartz,DET,fourth_wp_lost,0.081033
coach_season,2011,Jim Schwartz,DET,fourth_wrong,3.0
coach_season,2011,Jim Schwartz,DET,games,17.0
coach_season,2011,Jim Schwartz,DET,go_clear,10.0
coach_season,2011,Jim Schwartz,DET,go_clear_went,7.0
coach_season,2011,Jim Schwartz,DET,two_point_graded,2.0
coach_season,2011,Jim Schwartz,DET,two_point_toss_ups,59.0
coach_season,2011,Jim Schwartz,DET,two_point_wp_lost,0.0
coach_season,2011,Jim Schwartz,DET,two_point_wrong,0.0
coach_season,2011,Jim Schwartz,DET,went,13.0
coach_season,2011,Jim Schwartz,DET,wp_lost,0.081033
coach_season,2011,Jim Schwartz,DET,wp_lost_per_game,0.004767
coach_season,2011,John Fox,DEN,aggressiveness,0.076923
coach_season,2011,John Fox,DEN,fourth_graded,70.0
coach_season,2011,John Fox,DEN,fourth_toss_ups,81.0
coach_season,2011,John Fox,DEN,fourth_wp_lost,0.860576
coach_season,2011,John Fox,DEN,fourth_wrong,26.0
coach_season,2011,John Fox,DEN,games,18.0
coach_season,2011,John Fox,DEN,go_clear,26.0
coach_season,2011,John Fox,DEN,go_clear_went,2.0
coach_season,2011,John Fox,DEN,two_point_graded,4.0
coach_season,2011,John Fox,DEN,two_point_toss_ups,35.0
coach_season,2011,John Fox,DEN,two_point_wp_lost,0.019499
coach_season,2011,John Fox,DEN,two_point_wrong,1.0
coach_season,2011,John Fox,DEN,went,15.0
coach_season,2011,John Fox,DEN,wp_lost,0.880075
coach_season,2011,John Fox,DEN,wp_lost_per_game,0.048893
coach_season,2011,John Harbaugh,BAL,aggressiveness,0.461538
coach_season,2011,John Harbaugh,BAL,fourth_graded,47.0
coach_season,2011,John Harbaugh,BAL,fourth_toss_ups,87.0
coach_season,2011,John Harbaugh,BAL,fourth_wp_lost,0.18772
coach_season,2011,John Harbaugh,BAL,fourth_wrong,7.0
coach_season,2011,John Harbaugh,BAL,games,18.0
coach_season,2011,John Harbaugh,BAL,go_clear,13.0
coach_season,2011,John Harbaugh,BAL,go_clear_went,6.0
coach_season,2011,John Harbaugh,BAL,two_point_graded,1.0
coach_season,2011,John Harbaugh,BAL,two_point_toss_ups,44.0
coach_season,2011,John Harbaugh,BAL,two_point_wp_lost,0.022173
coach_season,2011,John Harbaugh,BAL,two_point_wrong,1.0
coach_season,2011,John Harbaugh,BAL,went,9.0
coach_season,2011,John Harbaugh,BAL,wp_lost,0.209893
coach_season,2011,John Harbaugh,BAL,wp_lost_per_game,0.011661
coach_season,2011,Ken Whisenhunt,ARI,aggressiveness,0.277778
coach_season,2011,Ken Whisenhunt,ARI,fourth_graded,62.0
coach_season,2011,Ken Whisenhunt,ARI,fourth_toss_ups,66.0
coach_season,2011,Ken Whisenhunt,ARI,fourth_wp_lost,0.367616
coach_season,2011,Ken Whisenhunt,ARI,fourth_wrong,13.0
coach_season,2011,Ken Whisenhunt,ARI,games,16.0
coach_season,2011,Ken Whisenhunt,ARI,go_clear,18.0
coach_season,2011,Ken Whisenhunt,ARI,go_clear_went,5.0
coach_season,2011,Ken Whisenhunt,ARI,two_point_graded,1.0
coach_season,2011,Ken Whisenhunt,ARI,two_point_toss_ups,34.0
coach_season,2011,Ken Whisenhunt,ARI,two_point_wp_lost,0.0
coach_season,2011,Ken Whisenhunt,ARI,two_point_wrong,0.0
coach_season,2011,Ken Whisenhunt,ARI,went,15.0
coach_season,2011,Ken Whisenhunt,ARI,wp_lost,0.367616
coach_season,2011,Ken Whisenhunt,ARI,wp_lost_per_game,0.022976
coach_season,2011,Leslie Frazier,MIN,aggressiveness,0.615385
coach_season,2011,Leslie Frazier,MIN,fourth_graded,48.0
coach_season,2011,Leslie Frazier,MIN,fourth_toss_ups,72.0
coach_season,2011,Leslie Frazier,MIN,fourth_wp_lost,0.123684
coach_season,2011,Leslie Frazier,MIN,fourth_wrong,6.0
coach_season,2011,Leslie Frazier,MIN,games,16.0
coach_season,2011,Leslie Frazier,MIN,go_clear,13.0
coach_season,2011,Leslie Frazier,MIN,go_clear_went,8.0
coach_season,2011,Leslie Frazier,MIN,two_point_graded,1.0
coach_season,2011,Leslie Frazier,MIN,two_point_toss_ups,38.0
coach_season,2011,Leslie Frazier,MIN,two_point_wp_lost,0.0
coach_season,2011,Leslie Frazier,MIN,two_point_wrong,0.0
coach_season,2011,Leslie Frazier,MIN,went,16.0
coach_season,2011,Leslie Frazier,MIN,wp_lost,0.123684
coach_season,2011,Leslie Frazier,MIN,wp_lost_per_game,0.00773
coach_season,2011,Lovie Smith,CHI,aggressiveness,0.363636
coach_season,2011,Lovie Smith,CHI,fourth_graded,49.0
coach_season,2011,Lovie Smith,CHI,fourth_toss_ups,77.0
coach_season,2011,Lovie Smith,CHI,fourth_wp_lost,0.165216
coach_season,2011,Lovie Smith,CHI,fourth_wrong,7.0
coach_season,2011,Lovie Smith,CHI,games,16.0
coach_season,2011,Lovie Smith,CHI,go_clear,11.0
coach_season,2011,Lovie Smith,CHI,go_clear_went,4.0
coach_season,2011,Lovie Smith,CHI,two_point_graded,0.0
coach_season,2011,Lovie Smith,CHI,two_point_toss_ups,38.0
coach_season,2011,Lovie Smith,CHI,two_point_wp_lost,0.0
coach_season,2011,Lovie Smith,CHI,two_point_wrong,0.0
coach_season,2011,Lovie Smith,CHI,went,8.0
coach_season,2011,Lovie Smith,CHI,wp_lost,0.165216
coach_season,2011,Lovie Smith,CHI,wp_lost_per_game,0.010326
coach_season,2011,Marvin Lewis,CIN,aggressiveness,0.263158
coach_season,2011,Marvin Lewis,CIN,fourth_graded,59.0
coach_season,2011,Marvin Lewis,CIN,fourth_toss_ups,82.0
coach_season,2011,Marvin Lewis,CIN,fourth_wp_lost,0.364662
coach_season,2011,Marvin Lewis,CIN,fourth_wrong,14.0
coach_season,2011,Marvin Lewis,CIN,games,17.0
coach_season,2011,Marvin Lewis,CIN,go_clear,19.0
coach_season,2011,Marvin Lewis,CIN,go_clear_went,5.0
coach_season,2011,Marvin Lewis,CIN,two_point_graded,1.0
coach_season,2011,Marvin Lewis,CIN,two_point_toss_ups,35.0
coach_season,2011,Marvin Lewis,CIN,two_point_wp_lost,0.0
coach_season,2011,Marvin Lewis,CIN,two_point_wrong,0.0
coach_season,2011,Marvin Lewis,CIN,went,12.0
coach_season,2011,Marvin Lewis,CIN,wp_lost,0.364662
coach_season,2011,Marvin Lewis,CIN,wp_lost_per_game,0.021451
coach_season,2011,Mel Tucker,JAX,aggressiveness,1.0
coach_season,2011,Mel Tucker,JAX,fourth_graded,9.0
coach_season,2011,Mel Tucker,JAX,fourth_toss_ups,31.0
coach_season,2011,Mel Tucker,JAX,fourth_wp_lost,0.0
coach_season,2011,Mel Tucker,JAX,fourth_wrong,0.0
coach_season,2011,Mel Tucker,JAX,games,5.0
coach_season,2011,Mel Tucker,JAX,go_clear,2.0
coach_season,2011,Mel Tucker,JAX,go_clear_went,2.0
coach_season,2011,Mel Tucker,JAX,two_point_graded,0.0
coach_season,2011,Mel Tucker,JAX,two_point_toss_ups,13.0
coach_season,2011,Mel Tucker,JAX,two_point_wp_lost,0.0
coach_season,2011,Mel Tucker,JAX,two_point_wrong,0.0
coach_season,2011,Mel Tucker,JAX,went,5.0
coach_season,2011,Mel Tucker,JAX,wp_lost,0.0
coach_season,2011,Mel Tucker,JAX,wp_lost_per_game,0.0
coach_season,2011,Mike McCarthy,GB,aggressiveness,0.384615
coach_season,2011,Mike McCarthy,GB,fourth_graded,35.0
coach_season,2011,Mike McCarthy,GB,fourth_toss_ups,57.0
coach_season,2011,Mike McCarthy,GB,fourth_wp_lost,0.255116
coach_season,2011,Mike McCarthy,GB,fourth_wrong,8.0
coach_season,2011,Mike McCarthy,GB,games,17.0
coach_season,2011,Mike McCarthy,GB,go_clear,13.0
coach_season,2011,Mike McCarthy,GB,go_clear_went,5.0
coach_season,2011,Mike McCarthy,GB,two_point_graded,0.0
coach_season,2011,Mike McCarthy,GB,two_point_toss_ups,72.0
coach_season,2011,Mike McCarthy,GB,two_point_wp_lost,0.0
coach_season,2011,Mike McCarthy,GB,two_point_wrong,0.0
coach_season,2011,Mike McCarthy,GB,went,9.0
coach_season,2011,Mike McCarthy,GB,wp_lost,0.255116
coach_season,2011,Mike McCarthy,GB,wp_lost_per_game,0.015007
coach_season,2011,Mike Munchak,TEN,aggressiveness,0.5
coach_season,2011,Mike Munchak,TEN,fourth_graded,37.0
coach_season,2011,Mike Munchak,TEN,fourth_toss_ups,91.0
coach_season,2011,Mike Munchak,TEN,fourth_wp_lost,0.151434
coach_season,2011,Mike Munchak,TEN,fourth_wrong,6.0
coach_season,2011,Mike Munchak,TEN,games,16.0
coach_season,2011,Mike Munchak,TEN,go_clear,12.0
coach_season,2011,Mike Munchak,TEN,go_clear_went,6.0
coach_season,2011,Mike Munchak,TEN,two_point_graded,0.0
coach_season,2011,Mike Munchak,TEN,two_point_toss_ups,34.0
coach_season,2011,Mike Munchak,TEN,two_point_wp_lost,0.0
coach_season,2011,Mike Munchak,TEN,two_point_wrong,0.0
coach_season,2011,Mike Munchak,TEN,went,13.0
coach_season,2011,Mike Munchak,TEN,wp_lost,0.151434
coach_season,2011,Mike Munchak,TEN,wp_lost_per_game,0.009465
coach_season,2011,Mike Shanahan,WAS,aggressiveness,0.222222
coach_season,2011,Mike Shanahan,WAS,fourth_graded,42.0
coach_season,2011,Mike Shanahan,WAS,fourth_toss_ups,75.0
coach_season,2011,Mike Shanahan,WAS,fourth_wp_lost,0.155653
coach_season,2011,Mike Shanahan,WAS,fourth_wrong,7.0
coach_season,2011,Mike Shanahan,WAS,games,16.0
coach_season,2011,Mike Shanahan,WAS,go_clear,9.0
coach_season,2011,Mike Shanahan,WAS,go_clear_went,2.0
coach_season,2011,Mike Shanahan,WAS,two_point_graded,0.0
coach_season,2011,Mike Shanahan,WAS,two_point_toss_ups,28.0
coach_season,2011,Mike Shanahan,WAS,two_point_wp_lost,0.0
coach_season,2011,Mike Shanahan,WAS,two_point_wrong,0.0
coach_season,2011,Mike Shanahan,WAS,went,13.0
coach_season,2011,Mike Shanahan,WAS,wp_lost,0.155653
coach_season,2011,Mike Shanahan,WAS,wp_lost_per_game,0.009728
coach_season,2011,Mike Smith,ATL,aggressiveness,0.375
coach_season,2011,Mike Smith,ATL,fourth_graded,45.0
coach_season,2011,Mike Smith,ATL,fourth_toss_ups,72.0
coach_season,2011,Mike Smith,ATL,fourth_wp_lost,0.285881
coach_season,2011,Mike Smith,ATL,fourth_wrong,10.0
coach_season,2011,Mike Smith,ATL,games,17.0
coach_season,2011,Mike Smith,ATL,go_clear,16.0
coach_season,2011,Mike Smith,ATL,go_clear_went,6.0
coach_season,2011,Mike Smith,ATL,two_point_graded,2.0
coach_season,2011,Mike Smith,ATL,two_point_toss_ups,44.0
coach_season,2011,Mike Smith,ATL,two_point_wp_lost,0.03441
coach_season,2011,Mike Smith,ATL,two_point_wrong,1.0
coach_season,2011,Mike Smith,ATL,went,15.0
coach_season,2011,Mike Smith,ATL,wp_lost,0.320291
coach_season,2011,Mike Smith,ATL,wp_lost_per_game,0.018841
coach_season,2011,Mike Tomlin,PIT,aggressiveness,0.384615
coach_season,2011,Mike Tomlin,PIT,fourth_graded,39.0
coach_season,2011,Mike Tomlin,PIT,fourth_toss_ups,61.0
coach_season,2011,Mike Tomlin,PIT,fourth_wp_lost,0.197138
coach_season,2011,Mike Tomlin,PIT,fourth_wrong,8.0
coach_season,2011,Mike Tomlin,PIT,games,17.0
coach_season,2011,Mike Tomlin,PIT,go_clear,13.0
coach_season,2011,Mike Tomlin,PIT,go_clear_went,5.0
coach_season,2011,Mike Tomlin,PIT,two_point_graded,1.0
coach_season,2011,Mike Tomlin,PIT,two_point_toss_ups,37.0
coach_season,2011,Mike Tomlin,PIT,two_point_wp_lost,0.0
coach_season,2011,Mike Tomlin,PIT,two_point_wrong,0.0
coach_season,2011,Mike Tomlin,PIT,went,7.0
coach_season,2011,Mike Tomlin,PIT,wp_lost,0.197138
coach_season,2011,Mike Tomlin,PIT,wp_lost_per_game,0.011596
coach_season,2011,Norv Turner,LAC,aggressiveness,0.428571
coach_season,2011,Norv Turner,LAC,fourth_graded,35.0
coach_season,2011,Norv Turner,LAC,fourth_toss_ups,55.0
coach_season,2011,Norv Turner,LAC,fourth_wp_lost,0.156839
coach_season,2011,Norv Turner,LAC,fourth_wrong,5.0
coach_season,2011,Norv Turner,LAC,games,16.0
coach_season,2011,Norv Turner,LAC,go_clear,7.0
coach_season,2011,Norv Turner,LAC,go_clear_went,3.0
coach_season,2011,Norv Turner,LAC,two_point_graded,1.0
coach_season,2011,Norv Turner,LAC,two_point_toss_ups,45.0
coach_season,2011,Norv Turner,LAC,two_point_wp_lost,0.0
coach_season,2011,Norv Turner,LAC,two_point_wrong,0.0
coach_season,2011,Norv Turner,LAC,went,10.0
coach_season,2011,Norv Turner,LAC,wp_lost,0.156839
coach_season,2011,Norv Turner,LAC,wp_lost_per_game,0.009802
coach_season,2011,Pat Shurmur,CLE,aggressiveness,0.25
coach_season,2011,Pat Shurmur,CLE,fourth_graded,50.0
coach_season,2011,Pat Shurmur,CLE,fourth_toss_ups,83.0
coach_season,2011,Pat Shurmur,CLE,fourth_wp_lost,0.297582
coach_season,2011,Pat Shurmur,CLE,fourth_wrong,13.0
coach_season,2011,Pat Shurmur,CLE,games,16.0
coach_season,2011,Pat Shurmur,CLE,go_clear,16.0
coach_season,2011,Pat Shurmur,CLE,go_clear_went,4.0
coach_season,2011,Pat Shurmur,CLE,two_point_graded,2.0
coach_season,2011,Pat Shurmur,CLE,two_point_toss_ups,19.0
coach_season,2011,Pat Shurmur,CLE,two_point_wp_lost,0.0
coach_season,2011,Pat Shurmur,CLE,two_point_wrong,0.0
coach_season,2011,Pat Shurmur,CLE,went,17.0
coach_season,2011,Pat Shurmur,CLE,wp_lost,0.297582
coach_season,2011,Pat Shurmur,CLE,wp_lost_per_game,0.018599
coach_season,2011,Pete Carroll,SEA,aggressiveness,0.307692
coach_season,2011,Pete Carroll,SEA,fourth_graded,65.0
coach_season,2011,Pete Carroll,SEA,fourth_toss_ups,73.0
coach_season,2011,Pete Carroll,SEA,fourth_wp_lost,0.251124
coach_season,2011,Pete Carroll,SEA,fourth_wrong,10.0
coach_season,2011,Pete Carroll,SEA,games,16.0
coach_season,2011,Pete Carroll,SEA,go_clear,13.0
coach_season,2011,Pete Carroll,SEA,go_clear_went,4.0
coach_season,2011,Pete Carroll,SEA,two_point_graded,1.0
coach_season,2011,Pete Carroll,SEA,two_point_toss_ups,34.0
coach_season,2011,Pete Carroll,SEA,two_point_wp_lost,0.026061
coach_season,2011,Pete Carroll,SEA,two_point_wrong,1.0
coach_season,2011,Pete Carroll,SEA,went,14.0
coach_season,2011,Pete Carroll,SEA,wp_lost,0.277186
coach_season,2011,Pete Carroll,SEA,wp_lost_per_game,0.017324
coach_season,2011,Raheem Morris,TB,aggressiveness,0.75
coach_season,2011,Raheem Morris,TB,fourth_graded,27.0
coach_season,2011,Raheem Morris,TB,fourth_toss_ups,85.0
coach_season,2011,Raheem Morris,TB,fourth_wp_lost,0.037751
coach_season,2011,Raheem Morris,TB,fourth_wrong,2.0
coach_season,2011,Raheem Morris,TB,games,16.0
coach_season,2011,Raheem Morris,TB,go_clear,8.0
coach_season,2011,Raheem Morris,TB,go_clear_went,6.0
coach_season,2011,Raheem Morris,TB,two_point_graded,1.0
coach_season,2011,Raheem Morris,TB,two_point_toss_ups,29.0
coach_season,2011,Raheem Morris,TB,two_point_wp_lost,0.0
coach_season,2011,Raheem Morris,TB,two_point_wrong,0.0
coach_season,2011,Raheem Morris,TB,went,20.0
coach_season,2011,Raheem Morris,TB,wp_lost,0.037751
coach_season,2011,Raheem Morris,TB,wp_lost_per_game,0.002359
coach_season,2011,Rex Ryan,NYJ,aggressiveness,0.230769
coach_season,2011,Rex Ryan,NYJ,fourth_graded,44.0
coach_season,2011,Rex Ryan,NYJ,fourth_toss_ups,81.0
coach_season,2011,Rex Ryan,NYJ,fourth_wp_lost,0.263534
coach_season,2011,Rex Ryan,NYJ,fourth_wrong,10.0
coach_season,2011,Rex Ryan,NYJ,games,16.0
coach_season,2011,Rex Ryan,NYJ,go_clear,13.0
coach_season,2011,Rex Ryan,NYJ,go_clear_went,3.0
coach_season,2011,Rex Ryan,NYJ,two_point_graded,0.0
coach_season,2011,Rex Ryan,NYJ,two_point_toss_ups,45.0
coach_season,2011,Rex Ryan,NYJ,two_point_wp_lost,0.0
coach_season,2011,Rex Ryan,NYJ,two_point_wrong,0.0
coach_season,2011,Rex Ryan,NYJ,went,10.0
coach_season,2011,Rex Ryan,NYJ,wp_lost,0.263534
coach_season,2011,Rex Ryan,NYJ,wp_lost_per_game,0.016471
coach_season,2011,Romeo Crennel,KC,aggressiveness,0.5
coach_season,2011,Romeo Crennel,KC,fourth_graded,11.0
coach_season,2011,Romeo Crennel,KC,fourth_toss_ups,11.0
coach_season,2011,Romeo Crennel,KC,fourth_wp_lost,0.060686
coach_season,2011,Romeo Crennel,KC,fourth_wrong,2.0
coach_season,2011,Romeo Crennel,KC,games,3.0
coach_season,2011,Romeo Crennel,KC,go_clear,4.0
coach_season,2011,Romeo Crennel,KC,go_clear_went,2.0
coach_season,2011,Romeo Crennel,KC,two_point_graded,2.0
coach_season,2011,Romeo Crennel,KC,two_point_toss_ups,1.0
coach_season,2011,Romeo Crennel,KC,two_point_wp_lost,0.016385
coach_season,2011,Romeo Crennel,KC,two_point_wrong,1.0
coach_season,2011,Romeo Crennel,KC,went,2.0
coach_season,2011,Romeo Crennel,KC,wp_lost,0.077071
coach_season,2011,Romeo Crennel,KC,wp_lost_per_game,0.02569
coach_season,2011,Ron Rivera,CAR,aggressiveness,0.416667
coach_season,2011,Ron Rivera,CAR,fourth_graded,50.0
coach_season,2011,Ron Rivera,CAR,fourth_toss_ups,48.0
coach_season,2011,Ron Rivera,CAR,fourth_wp_lost,0.207365
coach_season,2011,Ron Rivera,CAR,fourth_wrong,9.0
coach_season,2011,Ron Rivera,CAR,games,16.0
coach_season,2011,Ron Rivera,CAR,go_clear,12.0
coach_season,2011,Ron Rivera,CAR,go_clear_went,5.0
coach_season,2011,Ron Rivera,CAR,two_point_graded,2.0
coach_season,2011,Ron Rivera,CAR,two_point_toss_ups,46.0
coach_season,2011,Ron Rivera,CAR,two_point_wp_lost,0.043624
coach_season,2011,Ron Rivera,CAR,two_point_wrong,2.0
coach_season,2011,Ron Rivera,CAR,went,9.0
coach_season,2011,Ron Rivera,CAR,wp_lost,0.250989
coach_season,2011,Ron Rivera,CAR,wp_lost_per_game,0.015687
coach_season,2011,Sean Payton,NO,aggressiveness,0.454545
coach_season,2011,Sean Payton,NO,fourth_graded,34.0
coach_season,2011,Sean Payton,NO,fourth_toss_ups,60.0
coach_season,2011,Sean Payton,NO,fourth_wp_lost,0.259021
coach_season,2011,Sean Payton,NO,fourth_wrong,8.0
coach_season,2011,Sean Payton,NO,games,18.0
coach_season,2011,Sean Payton,NO,go_clear,11.0
coach_season,2011,Sean Payton,NO,go_clear_went,5.0
coach_season,2011,Sean Payton,NO,two_point_graded,3.0
coach_season,2011,Sean Payton,NO,two_point_toss_ups,73.0
coach_season,2011,Sean Payton,NO,two_point_wp_lost,0.02944
coach_season,2011,Sean Payton,NO,two_point_wrong,1.0
coach_season,2011,Sean Payton,NO,went,12.0
coach_season,2011,Sean Payton,NO,wp_lost,0.288461
coach_season,2011,Sean Payton,NO,wp_lost_per_game,0.016026
coach_season,2011,Steve Spagnuolo,LA,aggressiveness,0.25
coach_season,2011,Steve Spagnuolo,LA,fourth_graded,40.0
coach_season,2011,Steve Spagnuolo,LA,fourth_toss_ups,112.0
coach_season,2011,Steve Spagnuolo,LA,fourth_wp_lost,0.282496
coach_season,2011,Steve Spagnuolo,LA,fourth_wrong,12.0
coach_season,2011,Steve Spagnuolo,LA,games,16.0
coach_season,2011,Steve Spagnuolo,LA,go_clear,16.0
coach_season,2011,Steve Spagnuolo,LA,go_clear_went,4.0
coach_season,2011,Steve Spagnuolo,LA,two_point_graded,0.0
coach_season,2011,Steve Spagnuolo,LA,two_point_toss_ups,18.0
coach_season,2011,Steve Spagnuolo,LA,two_point_wp_lost,0.0
coach_season,2011,Steve Spagnuolo,LA,two_point_wrong,0.0
coach_season,2011,Steve Spagnuolo,LA,went,23.0
coach_season,2011,Steve Spagnuolo,LA,wp_lost,0.282496
coach_season,2011,Steve Spagnuolo,LA,wp_lost_per_game,0.017656
coach_season,2011,Todd Bowles,MIA,aggressiveness,0.25
coach_season,2011,Todd Bowles,MIA,fourth_graded,11.0
coach_season,2011,Todd Bowles,MIA,fourth_toss_ups,13.0
coach_season,2011,Todd Bowles,MIA,fourth_wp_lost,0.059153
coach_season,2011,Todd Bowles,MIA,fourth_wrong,3.0
coach_season,2011,Todd Bowles,MIA,games,3.0
coach_season,2011,Todd Bowles,MIA,go_clear,4.0
coach_season,2011,Todd Bowles,MIA,go_clear_went,1.0
coach_season,2011,Todd Bowles,MIA,two_point_graded,0.0
coach_season,2011,Todd Bowles,MIA,two_point_toss_ups,7.0
coach_season,2011,Todd Bowles,MIA,two_point_wp_lost,0.0
coach_season,2011,Todd Bowles,MIA,two_point_wrong,0.0
coach_season,2011,Todd Bowles,MIA,went,1.0
coach_season,2011,Todd Bowles,MIA,wp_lost,0.059153
coach_season,2011,Todd Bowles,MIA,wp_lost_per_game,0.019718
coach_season,2011,Todd Haley,KC,aggressiveness,0.333333
coach_season,2011,Todd Haley,KC,fourth_graded,35.0
coach_season,2011,Todd Haley,KC,fourth_toss_ups,73.0
coach_season,2011,Todd Haley,KC,fourth_wp_lost,0.161577
coach_season,2011,Todd Haley,KC,fourth_wrong,8.0
coach_season,2011,Todd Haley,KC,games,13.0
coach_season,2011,Todd Haley,KC,go_clear,12.0
coach_season,2011,Todd Haley,KC,go_clear_went,4.0
coach_season,2011,Todd Haley,KC,two_point_graded,1.0
coach_season,2011,Todd Haley,KC,two_point_toss_ups,16.0
coach_season,2011,Todd Haley,KC,two_point_wp_lost,0.027338
coach_season,2011,Todd Haley,KC,two_point_wrong,1.0
coach_season,2011,Todd Haley,KC,went,15.0
coach_season,2011,Todd Haley,KC,wp_lost,0.188915
coach_season,2011,Todd Haley,KC,wp_lost_per_game,0.014532
coach_season,2011,Tom Coughlin,NYG,aggressiveness,0.25
coach_season,2011,Tom Coughlin,NYG,fourth_graded,70.0
coach_season,2011,Tom Coughlin,NYG,fourth_toss_ups,77.0
coach_season,2011,Tom Coughlin,NYG,fourth_wp_lost,0.480826
coach_season,2011,Tom Coughlin,NYG,fourth_wrong,18.0
coach_season,2011,Tom Coughlin,NYG,games,20.0
coach_season,2011,Tom Coughlin,NYG,go_clear,24.0
coach_season,2011,Tom Coughlin,NYG,go_clear_went,6.0
coach_season,2011,Tom Coughlin,NYG,two_point_graded,6.0
coach_season,2011,Tom Coughlin,NYG,two_point_toss_ups,52.0
coach_season,2011,Tom Coughlin,NYG,two_point_wp_lost,0.076884
coach_season,2011,Tom Coughlin,NYG,two_point_wrong,3.0
coach_season,2011,Tom Coughlin,NYG,went,15.0
coach_season,2011,Tom Coughlin,NYG,wp_lost,0.55771
coach_season,2011,Tom Coughlin,NYG,wp_lost_per_game,0.027885
coach_season,2011,Tony Sparano,MIA,aggressiveness,0.428571
coach_season,2011,Tony Sparano,MIA,fourth_graded,38.0
coach_season,2011,Tony Sparano,MIA,fourth_toss_ups,67.0
coach_season,2011,Tony Sparano,MIA,fourth_wp_lost,0.301988
coach_season,2011,Tony Sparano,MIA,fourth_wrong,10.0
coach_season,2011,Tony Sparano,MIA,games,13.0
coach_season,2011,Tony Sparano,MIA,go_clear,14.0
coach_season,2011,Tony Sparano,MIA,go_clear_went,6.0
coach_season,2011,Tony Sparano,MIA,two_point_graded,0.0
coach_season,2011,Tony Sparano,MIA,two_point_toss_ups,26.0
coach_season,2011,Tony Sparano,MIA,two_point_wp_lost,0.0
coach_season,2011,Tony Sparano,MIA,two_point_wrong,0.0
coach_season,2011,Tony Sparano,MIA,went,13.0
coach_season,2011,Tony Sparano,MIA,wp_lost,0.301988
coach_season,2011,Tony Sparano,MIA,wp_lost_per_game,0.02323
coach_season,2012,Aaron Kromer,NO,aggressiveness,0.4
coach_season,2012,Aaron Kromer,NO,fourth_graded,18.0
coach_season,2012,Aaron Kromer,NO,fourth_toss_ups,20.0
coach_season,2012,Aaron Kromer,NO,fourth_wp_lost,0.068876
coach_season,2012,Aaron Kromer,NO,fourth_wrong,3.0
coach_season,2012,Aaron Kromer,NO,games,6.0
coach_season,2012,Aaron Kromer,NO,go_clear,5.0
coach_season,2012,Aaron Kromer,NO,go_clear_went,2.0
coach_season,2012,Aaron Kromer,NO,two_point_graded,0.0
coach_season,2012,Aaron Kromer,NO,two_point_toss_ups,22.0
coach_season,2012,Aaron Kromer,NO,two_point_wp_lost,0.0
coach_season,2012,Aaron Kromer,NO,two_point_wrong,0.0
coach_season,2012,Aaron Kromer,NO,went,4.0
coach_season,2012,Aaron Kromer,NO,wp_lost,0.068876
coach_season,2012,Aaron Kromer,NO,wp_lost_per_game,0.011479
coach_season,2012,Andy Reid,PHI,aggressiveness,0.666667
coach_season,2012,Andy Reid,PHI,fourth_graded,43.0
coach_season,2012,Andy Reid,PHI,fourth_toss_ups,82.0
coach_season,2012,Andy Reid,PHI,fourth_wp_lost,0.12959
coach_season,2012,Andy Reid,PHI,fourth_wrong,5.0
coach_season,2012,Andy Reid,PHI,games,16.0
coach_season,2012,Andy Reid,PHI,go_clear,15.0
coach_season,2012,Andy Reid,PHI,go_clear_went,10.0
coach_season,2012,Andy Reid,PHI,two_point_graded,3.0
coach_season,2012,Andy Reid,PHI,two_point_toss_ups,26.0
coach_season,2012,Andy Reid,PHI,two_point_wp_lost,0.0
coach_season,2012,Andy Reid,PHI,two_point_wrong,0.0
coach_season,2012,Andy Reid,PHI,went,24.0
coach_season,2012,Andy Reid,PHI,wp_lost,0.12959
coach_season,2012,Andy Reid,PHI,wp_lost_per_game,0.008099
coach_season,2012,Bill Belichick,NE,aggressiveness,0.444444
coach_season,2012,Bill Belichick,NE,fourth_graded,32.0
coach_season,2012,Bill Belichick,NE,fourth_toss_ups,86.0
coach_season,2012,Bill Belichick,NE,fourth_wp_lost,0.122239
coach_season,2012,Bill Belichick,NE,fourth_wrong,6.0
coach_season,2012,Bill Belichick,NE,games,18.0
coach_season,2012,Bill Belichick,NE,go_clear,9.0
coach_season,2012,Bill Belichick,NE,go_clear_went,4.0
coach_season,2012,Bill Belichick,NE,two_point_graded,2.0
coach_season,2012,Bill Belichick,NE,two_point_toss_ups,71.0
coach_season,2012,Bill Belichick,NE,two_point_wp_lost,0.0
coach_season,2012,Bill Belichick,NE,two_point_wrong,0.0
coach_season,2012,Bill Belichick,NE,went,14.0
coach_season,2012,Bill Belichick,NE,wp_lost,0.122239
coach_season,2012,Bill Belichick,NE,wp_lost_per_game,0.006791
coach_season,2012,Chan Gailey,BUF,aggressiveness,0.181818
coach_season,2012,Chan Gailey,BUF,fourth_graded,37.0
coach_season,2012,Chan Gailey,BUF,fourth_toss_ups,69.0
coach_season,2012,Chan Gailey,BUF,fourth_wp_lost,0.221169
coach_season,2012,Chan Gailey,BUF,fourth_wrong,10.0
coach_season,2012,Chan Gailey,BUF,games,16.0
coach_season,2012,Chan Gailey,BUF,go_clear,11.0
coach_season,2012,Chan Gailey,BUF,go_clear_went,2.0
coach_season,2012,Chan Gailey,BUF,two_point_graded,1.0
coach_season,2012,Chan Gailey,BUF,two_point_toss_ups,39.0
coach_season,2012,Chan Gailey,BUF,two_point_wp_lost,0.0
coach_season,2012,Chan Gailey,BUF,two_point_wrong,0.0
coach_season,2012,Chan Gailey,BUF,went,8.0
coach_season,2012,Chan Gailey,BUF,wp_lost,0.221169
coach_season,2012,Chan Gailey,BUF,wp_lost_per_game,0.013823
coach_season,2012,Chuck Pagano,IND,aggressiveness,0.272727
coach_season,2012,Chuck Pagano,IND,fourth_graded,44.0
coach_season,2012,Chuck Pagano,IND,fourth_toss_ups,72.0
coach_season,2012,Chuck Pagano,IND,fourth_wp_lost,0.19878
coach_season,2012,Chuck Pagano,IND,fourth_wrong,8.0
coach_season,2012,Chuck Pagano,IND,games,17.0
coach_season,2012,Chuck Pagano,IND,go_clear,11.0
coach_season,2012,Chuck Pagano,IND,go_clear_went,3.0
coach_season,2012,Chuck Pagano,IND,two_point_graded,2.0
coach_season,2012,Chuck Pagano,IND,two_point_toss_ups,37.0
coach_season,2012,Chuck Pagano,IND,two_point_wp_lost,0.0
coach_season,2012,Chuck Pagano,IND,two_point_wrong,0.0
coach_season,2012,Chuck Pagano,IND,went,9.0
coach_season,2012,Chuck Pagano,IND,wp_lost,0.19878
coach_season,2012,Chuck Pagano,IND,wp_lost_per_game,0.011693
coach_season,2012,Dennis Allen,LV,aggressiveness,0.3
coach_season,2012,Dennis Allen,LV,fourth_graded,26.0
coach_season,2012,Dennis Allen,LV,fourth_toss_ups,97.0
coach_season,2012,Dennis Allen,LV,fourth_wp_lost,0.135245
coach_season,2012,Dennis Allen,LV,fourth_wrong,7.0
coach_season,2012,Dennis Allen,LV,games,16.0
coach_season,2012,Dennis Allen,LV,go_clear,10.0
coach_season,2012,Dennis Allen,LV,go_clear_went,3.0
coach_season,2012,Dennis Allen,LV,two_point_graded,3.0
coach_season,2012,Dennis Allen,LV,two_point_toss_ups,25.0
coach_season,2012,Dennis Allen,LV,two_point_wp_lost,0.018489
coach_season,2012,Dennis Allen,LV,two_point_wrong,1.0
coach_season,2012,Dennis Allen,LV,went,13.0
coach_season,2012,Dennis Allen,LV,wp_lost,0.153734
coach_season,2012,Dennis Allen,LV,wp_lost_per_game,0.009608
coach_season,2012,Gary Kubiak,HOU,aggressiveness,0.3
coach_season,2012,Gary Kubiak,HOU,fourth_graded,38.0
coach_season,2012,Gary Kubiak,HOU,fourth_toss_ups,106.0
coach_season,2012,Gary Kubiak,HOU,fourth_wp_lost,0.201984
coach_season,2012,Gary Kubiak,HOU,fourth_wrong,7.0
coach_season,2012,Gary Kubiak,HOU,games,18.0
coach_season,2012,Gary Kubiak,HOU,go_clear,10.0
coach_season,2012,Gary Kubiak,HOU,go_clear_went,3.0
coach_season,2012,Gary Kubiak,HOU,two_point_graded,2.0
coach_season,2012,Gary Kubiak,HOU,two_point_toss_ups,47.0
coach_season,2012,Gary Kubiak,HOU,two_point_wp_lost,0.0
coach_season,2012,Gary Kubiak,HOU,two_point_wrong,0.0
coach_season,2012,Gary Kubiak,HOU,went,11.0
coach_season,2012,Gary Kubiak,HOU,wp_lost,0.201984
coach_season,2012,Gary Kubiak,HOU,wp_lost_per_game,0.011221
coach_season,2012,Greg Schiano,TB,aggressiveness,0.4
coach_season,2012,Greg Schiano,TB,fourth_graded,51.0
coach_season,2012,Greg Schiano,TB,fourth_toss_ups,74.0
coach_season,2012,Greg Schiano,TB,fourth_wp_lost,0.194707
coach_season,2012,Greg Schiano,TB,fourth_wrong,9.0
coach_season,2012,Greg Schiano,TB,games,16.0
coach_season,2012,Greg Schiano,TB,go_clear,15.0
coach_season,2012,Greg Schiano,TB,go_clear_went,6.0
coach_season,2012,Greg Schiano,TB,two_point_graded,2.0
coach_season,2012,Greg Schiano,TB,two_point_toss_ups,41.0
coach_season,2012,Greg Schiano,TB,two_point_wp_lost,0.0
coach_season,2012,Greg Schiano,TB,two_point_wrong,0.0
coach_season,2012,Greg Schiano,TB,went,16.0
coach_season,2012,Greg Schiano,TB,wp_lost,0.194707
coach_season,2012,Greg Schiano,TB,wp_lost_per_game,0.012169
coach_season,2012,Jason Garrett,DAL,aggressiveness,0.380952
coach_season,2012,Jason Garrett,DAL,fourth_graded,50.0
coach_season,2012,Jason Garrett,DAL,fourth_toss_ups,55.0
coach_season,2012,Jason Garrett,DAL,fourth_wp_lost,0.382792
coach_season,2012,Jason Garrett,DAL,fourth_wrong,13.0
coach_season,2012,Jason Garrett,DAL,games,16.0
coach_season,2012,Jason Garrett,DAL,go_clear,21.0
coach_season,2012,Jason Garrett,DAL,go_clear_went,8.0
coach_season,2012,Jason Garrett,DAL,two_point_graded,4.0
coach_season,2012,Jason Garrett,DAL,two_point_toss_ups,37.0
coach_season,2012,Jason Garrett,DAL,two_point_wp_lost,0.0
coach_season,2012,Jason Garrett,DAL,two_point_wrong,0.0
coach_season,2012,Jason Garrett,DAL,went,10.0
coach_season,2012,Jason Garrett,DAL,wp_lost,0.382792
coach_season,2012,Jason Garrett,DAL,wp_lost_per_game,0.023924
coach_season,2012,Jeff Fisher,LA,aggressiveness,0.470588
coach_season,2012,Jeff Fisher,LA,fourth_graded,54.0
coach_season,2012,Jeff Fisher,LA,fourth_toss_ups,76.0
coach_season,2012,Jeff Fisher,LA,fourth_wp_lost,0.392291
coach_season,2012,Jeff Fisher,LA,fourth_wrong,10.0
coach_season,2012,Jeff Fisher,LA,games,16.0
coach_season,2012,Jeff Fisher,LA,go_clear,17.0
coach_season,2012,Jeff Fisher,LA,go_clear_went,8.0
coach_season,2012,Jeff Fisher,LA,two_point_graded,2.0
coach_season,2012,Jeff Fisher,LA,two_point_toss_ups,30.0
coach_season,2012,Jeff Fisher,LA,two_point_wp_lost,0.024204
coach_season,2012,Jeff Fisher,LA,two_point_wrong,1.0
coach_season,2012,Jeff Fisher,LA,went,24.0
coach_season,2012,Jeff Fisher,LA,wp_lost,0.416495
coach_season,2012,Jeff Fisher,LA,wp_lost_per_game,0.026031
coach_season,2012,Jim Harbaugh,SF,aggressiveness,0.25
coach_season,2012,Jim Harbaugh,SF,fourth_graded,39.0
coach_season,2012,Jim Harbaugh,SF,fourth_toss_ups,87.0
coach_season,2012,Jim Harbaugh,SF,fourth_wp_lost,0.189958
coach_season,2012,Jim Harbaugh,SF,fourth_wrong,9.0
coach_season,2012,Jim Harbaugh,SF,games,19.0
coach_season,2012,Jim Harbaugh,SF,go_clear,12.0
coach_season,2012,Jim Harbaugh,SF,go_clear_went,3.0
coach_season,2012,Jim Harbaugh,SF,two_point_graded,2.0
coach_season,2012,Jim Harbaugh,SF,two_point_toss_ups,55.0
coach_season,2012,Jim Harbaugh,SF,two_point_wp_lost,0.0
coach_season,2012,Jim Harbaugh,SF,two_point_wrong,0.0
coach_season,2012,Jim Harbaugh,SF,went,11.0
coach_season,2012,Jim Harbaugh,SF,wp_lost,0.189958
coach_season,2012,Jim Harbaugh,SF,wp_lost_per_game,0.009998
coach_season,2012,Jim Schwartz,DET,aggressiveness,0.333333
coach_season,2012,Jim Schwartz,DET,fourth_graded,37.0
coach_season,2012,Jim Schwartz,DET,fourth_toss_ups,85.0
coach_season,2012,Jim Schwartz,DET,fourth_wp_lost,0.309667
coach_season,2012,Jim Schwartz,DET,fourth_wrong,12.0
coach_season,2012,Jim Schwartz,DET,games,16.0
coach_season,2012,Jim Schwartz,DET,go_clear,15.0
coach_season,2012,Jim Schwartz,DET,go_clear_went,5.0
coach_season,2012,Jim Schwartz,DET,two_point_graded,4.0
coach_season,2012,Jim Schwartz,DET,two_point_toss_ups,35.0
coach_season,2012,Jim Schwartz,DET,two_point_wp_lost,0.033319
coach_season,2012,Jim Schwartz,DET,two_point_wrong,2.0
coach_season,2012,Jim Schwartz,DET,went,14.0
coach_season,2012,Jim Schwartz,DET,wp_lost,0.342986
coach_season,2012,Jim Schwartz,DET,wp_lost_per_game,0.021437
coach_season,2012,Joe Philbin,MIA,aggressiveness,0.2
coach_season,2012,Joe Philbin,MIA,fourth_graded,40.0
coach_season,2012,Joe Philbin,MIA,fourth_toss_ups,77.0
coach_season,2012,Joe Philbin,MIA,fourth_wp_lost,0.26459
coach_season,2012,Joe Philbin,MIA,fourth_wrong,12.0
coach_season,2012,Joe Philbin,MIA,games,16.0
coach_season,2012,Joe Philbin,MIA,go_clear,15.0
coach_season,2012,Joe Philbin,MIA,go_clear_went,3.0
coach_season,2012,Joe Philbin,MIA,two_point_graded,1.0
coach_season,2012,Joe Philbin,MIA,two_point_toss_ups,30.0
coach_season,2012,Joe Philbin,MIA,two_point_wp_lost,0.017522
coach_season,2012,Joe Philbin,MIA,two_point_wrong,1.0
coach_season,2012,Joe Philbin,MIA,went,14.0
coach_season,2012,Joe Philbin,MIA,wp_lost,0.282112
coach_season,2012,Joe Philbin,MIA,wp_lost_per_game,0.017632
coach_season,2012,Joe Vitt,NO,aggressiveness,0.333333
coach_season,2012,Joe Vitt,NO,fourth_graded,17.0
coach_season,2012,Joe Vitt,NO,fourth_toss_ups,51.0
coach_season,2012,Joe Vitt,NO,fourth_wp_lost,0.068507
coach_season,2012,Joe Vitt,NO,fourth_wrong,4.0
coach_season,2012,Joe Vitt,NO,games,10.0
coach_season,2012,Joe Vitt,NO,go_clear,6.0
coach_season,2012,Joe Vitt,NO,go_clear_went,2.0
coach_season,2012,Joe Vitt,NO,two_point_graded,0.0
coach_season,2012,Joe Vitt,NO,two_point_toss_ups,36.0
coach_season,2012,Joe Vitt,NO,two_point_wp_lost,0.0
coach_season,2012,Joe Vitt,NO,two_point_wrong,0.0
coach_season,2012,Joe Vitt,NO,went,9.0
coach_season,2012,Joe Vitt,NO,wp_lost,0.068507
coach_season,2012,Joe Vitt,NO,wp_lost_per_game,0.006851
coach_season,2012,John Fox,DEN,aggressiveness,0.307692
coach_season,2012,John Fox,DEN,fourth_graded,28.0
coach_season,2012,John Fox,DEN,fourth_toss_ups,80.0
coach_season,2012,John Fox,DEN,fourth_wp_lost,0.212842
coach_season,2012,John Fox,DEN,fourth_wrong,9.0
coach_season,2012,John Fox,DEN,games,17.0
coach_season,2012,John Fox,DEN,go_clear,13.0
coach_season,2012,John Fox,DEN,go_clear_went,4.0
coach_season,2012,John Fox,DEN,two_point_graded,1.0
coach_season,2012,John Fox,DEN,two_point_toss_ups,61.0
coach_season,2012,John Fox,DEN,two_point_wp_lost,0.0
coach_season,2012,John Fox,DEN,two_point_wrong,0.0
coach_season,2012,John Fox,DEN,went,6.0
coach_season,2012,John Fox,DEN,wp_lost,0.212842
coach_season,2012,John Fox,DEN,wp_lost_per_game,0.01252
coach_season,2012,John Harbaugh,BAL,aggressiveness,0.25
coach_season,2012,John Harbaugh,BAL,fourth_graded,54.0
coach_season,2012,John Harbaugh,BAL,fourth_toss_ups,101.0
coach_season,2012,John Harbaugh,BAL,fourth_wp_lost,0.377143
coach_season,2012,John Harbaugh,BAL,fourth_wrong,14.0
coach_season,2012,John Harbaugh,BAL,games,20.0
coach_season,2012,John Harbaugh,BAL,go_clear,16.0
coach_season,2012,John Harbaugh,BAL,go_clear_went,4.0
coach_season,2012,John Harbaugh,BAL,two_point_graded,3.0
coach_season,2012,John Harbaugh,BAL,two_point_toss_ups,56.0
coach_season,2012,John Harbaugh,BAL,two_point_wp_lost,0.019155
coach_season,2012,John Harbaugh,BAL,two_point_wrong,1.0
coach_season,2012,John Harbaugh,BAL,went,16.0
coach_season,2012,John Harbaugh,BAL,wp_lost,0.396298
coach_season,2012,John Harbaugh,BAL,wp_lost_per_game,0.019815
coach_season,2012,Ken Whisenhunt,ARI,aggressiveness,0.5
coach_season,2012,Ken Whisenhunt,ARI,fourth_graded,48.0
coach_season,2012,Ken Whisenhunt,ARI,fourth_toss_ups,110.0
coach_season,2012,Ken Whisenhunt,ARI,fourth_wp_lost,0.16439
coach_season,2012,Ken Whisenhunt,ARI,fourth_wrong,6.0
coach_season,2012,Ken Whisenhunt,ARI,games,16.0
coach_season,2012,Ken Whisenhunt,ARI,go_clear,10.0
coach_season,2012,Ken Whisenhunt,ARI,go_clear_went,5.0
coach_season,2012,Ken Whisenhunt,ARI,two_point_graded,2.0
coach_season,2012,Ken Whisenhunt,ARI,two_point_toss_ups,23.0
coach_season,2012,Ken Whisenhunt,ARI,two_point_wp_lost,0.021654
coach_season,2012,Ken Whisenhunt,ARI,two_point_wrong,1.0
coach_season,2012,Ken Whisenhunt,ARI,went,22.0
coach_season,2012,Ken Whisenhunt,ARI,wp_lost,0.186044
coach_season,2012,Ken Whisenhunt,ARI,wp_lost_per_game,0.011628
coach_season,2012,Leslie Frazier,MIN,aggressiveness,0.25
coach_season,2012,Leslie Frazier,MIN,fourth_graded,37.0
coach_season,2012,Leslie Frazier,MIN,fourth_toss_ups,87.0
coach_season,2012,Leslie Frazier,MIN,fourth_wp_lost,0.178803
coach_season,2012,Leslie Frazier,MIN,fourth_wrong,9.0
coach_season,2012,Leslie Frazier,MIN,games,17.0
coach_season,2012,Leslie Frazier,MIN,go_clear,12.0
coach_season,2012,Leslie Frazier,MIN,go_clear_went,3.0
coach_season,2012,Leslie Frazier,MIN,two_point_graded,1.0
coach_season,2012,Leslie Frazier,MIN,two_point_toss_ups,39.0
coach_season,2012,Leslie Frazier,MIN,two_point_wp_lost,0.0
coach_season,2012,Leslie Frazier,MIN,two_point_wrong,0.0
coach_season,2012,Leslie Frazier,MIN,went,12.0
coach_season,2012,Leslie Frazier,MIN,wp_lost,0.178803
coach_season,2012,Leslie Frazier,MIN,wp_lost_per_game,0.010518
coach_season,2012,Lovie Smith,CHI,aggressiveness,0.454545
coach_season,2012,Lovie Smith,CHI,fourth_graded,29.0
coach_season,2012,Lovie Smith,CHI,fourth_toss_ups,95.0
coach_season,2012,Lovie Smith,CHI,fourth_wp_lost,0.152194
coach_season,2012,Lovie Smith,CHI,fourth_wrong,7.0
coach_season,2012,Lovie Smith,CHI,games,16.0
coach_season,2012,Lovie Smith,CHI,go_clear,11.0
coach_season,2012,Lovie Smith,CHI,go_clear_went,5.0
coach_season,2012,Lovie Smith,CHI,two_point_graded,0.0
coach_season,2012,Lovie Smith,CHI,two_point_toss_ups,42.0
coach_season,2012,Lovie Smith,CHI,two_point_wp_lost,0.0
coach_season,2012,Lovie Smith,CHI,two_point_wrong,0.0
coach_season,2012,Lovie Smith,CHI,went,13.0
coach_season,2012,Lovie Smith,CHI,wp_lost,0.152194
coach_season,2012,Lovie Smith,CHI,wp_lost_per_game,0.009512
coach_season,2012,Marvin Lewis,CIN,aggressiveness,0.357143
coach_season,2012,Marvin Lewis,CIN,fourth_graded,44.0
coach_season,2012,Marvin Lewis,CIN,fourth_toss_ups,89.0
coach_season,2012,Marvin Lewis,CIN,fourth_wp_lost,0.414651
coach_season,2012,Marvin Lewis,CIN,fourth_wrong,11.0
coach_season,2012,Marvin Lewis,CIN,games,17.0
coach_season,2012,Marvin Lewis,CIN,go_clear,14.0
coach_season,2012,Marvin Lewis,CIN,go_clear_went,5.0
coach_season,2012,Marvin Lewis,CIN,two_point_graded,0.0
coach_season,2012,Marvin Lewis,CIN,two_point_toss_ups,44.0
coach_season,2012,Marvin Lewis,CIN,two_point_wp_lost,0.0
coach_season,2012,Marvin Lewis,CIN,two_point_wrong,0.0
coach_season,2012,Marvin Lewis,CIN,went,18.0
coach_season,2012,Marvin Lewis,CIN,wp_lost,0.414651
coach_season,2012,Marvin Lewis,CIN,wp_lost_per_game,0.024391
coach_season,2012,Mike McCarthy,GB,aggressiveness,0.263158
coach_season,2012,Mike McCarthy,GB,fourth_graded,40.0
coach_season,2012,Mike McCarthy,GB,fourth_toss_ups,87.0
coach_season,2012,Mike McCarthy,GB,fourth_wp_lost,0.374395
coach_season,2012,Mike McCarthy,GB,fourth_wrong,15.0
coach_season,2012,Mike McCarthy,GB,games,18.0
coach_season,2012,Mike McCarthy,GB,go_clear,19.0
coach_season,2012,Mike McCarthy,GB,go_clear_went,5.0
coach_season,2012,Mike McCarthy,GB,two_point_graded,2.0
coach_season,2012,Mike McCarthy,GB,two_point_toss_ups,58.0
coach_season,2012,Mike McCarthy,GB,two_point_wp_lost,0.022776
coach_season,2012,Mike McCarthy,GB,two_point_wrong,1.0
coach_season,2012,Mike McCarthy,GB,went,15.0
coach_season,2012,Mike McCarthy,GB,wp_lost,0.397171
coach_season,2012,Mike McCarthy,GB,wp_lost_per_game,0.022065
coach_season,2012,Mike Mularkey,JAX,aggressiveness,0.444444
coach_season,2012,Mike Mularkey,JAX,fourth_graded,46.0
coach_season,2012,Mike Mularkey,JAX,fourth_toss_ups,98.0
coach_season,2012,Mike Mularkey,JAX,fourth_wp_lost,0.339799
coach_season,2012,Mike Mularkey,JAX,fourth_wrong,10.0
coach_season,2012,Mike Mularkey,JAX,games,16.0
coach_season,2012,Mike Mularkey,JAX,go_clear,18.0
coach_season,2012,Mike Mularkey,JAX,go_clear_went,8.0
coach_season,2012,Mike Mularkey,JAX,two_point_graded,2.0
coach_season,2012,Mike Mularkey,JAX,two_point_toss_ups,24.0
coach_season,2012,Mike Mularkey,JAX,two_point_wp_lost,0.039205
coach_season,2012,Mike Mularkey,JAX,two_point_wrong,2.0
coach_season,2012,Mike Mularkey,JAX,went,25.0
coach_season,2012,Mike Mularkey,JAX,wp_lost,0.379004
coach_season,2012,Mike Mularkey,JAX,wp_lost_per_game,0.023688
coach_season,2012,Mike Munchak,TEN,aggressiveness,0.454545
coach_season,2012,Mike Munchak,TEN,fourth_graded,37.0
coach_season,2012,Mike Munchak,TEN,fourth_toss_ups,88.0
coach_season,2012,Mike Munchak,TEN,fourth_wp_lost,0.123491
coach_season,2012,Mike Munchak,TEN,fourth_wrong,6.0
coach_season,2012,Mike Munchak,TEN,games,16.0
coach_season,2012,Mike Munchak,TEN,go_clear,11.0
coach_season,2012,Mike Munchak,TEN,go_clear_went,5.0
coach_season,2012,Mike Munchak,TEN,two_point_graded,3.0
coach_season,2012,Mike Munchak,TEN,two_point_toss_ups,33.0
coach_season,2012,Mike Munchak,TEN,two_point_wp_lost,0.026141
coach_season,2012,Mike Munchak,TEN,two_point_wrong,1.0
coach_season,2012,Mike Munchak,TEN,went,15.0
coach_season,2012,Mike Munchak,TEN,wp_lost,0.149632
coach_season,2012,Mike Munchak,TEN,wp_lost_per_game,0.009352
coach_season,2012,Mike Shanahan,WAS,aggressiveness,0.529412
coach_season,2012,Mike Shanahan,WAS,fourth_graded,46.0
coach_season,2012,Mike Shanahan,WAS,fourth_toss_ups,73.0
coach_season,2012,Mike Shanahan,WAS,fourth_wp_lost,0.168923
coach_season,2012,Mike Shanahan,WAS,fourth_wrong,8.0
coach_season,2012,Mike Shanahan,WAS,games,17.0
coach_season,2012,Mike Shanahan,WAS,go_clear,17.0
coach_season,2012,Mike Shanahan,WAS,go_clear_went,9.0
coach_season,2012,Mike Shanahan,WAS,two_point_graded,2.0
coach_season,2012,Mike Shanahan,WAS,two_point_toss_ups,52.0
coach_season,2012,Mike Shanahan,WAS,two_point_wp_lost,0.022887
coach_season,2012,Mike Shanahan,WAS,two_point_wrong,1.0
coach_season,2012,Mike Shanahan,WAS,went,19.0
coach_season,2012,Mike Shanahan,WAS,wp_lost,0.19181
coach_season,2012,Mike Shanahan,WAS,wp_lost_per_game,0.011283
coach_season,2012,Mike Smith,ATL,aggressiveness,0.2
coach_season,2012,Mike Smith,ATL,fourth_graded,46.0
coach_season,2012,Mike Smith,ATL,fourth_toss_ups,63.0
coach_season,2012,Mike Smith,ATL,fourth_wp_lost,0.324323
coach_season,2012,Mike Smith,ATL,fourth_wrong,12.0
coach_season,2012,Mike Smith,ATL,games,18.0
coach_season,2012,Mike Smith,ATL,go_clear,15.0
coach_season,2012,Mike Smith,ATL,go_clear_went,3.0
coach_season,2012,Mike Smith,ATL,two_point_graded,2.0
coach_season,2012,Mike Smith,ATL,two_point_toss_ups,50.0
coach_season,2012,Mike Smith,ATL,two_point_wp_lost,0.0
coach_season,2012,Mike Smith,ATL,two_point_wrong,0.0
coach_season,2012,Mike Smith,ATL,went,8.0
coach_season,2012,Mike Smith,ATL,wp_lost,0.324323
coach_season,2012,Mike Smith,ATL,wp_lost_per_game,0.018018
coach_season,2012,Mike Tomlin,PIT,aggressiveness,0.428571
coach_season,2012,Mike Tomlin,PIT,fourth_graded,46.0
coach_season,2012,Mike Tomlin,PIT,fourth_toss_ups,69.0
coach_season,2012,Mike Tomlin,PIT,fourth_wp_lost,0.286282
coach_season,2012,Mike Tomlin,PIT,fourth_wrong,12.0
coach_season,2012,Mike Tomlin,PIT,games,16.0
coach_season,2012,Mike Tomlin,PIT,go_clear,21.0
coach_season,2012,Mike Tomlin,PIT,go_clear_went,9.0
coach_season,2012,Mike Tomlin,PIT,two_point_graded,1.0
coach_season,2012,Mike Tomlin,PIT,two_point_toss_ups,35.0
coach_season,2012,Mike Tomlin,PIT,two_point_wp_lost,0.025594
coach_season,2012,Mike Tomlin,PIT,two_point_wrong,1.0
coach_season,2012,Mike Tomlin,PIT,went,12.0
coach_season,2012,Mike Tomlin,PIT,wp_lost,0.311876
coach_season,2012,Mike Tomlin,PIT,wp_lost_per_game,0.019492
coach_season,2012,Norv Turner,LAC,aggressiveness,0.384615
coach_season,2012,Norv Turner,LAC,fourth_graded,41.0
coach_season,2012,Norv Turner,LAC,fourth_toss_ups,77.0
coach_season,2012,Norv Turner,LAC,fourth_wp_lost,0.169454
coach_season,2012,Norv Turner,LAC,fourth_wrong,8.0
coach_season,2012,Norv Turner,LAC,games,16.0
coach_season,2012,Norv Turner,LAC,go_clear,13.0
coach_season,2012,Norv Turner,LAC,go_clear_went,5.0
coach_season,2012,Norv Turner,LAC,two_point_graded,0.0
coach_season,2012,Norv Turner,LAC,two_point_toss_ups,39.0
coach_season,2012,Norv Turner,LAC,two_point_wp_lost,0.0
coach_season,2012,Norv Turner,LAC,two_point_wrong,0.0
coach_season,2012,Norv Turner,LAC,went,11.0
coach_season,2012,Norv Turner,LAC,wp_lost,0.169454
coach_season,2012,Norv Turner,LAC,wp_lost_per_game,0.010591
coach_season,2012,Pat Shurmur,CLE,aggressiveness,0.375
coach_season,2012,Pat Shurmur,CLE,fourth_graded,46.0
coach_season,2012,Pat Shurmur,CLE,fourth_toss_ups,89.0
coach_season,2012,Pat Shurmur,CLE,fourth_wp_lost,0.271227
coach_season,2012,Pat Shurmur,CLE,fourth_wrong,10.0
coach_season,2012,Pat Shurmur,CLE,games,16.0
coach_season,2012,Pat Shurmur,CLE,go_clear,16.0
coach_season,2012,Pat Shurmur,CLE,go_clear_went,6.0
coach_season,2012,Pat Shurmur,CLE,two_point_graded,1.0
coach_season,2012,Pat Shurmur,CLE,two_point_toss_ups,29.0
coach_season,2012,Pat Shurmur,CLE,two_point_wp_lost,0.0
coach_season,2012,Pat Shurmur,CLE,two_point_wrong,0.0
coach_season,2012,Pat Shurmur,CLE,went,15.0
coach_season,2012,Pat Shurmur,CLE,wp_lost,0.271227
coach_season,2012,Pat Shurmur,CLE,wp_lost_per_game,0.016952
coach_season,2012,Pete Carroll,SEA,aggressiveness,0.35
coach_season,2012,Pete Carroll,SEA,fourth_graded,42.0
coach_season,2012,Pete Carroll,SEA,fourth_toss_ups,75.0
coach_season,2012,Pete Carroll,SEA,fourth_wp_lost,0.369614
coach_season,2012,Pete Carroll,SEA,fourth_wrong,14.0
coach_season,2012,Pete Carroll,SEA,games,18.0
coach_season,2012,Pete Carroll,SEA,go_clear,20.0
coach_season,2012,Pete Carroll,SEA,go_clear_went,7.0
coach_season,2012,Pete Carroll,SEA,two_point_graded,5.0
coach_season,2012,Pete Carroll,SEA,two_point_toss_ups,49.0
coach_season,2012,Pete Carroll,SEA,two_point_wp_lost,0.034952
coach_season,2012,Pete Carroll,SEA,two_point_wrong,1.0
coach_season,2012,Pete Carroll,SEA,went,19.0
coach_season,2012,Pete Carroll,SEA,wp_lost,0.404565
coach_season,2012,Pete Carroll,SEA,wp_lost_per_game,0.022476
coach_season,2012,Rex Ryan,NYJ,aggressiveness,0.153846
coach_season,2012,Rex Ryan,NYJ,fourth_graded,29.0
coach_season,2012,Rex Ryan,NYJ,fourth_toss_ups,95.0
coach_season,2012,Rex Ryan,NYJ,fourth_wp_lost,0.281281
coach_season,2012,Rex Ryan,NYJ,fourth_wrong,11.0
coach_season,2012,Rex Ryan,NYJ,games,16.0
coach_season,2012,Rex Ryan,NYJ,go_clear,13.0
coach_season,2012,Rex Ryan,NYJ,go_clear_went,2.0
coach_season,2012,Rex Ryan,NYJ,two_point_graded,0.0
coach_season,2012,Rex Ryan,NYJ,two_point_toss_ups,31.0
coach_season,2012,Rex Ryan,NYJ,two_point_wp_lost,0.0
coach_season,2012,Rex Ryan,NYJ,two_point_wrong,0.0
coach_season,2012,Rex Ryan,NYJ,went,14.0
coach_season,2012,Rex Ryan,NYJ,wp_lost,0.281281
coach_season,2012,Rex Ryan,NYJ,wp_lost_per_game,0.01758
coach_season,2012,Romeo Crennel,KC,aggressiveness,0.454545
coach_season,2012,Romeo Crennel,KC,fourth_graded,24.0
coach_season,2012,Romeo Crennel,KC,fourth_toss_ups,103.0
coach_season,2012,Romeo Crennel,KC,fourth_wp_lost,0.181057
coach_season,2012,Romeo Crennel,KC,fourth_wrong,7.0
coach_season,2012,Romeo Crennel,KC,games,16.0
coach_season,2012,Romeo Crennel,KC,go_clear,11.0
coach_season,2012,Romeo Crennel,KC,go_clear_went,5.0
coach_season,2012,Romeo Crennel,KC,two_point_graded,0.0
coach_season,2012,Romeo Crennel,KC,two_point_toss_ups,18.0
coach_season,2012,Romeo Crennel,KC,two_point_wp_lost,0.0
coach_season,2012,Romeo Crennel,KC,two_point_wrong,0.0
coach_season,2012,Romeo Crennel,KC,went,14.0
coach_season,2012,Romeo Crennel,KC,wp_lost,0.181057
coach_season,2012,Romeo Crennel,KC,wp_lost_per_game,0.011316
coach_season,2012,Ron Rivera,CAR,aggressiveness,0.416667
coach_season,2012,Ron Rivera,CAR,fourth_graded,36.0
coach_season,2012,Ron Rivera,CAR,fourth_toss_ups,66.0
coach_season,2012,Ron Rivera,CAR,fourth_wp_lost,0.168893
coach_season,2012,Ron Rivera,CAR,fourth_wrong,7.0
coach_season,2012,Ron Rivera,CAR,games,16.0
coach_season,2012,Ron Rivera,CAR,go_clear,12.0
coach_season,2012,Ron Rivera,CAR,go_clear_went,5.0
coach_season,2012,Ron Rivera,CAR,two_point_graded,0.0
coach_season,2012,Ron Rivera,CAR,two_point_toss_ups,44.0
coach_season,2012,Ron Rivera,CAR,two_point_wp_lost,0.0
coach_season,2012,Ron Rivera,CAR,two_point_wrong,0.0
coach_season,2012,Ron Rivera,CAR,went,7.0
coach_season,2012,Ron Rivera,CAR,wp_lost,0.168893
coach_season,2012,Ron Rivera,CAR,wp_lost_per_game,0.010556
coach_season,2012,Tom Coughlin,NYG,aggressiveness,0.285714
coach_season,2012,Tom Coughlin,NYG,fourth_graded,27.0
coach_season,2012,Tom Coughlin,NYG,fourth_toss_ups,75.0
coach_season,2012,Tom Coughlin,NYG,fourth_wp_lost,0.13026
coach_season,2012,Tom Coughlin,NYG,fourth_wrong,5.0
coach_season,2012,Tom Coughlin,NYG,games,16.0
coach_season,2012,Tom Coughlin,NYG,go_clear,7.0
coach_season,2012,Tom Coughlin,NYG,go_clear_went,2.0
coach_season,2012,Tom Coughlin,NYG,two_point_graded,1.0
coach_season,2012,Tom Coughlin,NYG,two_point_toss_ups,46.0
coach_season,2012,Tom Coughlin,NYG,two_point_wp_lost,0.0
coach_season,2012,Tom Coughlin,NYG,two_point_wrong,0.0
coach_season,2012,Tom Coughlin,NYG,went,10.0
coach_season,2012,Tom Coughlin,NYG,wp_lost,0.13026
coach_season,2012,Tom Coughlin,NYG,wp_lost_per_game,0.008141
coach_season,2013,Andy Reid,KC,aggressiveness,0.307692
coach_season,2013,Andy Reid,KC,fourth_graded,49.0
coach_season,2013,Andy Reid,KC,fourth_toss_ups,82.0
coach_season,2013,Andy Reid,KC,fourth_wp_lost,0.273251
coach_season,2013,Andy Reid,KC,fourth_wrong,10.0
coach_season,2013,Andy Reid,KC,games,17.0
coach_season,2013,Andy Reid,KC,go_clear,13.0
coach_season,2013,Andy Reid,KC,go_clear_went,4.0
coach_season,2013,Andy Reid,KC,two_point_graded,2.0
coach_season,2013,Andy Reid,KC,two_point_toss_ups,55.0
coach_season,2013,Andy Reid,KC,two_point_wp_lost,0.0
coach_season,2013,Andy Reid,KC,two_point_wrong,0.0
coach_season,2013,Andy Reid,KC,went,11.0
coach_season,2013,Andy Reid,KC,wp_lost,0.273251
coach_season,2013,Andy Reid,KC,wp_lost_per_game,0.016074
coach_season,2013,Bill Belichick,NE,aggressiveness,0.571429
coach_season,2013,Bill Belichick,NE,fourth_graded,42.0
coach_season,2013,Bill Belichick,NE,fourth_toss_ups,93.0
coach_season,2013,Bill Belichick,NE,fourth_wp_lost,0.181802
coach_season,2013,Bill Belichick,NE,fourth_wrong,4.0
coach_season,2013,Bill Belichick,NE,games,18.0
coach_season,2013,Bill Belichick,NE,go_clear,7.0
coach_season,2013,Bill Belichick,NE,go_clear_went,4.0
coach_season,2013,Bill Belichick,NE,two_point_graded,1.0
coach_season,2013,Bill Belichick,NE,two_point_toss_ups,53.0
coach_season,2013,Bill Belichick,NE,two_point_wp_lost,0.0
coach_season,2013,Bill Belichick,NE,two_point_wrong,0.0
coach_season,2013,Bill Belichick,NE,went,13.0
coach_season,2013,Bill Belichick,NE,wp_lost,0.181802
coach_season,2013,Bill Belichick,NE,wp_lost_per_game,0.0101
coach_season,2013,Bruce Arians,ARI,aggressiveness,0.285714
coach_season,2013,Bruce Arians,ARI,fourth_graded,31.0
coach_season,2013,Bruce Arians,ARI,fourth_toss_ups,89.0
coach_season,2013,Bruce Arians,ARI,fourth_wp_lost,0.196748
coach_season,2013,Bruce Arians,ARI,fourth_wrong,10.0
coach_season,2013,Bruce Arians,ARI,games,16.0
coach_season,2013,Bruce Arians,ARI,go_clear,14.0
coach_season,2013,Bruce Arians,ARI,go_clear_went,4.0
coach_season,2013,Bruce Arians,ARI,two_point_graded,2.0
coach_season,2013,Bruce Arians,ARI,two_point_toss_ups,39.0
coach_season,2013,Bruce Arians,ARI,two_point_wp_lost,0.020429
coach_season,2013,Bruce Arians,ARI,two_point_wrong,1.0
coach_season,2013,Bruce Arians,ARI,went,9.0
coach_season,2013,Bruce Arians,ARI,wp_lost,0.217177
coach_season,2013,Bruce Arians,ARI,wp_lost_per_game,0.013574
coach_season,2013,Chip Kelly,PHI,aggressiveness,0.714286
coach_season,2013,Chip Kelly,PHI,fourth_graded,38.0
coach_season,2013,Chip Kelly,PHI,fourth_toss_ups,91.0
coach_season,2013,Chip Kelly,PHI,fourth_wp_lost,0.053689
coach_season,2013,Chip Kelly,PHI,fourth_wrong,3.0
coach_season,2013,Chip Kelly,PHI,games,17.0
coach_season,2013,Chip Kelly,PHI,go_clear,7.0
coach_season,2013,Chip Kelly,PHI,go_clear_went,5.0
coach_season,2013,Chip Kelly,PHI,two_point_graded,4.0
coach_season,2013,Chip Kelly,PHI,two_point_toss_ups,52.0
coach_season,2013,Chip Kelly,PHI,two_point_wp_lost,0.0
coach_season,2013,Chip Kelly,PHI,two_point_wrong,0.0
coach_season,2013,Chip Kelly,PHI,went,15.0
coach_season,2013,Chip Kelly,PHI,wp_lost,0.053689
coach_season,2013,Chip Kelly,PHI,wp_lost_per_game,0.003158
coach_season,2013,Chuck Pagano,IND,aggressiveness,0.363636
coach_season,2013,Chuck Pagano,IND,fourth_graded,33.0
coach_season,2013,Chuck Pagano,IND,fourth_toss_ups,101.0
coach_season,2013,Chuck Pagano,IND,fourth_wp_lost,0.161903
coach_season,2013,Chuck Pagano,IND,fourth_wrong,7.0
coach_season,2013,Chuck Pagano,IND,games,18.0
coach_season,2013,Chuck Pagano,IND,go_clear,11.0
coach_season,2013,Chuck Pagano,IND,go_clear_went,4.0
coach_season,2013,Chuck Pagano,IND,two_point_graded,0.0
coach_season,2013,Chuck Pagano,IND,two_point_toss_ups,48.0
coach_season,2013,Chuck Pagano,IND,two_point_wp_lost,0.0
coach_season,2013,Chuck Pagano,IND,two_point_wrong,0.0
coach_season,2013,Chuck Pagano,IND,went,12.0
coach_season,2013,Chuck Pagano,IND,wp_lost,0.161903
coach_season,2013,Chuck Pagano,IND,wp_lost_per_game,0.008995
coach_season,2013,Dennis Allen,LV,aggressiveness,0.285714
coach_season,2013,Dennis Allen,LV,fourth_graded,35.0
coach_season,2013,Dennis Allen,LV,fourth_toss_ups,88.0
coach_season,2013,Dennis Allen,LV,fourth_wp_lost,0.097901
coach_season,2013,Dennis Allen,LV,fourth_wrong,5.0
coach_season,2013,Dennis Allen,LV,games,16.0
coach_season,2013,Dennis Allen,LV,go_clear,7.0
coach_season,2013,Dennis Allen,LV,go_clear_went,2.0
coach_season,2013,Dennis Allen,LV,two_point_graded,0.0
coach_season,2013,Dennis Allen,LV,two_point_toss_ups,37.0
coach_season,2013,Dennis Allen,LV,two_point_wp_lost,0.0
coach_season,2013,Dennis Allen,LV,two_point_wrong,0.0
coach_season,2013,Dennis Allen,LV,went,12.0
coach_season,2013,Dennis Allen,LV,wp_lost,0.097901
coach_season,2013,Dennis Allen,LV,wp_lost_per_game,0.006119
coach_season,2013,Doug Marrone,BUF,aggressiveness,0.263158
coach_season,2013,Doug Marrone,BUF,fourth_graded,48.0
coach_season,2013,Doug Marrone,BUF,fourth_toss_ups,95.0
coach_season,2013,Doug Marrone,BUF,fourth_wp_lost,0.34591
coach_season,2013,Doug Marrone,BUF,fourth_wrong,14.0
coach_season,2013,Doug Marrone,BUF,games,16.0
coach_season,2013,Doug Marrone,BUF,go_clear,19.0
coach_season,2013,Doug Marrone,BUF,go_clear_went,5.0
coach_season,2013,Doug Marrone,BUF,two_point_graded,1.0
coach_season,2013,Doug Marrone,BUF,two_point_toss_ups,33.0
coach_season,2013,Doug Marrone,BUF,two_point_wp_lost,0.0
coach_season,2013,Doug Marrone,BUF,two_point_wrong,0.0
coach_season,2013,Doug Marrone,BUF,went,13.0
coach_season,2013,Doug Marrone,BUF,wp_lost,0.34591
coach_season,2013,Doug Marrone,BUF,wp_lost_per_game,0.021619
coach_season,2013,Gary Kubiak,HOU,aggressiveness,0.352941
coach_season,2013,Gary Kubiak,HOU,fourth_graded,45.0
coach_season,2013,Gary Kubiak,HOU,fourth_toss_ups,62.0
coach_season,2013,Gary Kubiak,HOU,fourth_wp_lost,0.350547
coach_season,2013,Gary Kubiak,HOU,fourth_wrong,11.0
coach_season,2013,Gary Kubiak,HOU,games,13.0
coach_season,2013,Gary Kubiak,HOU,go_clear,17.0
coach_season,2013,Gary Kubiak,HOU,go_clear_went,6.0
coach_season,2013,Gary Kubiak,HOU,two_point_graded,2.0
coach_season,2013,Gary Kubiak,HOU,two_point_toss_ups,23.0
coach_season,2013,Gary Kubiak,HOU,two_point_wp_lost,0.0
coach_season,2013,Gary Kubiak,HOU,two_point_wrong,0.0
coach_season,2013,Gary Kubiak,HOU,went,15.0
coach_season,2013,Gary Kubiak,HOU,wp_lost,0.350547
coach_season,2013,Gary Kubiak,HOU,wp_lost_per_game,0.026965
coach_season,2013,Greg Schiano,TB,aggressiveness,0.5
coach_season,2013,Greg Schiano,TB,fourth_graded,41.0
coach_season,2013,Greg Schiano,TB,fourth_toss_ups,94.0
coach_season,2013,Greg Schiano,TB,fourth_wp_lost,0.103793
coach_season,2013,Greg Schiano,TB,fourth_wrong,4.0
coach_season,2013,Greg Schiano,TB,games,16.0
coach_season,2013,Greg Schiano,TB,go_clear,6.0
coach_season,2013,Greg Schiano,TB,go_clear_went,3.0
coach_season,2013,Greg Schiano,TB,two_point_graded,0.0
coach_season,2013,Greg Schiano,TB,two_point_toss_ups,31.0
coach_season,2013,Greg Schiano,TB,two_point_wp_lost,0.0
coach_season,2013,Greg Schiano,TB,two_point_wrong,0.0
coach_season,2013,Greg Schiano,TB,went,22.0
coach_season,2013,Greg Schiano,TB,wp_lost,0.103793
coach_season,2013,Greg Schiano,TB,wp_lost_per_game,0.006487
coach_season,2013,Gus Bradley,JAX,aggressiveness,0.6
coach_season,2013,Gus Bradley,JAX,fourth_graded,27.0
coach_season,2013,Gus Bradley,JAX,fourth_toss_ups,118.0
coach_season,2013,Gus Bradley,JAX,fourth_wp_lost,0.035207
coach_season,2013,Gus Bradley,JAX,fourth_wrong,2.0
coach_season,2013,Gus Bradley,JAX,games,16.0
coach_season,2013,Gus Bradley,JAX,go_clear,5.0
coach_season,2013,Gus Bradley,JAX,go_clear_went,3.0
coach_season,2013,Gus Bradley,JAX,two_point_graded,2.0
coach_season,2013,Gus Bradley,JAX,two_point_toss_ups,23.0
coach_season,2013,Gus Bradley,JAX,two_point_wp_lost,0.0
coach_season,2013,Gus Bradley,JAX,two_point_wrong,0.0
coach_season,2013,Gus Bradley,JAX,went,29.0
coach_season,2013,Gus Bradley,JAX,wp_lost,0.035207
coach_season,2013,Gus Bradley,JAX,wp_lost_per_game,0.0022
coach_season,2013,Jason Garrett,DAL,aggressiveness,0.333333
coach_season,2013,Jason Garrett,DAL,fourth_graded,49.0
coach_season,2013,Jason Garrett,DAL,fourth_toss_ups,62.0
coach_season,2013,Jason Garrett,DAL,fourth_wp_lost,0.141653
coach_season,2013,Jason Garrett,DAL,fourth_wrong,7.0
coach_season,2013,Jason Garrett,DAL,games,16.0
coach_season,2013,Jason Garrett,DAL,go_clear,9.0
coach_season,2013,Jason Garrett,DAL,go_clear_went,3.0
coach_season,2013,Jason Garrett,DAL,two_point_graded,3.0
coach_season,2013,Jason Garrett,DAL,two_point_toss_ups,48.0
coach_season,2013,Jason Garrett,DAL,two_point_wp_lost,0.015762
coach_season,2013,Jason Garrett,DAL,two_point_wrong,1.0
coach_season,2013,Jason Garrett,DAL,went,6.0
coach_season,2013,Jason Garrett,DAL,wp_lost,0.157415
coach_season,2013,Jason Garrett,DAL,wp_lost_per_game,0.009838
coach_season,2013,Jeff Fisher,LA,aggressiveness,0.2
coach_season,2013,Jeff Fisher,LA,fourth_graded,25.0
coach_season,2013,Jeff Fisher,LA,fourth_toss_ups,97.0
coach_season,2013,Jeff Fisher,LA,fourth_wp_lost,0.109574
coach_season,2013,Jeff Fisher,LA,fourth_wrong,5.0
coach_season,2013,Jeff Fisher,LA,games,16.0
coach_season,2013,Jeff Fisher,LA,go_clear,5.0
coach_season,2013,Jeff Fisher,LA,go_clear_went,1.0
coach_season,2013,Jeff Fisher,LA,two_point_graded,0.0
coach_season,2013,Jeff Fisher,LA,two_point_toss_ups,38.0
coach_season,2013,Jeff Fisher,LA,two_point_wp_lost,0.0
coach_season,2013,Jeff Fisher,LA,two_point_wrong,0.0
coach_season,2013,Jeff Fisher,LA,went,16.0
coach_season,2013,Jeff Fisher,LA,wp_lost,0.109574
coach_season,2013,Jeff Fisher,LA,wp_lost_per_game,0.006848
coach_season,2013,Jim Harbaugh,SF,aggressiveness,0.25
coach_season,2013,Jim Harbaugh,SF,fourth_graded,43.0
coach_season,2013,Jim Harbaugh,SF,fourth_toss_ups,99.0
coach_season,2013,Jim Harbaugh,SF,fourth_wp_lost,0.179736
coach_season,2013,Jim Harbaugh,SF,fourth_wrong,9.0
coach_season,2013,Jim Harbaugh,SF,games,19.0
coach_season,2013,Jim Harbaugh,SF,go_clear,12.0
coach_season,2013,Jim Harbaugh,SF,go_clear_went,3.0
coach_season,2013,Jim Harbaugh,SF,two_point_graded,1.0
coach_season,2013,Jim Harbaugh,SF,two_point_toss_ups,49.0
coach_season,2013,Jim Harbaugh,SF,two_point_wp_lost,0.0
coach_season,2013,Jim Harbaugh,SF,two_point_wrong,0.0
coach_season,2013,Jim Harbaugh,SF,went,14.0
coach_season,2013,Jim Harbaugh,SF,wp_lost,0.179736
coach_season,2013,Jim Harbaugh,SF,wp_lost_per_game,0.00946
coach_season,2013,Jim Schwartz,DET,aggressiveness,0.454545
coach_season,2013,Jim Schwartz,DET,fourth_graded,43.0
coach_season,2013,Jim Schwartz,DET,fourth_toss_ups,65.0
coach_season,2013,Jim Schwartz,DET,fourth_wp_lost,0.20934
coach_season,2013,Jim Schwartz,DET,fourth_wrong,8.0
coach_season,2013,Jim Schwartz,DET,games,16.0
coach_season,2013,Jim Schwartz,DET,go_clear,11.0
coach_season,2013,Jim Schwartz,DET,go_clear_went,5.0
coach_season,2013,Jim Schwartz,DET,two_point_graded,1.0
coach_season,2013,Jim Schwartz,DET,two_point_toss_ups,47.0
coach_season,2013,Jim Schwartz,DET,two_point_wp_lost,0.0
coach_season,2013,Jim Schwartz,DET,two_point_wrong,0.0
coach_season,2013,Jim Schwartz,DET,went,13.0
coach_season,2013,Jim Schwartz,DET,wp_lost,0.20934
coach_season,2013,Jim Schwartz,DET,wp_lost_per_game,0.013084
coach_season,2013,Joe Philbin,MIA,aggressiveness,0.375
coach_season,2013,Joe Philbin,MIA,fourth_graded,61.0
coach_season,2013,Joe Philbin,MIA,fourth_toss_ups,64.0
coach_season,2013,Joe Philbin,MIA,fourth_wp_lost,0.314494
coach_season,2013,Joe Philbin,MIA,fourth_wrong,10.0
coach_season,2013,Joe Philbin,MIA,games,16.0
coach_season,2013,Joe Philbin,MIA,go_clear,16.0
coach_season,2013,Joe Philbin,MIA,go_clear_went,6.0
coach_season,2013,Joe Philbin,MIA,two_point_graded,1.0
coach_season,2013,Joe Philbin,MIA,two_point_toss_ups,33.0
coach_season,2013,Joe Philbin,MIA,two_point_wp_lost,0.0
coach_season,2013,Joe Philbin,MIA,two_point_wrong,0.0
coach_season,2013,Joe Philbin,MIA,went,10.0
coach_season,2013,Joe Philbin,MIA,wp_lost,0.314494
coach_season,2013,Joe Philbin,MIA,wp_lost_per_game,0.019656
coach_season,2013,John Fox,DEN,aggressiveness,0.571429
coach_season,2013,John Fox,DEN,fourth_graded,30.0
coach_season,2013,John Fox,DEN,fourth_toss_ups,81.0
coach_season,2013,John Fox,DEN,fourth_wp_lost,0.065616
coach_season,2013,John Fox,DEN,fourth_wrong,3.0
coach_season,2013,John Fox,DEN,games,19.0
coach_season,2013,John Fox,DEN,go_clear,7.0
coach_season,2013,John Fox,DEN,go_clear_went,4.0
coach_season,2013,John Fox,DEN,two_point_graded,1.0
coach_season,2013,John Fox,DEN,two_point_toss_ups,81.0
coach_season,2013,John Fox,DEN,two_point_wp_lost,0.0
coach_season,2013,John Fox,DEN,two_point_wrong,0.0
coach_season,2013,John Fox,DEN,went,13.0
coach_season,2013,John Fox,DEN,wp_lost,0.065616
coach_season,2013,John Fox,DEN,wp_lost_per_game,0.003453
coach_season,2013,John Harbaugh,BAL,aggressiveness,0.5
coach_season,2013,John Harbaugh,BAL,fourth_graded,49.0
coach_season,2013,John Harbaugh,BAL,fourth_toss_ups,95.0
coach_season,2013,John Harbaugh,BAL,fourth_wp_lost,0.188062
coach_season,2013,John Harbaugh,BAL,fourth_wrong,8.0
coach_season,2013,John Harbaugh,BAL,games,16.0
coach_season,2013,John Harbaugh,BAL,go_clear,16.0
coach_season,2013,John Harbaugh,BAL,go_clear_went,8.0
coach_season,2013,John Harbaugh,BAL,two_point_graded,3.0
coach_season,2013,John Harbaugh,BAL,two_point_toss_ups,26.0
coach_season,2013,John Harbaugh,BAL,two_point_wp_lost,0.04207
coach_season,2013,John Harbaugh,BAL,two_point_wrong,1.0
coach_season,2013,John Harbaugh,BAL,went,15.0
coach_season,2013,John Harbaugh,BAL,wp_lost,0.230133
coach_season,2013,John Harbaugh,BAL,wp_lost_per_game,0.014383
coach_season,2013,Leslie Frazier,MIN,aggressiveness,0.5
coach_season,2013,Leslie Frazier,MIN,fourth_graded,45.0
coach_season,2013,Leslie Frazier,MIN,fourth_toss_ups,76.0
coach_season,2013,Leslie Frazier,MIN,fourth_wp_lost,0.129429
coach_season,2013,Leslie Frazier,MIN,fourth_wrong,6.0
coach_season,2013,Leslie Frazier,MIN,games,16.0
coach_season,2013,Leslie Frazier,MIN,go_clear,10.0
coach_season,2013,Leslie Frazier,MIN,go_clear_went,5.0
coach_season,2013,Leslie Frazier,MIN,two_point_graded,3.0
coach_season,2013,Leslie Frazier,MIN,two_point_toss_ups,42.0
coach_season,2013,Leslie Frazier,MIN,two_point_wp_lost,0.0
coach_season,2013,Leslie Frazier,MIN,two_point_wrong,0.0
coach_season,2013,Leslie Frazier,MIN,went,18.0
coach_season,2013,Leslie Frazier,MIN,wp_lost,0.129429
coach_season,2013,Leslie Frazier,MIN,wp_lost_per_game,0.008089
coach_season,2013,Marc Trestman,CHI,aggressiveness,0.285714
coach_season,2013,Marc Trestman,CHI,fourth_graded,23.0
coach_season,2013,Marc Trestman,CHI,fourth_toss_ups,78.0
coach_season,2013,Marc Trestman,CHI,fourth_wp_lost,0.177056
coach_season,2013,Marc Trestman,CHI,fourth_wrong,5.0
coach_season,2013,Marc Trestman,CHI,games,16.0
coach_season,2013,Marc Trestman,CHI,go_clear,7.0
coach_season,2013,Marc Trestman,CHI,go_clear_went,2.0
coach_season,2013,Marc Trestman,CHI,two_point_graded,3.0
coach_season,2013,Marc Trestman,CHI,two_point_toss_ups,49.0
coach_season,2013,Marc Trestman,CHI,two_point_wp_lost,0.0
coach_season,2013,Marc Trestman,CHI,two_point_wrong,0.0
coach_season,2013,Marc Trestman,CHI,went,13.0
coach_season,2013,Marc Trestman,CHI,wp_lost,0.177056
coach_season,2013,Marc Trestman,CHI,wp_lost_per_game,0.011066
coach_season,2013,Marvin Lewis,CIN,aggressiveness,0.470588
coach_season,2013,Marvin Lewis,CIN,fourth_graded,42.0
coach_season,2013,Marvin Lewis,CIN,fourth_toss_ups,77.0
coach_season,2013,Marvin Lewis,CIN,fourth_wp_lost,0.221132
coach_season,2013,Marvin Lewis,CIN,fourth_wrong,9.0
coach_season,2013,Marvin Lewis,CIN,games,17.0
coach_season,2013,Marvin Lewis,CIN,go_clear,17.0
coach_season,2013,Marvin Lewis,CIN,go_clear_went,8.0
coach_season,2013,Marvin Lewis,CIN,two_point_graded,2.0
coach_season,2013,Marvin Lewis,CIN,two_point_toss_ups,53.0
coach_season,2013,Marvin Lewis,CIN,two_point_wp_lost,0.021597
coach_season,2013,Marvin Lewis,CIN,two_point_wrong,1.0
coach_season,2013,Marvin Lewis,CIN,went,21.0
coach_season,2013,Marvin Lewis,CIN,wp_lost,0.242728
coach_season,2013,Marvin Lewis,CIN,wp_lost_per_game,0.014278
coach_season,2013,Mike McCarthy,GB,aggressiveness,0.5
coach_season,2013,Mike McCarthy,GB,fourth_graded,40.0
coach_season,2013,Mike McCarthy,GB,fourth_toss_ups,74.0
coach_season,2013,Mike McCarthy,GB,fourth_wp_lost,0.159566
coach_season,2013,Mike McCarthy,GB,fourth_wrong,7.0
coach_season,2013,Mike McCarthy,GB,games,17.0
coach_season,2013,Mike McCarthy,GB,go_clear,14.0
coach_season,2013,Mike McCarthy,GB,go_clear_went,7.0
coach_season,2013,Mike McCarthy,GB,two_point_graded,0.0
coach_season,2013,Mike McCarthy,GB,two_point_toss_ups,48.0
coach_season,2013,Mike McCarthy,GB,two_point_wp_lost,0.0
coach_season,2013,Mike McCarthy,GB,two_point_wrong,0.0
coach_season,2013,Mike McCarthy,GB,went,14.0
coach_season,2013,Mike McCarthy,GB,wp_lost,0.159566
coach_season,2013,Mike McCarthy,GB,wp_lost_per_game,0.009386
coach_season,2013,Mike McCoy,LAC,aggressiveness,0.25
coach_season,2013,Mike McCoy,LAC,fourth_graded,45.0
coach_season,2013,Mike McCoy,LAC,fourth_toss_ups,65.0
coach_season,2013,Mike McCoy,LAC,fourth_wp_lost,0.320709
coach_season,2013,Mike McCoy,LAC,fourth_wrong,13.0
coach_season,2013,Mike McCoy,LAC,games,18.0
coach_season,2013,Mike McCoy,LAC,go_clear,16.0
coach_season,2013,Mike McCoy,LAC,go_clear_went,4.0
coach_season,2013,Mike McCoy,LAC,two_point_graded,3.0
coach_season,2013,Mike McCoy,LAC,two_point_toss_ups,44.0
coach_season,2013,Mike McCoy,LAC,two_point_wp_lost,0.019946
coach_season,2013,Mike McCoy,LAC,two_point_wrong,1.0
coach_season,2013,Mike McCoy,LAC,went,7.0
coach_season,2013,Mike McCoy,LAC,wp_lost,0.340654
coach_season,2013,Mike McCoy,LAC,wp_lost_per_game,0.018925
coach_season,2013,Mike Munchak,TEN,aggressiveness,0.434783
coach_season,2013,Mike Munchak,TEN,fourth_graded,55.0
coach_season,2013,Mike Munchak,TEN,fourth_toss_ups,65.0
coach_season,2013,Mike Munchak,TEN,fourth_wp_lost,0.317495
coach_season,2013,Mike Munchak,TEN,fourth_wrong,13.0
coach_season,2013,Mike Munchak,TEN,games,16.0
coach_season,2013,Mike Munchak,TEN,go_clear,23.0
coach_season,2013,Mike Munchak,TEN,go_clear_went,10.0
coach_season,2013,Mike Munchak,TEN,two_point_graded,4.0
coach_season,2013,Mike Munchak,TEN,two_point_toss_ups,37.0
coach_season,2013,Mike Munchak,TEN,two_point_wp_lost,0.018087
coach_season,2013,Mike Munchak,TEN,two_point_wrong,1.0
coach_season,2013,Mike Munchak,TEN,went,15.0
coach_season,2013,Mike Munchak,TEN,wp_lost,0.335582
coach_season,2013,Mike Munchak,TEN,wp_lost_per_game,0.020974
coach_season,2013,Mike Shanahan,WAS,aggressiveness,0.571429
coach_season,2013,Mike Shanahan,WAS,fourth_graded,39.0
coach_season,2013,Mike Shanahan,WAS,fourth_toss_ups,85.0
coach_season,2013,Mike Shanahan,WAS,fourth_wp_lost,0.134902
coach_season,2013,Mike Shanahan,WAS,fourth_wrong,6.0
coach_season,2013,Mike Shanahan,WAS,games,16.0
coach_season,2013,Mike Shanahan,WAS,go_clear,14.0
coach_season,2013,Mike Shanahan,WAS,go_clear_went,8.0
coach_season,2013,Mike Shanahan,WAS,two_point_graded,1.0
coach_season,2013,Mike Shanahan,WAS,two_point_toss_ups,37.0
coach_season,2013,Mike Shanahan,WAS,two_point_wp_lost,0.042376
coach_season,2013,Mike Shanahan,WAS,two_point_wrong,1.0
coach_season,2013,Mike Shanahan,WAS,went,20.0
coach_season,2013,Mike Shanahan,WAS,wp_lost,0.177278
coach_season,2013,Mike Shanahan,WAS,wp_lost_per_game,0.01108
coach_season,2013,Mike Smith,ATL,aggressiveness,0.416667
coach_season,2013,Mike Smith,ATL,fourth_graded,44.0
coach_season,2013,Mike Smith,ATL,fourth_toss_ups,62.0
coach_season,2013,Mike Smith,ATL,fourth_wp_lost,0.204086
coach_season,2013,Mike Smith,ATL,fourth_wrong,8.0
coach_season,2013,Mike Smith,ATL,games,16.0
coach_season,2013,Mike Smith,ATL,go_clear,12.0
coach_season,2013,Mike Smith,ATL,go_clear_went,5.0
coach_season,2013,Mike Smith,ATL,two_point_graded,1.0
coach_season,2013,Mike Smith,ATL,two_point_toss_ups,39.0
coach_season,2013,Mike Smith,ATL,two_point_wp_lost,0.0
coach_season,2013,Mike Smith,ATL,two_point_wrong,0.0
coach_season,2013,Mike Smith,ATL,went,13.0
coach_season,2013,Mike Smith,ATL,wp_lost,0.204086
coach_season,2013,Mike Smith,ATL,wp_lost_per_game,0.012755
coach_season,2013,Mike Tomlin,PIT,aggressiveness,0.4
coach_season,2013,Mike Tomlin,PIT,fourth_graded,41.0
coach_season,2013,Mike Tomlin,PIT,fourth_toss_ups,79.0
coach_season,2013,Mike Tomlin,PIT,fourth_wp_lost,0.190922
coach_season,2013,Mike Tomlin,PIT,fourth_wrong,9.0
coach_season,2013,Mike Tomlin,PIT,games,16.0
coach_season,2013,Mike Tomlin,PIT,go_clear,15.0
coach_season,2013,Mike Tomlin,PIT,go_clear_went,6.0
coach_season,2013,Mike Tomlin,PIT,two_point_graded,1.0
coach_season,2013,Mike Tomlin,PIT,two_point_toss_ups,40.0
coach_season,2013,Mike Tomlin,PIT,two_point_wp_lost,0.0
coach_season,2013,Mike Tomlin,PIT,two_point_wrong,0.0
coach_season,2013,Mike Tomlin,PIT,went,14.0
coach_season,2013,Mike Tomlin,PIT,wp_lost,0.190922
coach_season,2013,Mike Tomlin,PIT,wp_lost_per_game,0.011933
coach_season,2013,Pete Carroll,SEA,aggressiveness,0.3125
coach_season,2013,Pete Carroll,SEA,fourth_graded,48.0
coach_season,2013,Pete Carroll,SEA,fourth_toss_ups,90.0
coach_season,2013,Pete Carroll,SEA,fourth_wp_lost,0.285935
coach_season,2013,Pete Carroll,SEA,fourth_wrong,12.0
coach_season,2013,Pete Carroll,SEA,games,19.0
coach_season,2013,Pete Carroll,SEA,go_clear,16.0
coach_season,2013,Pete Carroll,SEA,go_clear_went,5.0
coach_season,2013,Pete Carroll,SEA,two_point_graded,2.0
coach_season,2013,Pete Carroll,SEA,two_point_toss_ups,52.0
coach_season,2013,Pete Carroll,SEA,two_point_wp_lost,0.018953
coach_season,2013,Pete Carroll,SEA,two_point_wrong,1.0
coach_season,2013,Pete Carroll,SEA,went,14.0
coach_season,2013,Pete Carroll,SEA,wp_lost,0.304888
coach_season,2013,Pete Carroll,SEA,wp_lost_per_game,0.016047
coach_season,2013,Rex Ryan,NYJ,aggressiveness,0.222222
coach_season,2013,Rex Ryan,NYJ,fourth_graded,45.0
coach_season,2013,Rex Ryan,NYJ,fourth_toss_ups,83.0
coach_season,2013,Rex Ryan,NYJ,fourth_wp_lost,0.151009
coach_season,2013,Rex Ryan,NYJ,fourth_wrong,7.0
coach_season,2013,Rex Ryan,NYJ,games,16.0
coach_season,2013,Rex Ryan,NYJ,go_clear,9.0
coach_season,2013,Rex Ryan,NYJ,go_clear_went,2.0
coach_season,2013,Rex Ryan,NYJ,two_point_graded,0.0
coach_season,2013,Rex Ryan,NYJ,two_point_toss_ups,27.0
coach_season,2013,Rex Ryan,NYJ,two_point_wp_lost,0.0
coach_season,2013,Rex Ryan,NYJ,two_point_wrong,0.0
coach_season,2013,Rex Ryan,NYJ,went,8.0
coach_season,2013,Rex Ryan,NYJ,wp_lost,0.151009
coach_season,2013,Rex Ryan,NYJ,wp_lost_per_game,0.009438
coach_season,2013,Rob Chudzinski,CLE,aggressiveness,0.5
coach_season,2013,Rob Chudzinski,CLE,fourth_graded,45.0
coach_season,2013,Rob Chudzinski,CLE,fourth_toss_ups,94.0
coach_season,2013,Rob Chudzinski,CLE,fourth_wp_lost,0.187308
coach_season,2013,Rob Chudzinski,CLE,fourth_wrong,8.0
coach_season,2013,Rob Chudzinski,CLE,games,16.0
coach_season,2013,Rob Chudzinski,CLE,go_clear,14.0
coach_season,2013,Rob Chudzinski,CLE,go_clear_went,7.0
coach_season,2013,Rob Chudzinski,CLE,two_point_graded,1.0
coach_season,2013,Rob Chudzinski,CLE,two_point_toss_ups,34.0
coach_season,2013,Rob Chudzinski,CLE,two_point_wp_lost,0.019383
coach_season,2013,Rob Chudzinski,CLE,two_point_wrong,1.0
coach_season,2013,Rob Chudzinski,CLE,went,31.0
coach_season,2013,Rob Chudzinski,CLE,wp_lost,0.20669
coach_season,2013,Rob Chudzinski,CLE,wp_lost_per_game,0.012918
coach_season,2013,Ron Rivera,CAR,aggressiveness,0.4
coach_season,2013,Ron Rivera,CAR,fourth_graded,43.0
coach_season,2013,Ron Rivera,CAR,fourth_toss_ups,69.0
coach_season,2013,Ron Rivera,CAR,fourth_wp_lost,0.120359
coach_season,2013,Ron Rivera,CAR,fourth_wrong,6.0
coach_season,2013,Ron Rivera,CAR,games,17.0
coach_season,2013,Ron Rivera,CAR,go_clear,10.0
coach_season,2013,Ron Rivera,CAR,go_clear_went,4.0
coach_season,2013,Ron Rivera,CAR,two_point_graded,2.0
coach_season,2013,Ron Rivera,CAR,two_point_toss_ups,41.0
coach_season,2013,Ron Rivera,CAR,two_point_wp_lost,0.0
coach_season,2013,Ron Rivera,CAR,two_point_wrong,0.0
coach_season,2013,Ron Rivera,CAR,went,14.0
coach_season,2013,Ron Rivera,CAR,wp_lost,0.120359
coach_season,2013,Ron Rivera,CAR,wp_lost_per_game,0.00708
coach_season,2013,Sean Payton,NO,aggressiveness,0.352941
coach_season,2013,Sean Payton,NO,fourth_graded,42.0
coach_season,2013,Sean Payton,NO,fourth_toss_ups,80.0
coach_season,2013,Sean Payton,NO,fourth_wp_lost,0.285145
coach_season,2013,Sean Payton,NO,fourth_wrong,12.0
coach_season,2013,Sean Payton,NO,games,18.0
coach_season,2013,Sean Payton,NO,go_clear,17.0
coach_season,2013,Sean Payton,NO,go_clear_went,6.0
coach_season,2013,Sean Payton,NO,two_point_graded,1.0
coach_season,2013,Sean Payton,NO,two_point_toss_ups,52.0
coach_season,2013,Sean Payton,NO,two_point_wp_lost,0.0
coach_season,2013,Sean Payton,NO,two_point_wrong,0.0
coach_season,2013,Sean Payton,NO,went,21.0
coach_season,2013,Sean Payton,NO,wp_lost,0.285145
coach_season,2013,Sean Payton,NO,wp_lost_per_game,0.015841
coach_season,2013,Tom Coughlin,NYG,aggressiveness,0.3
coach_season,2013,Tom Coughlin,NYG,fourth_graded,50.0
coach_season,2013,Tom Coughlin,NYG,fourth_toss_ups,77.0
coach_season,2013,Tom Coughlin,NYG,fourth_wp_lost,0.176934
coach_season,2013,Tom Coughlin,NYG,fourth_wrong,9.0
coach_season,2013,Tom Coughlin,NYG,games,16.0
coach_season,2013,Tom Coughlin,NYG,go_clear,10.0
coach_season,2013,Tom Coughlin,NYG,go_clear_went,3.0
coach_season,2013,Tom Coughlin,NYG,two_point_graded,0.0
coach_season,2013,Tom Coughlin,NYG,two_point_toss_ups,32.0
coach_season,2013,Tom Coughlin,NYG,two_point_wp_lost,0.0
coach_season,2013,Tom Coughlin,NYG,two_point_wrong,0.0
coach_season,2013,Tom Coughlin,NYG,went,11.0
coach_season,2013,Tom Coughlin,NYG,wp_lost,0.176934
coach_season,2013,Tom Coughlin,NYG,wp_lost_per_game,0.011058
coach_season,2013,Wade Phillips,HOU,aggressiveness,0.0
coach_season,2013,Wade Phillips,HOU,fourth_graded,3.0
coach_season,2013,Wade Phillips,HOU,fourth_toss_ups,23.0
coach_season,2013,Wade Phillips,HOU,fourth_wp_lost,0.047959
coach_season,2013,Wade Phillips,HOU,fourth_wrong,1.0
coach_season,2013,Wade Phillips,HOU,games,3.0
coach_season,2013,Wade Phillips,HOU,go_clear,1.0
coach_season,2013,Wade Phillips,HOU,go_clear_went,0.0
coach_season,2013,Wade Phillips,HOU,two_point_graded,0.0
coach_season,2013,Wade Phillips,HOU,two_point_toss_ups,2.0
coach_season,2013,Wade Phillips,HOU,two_point_wp_lost,0.0
coach_season,2013,Wade Phillips,HOU,two_point_wrong,0.0
coach_season,2013,Wade Phillips,HOU,went,1.0
coach_season,2013,Wade Phillips,HOU,wp_lost,0.047959
coach_season,2013,Wade Phillips,HOU,wp_lost_per_game,0.015986
coach_season,2014,Andy Reid,KC,aggressiveness,0.384615
coach_season,2014,Andy Reid,KC,fourth_graded,46.0
coach_season,2014,Andy Reid,KC,fourth_toss_ups,65.0
coach_season,2014,Andy Reid,KC,fourth_wp_lost,0.214783
coach_season,2014,Andy Reid,KC,fourth_wrong,9.0
coach_season,2014,Andy Reid,KC,games,16.0
coach_season,2014,Andy Reid,KC,go_clear,13.0
coach_season,2014,Andy Reid,KC,go_clear_went,5.0
coach_season,2014,Andy Reid,KC,two_point_graded,1.0
coach_season,2014,Andy Reid,KC,two_point_toss_ups,39.0
coach_season,2014,Andy Reid,KC,two_point_wp_lost,0.0
coach_season,2014,Andy Reid,KC,two_point_wrong,0.0
coach_season,2014,Andy Reid,KC,went,12.0
coach_season,2014,Andy Reid,KC,wp_lost,0.214783
coach_season,2014,Andy Reid,KC,wp_lost_per_game,0.013424
coach_season,2014,Bill Belichick,NE,aggressiveness,0.235294
coach_season,2014,Bill Belichick,NE,fourth_graded,49.0
coach_season,2014,Bill Belichick,NE,fourth_toss_ups,76.0
coach_season,2014,Bill Belichick,NE,fourth_wp_lost,0.33609
coach_season,2014,Bill Belichick,NE,fourth_wrong,14.0
coach_season,2014,Bill Belichick,NE,games,19.0
coach_season,2014,Bill Belichick,NE,go_clear,17.0
coach_season,2014,Bill Belichick,NE,go_clear_went,4.0
coach_season,2014,Bill Belichick,NE,two_point_graded,2.0
coach_season,2014,Bill Belichick,NE,two_point_toss_ups,65.0
coach_season,2014,Bill Belichick,NE,two_point_wp_lost,0.0
coach_season,2014,Bill Belichick,NE,two_point_wrong,0.0
coach_season,2014,Bill Belichick,NE,went,14.0
coach_season,2014,Bill Belichick,NE,wp_lost,0.33609
coach_season,2014,Bill Belichick,NE,wp_lost_per_game,0.017689
coach_season,2014,Bill O'Brien,HOU,aggressiveness,0.375
coach_season,2014,Bill O'Brien,HOU,fourth_graded,60.0
coach_season,2014,Bill O'Brien,HOU,fourth_toss_ups,74.0
coach_season,2014,Bill O'Brien,HOU,fourth_wp_lost,0.308789
coach_season,2014,Bill O'Brien,HOU,fourth_wrong,15.0
coach_season,2014,Bill O'Brien,HOU,games,16.0
coach_season,2014,Bill O'Brien,HOU,go_clear,24.0
coach_season,2014,Bill O'Brien,HOU,go_clear_went,9.0
coach_season,2014,Bill O'Brien,HOU,two_point_graded,1.0
coach_season,2014,Bill O'Brien,HOU,two_point_toss_ups,39.0
coach_season,2014,Bill O'Brien,HOU,two_point_wp_lost,0.0
coach_season,2014,Bill O'Brien,HOU,two_point_wrong,0.0
coach_season,2014,Bill O'Brien,HOU,went,15.0
coach_season,2014,Bill O'Brien,HOU,wp_lost,0.308789
coach_season,2014,Bill O'Brien,HOU,wp_lost_per_game,0.019299
coach_season,2014,Bruce Arians,ARI,aggressiveness,0.272727
coach_season,2014,Bruce Arians,ARI,fourth_graded,62.0
coach_season,2014,Bruce Arians,ARI,fourth_toss_ups,75.0
coach_season,2014,Bruce Arians,ARI,fourth_wp_lost,0.268226
coach_season,2014,Bruce Arians,ARI,fourth_wrong,11.0
coach_season,2014,Bruce Arians,ARI,games,17.0
coach_season,2014,Bruce Arians,ARI,go_clear,11.0
coach_season,2014,Bruce Arians,ARI,go_clear_went,3.0
coach_season,2014,Bruce Arians,ARI,two_point_graded,2.0
coach_season,2014,Bruce Arians,ARI,two_point_toss_ups,32.0
coach_season,2014,Bruce Arians,ARI,two_point_wp_lost,0.019101
coach_season,2014,Bruce Arians,ARI,two_point_wrong,1.0
coach_season,2014,Bruce Arians,ARI,went,4.0
coach_season,2014,Bruce Arians,ARI,wp_lost,0.287327
coach_season,2014,Bruce Arians,ARI,wp_lost_per_game,0.016902
coach_season,2014,Chip Kelly,PHI,aggressiveness,0.333333
coach_season,2014,Chip Kelly,PHI,fourth_graded,33.0
coach_season,2014,Chip Kelly,PHI,fourth_toss_ups,84.0
coach_season,2014,Chip Kelly,PHI,fourth_wp_lost,0.227668
coach_season,2014,Chip Kelly,PHI,fourth_wrong,8.0
coach_season,2014,Chip Kelly,PHI,games,16.0
coach_season,2014,Chip Kelly,PHI,go_clear,9.0
coach_season,2014,Chip Kelly,PHI,go_clear_went,3.0
coach_season,2014,Chip Kelly,PHI,two_point_graded,0.0
coach_season,2014,Chip Kelly,PHI,two_point_toss_ups,54.0
coach_season,2014,Chip Kelly,PHI,two_point_wp_lost,0.0
coach_season,2014,Chip Kelly,PHI,two_point_wrong,0.0
coach_season,2014,Chip Kelly,PHI,went,11.0
coach_season,2014,Chip Kelly,PHI,wp_lost,0.227668
coach_season,2014,Chip Kelly,PHI,wp_lost_per_game,0.014229
coach_season,2014,Chuck Pagano,IND,aggressiveness,0.666667
coach_season,2014,Chuck Pagano,IND,fourth_graded,31.0
coach_season,2014,Chuck Pagano,IND,fourth_toss_ups,102.0
coach_season,2014,Chuck Pagano,IND,fourth_wp_lost,0.057955
coach_season,2014,Chuck Pagano,IND,fourth_wrong,3.0
coach_season,2014,Chuck Pagano,IND,games,19.0
coach_season,2014,Chuck Pagano,IND,go_clear,9.0
coach_season,2014,Chuck Pagano,IND,go_clear_went,6.0
coach_season,2014,Chuck Pagano,IND,two_point_graded,0.0
coach_season,2014,Chuck Pagano,IND,two_point_toss_ups,59.0
coach_season,2014,Chuck Pagano,IND,two_point_wp_lost,0.0
coach_season,2014,Chuck Pagano,IND,two_point_wrong,0.0
coach_season,2014,Chuck Pagano,IND,went,14.0
coach_season,2014,Chuck Pagano,IND,wp_lost,0.057955
coach_season,2014,Chuck Pagano,IND,wp_lost_per_game,0.00305
coach_season,2014,Dennis Allen,LV,aggressiveness,0.0
coach_season,2014,Dennis Allen,LV,fourth_graded,9.0
coach_season,2014,Dennis Allen,LV,fourth_toss_ups,20.0
coach_season,2014,Dennis Allen,LV,fourth_wp_lost,0.049033
coach_season,2014,Dennis Allen,LV,fourth_wrong,2.0
coach_season,2014,Dennis Allen,LV,games,4.0
coach_season,2014,Dennis Allen,LV,go_clear,2.0
coach_season,2014,Dennis Allen,LV,go_clear_went,0.0
coach_season,2014,Dennis Allen,LV,two_point_graded,0.0
coach_season,2014,Dennis Allen,LV,two_point_toss_ups,6.0
coach_season,2014,Dennis Allen,LV,two_point_wp_lost,0.0
coach_season,2014,Dennis Allen,LV,two_point_wrong,0.0
coach_season,2014,Dennis Allen,LV,went,3.0
coach_season,2014,Dennis Allen,LV,wp_lost,0.049033
coach_season,2014,Dennis Allen,LV,wp_lost_per_game,0.012258
coach_season,2014,Doug Marrone,BUF,aggressiveness,0.166667
coach_season,2014,Doug Marrone,BUF,fourth_graded,62.0
coach_season,2014,Doug Marrone,BUF,fourth_toss_ups,71.0
coach_season,2014,Doug Marrone,BUF,fourth_wp_lost,0.499353
coach_season,2014,Doug Marrone,BUF,fourth_wrong,17.0
coach_season,2014,Doug Marrone,BUF,games,16.0
coach_season,2014,Doug Marrone,BUF,go_clear,18.0
coach_season,2014,Doug Marrone,BUF,go_clear_went,3.0
coach_season,2014,Doug Marrone,BUF,two_point_graded,3.0
coach_season,2014,Doug Marrone,BUF,two_point_toss_ups,31.0
coach_season,2014,Doug Marrone,BUF,two_point_wp_lost,0.036749
coach_season,2014,Doug Marrone,BUF,two_point_wrong,2.0
coach_season,2014,Doug Marrone,BUF,went,13.0
coach_season,2014,Doug Marrone,BUF,wp_lost,0.536102
coach_season,2014,Doug Marrone,BUF,wp_lost_per_game,0.033506
coach_season,2014,Gus Bradley,JAX,aggressiveness,0.454545
coach_season,2014,Gus Bradley,JAX,fourth_graded,49.0
coach_season,2014,Gus Bradley,JAX,fourth_toss_ups,89.0
coach_season,2014,Gus Bradley,JAX,fourth_wp_lost,0.154853
coach_season,2014,Gus Bradley,JAX,fourth_wrong,7.0
coach_season,2014,Gus Bradley,JAX,games,16.0
coach_season,2014,Gus Bradley,JAX,go_clear,11.0
coach_season,2014,Gus Bradley,JAX,go_clear_went,5.0
coach_season,2014,Gus Bradley,JAX,two_point_graded,0.0
coach_season,2014,Gus Bradley,JAX,two_point_toss_ups,27.0
coach_season,2014,Gus Bradley,JAX,two_point_wp_lost,0.0
coach_season,2014,Gus Bradley,JAX,two_point_wrong,0.0
coach_season,2014,Gus Bradley,JAX,went,19.0
coach_season,2014,Gus Bradley,JAX,wp_lost,0.154853
coach_season,2014,Gus Bradley,JAX,wp_lost_per_game,0.009678
coach_season,2014,Jason Garrett,DAL,aggressiveness,0.545455
coach_season,2014,Jason Garrett,DAL,fourth_graded,45.0
coach_season,2014,Jason Garrett,DAL,fourth_toss_ups,54.0
coach_season,2014,Jason Garrett,DAL,fourth_wp_lost,0.114002
coach_season,2014,Jason Garrett,DAL,fourth_wrong,5.0
coach_season,2014,Jason Garrett,DAL,games,18.0
coach_season,2014,Jason Garrett,DAL,go_clear,11.0
coach_season,2014,Jason Garrett,DAL,go_clear_went,6.0
coach_season,2014,Jason Garrett,DAL,two_point_graded,1.0
coach_season,2014,Jason Garrett,DAL,two_point_toss_ups,61.0
coach_season,2014,Jason Garrett,DAL,two_point_wp_lost,0.0
coach_season,2014,Jason Garrett,DAL,two_point_wrong,0.0
coach_season,2014,Jason Garrett,DAL,went,9.0
coach_season,2014,Jason Garrett,DAL,wp_lost,0.114002
coach_season,2014,Jason Garrett,DAL,wp_lost_per_game,0.006333
coach_season,2014,Jay Gruden,WAS,aggressiveness,0.5
coach_season,2014,Jay Gruden,WAS,fourth_graded,46.0
coach_season,2014,Jay Gruden,WAS,fourth_toss_ups,71.0
coach_season,2014,Jay Gruden,WAS,fourth_wp_lost,0.127355
coach_season,2014,Jay Gruden,WAS,fourth_wrong,5.0
coach_season,2014,Jay Gruden,WAS,games,16.0
coach_season,2014,Jay Gruden,WAS,go_clear,10.0
coach_season,2014,Jay Gruden,WAS,go_clear_went,5.0
coach_season,2014,Jay Gruden,WAS,two_point_graded,0.0
coach_season,2014,Jay Gruden,WAS,two_point_toss_ups,33.0
coach_season,2014,Jay Gruden,WAS,two_point_wp_lost,0.0
coach_season,2014,Jay Gruden,WAS,two_point_wrong,0.0
coach_season,2014,Jay Gruden,WAS,went,15.0
coach_season,2014,Jay Gruden,WAS,wp_lost,0.127355
coach_season,2014,Jay Gruden,WAS,wp_lost_per_game,0.00796
coach_season,2014,Jeff Fisher,LA,aggressiveness,0.266667
coach_season,2014,Jeff Fisher,LA,fourth_graded,53.0
coach_season,2014,Jeff Fisher,LA,fourth_toss_ups,66.0
coach_season,2014,Jeff Fisher,LA,fourth_wp_lost,0.322723
coach_season,2014,Jeff Fisher,LA,fourth_wrong,11.0
coach_season,2014,Jeff Fisher,LA,games,16.0
coach_season,2014,Jeff Fisher,LA,go_clear,15.0
coach_season,2014,Jeff Fisher,LA,go_clear_went,4.0
coach_season,2014,Jeff Fisher,LA,two_point_graded,1.0
coach_season,2014,Jeff Fisher,LA,two_point_toss_ups,35.0
coach_season,2014,Jeff Fisher,LA,two_point_wp_lost,0.0
coach_season,2014,Jeff Fisher,LA,two_point_wrong,0.0
coach_season,2014,Jeff Fisher,LA,went,10.0
coach_season,2014,Jeff Fisher,LA,wp_lost,0.322723
coach_season,2014,Jeff Fisher,LA,wp_lost_per_game,0.02017
coach_season,2014,Jim Caldwell,DET,aggressiveness,0.333333
coach_season,2014,Jim Caldwell,DET,fourth_graded,58.0
coach_season,2014,Jim Caldwell,DET,fourth_toss_ups,71.0
coach_season,2014,Jim Caldwell,DET,fourth_wp_lost,0.217273
coach_season,2014,Jim Caldwell,DET,fourth_wrong,10.0
coach_season,2014,Jim Caldwell,DET,games,17.0
coach_season,2014,Jim Caldwell,DET,go_clear,15.0
coach_season,2014,Jim Caldwell,DET,go_clear_went,5.0
coach_season,2014,Jim Caldwell,DET,two_point_graded,0.0
coach_season,2014,Jim Caldwell,DET,two_point_toss_ups,37.0
coach_season,2014,Jim Caldwell,DET,two_point_wp_lost,0.0
coach_season,2014,Jim Caldwell,DET,two_point_wrong,0.0
coach_season,2014,Jim Caldwell,DET,went,21.0
coach_season,2014,Jim Caldwell,DET,wp_lost,0.217273
coach_season,2014,Jim Caldwell,DET,wp_lost_per_game,0.012781
coach_season,2014,Jim Harbaugh,SF,aggressiveness,0.5
coach_season,2014,Jim Harbaugh,SF,fourth_graded,59.0
coach_season,2014,Jim Harbaugh,SF,fourth_toss_ups,57.0
coach_season,2014,Jim Harbaugh,SF,fourth_wp_lost,0.222904
coach_season,2014,Jim Harbaugh,SF,fourth_wrong,9.0
coach_season,2014,Jim Harbaugh,SF,games,16.0
coach_season,2014,Jim Harbaugh,SF,go_clear,18.0
coach_season,2014,Jim Harbaugh,SF,go_clear_went,9.0
coach_season,2014,Jim Harbaugh,SF,two_point_graded,0.0
coach_season,2014,Jim Harbaugh,SF,two_point_toss_ups,33.0
coach_season,2014,Jim Harbaugh,SF,two_point_wp_lost,0.0
coach_season,2014,Jim Harbaugh,SF,two_point_wrong,0.0
coach_season,2014,Jim Harbaugh,SF,went,17.0
coach_season,2014,Jim Harbaugh,SF,wp_lost,0.222904
coach_season,2014,Jim Harbaugh,SF,wp_lost_per_game,0.013931
coach_season,2014,Joe Philbin,MIA,aggressiveness,0.5
coach_season,2014,Joe Philbin,MIA,fourth_graded,40.0
coach_season,2014,Joe Philbin,MIA,fourth_toss_ups,71.0
coach_season,2014,Joe Philbin,MIA,fourth_wp_lost,0.104928
coach_season,2014,Joe Philbin,MIA,fourth_wrong,4.0
coach_season,2014,Joe Philbin,MIA,games,16.0
coach_season,2014,Joe Philbin,MIA,go_clear,8.0
coach_season,2014,Joe Philbin,MIA,go_clear_went,4.0
coach_season,2014,Joe Philbin,MIA,two_point_graded,3.0
coach_season,2014,Joe Philbin,MIA,two_point_toss_ups,39.0
coach_season,2014,Joe Philbin,MIA,two_point_wp_lost,0.0
coach_season,2014,Joe Philbin,MIA,two_point_wrong,0.0
coach_season,2014,Joe Philbin,MIA,went,19.0
coach_season,2014,Joe Philbin,MIA,wp_lost,0.104928
coach_season,2014,Joe Philbin,MIA,wp_lost_per_game,0.006558
coach_season,2014,John Fox,DEN,aggressiveness,0.25
coach_season,2014,John Fox,DEN,fourth_graded,31.0
coach_season,2014,John Fox,DEN,fourth_toss_ups,87.0
coach_season,2014,John Fox,DEN,fourth_wp_lost,0.134625
coach_season,2014,John Fox,DEN,fourth_wrong,6.0
coach_season,2014,John Fox,DEN,games,17.0
coach_season,2014,John Fox,DEN,go_clear,8.0
coach_season,2014,John Fox,DEN,go_clear_went,2.0
coach_season,2014,John Fox,DEN,two_point_graded,1.0
coach_season,2014,John Fox,DEN,two_point_toss_ups,58.0
coach_season,2014,John Fox,DEN,two_point_wp_lost,0.0
coach_season,2014,John Fox,DEN,two_point_wrong,0.0
coach_season,2014,John Fox,DEN,went,15.0
coach_season,2014,John Fox,DEN,wp_lost,0.134625
coach_season,2014,John Fox,DEN,wp_lost_per_game,0.007919
coach_season,2014,John Harbaugh,BAL,aggressiveness,0.576923
coach_season,2014,John Harbaugh,BAL,fourth_graded,65.0
coach_season,2014,John Harbaugh,BAL,fourth_toss_ups,56.0
coach_season,2014,John Harbaugh,BAL,fourth_wp_lost,0.31128
coach_season,2014,John Harbaugh,BAL,fourth_wrong,14.0
coach_season,2014,John Harbaugh,BAL,games,18.0
coach_season,2014,John Harbaugh,BAL,go_clear,26.0
coach_season,2014,John Harbaugh,BAL,go_clear_went,15.0
coach_season,2014,John Harbaugh,BAL,two_point_graded,2.0
coach_season,2014,John Harbaugh,BAL,two_point_toss_ups,50.0
coach_season,2014,John Harbaugh,BAL,two_point_wp_lost,0.0
coach_season,2014,John Harbaugh,BAL,two_point_wrong,0.0
coach_season,2014,John Harbaugh,BAL,went,22.0
coach_season,2014,John Harbaugh,BAL,wp_lost,0.31128
coach_season,2014,John Harbaugh,BAL,wp_lost_per_game,0.017293
coach_season,2014,Ken Whisenhunt,TEN,aggressiveness,0.25
coach_season,2014,Ken Whisenhunt,TEN,fourth_graded,45.0
coach_season,2014,Ken Whisenhunt,TEN,fourth_toss_ups,82.0
coach_season,2014,Ken Whisenhunt,TEN,fourth_wp_lost,0.228688
coach_season,2014,Ken Whisenhunt,TEN,fourth_wrong,10.0
coach_season,2014,Ken Whisenhunt,TEN,games,16.0
coach_season,2014,Ken Whisenhunt,TEN,go_clear,12.0
coach_season,2014,Ken Whisenhunt,TEN,go_clear_went,3.0
coach_season,2014,Ken Whisenhunt,TEN,two_point_graded,0.0
coach_season,2014,Ken Whisenhunt,TEN,two_point_toss_ups,28.0
coach_season,2014,Ken Whisenhunt,TEN,two_point_wp_lost,0.0
coach_season,2014,Ken Whisenhunt,TEN,two_point_wrong,0.0
coach_season,2014,Ken Whisenhunt,TEN,went,17.0
coach_season,2014,Ken Whisenhunt,TEN,wp_lost,0.228688
coach_season,2014,Ken Whisenhunt,TEN,wp_lost_per_game,0.014293
coach_season,2014,Lovie Smith,TB,aggressiveness,0.571429
coach_season,2014,Lovie Smith,TB,fourth_graded,44.0
coach_season,2014,Lovie Smith,TB,fourth_toss_ups,68.0
coach_season,2014,Lovie Smith,TB,fourth_wp_lost,0.471733
coach_season,2014,Lovie Smith,TB,fourth_wrong,7.0
coach_season,2014,Lovie Smith,TB,games,16.0
coach_season,2014,Lovie Smith,TB,go_clear,7.0
coach_season,2014,Lovie Smith,TB,go_clear_went,4.0
coach_season,2014,Lovie Smith,TB,two_point_graded,2.0
coach_season,2014,Lovie Smith,TB,two_point_toss_ups,29.0
coach_season,2014,Lovie Smith,TB,two_point_wp_lost,0.0
coach_season,2014,Lovie Smith,TB,two_point_wrong,0.0
coach_season,2014,Lovie Smith,TB,went,12.0
coach_season,2014,Lovie Smith,TB,wp_lost,0.471733
coach_season,2014,Lovie Smith,TB,wp_lost_per_game,0.029483
coach_season,2014,Marc Trestman,CHI,aggressiveness,0.466667
coach_season,2014,Marc Trestman,CHI,fourth_graded,42.0
coach_season,2014,Marc Trestman,CHI,fourth_toss_ups,72.0
coach_season,2014,Marc Trestman,CHI,fourth_wp_lost,0.189086
coach_season,2014,Marc Trestman,CHI,fourth_wrong,8.0
coach_season,2014,Marc Trestman,CHI,games,16.0
coach_season,2014,Marc Trestman,CHI,go_clear,15.0
coach_season,2014,Marc Trestman,CHI,go_clear_went,7.0
coach_season,2014,Marc Trestman,CHI,two_point_graded,2.0
coach_season,2014,Marc Trestman,CHI,two_point_toss_ups,38.0
coach_season,2014,Marc Trestman,CHI,two_point_wp_lost,0.0
coach_season,2014,Marc Trestman,CHI,two_point_wrong,0.0
coach_season,2014,Marc Trestman,CHI,went,27.0
coach_season,2014,Marc Trestman,CHI,wp_lost,0.189086
coach_season,2014,Marc Trestman,CHI,wp_lost_per_game,0.011818
coach_season,2014,Marvin Lewis,CIN,aggressiveness,0.35
coach_season,2014,Marvin Lewis,CIN,fourth_graded,54.0
coach_season,2014,Marvin Lewis,CIN,fourth_toss_ups,69.0
coach_season,2014,Marvin Lewis,CIN,fourth_wp_lost,0.291027
coach_season,2014,Marvin Lewis,CIN,fourth_wrong,13.0
coach_season,2014,Marvin Lewis,CIN,games,17.0
coach_season,2014,Marvin Lewis,CIN,go_clear,20.0
coach_season,2014,Marvin Lewis,CIN,go_clear_went,7.0
coach_season,2014,Marvin Lewis,CIN,two_point_graded,4.0
coach_season,2014,Marvin Lewis,CIN,two_point_toss_ups,37.0
coach_season,2014,Marvin Lewis,CIN,two_point_wp_lost,0.022044
coach_season,2014,Marvin Lewis,CIN,two_point_wrong,1.0
coach_season,2014,Marvin Lewis,CIN,went,13.0
coach_season,2014,Marvin Lewis,CIN,wp_lost,0.313071
coach_season,2014,Marvin Lewis,CIN,wp_lost_per_game,0.018416
coach_season,2014,Mike McCarthy,GB,aggressiveness,0.363636
coach_season,2014,Mike McCarthy,GB,fourth_graded,40.0
coach_season,2014,Mike McCarthy,GB,fourth_toss_ups,66.0
coach_season,2014,Mike McCarthy,GB,fourth_wp_lost,0.169372
coach_season,2014,Mike McCarthy,GB,fourth_wrong,7.0
coach_season,2014,Mike McCarthy,GB,games,18.0
coach_season,2014,Mike McCarthy,GB,go_clear,11.0
coach_season,2014,Mike McCarthy,GB,go_clear_went,4.0
coach_season,2014,Mike McCarthy,GB,two_point_graded,0.0
coach_season,2014,Mike McCarthy,GB,two_point_toss_ups,60.0
coach_season,2014,Mike McCarthy,GB,two_point_wp_lost,0.0
coach_season,2014,Mike McCarthy,GB,two_point_wrong,0.0
coach_season,2014,Mike McCarthy,GB,went,9.0
coach_season,2014,Mike McCarthy,GB,wp_lost,0.169372
coach_season,2014,Mike McCarthy,GB,wp_lost_per_game,0.00941
coach_season,2014,Mike McCoy,LAC,aggressiveness,0.454545
coach_season,2014,Mike McCoy,LAC,fourth_graded,40.0
coach_season,2014,Mike McCoy,LAC,fourth_toss_ups,68.0
coach_season,2014,Mike McCoy,LAC,fourth_wp_lost,0.166232
coach_season,2014,Mike McCoy,LAC,fourth_wrong,7.0
coach_season,2014,Mike McCoy,LAC,games,16.0
coach_season,2014,Mike McCoy,LAC,go_clear,11.0
coach_season,2014,Mike McCoy,LAC,go_clear_went,5.0
coach_season,2014,Mike McCoy,LAC,two_point_graded,2.0
coach_season,2014,Mike McCoy,LAC,two_point_toss_ups,38.0
coach_season,2014,Mike McCoy,LAC,two_point_wp_lost,0.0
coach_season,2014,Mike McCoy,LAC,two_point_wrong,0.0
coach_season,2014,Mike McCoy,LAC,went,11.0
coach_season,2014,Mike McCoy,LAC,wp_lost,0.166232
coach_season,2014,Mike McCoy,LAC,wp_lost_per_game,0.01039
coach_season,2014,Mike Pettine,CLE,aggressiveness,0.307692
coach_season,2014,Mike Pettine,CLE,fourth_graded,57.0
coach_season,2014,Mike Pettine,CLE,fourth_toss_ups,76.0
coach_season,2014,Mike Pettine,CLE,fourth_wp_lost,0.275354
coach_season,2014,Mike Pettine,CLE,fourth_wrong,11.0
coach_season,2014,Mike Pettine,CLE,games,16.0
coach_season,2014,Mike Pettine,CLE,go_clear,13.0
coach_season,2014,Mike Pettine,CLE,go_clear_went,4.0
coach_season,2014,Mike Pettine,CLE,two_point_graded,2.0
coach_season,2014,Mike Pettine,CLE,two_point_toss_ups,30.0
coach_season,2014,Mike Pettine,CLE,two_point_wp_lost,0.025763
coach_season,2014,Mike Pettine,CLE,two_point_wrong,1.0
coach_season,2014,Mike Pettine,CLE,went,13.0
coach_season,2014,Mike Pettine,CLE,wp_lost,0.301118
coach_season,2014,Mike Pettine,CLE,wp_lost_per_game,0.01882
coach_season,2014,Mike Smith,ATL,aggressiveness,0.153846
coach_season,2014,Mike Smith,ATL,fourth_graded,38.0
coach_season,2014,Mike Smith,ATL,fourth_toss_ups,69.0
coach_season,2014,Mike Smith,ATL,fourth_wp_lost,0.256707
coach_season,2014,Mike Smith,ATL,fourth_wrong,11.0
coach_season,2014,Mike Smith,ATL,games,16.0
coach_season,2014,Mike Smith,ATL,go_clear,13.0
coach_season,2014,Mike Smith,ATL,go_clear_went,2.0
coach_season,2014,Mike Smith,ATL,two_point_graded,1.0
coach_season,2014,Mike Smith,ATL,two_point_toss_ups,41.0
coach_season,2014,Mike Smith,ATL,two_point_wp_lost,0.019377
coach_season,2014,Mike Smith,ATL,two_point_wrong,1.0
coach_season,2014,Mike Smith,ATL,went,16.0
coach_season,2014,Mike Smith,ATL,wp_lost,0.276083
coach_season,2014,Mike Smith,ATL,wp_lost_per_game,0.017255
coach_season,2014,Mike Tomlin,PIT,aggressiveness,0.4
coach_season,2014,Mike Tomlin,PIT,fourth_graded,40.0
coach_season,2014,Mike Tomlin,PIT,fourth_toss_ups,66.0
coach_season,2014,Mike Tomlin,PIT,fourth_wp_lost,0.230057
coach_season,2014,Mike Tomlin,PIT,fourth_wrong,9.0
coach_season,2014,Mike Tomlin,PIT,games,17.0
coach_season,2014,Mike Tomlin,PIT,go_clear,10.0
coach_season,2014,Mike Tomlin,PIT,go_clear_went,4.0
coach_season,2014,Mike Tomlin,PIT,two_point_graded,0.0
coach_season,2014,Mike Tomlin,PIT,two_point_toss_ups,49.0
coach_season,2014,Mike Tomlin,PIT,two_point_wp_lost,0.0
coach_season,2014,Mike Tomlin,PIT,two_point_wrong,0.0
coach_season,2014,Mike Tomlin,PIT,went,12.0
coach_season,2014,Mike Tomlin,PIT,wp_lost,0.230057
coach_season,2014,Mike Tomlin,PIT,wp_lost_per_game,0.013533
coach_season,2014,Mike Zimmer,MIN,aggressiveness,0.333333
coach_season,2014,Mike Zimmer,MIN,fourth_graded,53.0
coach_season,2014,Mike Zimmer,MIN,fourth_toss_ups,63.0
coach_season,2014,Mike Zimmer,MIN,fourth_wp_lost,0.239785
coach_season,2014,Mike Zimmer,MIN,fourth_wrong,11.0
coach_season,2014,Mike Zimmer,MIN,games,16.0
coach_season,2014,Mike Zimmer,MIN,go_clear,15.0
coach_season,2014,Mike Zimmer,MIN,go_clear_went,5.0
coach_season,2014,Mike Zimmer,MIN,two_point_graded,0.0
coach_season,2014,Mike Zimmer,MIN,two_point_toss_ups,31.0
coach_season,2014,Mike Zimmer,MIN,two_point_wp_lost,0.0
coach_season,2014,Mike Zimmer,MIN,two_point_wrong,0.0
coach_season,2014,Mike Zimmer,MIN,went,11.0
coach_season,2014,Mike Zimmer,MIN,wp_lost,0.239785
coach_season,2014,Mike Zimmer,MIN,wp_lost_per_game,0.014987
coach_season,2014,Pete Carroll,SEA,aggressiveness,0.272727
coach_season,2014,Pete Carroll,SEA,fourth_graded,51.0
coach_season,2014,Pete Carroll,SEA,fourth_toss_ups,72.0
coach_season,2014,Pete Carroll,SEA,fourth_wp_lost,0.218551
coach_season,2014,Pete Carroll,SEA,fourth_wrong,9.0
coach_season,2014,Pete Carroll,SEA,games,19.0
coach_season,2014,Pete Carroll,SEA,go_clear,11.0
coach_season,2014,Pete Carroll,SEA,go_clear_went,3.0
coach_season,2014,Pete Carroll,SEA,two_point_graded,3.0
coach_season,2014,Pete Carroll,SEA,two_point_toss_ups,49.0
coach_season,2014,Pete Carroll,SEA,two_point_wp_lost,0.022002
coach_season,2014,Pete Carroll,SEA,two_point_wrong,1.0
coach_season,2014,Pete Carroll,SEA,went,11.0
coach_season,2014,Pete Carroll,SEA,wp_lost,0.240553
coach_season,2014,Pete Carroll,SEA,wp_lost_per_game,0.012661
coach_season,2014,Rex Ryan,NYJ,aggressiveness,0.333333
coach_season,2014,Rex Ryan,NYJ,fourth_graded,47.0
coach_season,2014,Rex Ryan,NYJ,fourth_toss_ups,83.0
coach_season,2014,Rex Ryan,NYJ,fourth_wp_lost,0.283678
coach_season,2014,Rex Ryan,NYJ,fourth_wrong,8.0
coach_season,2014,Rex Ryan,NYJ,games,16.0
coach_season,2014,Rex Ryan,NYJ,go_clear,9.0
coach_season,2014,Rex Ryan,NYJ,go_clear_went,3.0
coach_season,2014,Rex Ryan,NYJ,two_point_graded,1.0
coach_season,2014,Rex Ryan,NYJ,two_point_toss_ups,26.0
coach_season,2014,Rex Ryan,NYJ,two_point_wp_lost,0.0
coach_season,2014,Rex Ryan,NYJ,two_point_wrong,0.0
coach_season,2014,Rex Ryan,NYJ,went,15.0
coach_season,2014,Rex Ryan,NYJ,wp_lost,0.283678
coach_season,2014,Rex Ryan,NYJ,wp_lost_per_game,0.01773
coach_season,2014,Ron Rivera,CAR,aggressiveness,0.333333
coach_season,2014,Ron Rivera,CAR,fourth_graded,48.0
coach_season,2014,Ron Rivera,CAR,fourth_toss_ups,79.0
coach_season,2014,Ron Rivera,CAR,fourth_wp_lost,0.256058
coach_season,2014,Ron Rivera,CAR,fourth_wrong,8.0
coach_season,2014,Ron Rivera,CAR,games,18.0
coach_season,2014,Ron Rivera,CAR,go_clear,12.0
coach_season,2014,Ron Rivera,CAR,go_clear_went,4.0
coach_season,2014,Ron Rivera,CAR,two_point_graded,1.0
coach_season,2014,Ron Rivera,CAR,two_point_toss_ups,40.0
coach_season,2014,Ron Rivera,CAR,two_point_wp_lost,0.0
coach_season,2014,Ron Rivera,CAR,two_point_wrong,0.0
coach_season,2014,Ron Rivera,CAR,went,11.0
coach_season,2014,Ron Rivera,CAR,wp_lost,0.256058
coach_season,2014,Ron Rivera,CAR,wp_lost_per_game,0.014225
coach_season,2014,Sean Payton,NO,aggressiveness,0.461538
coach_season,2014,Sean Payton,NO,fourth_graded,32.0
coach_season,2014,Sean Payton,NO,fourth_toss_ups,61.0
coach_season,2014,Sean Payton,NO,fourth_wp_lost,0.150514
coach_season,2014,Sean Payton,NO,fourth_wrong,7.0
coach_season,2014,Sean Payton,NO,games,16.0
coach_season,2014,Sean Payton,NO,go_clear,13.0
coach_season,2014,Sean Payton,NO,go_clear_went,6.0
coach_season,2014,Sean Payton,NO,two_point_graded,1.0
coach_season,2014,Sean Payton,NO,two_point_toss_ups,47.0
coach_season,2014,Sean Payton,NO,two_point_wp_lost,0.0
coach_season,2014,Sean Payton,NO,two_point_wrong,0.0
coach_season,2014,Sean Payton,NO,went,15.0
coach_season,2014,Sean Payton,NO,wp_lost,0.150514
coach_season,2014,Sean Payton,NO,wp_lost_per_game,0.009407
coach_season,2014,Tom Coughlin,NYG,aggressiveness,0.5
coach_season,2014,Tom Coughlin,NYG,fourth_graded,36.0
coach_season,2014,Tom Coughlin,NYG,fourth_toss_ups,83.0
coach_season,2014,Tom Coughlin,NYG,fourth_wp_lost,0.110959
coach_season,2014,Tom Coughlin,NYG,fourth_wrong,5.0
coach_season,2014,Tom Coughlin,NYG,games,16.0
coach_season,2014,Tom Coughlin,NYG,go_clear,10.0
coach_season,2014,Tom Coughlin,NYG,go_clear_went,5.0
coach_season,2014,Tom Coughlin,NYG,two_point_graded,1.0
coach_season,2014,Tom Coughlin,NYG,two_point_toss_ups,43.0
coach_season,2014,Tom Coughlin,NYG,two_point_wp_lost,0.0
coach_season,2014,Tom Coughlin,NYG,two_point_wrong,0.0
coach_season,2014,Tom Coughlin,NYG,went,15.0
coach_season,2014,Tom Coughlin,NYG,wp_lost,0.110959
coach_season,2014,Tom Coughlin,NYG,wp_lost_per_game,0.006935
coach_season,2014,Tony Sparano,LV,aggressiveness,0.222222
coach_season,2014,Tony Sparano,LV,fourth_graded,26.0
coach_season,2014,Tony Sparano,LV,fourth_toss_ups,84.0
coach_season,2014,Tony Sparano,LV,fourth_wp_lost,0.14745
coach_season,2014,Tony Sparano,LV,fourth_wrong,7.0
coach_season,2014,Tony Sparano,LV,games,12.0
coach_season,2014,Tony Sparano,LV,go_clear,9.0
coach_season,2014,Tony Sparano,LV,go_clear_went,2.0
coach_season,2014,Tony Sparano,LV,two_point_graded,3.0
coach_season,2014,Tony Sparano,LV,two_point_toss_ups,19.0
coach_season,2014,Tony Sparano,LV,two_point_wp_lost,0.034073
coach_season,2014,Tony Sparano,LV,two_point_wrong,2.0
coach_season,2014,Tony Sparano,LV,went,10.0
coach_season,2014,Tony Sparano,LV,wp_lost,0.181523
coach_season,2014,Tony Sparano,LV,wp_lost_per_game,0.015127
coach_season,2015,Andy Reid,KC,aggressiveness,0.357143
coach_season,2015,Andy Reid,KC,fourth_graded,49.0
coach_season,2015,Andy Reid,KC,fourth_toss_ups,80.0
coach_season,2015,Andy Reid,KC,fourth_wp_lost,0.175702
coach_season,2015,Andy Reid,KC,fourth_wrong,9.0
coach_season,2015,Andy Reid,KC,games,18.0
coach_season,2015,Andy Reid,KC,go_clear,14.0
coach_season,2015,Andy Reid,KC,go_clear_went,5.0
coach_season,2015,Andy Reid,KC,two_point_graded,1.0
coach_season,2015,Andy Reid,KC,two_point_toss_ups,49.0
coach_season,2015,Andy Reid,KC,two_point_wp_lost,0.0
coach_season,2015,Andy Reid,KC,two_point_wrong,0.0
coach_season,2015,Andy Reid,KC,went,11.0
coach_season,2015,Andy Reid,KC,wp_lost,0.175702
coach_season,2015,Andy Reid,KC,wp_lost_per_game,0.009761
coach_season,2015,Bill Belichick,NE,aggressiveness,0.55
coach_season,2015,Bill Belichick,NE,fourth_graded,53.0
coach_season,2015,Bill Belichick,NE,fourth_toss_ups,84.0
coach_season,2015,Bill Belichick,NE,fourth_wp_lost,0.213171
coach_season,2015,Bill Belichick,NE,fourth_wrong,9.0
coach_season,2015,Bill Belichick,NE,games,18.0
coach_season,2015,Bill Belichick,NE,go_clear,20.0
coach_season,2015,Bill Belichick,NE,go_clear_went,11.0
coach_season,2015,Bill Belichick,NE,two_point_graded,2.0
coach_season,2015,Bill Belichick,NE,two_point_toss_ups,55.0
coach_season,2015,Bill Belichick,NE,two_point_wp_lost,0.0
coach_season,2015,Bill Belichick,NE,two_point_wrong,0.0
coach_season,2015,Bill Belichick,NE,went,18.0
coach_season,2015,Bill Belichick,NE,wp_lost,0.213171
coach_season,2015,Bill Belichick,NE,wp_lost_per_game,0.011843
coach_season,2015,Bill O'Brien,HOU,aggressiveness,0.588235
coach_season,2015,Bill O'Brien,HOU,fourth_graded,52.0
coach_season,2015,Bill O'Brien,HOU,fourth_toss_ups,91.0
coach_season,2015,Bill O'Brien,HOU,fourth_wp_lost,0.139534
coach_season,2015,Bill O'Brien,HOU,fourth_wrong,7.0
coach_season,2015,Bill O'Brien,HOU,games,17.0
coach_season,2015,Bill O'Brien,HOU,go_clear,17.0
coach_season,2015,Bill O'Brien,HOU,go_clear_went,10.0
coach_season,2015,Bill O'Brien,HOU,two_point_graded,0.0
coach_season,2015,Bill O'Brien,HOU,two_point_toss_ups,39.0
coach_season,2015,Bill O'Brien,HOU,two_point_wp_lost,0.0
coach_season,2015,Bill O'Brien,HOU,two_point_wrong,0.0
coach_season,2015,Bill O'Brien,HOU,went,17.0
coach_season,2015,Bill O'Brien,HOU,wp_lost,0.139534
coach_season,2015,Bill O'Brien,HOU,wp_lost_per_game,0.008208
coach_season,2015,Bruce Arians,ARI,aggressiveness,0.375
coach_season,2015,Bruce Arians,ARI,fourth_graded,29.0
coach_season,2015,Bruce Arians,ARI,fourth_toss_ups,77.0
coach_season,2015,Bruce Arians,ARI,fourth_wp_lost,0.164869
coach_season,2015,Bruce Arians,ARI,fourth_wrong,7.0
coach_season,2015,Bruce Arians,ARI,games,18.0
coach_season,2015,Bruce Arians,ARI,go_clear,8.0
coach_season,2015,Bruce Arians,ARI,go_clear_went,3.0
coach_season,2015,Bruce Arians,ARI,two_point_graded,0.0
coach_season,2015,Bruce Arians,ARI,two_point_toss_ups,62.0
coach_season,2015,Bruce Arians,ARI,two_point_wp_lost,0.0
coach_season,2015,Bruce Arians,ARI,two_point_wrong,0.0
coach_season,2015,Bruce Arians,ARI,went,11.0
coach_season,2015,Bruce Arians,ARI,wp_lost,0.164869
coach_season,2015,Bruce Arians,ARI,wp_lost_per_game,0.009159
coach_season,2015,Chip Kelly,PHI,aggressiveness,0.4375
coach_season,2015,Chip Kelly,PHI,fourth_graded,56.0
coach_season,2015,Chip Kelly,PHI,fourth_toss_ups,65.0
coach_season,2015,Chip Kelly,PHI,fourth_wp_lost,0.206314
coach_season,2015,Chip Kelly,PHI,fourth_wrong,10.0
coach_season,2015,Chip Kelly,PHI,games,15.0
coach_season,2015,Chip Kelly,PHI,go_clear,16.0
coach_season,2015,Chip Kelly,PHI,go_clear_went,7.0
coach_season,2015,Chip Kelly,PHI,two_point_graded,0.0
coach_season,2015,Chip Kelly,PHI,two_point_toss_ups,39.0
coach_season,2015,Chip Kelly,PHI,two_point_wp_lost,0.0
coach_season,2015,Chip Kelly,PHI,two_point_wrong,0.0
coach_season,2015,Chip Kelly,PHI,went,15.0
coach_season,2015,Chip Kelly,PHI,wp_lost,0.206314
coach_season,2015,Chip Kelly,PHI,wp_lost_per_game,0.013754
coach_season,2015,Chuck Pagano,IND,aggressiveness,0.157895
coach_season,2015,Chuck Pagano,IND,fourth_graded,53.0
coach_season,2015,Chuck Pagano,IND,fourth_toss_ups,70.0
coach_season,2015,Chuck Pagano,IND,fourth_wp_lost,0.43372
coach_season,2015,Chuck Pagano,IND,fourth_wrong,17.0
coach_season,2015,Chuck Pagano,IND,games,16.0
coach_season,2015,Chuck Pagano,IND,go_clear,19.0
coach_season,2015,Chuck Pagano,IND,go_clear_went,3.0
coach_season,2015,Chuck Pagano,IND,two_point_graded,1.0
coach_season,2015,Chuck Pagano,IND,two_point_toss_ups,36.0
coach_season,2015,Chuck Pagano,IND,two_point_wp_lost,0.015623
coach_season,2015,Chuck Pagano,IND,two_point_wrong,1.0
coach_season,2015,Chuck Pagano,IND,went,13.0
coach_season,2015,Chuck Pagano,IND,wp_lost,0.449343
coach_season,2015,Chuck Pagano,IND,wp_lost_per_game,0.028084
coach_season,2015,Dan Quinn,ATL,aggressiveness,0.642857
coach_season,2015,Dan Quinn,ATL,fourth_graded,52.0
coach_season,2015,Dan Quinn,ATL,fourth_toss_ups,52.0
coach_season,2015,Dan Quinn,ATL,fourth_wp_lost,0.199344
coach_season,2015,Dan Quinn,ATL,fourth_wrong,5.0
coach_season,2015,Dan Quinn,ATL,games,16.0
coach_season,2015,Dan Quinn,ATL,go_clear,14.0
coach_season,2015,Dan Quinn,ATL,go_clear_went,9.0
coach_season,2015,Dan Quinn,ATL,two_point_graded,3.0
coach_season,2015,Dan Quinn,ATL,two_point_toss_ups,34.0
coach_season,2015,Dan Quinn,ATL,two_point_wp_lost,0.0
coach_season,2015,Dan Quinn,ATL,two_point_wrong,0.0
coach_season,2015,Dan Quinn,ATL,went,18.0
coach_season,2015,Dan Quinn,ATL,wp_lost,0.199344
coach_season,2015,Dan Quinn,ATL,wp_lost_per_game,0.012459
coach_season,2015,Gary Kubiak,DEN,aggressiveness,0.423077
coach_season,2015,Gary Kubiak,DEN,fourth_graded,87.0
coach_season,2015,Gary Kubiak,DEN,fourth_toss_ups,75.0
coach_season,2015,Gary Kubiak,DEN,fourth_wp_lost,0.399544
coach_season,2015,Gary Kubiak,DEN,fourth_wrong,15.0
coach_season,2015,Gary Kubiak,DEN,games,19.0
coach_season,2015,Gary Kubiak,DEN,go_clear,26.0
coach_season,2015,Gary Kubiak,DEN,go_clear_went,11.0
coach_season,2015,Gary Kubiak,DEN,two_point_graded,2.0
coach_season,2015,Gary Kubiak,DEN,two_point_toss_ups,40.0
coach_season,2015,Gary Kubiak,DEN,two_point_wp_lost,0.019828
coach_season,2015,Gary Kubiak,DEN,two_point_wrong,1.0
coach_season,2015,Gary Kubiak,DEN,went,15.0
coach_season,2015,Gary Kubiak,DEN,wp_lost,0.419372
coach_season,2015,Gary Kubiak,DEN,wp_lost_per_game,0.022072
coach_season,2015,Gus Bradley,JAX,aggressiveness,0.3
coach_season,2015,Gus Bradley,JAX,fourth_graded,55.0
coach_season,2015,Gus Bradley,JAX,fourth_toss_ups,66.0
coach_season,2015,Gus Bradley,JAX,fourth_wp_lost,0.136352
coach_season,2015,Gus Bradley,JAX,fourth_wrong,7.0
coach_season,2015,Gus Bradley,JAX,games,16.0
coach_season,2015,Gus Bradley,JAX,go_clear,10.0
coach_season,2015,Gus Bradley,JAX,go_clear_went,3.0
coach_season,2015,Gus Bradley,JAX,two_point_graded,1.0
coach_season,2015,Gus Bradley,JAX,two_point_toss_ups,43.0
coach_season,2015,Gus Bradley,JAX,two_point_wp_lost,0.028502
coach_season,2015,Gus Bradley,JAX,two_point_wrong,1.0
coach_season,2015,Gus Bradley,JAX,went,15.0
coach_season,2015,Gus Bradley,JAX,wp_lost,0.164854
coach_season,2015,Gus Bradley,JAX,wp_lost_per_game,0.010303
coach_season,2015,Jack Del Rio,LV,aggressiveness,0.2
coach_season,2015,Jack Del Rio,LV,fourth_graded,51.0
coach_season,2015,Jack Del Rio,LV,fourth_toss_ups,67.0
coach_season,2015,Jack Del Rio,LV,fourth_wp_lost,0.185357
coach_season,2015,Jack Del Rio,LV,fourth_wrong,8.0
coach_season,2015,Jack Del Rio,LV,games,16.0
coach_season,2015,Jack Del Rio,LV,go_clear,10.0
coach_season,2015,Jack Del Rio,LV,go_clear_went,2.0
coach_season,2015,Jack Del Rio,LV,two_point_graded,2.0
coach_season,2015,Jack Del Rio,LV,two_point_toss_ups,40.0
coach_season,2015,Jack Del Rio,LV,two_point_wp_lost,0.025525
coach_season,2015,Jack Del Rio,LV,two_point_wrong,1.0
coach_season,2015,Jack Del Rio,LV,went,11.0
coach_season,2015,Jack Del Rio,LV,wp_lost,0.210882
coach_season,2015,Jack Del Rio,LV,wp_lost_per_game,0.01318
coach_season,2015,Jason Garrett,DAL,aggressiveness,0.315789
coach_season,2015,Jason Garrett,DAL,fourth_graded,45.0
coach_season,2015,Jason Garrett,DAL,fourth_toss_ups,70.0
coach_season,2015,Jason Garrett,DAL,fourth_wp_lost,0.312237
coach_season,2015,Jason Garrett,DAL,fourth_wrong,14.0
coach_season,2015,Jason Garrett,DAL,games,16.0
coach_season,2015,Jason Garrett,DAL,go_clear,19.0
coach_season,2015,Jason Garrett,DAL,go_clear_went,6.0
coach_season,2015,Jason Garrett,DAL,two_point_graded,3.0
coach_season,2015,Jason Garrett,DAL,two_point_toss_ups,23.0
coach_season,2015,Jason Garrett,DAL,two_point_wp_lost,0.0
coach_season,2015,Jason Garrett,DAL,two_point_wrong,0.0
coach_season,2015,Jason Garrett,DAL,went,16.0
coach_season,2015,Jason Garrett,DAL,wp_lost,0.312237
coach_season,2015,Jason Garrett,DAL,wp_lost_per_game,0.019515
coach_season,2015,Jay Gruden,WAS,aggressiveness,0.214286
coach_season,2015,Jay Gruden,WAS,fourth_graded,52.0
coach_season,2015,Jay Gruden,WAS,fourth_toss_ups,66.0
coach_season,2015,Jay Gruden,WAS,fourth_wp_lost,0.278878
coach_season,2015,Jay Gruden,WAS,fourth_wrong,13.0
coach_season,2015,Jay Gruden,WAS,games,17.0
coach_season,2015,Jay Gruden,WAS,go_clear,14.0
coach_season,2015,Jay Gruden,WAS,go_clear_went,3.0
coach_season,2015,Jay Gruden,WAS,two_point_graded,3.0
coach_season,2015,Jay Gruden,WAS,two_point_toss_ups,43.0
coach_season,2015,Jay Gruden,WAS,two_point_wp_lost,0.0
coach_season,2015,Jay Gruden,WAS,two_point_wrong,0.0
coach_season,2015,Jay Gruden,WAS,went,15.0
coach_season,2015,Jay Gruden,WAS,wp_lost,0.278878
coach_season,2015,Jay Gruden,WAS,wp_lost_per_game,0.016405
coach_season,2015,Jeff Fisher,LA,aggressiveness,0.266667
coach_season,2015,Jeff Fisher,LA,fourth_graded,52.0
coach_season,2015,Jeff Fisher,LA,fourth_toss_ups,85.0
coach_season,2015,Jeff Fisher,LA,fourth_wp_lost,0.288642
coach_season,2015,Jeff Fisher,LA,fourth_wrong,12.0
coach_season,2015,Jeff Fisher,LA,games,16.0
coach_season,2015,Jeff Fisher,LA,go_clear,15.0
coach_season,2015,Jeff Fisher,LA,go_clear_went,4.0
coach_season,2015,Jeff Fisher,LA,two_point_graded,1.0
coach_season,2015,Jeff Fisher,LA,two_point_toss_ups,30.0
coach_season,2015,Jeff Fisher,LA,two_point_wp_lost,0.0
coach_season,2015,Jeff Fisher,LA,two_point_wrong,0.0
coach_season,2015,Jeff Fisher,LA,went,13.0
coach_season,2015,Jeff Fisher,LA,wp_lost,0.288642
coach_season,2015,Jeff Fisher,LA,wp_lost_per_game,0.01804
coach_season,2015,Jim Caldwell,DET,aggressiveness,0.384615
coach_season,2015,Jim Caldwell,DET,fourth_graded,45.0
coach_season,2015,Jim Caldwell,DET,fourth_toss_ups,67.0
coach_season,2015,Jim Caldwell,DET,fourth_wp_lost,0.194676
coach_season,2015,Jim Caldwell,DET,fourth_wrong,8.0
coach_season,2015,Jim Caldwell,DET,games,16.0
coach_season,2015,Jim Caldwell,DET,go_clear,13.0
coach_season,2015,Jim Caldwell,DET,go_clear_went,5.0
coach_season,2015,Jim Caldwell,DET,two_point_graded,2.0
coach_season,2015,Jim Caldwell,DET,two_point_toss_ups,40.0
coach_season,2015,Jim Caldwell,DET,two_point_wp_lost,0.0
coach_season,2015,Jim Caldwell,DET,two_point_wrong,0.0
coach_season,2015,Jim Caldwell,DET,went,12.0
coach_season,2015,Jim Caldwell,DET,wp_lost,0.194676
coach_season,2015,Jim Caldwell,DET,wp_lost_per_game,0.012167
coach_season,2015,Jim Tomsula,SF,aggressiveness,0.555556
coach_season,2015,Jim Tomsula,SF,fourth_graded,39.0
coach_season,2015,Jim Tomsula,SF,fourth_toss_ups,97.0
coach_season,2015,Jim Tomsula,SF,fourth_wp_lost,0.089591
coach_season,2015,Jim Tomsula,SF,fourth_wrong,4.0
coach_season,2015,Jim Tomsula,SF,games,16.0
coach_season,2015,Jim Tomsula,SF,go_clear,9.0
coach_season,2015,Jim Tomsula,SF,go_clear_went,5.0
coach_season,2015,Jim Tomsula,SF,two_point_graded,1.0
coach_season,2015,Jim Tomsula,SF,two_point_toss_ups,22.0
coach_season,2015,Jim Tomsula,SF,two_point_wp_lost,0.0
coach_season,2015,Jim Tomsula,SF,two_point_wrong,0.0
coach_season,2015,Jim Tomsula,SF,went,19.0
coach_season,2015,Jim Tomsula,SF,wp_lost,0.089591
coach_season,2015,Jim Tomsula,SF,wp_lost_per_game,0.005599
coach_season,2015,Joe Philbin,MIA,aggressiveness,0.235294
coach_season,2015,Joe Philbin,MIA,fourth_graded,46.0
coach_season,2015,Joe Philbin,MIA,fourth_toss_ups,82.0
coach_season,2015,Joe Philbin,MIA,fourth_wp_lost,0.369729
coach_season,2015,Joe Philbin,MIA,fourth_wrong,14.0
coach_season,2015,Joe Philbin,MIA,games,16.0
coach_season,2015,Joe Philbin,MIA,go_clear,17.0
coach_season,2015,Joe Philbin,MIA,go_clear_went,4.0
coach_season,2015,Joe Philbin,MIA,two_point_graded,0.0
coach_season,2015,Joe Philbin,MIA,two_point_toss_ups,39.0
coach_season,2015,Joe Philbin,MIA,two_point_wp_lost,0.0
coach_season,2015,Joe Philbin,MIA,two_point_wrong,0.0
coach_season,2015,Joe Philbin,MIA,went,21.0
coach_season,2015,Joe Philbin,MIA,wp_lost,0.369729
coach_season,2015,Joe Philbin,MIA,wp_lost_per_game,0.023108
coach_season,2015,John Fox,CHI,aggressiveness,0.294118
coach_season,2015,John Fox,CHI,fourth_graded,52.0
coach_season,2015,John Fox,CHI,fourth_toss_ups,66.0
coach_season,2015,John Fox,CHI,fourth_wp_lost,0.338686
coach_season,2015,John Fox,CHI,fourth_wrong,12.0
coach_season,2015,John Fox,CHI,games,16.0
coach_season,2015,John Fox,CHI,go_clear,17.0
coach_season,2015,John Fox,CHI,go_clear_went,5.0
coach_season,2015,John Fox,CHI,two_point_graded,1.0
coach_season,2015,John Fox,CHI,two_point_toss_ups,33.0
coach_season,2015,John Fox,CHI,two_point_wp_lost,0.0
coach_season,2015,John Fox,CHI,two_point_wrong,0.0
coach_season,2015,John Fox,CHI,went,10.0
coach_season,2015,John Fox,CHI,wp_lost,0.338686
coach_season,2015,John Fox,CHI,wp_lost_per_game,0.021168
coach_season,2015,John Harbaugh,BAL,aggressiveness,0.52381
coach_season,2015,John Harbaugh,BAL,fourth_graded,62.0
coach_season,2015,John Harbaugh,BAL,fourth_toss_ups,67.0
coach_season,2015,John Harbaugh,BAL,fourth_wp_lost,0.344463
coach_season,2015,John Harbaugh,BAL,fourth_wrong,11.0
coach_season,2015,John Harbaugh,BAL,games,16.0
coach_season,2015,John Harbaugh,BAL,go_clear,21.0
coach_season,2015,John Harbaugh,BAL,go_clear_went,11.0
coach_season,2015,John Harbaugh,BAL,two_point_graded,2.0
coach_season,2015,John Harbaugh,BAL,two_point_toss_ups,31.0
coach_season,2015,John Harbaugh,BAL,two_point_wp_lost,0.0
coach_season,2015,John Harbaugh,BAL,two_point_wrong,0.0
coach_season,2015,John Harbaugh,BAL,went,24.0
coach_season,2015,John Harbaugh,BAL,wp_lost,0.344463
coach_season,2015,John Harbaugh,BAL,wp_lost_per_game,0.021529
coach_season,2015,Ken Whisenhunt,TEN,aggressiveness,0.285714
coach_season,2015,Ken Whisenhunt,TEN,fourth_graded,39.0
coach_season,2015,Ken Whisenhunt,TEN,fourth_toss_ups,79.0
coach_season,2015,Ken Whisenhunt,TEN,fourth_wp_lost,0.150215
coach_season,2015,Ken Whisenhunt,TEN,fourth_wrong,7.0
coach_season,2015,Ken Whisenhunt,TEN,games,16.0
coach_season,2015,Ken Whisenhunt,TEN,go_clear,7.0
coach_season,2015,Ken Whisenhunt,TEN,go_clear_went,2.0
coach_season,2015,Ken Whisenhunt,TEN,two_point_graded,2.0
coach_season,2015,Ken Whisenhunt,TEN,two_point_toss_ups,33.0
coach_season,2015,Ken Whisenhunt,TEN,two_point_wp_lost,0.020517
coach_season,2015,Ken Whisenhunt,TEN,two_point_wrong,1.0
coach_season,2015,Ken Whisenhunt,TEN,went,14.0
coach_season,2015,Ken Whisenhunt,TEN,wp_lost,0.170731
coach_season,2015,Ken Whisenhunt,TEN,wp_lost_per_game,0.010671
coach_season,2015,Lovie Smith,TB,aggressiveness,0.416667
coach_season,2015,Lovie Smith,TB,fourth_graded,49.0
coach_season,2015,Lovie Smith,TB,fourth_toss_ups,56.0
coach_season,2015,Lovie Smith,TB,fourth_wp_lost,0.142309
coach_season,2015,Lovie Smith,TB,fourth_wrong,7.0
coach_season,2015,Lovie Smith,TB,games,16.0
coach_season,2015,Lovie Smith,TB,go_clear,12.0
coach_season,2015,Lovie Smith,TB,go_clear_went,5.0
coach_season,2015,Lovie Smith,TB,two_point_graded,2.0
coach_season,2015,Lovie Smith,TB,two_point_toss_ups,35.0
coach_season,2015,Lovie Smith,TB,two_point_wp_lost,0.0
coach_season,2015,Lovie Smith,TB,two_point_wrong,0.0
coach_season,2015,Lovie Smith,TB,went,13.0
coach_season,2015,Lovie Smith,TB,wp_lost,0.142309
coach_season,2015,Lovie Smith,TB,wp_lost_per_game,0.008894
coach_season,2015,Marvin Lewis,CIN,aggressiveness,0.375
coach_season,2015,Marvin Lewis,CIN,fourth_graded,44.0
coach_season,2015,Marvin Lewis,CIN,fourth_toss_ups,71.0
coach_season,2015,Marvin Lewis,CIN,fourth_wp_lost,0.300995
coach_season,2015,Marvin Lewis,CIN,fourth_wrong,11.0
coach_season,2015,Marvin Lewis,CIN,games,17.0
coach_season,2015,Marvin Lewis,CIN,go_clear,16.0
coach_season,2015,Marvin Lewis,CIN,go_clear_went,6.0
coach_season,2015,Marvin Lewis,CIN,two_point_graded,1.0
coach_season,2015,Marvin Lewis,CIN,two_point_toss_ups,51.0
coach_season,2015,Marvin Lewis,CIN,two_point_wp_lost,0.018593
coach_season,2015,Marvin Lewis,CIN,two_point_wrong,1.0
coach_season,2015,Marvin Lewis,CIN,went,12.0
coach_season,2015,Marvin Lewis,CIN,wp_lost,0.319588
coach_season,2015,Marvin Lewis,CIN,wp_lost_per_game,0.018799
coach_season,2015,Mike McCarthy,GB,aggressiveness,0.5
coach_season,2015,Mike McCarthy,GB,fourth_graded,64.0
coach_season,2015,Mike McCarthy,GB,fourth_toss_ups,76.0
coach_season,2015,Mike McCarthy,GB,fourth_wp_lost,0.298608
coach_season,2015,Mike McCarthy,GB,fourth_wrong,14.0
coach_season,2015,Mike McCarthy,GB,games,18.0
coach_season,2015,Mike McCarthy,GB,go_clear,26.0
coach_season,2015,Mike McCarthy,GB,go_clear_went,13.0
coach_season,2015,Mike McCarthy,GB,two_point_graded,1.0
coach_season,2015,Mike McCarthy,GB,two_point_toss_ups,46.0
coach_season,2015,Mike McCarthy,GB,two_point_wp_lost,0.0
coach_season,2015,Mike McCarthy,GB,two_point_wrong,0.0
coach_season,2015,Mike McCarthy,GB,went,23.0
coach_season,2015,Mike McCarthy,GB,wp_lost,0.298608
coach_season,2015,Mike McCarthy,GB,wp_lost_per_game,0.016589
coach_season,2015,Mike McCoy,LAC,aggressiveness,0.352941
coach_season,2015,Mike McCoy,LAC,fourth_graded,47.0
coach_season,2015,Mike McCoy,LAC,fourth_toss_ups,68.0
coach_season,2015,Mike McCoy,LAC,fourth_wp_lost,0.330746
coach_season,2015,Mike McCoy,LAC,fourth_wrong,12.0
coach_season,2015,Mike McCoy,LAC,games,16.0
coach_season,2015,Mike McCoy,LAC,go_clear,17.0
coach_season,2015,Mike McCoy,LAC,go_clear_went,6.0
coach_season,2015,Mike McCoy,LAC,two_point_graded,0.0
coach_season,2015,Mike McCoy,LAC,two_point_toss_ups,35.0
coach_season,2015,Mike McCoy,LAC,two_point_wp_lost,0.0
coach_season,2015,Mike McCoy,LAC,two_point_wrong,0.0
coach_season,2015,Mike McCoy,LAC,went,14.0
coach_season,2015,Mike McCoy,LAC,wp_lost,0.330746
coach_season,2015,Mike McCoy,LAC,wp_lost_per_game,0.020672
coach_season,2015,Mike Pettine,CLE,aggressiveness,0.615385
coach_season,2015,Mike Pettine,CLE,fourth_graded,39.0
coach_season,2015,Mike Pettine,CLE,fourth_toss_ups,79.0
coach_season,2015,Mike Pettine,CLE,fourth_wp_lost,0.108228
coach_season,2015,Mike Pettine,CLE,fourth_wrong,5.0
coach_season,2015,Mike Pettine,CLE,games,16.0
coach_season,2015,Mike Pettine,CLE,go_clear,13.0
coach_season,2015,Mike Pettine,CLE,go_clear_went,8.0
coach_season,2015,Mike Pettine,CLE,two_point_graded,2.0
coach_season,2015,Mike Pettine,CLE,two_point_toss_ups,26.0
coach_season,2015,Mike Pettine,CLE,two_point_wp_lost,0.0
coach_season,2015,Mike Pettine,CLE,two_point_wrong,0.0
coach_season,2015,Mike Pettine,CLE,went,24.0
coach_season,2015,Mike Pettine,CLE,wp_lost,0.108228
coach_season,2015,Mike Pettine,CLE,wp_lost_per_game,0.006764
coach_season,2015,Mike Tomlin,PIT,aggressiveness,0.333333
coach_season,2015,Mike Tomlin,PIT,fourth_graded,69.0
coach_season,2015,Mike Tomlin,PIT,fourth_toss_ups,61.0
coach_season,2015,Mike Tomlin,PIT,fourth_wp_lost,0.441346
coach_season,2015,Mike Tomlin,PIT,fourth_wrong,18.0
coach_season,2015,Mike Tomlin,PIT,games,18.0
coach_season,2015,Mike Tomlin,PIT,go_clear,24.0
coach_season,2015,Mike Tomlin,PIT,go_clear_went,8.0
coach_season,2015,Mike Tomlin,PIT,two_point_graded,1.0
coach_season,2015,Mike Tomlin,PIT,two_point_toss_ups,45.0
coach_season,2015,Mike Tomlin,PIT,two_point_wp_lost,0.020998
coach_season,2015,Mike Tomlin,PIT,two_point_wrong,1.0
coach_season,2015,Mike Tomlin,PIT,went,15.0
coach_season,2015,Mike Tomlin,PIT,wp_lost,0.462344
coach_season,2015,Mike Tomlin,PIT,wp_lost_per_game,0.025686
coach_season,2015,Mike Zimmer,MIN,aggressiveness,0.266667
coach_season,2015,Mike Zimmer,MIN,fourth_graded,52.0
coach_season,2015,Mike Zimmer,MIN,fourth_toss_ups,67.0
coach_season,2015,Mike Zimmer,MIN,fourth_wp_lost,0.340652
coach_season,2015,Mike Zimmer,MIN,fourth_wrong,11.0
coach_season,2015,Mike Zimmer,MIN,games,17.0
coach_season,2015,Mike Zimmer,MIN,go_clear,15.0
coach_season,2015,Mike Zimmer,MIN,go_clear_went,4.0
coach_season,2015,Mike Zimmer,MIN,two_point_graded,1.0
coach_season,2015,Mike Zimmer,MIN,two_point_toss_ups,37.0
coach_season,2015,Mike Zimmer,MIN,two_point_wp_lost,0.0
coach_season,2015,Mike Zimmer,MIN,two_point_wrong,0.0
coach_season,2015,Mike Zimmer,MIN,went,12.0
coach_season,2015,Mike Zimmer,MIN,wp_lost,0.340652
coach_season,2015,Mike Zimmer,MIN,wp_lost_per_game,0.020038
coach_season,2015,Pat Shurmur,PHI,aggressiveness,
coach_season,2015,Pat Shurmur,PHI,fourth_graded,1.0
coach_season,2015,Pat Shurmur,PHI,fourth_toss_ups,2.0
coach_season,2015,Pat Shurmur,PHI,fourth_wp_lost,0.0
coach_season,2015,Pat Shurmur,PHI,fourth_wrong,0.0
coach_season,2015,Pat Shurmur,PHI,games,1.0
coach_season,2015,Pat Shurmur,PHI,go_clear,0.0
coach_season,2015,Pat Shurmur,PHI,go_clear_went,0.0
coach_season,2015,Pat Shurmur,PHI,two_point_graded,0.0
coach_season,2015,Pat Shurmur,PHI,two_point_toss_ups,5.0
coach_season,2015,Pat Shurmur,PHI,two_point_wp_lost,0.0
coach_season,2015,Pat Shurmur,PHI,two_point_wrong,0.0
coach_season,2015,Pat Shurmur,PHI,went,0.0
coach_season,2015,Pat Shurmur,PHI,wp_lost,0.0
coach_season,2015,Pat Shurmur,PHI,wp_lost_per_game,0.0
coach_season,2015,Pete Carroll,SEA,aggressiveness,0.384615
coach_season,2015,Pete Carroll,SEA,fourth_graded,45.0
coach_season,2015,Pete Carroll,SEA,fourth_toss_ups,72.0
coach_season,2015,Pete Carroll,SEA,fourth_wp_lost,0.256414
coach_season,2015,Pete Carroll,SEA,fourth_wrong,9.0
coach_season,2015,Pete Carroll,SEA,games,18.0
coach_season,2015,Pete Carroll,SEA,go_clear,13.0
coach_season,2015,Pete Carroll,SEA,go_clear_went,5.0
coach_season,2015,Pete Carroll,SEA,two_point_graded,0.0
coach_season,2015,Pete Carroll,SEA,two_point_toss_ups,53.0
coach_season,2015,Pete Carroll,SEA,two_point_wp_lost,0.0
coach_season,2015,Pete Carroll,SEA,two_point_wrong,0.0
coach_season,2015,Pete Carroll,SEA,went,13.0
coach_season,2015,Pete Carroll,SEA,wp_lost,0.256414
coach_season,2015,Pete Carroll,SEA,wp_lost_per_game,0.014245
coach_season,2015,Rex Ryan,BUF,aggressiveness,0.5
coach_season,2015,Rex Ryan,BUF,fourth_graded,48.0
coach_season,2015,Rex Ryan,BUF,fourth_toss_ups,74.0
coach_season,2015,Rex Ryan,BUF,fourth_wp_lost,0.11539
coach_season,2015,Rex Ryan,BUF,fourth_wrong,5.0
coach_season,2015,Rex Ryan,BUF,games,16.0
coach_season,2015,Rex Ryan,BUF,go_clear,10.0
coach_season,2015,Rex Ryan,BUF,go_clear_went,5.0
coach_season,2015,Rex Ryan,BUF,two_point_graded,2.0
coach_season,2015,Rex Ryan,BUF,two_point_toss_ups,43.0
coach_season,2015,Rex Ryan,BUF,two_point_wp_lost,0.015456
coach_season,2015,Rex Ryan,BUF,two_point_wrong,1.0
coach_season,2015,Rex Ryan,BUF,went,15.0
coach_season,2015,Rex Ryan,BUF,wp_lost,0.130846
coach_season,2015,Rex Ryan,BUF,wp_lost_per_game,0.008178
coach_season,2015,Ron Rivera,CAR,aggressiveness,0.428571
coach_season,2015,Ron Rivera,CAR,fourth_graded,54.0
coach_season,2015,Ron Rivera,CAR,fourth_toss_ups,78.0
coach_season,2015,Ron Rivera,CAR,fourth_wp_lost,0.208431
coach_season,2015,Ron Rivera,CAR,fourth_wrong,9.0
coach_season,2015,Ron Rivera,CAR,games,19.0
coach_season,2015,Ron Rivera,CAR,go_clear,14.0
coach_season,2015,Ron Rivera,CAR,go_clear_went,6.0
coach_season,2015,Ron Rivera,CAR,two_point_graded,0.0
coach_season,2015,Ron Rivera,CAR,two_point_toss_ups,70.0
coach_season,2015,Ron Rivera,CAR,two_point_wp_lost,0.0
coach_season,2015,Ron Rivera,CAR,two_point_wrong,0.0
coach_season,2015,Ron Rivera,CAR,went,10.0
coach_season,2015,Ron Rivera,CAR,wp_lost,0.208431
coach_season,2015,Ron Rivera,CAR,wp_lost_per_game,0.01097
coach_season,2015,Sean Payton,NO,aggressiveness,0.538462
coach_season,2015,Sean Payton,NO,fourth_graded,45.0
coach_season,2015,Sean Payton,NO,fourth_toss_ups,59.0
coach_season,2015,Sean Payton,NO,fourth_wp_lost,0.160688
coach_season,2015,Sean Payton,NO,fourth_wrong,7.0
coach_season,2015,Sean Payton,NO,games,16.0
coach_season,2015,Sean Payton,NO,go_clear,13.0
coach_season,2015,Sean Payton,NO,go_clear_went,7.0
coach_season,2015,Sean Payton,NO,two_point_graded,2.0
coach_season,2015,Sean Payton,NO,two_point_toss_ups,48.0
coach_season,2015,Sean Payton,NO,two_point_wp_lost,0.0
coach_season,2015,Sean Payton,NO,two_point_wrong,0.0
coach_season,2015,Sean Payton,NO,went,15.0
coach_season,2015,Sean Payton,NO,wp_lost,0.160688
coach_season,2015,Sean Payton,NO,wp_lost_per_game,0.010043
coach_season,2015,Todd Bowles,NYJ,aggressiveness,0.421053
coach_season,2015,Todd Bowles,NYJ,fourth_graded,46.0
coach_season,2015,Todd Bowles,NYJ,fourth_toss_ups,78.0
coach_season,2015,Todd Bowles,NYJ,fourth_wp_lost,0.239534
coach_season,2015,Todd Bowles,NYJ,fourth_wrong,12.0
coach_season,2015,Todd Bowles,NYJ,games,16.0
coach_season,2015,Todd Bowles,NYJ,go_clear,19.0
coach_season,2015,Todd Bowles,NYJ,go_clear_went,8.0
coach_season,2015,Todd Bowles,NYJ,two_point_graded,2.0
coach_season,2015,Todd Bowles,NYJ,two_point_toss_ups,41.0
coach_season,2015,Todd Bowles,NYJ,two_point_wp_lost,0.015232
coach_season,2015,Todd Bowles,NYJ,two_point_wrong,1.0
coach_season,2015,Todd Bowles,NYJ,went,14.0
coach_season,2015,Todd Bowles,NYJ,wp_lost,0.254766
coach_season,2015,Todd Bowles,NYJ,wp_lost_per_game,0.015923
coach_season,2015,Tom Coughlin,NYG,aggressiveness,0.47619
coach_season,2015,Tom Coughlin,NYG,fourth_graded,54.0
coach_season,2015,Tom Coughlin,NYG,fourth_toss_ups,69.0
coach_season,2015,Tom Coughlin,NYG,fourth_wp_lost,0.303206
coach_season,2015,Tom Coughlin,NYG,fourth_wrong,11.0
coach_season,2015,Tom Coughlin,NYG,games,16.0
coach_season,2015,Tom Coughlin,NYG,go_clear,21.0
coach_season,2015,Tom Coughlin,NYG,go_clear_went,10.0
coach_season,2015,Tom Coughlin,NYG,two_point_graded,2.0
coach_season,2015,Tom Coughlin,NYG,two_point_toss_ups,45.0
coach_season,2015,Tom Coughlin,NYG,two_point_wp_lost,0.017503
coach_season,2015,Tom Coughlin,NYG,two_point_wrong,1.0
coach_season,2015,Tom Coughlin,NYG,went,16.0
coach_season,2015,Tom Coughlin,NYG,wp_lost,0.320709
coach_season,2015,Tom Coughlin,NYG,wp_lost_per_game,0.020044
coach_season,2016,Adam Gase,MIA,aggressiveness,0.166667
coach_season,2016,Adam Gase,MIA,fourth_graded,36.0
coach_season,2016,Adam Gase,MIA,fourth_toss_ups,81.0
coach_season,2016,Adam Gase,MIA,fourth_wp_lost,0.120698
coach_season,2016,Adam Gase,MIA,fourth_wrong,5.0
coach_season,2016,Adam Gase,MIA,games,17.0
coach_season,2016,Adam Gase,MIA,go_clear,6.0
coach_season,2016,Adam Gase,MIA,go_clear_went,1.0
coach_season,2016,Adam Gase,MIA,two_point_graded,2.0
coach_season,2016,Adam Gase,MIA,two_point_toss_ups,43.0
coach_season,2016,Adam Gase,MIA,two_point_wp_lost,0.039312
coach_season,2016,Adam Gase,MIA,two_point_wrong,2.0
coach_season,2016,Adam Gase,MIA,went,6.0
coach_season,2016,Adam Gase,MIA,wp_lost,0.160009
coach_season,2016,Adam Gase,MIA,wp_lost_per_game,0.009412
coach_season,2016,Andy Reid,KC,aggressiveness,0.409091
coach_season,2016,Andy Reid,KC,fourth_graded,54.0
coach_season,2016,Andy Reid,KC,fourth_toss_ups,73.0
coach_season,2016,Andy Reid,KC,fourth_wp_lost,0.305723
coach_season,2016,Andy Reid,KC,fourth_wrong,14.0
coach_season,2016,Andy Reid,KC,games,17.0
coach_season,2016,Andy Reid,KC,go_clear,22.0
coach_season,2016,Andy Reid,KC,go_clear_went,9.0
coach_season,2016,Andy Reid,KC,two_point_graded,2.0
coach_season,2016,Andy Reid,KC,two_point_toss_ups,41.0
coach_season,2016,Andy Reid,KC,two_point_wp_lost,0.0
coach_season,2016,Andy Reid,KC,two_point_wrong,0.0
coach_season,2016,Andy Reid,KC,went,15.0
coach_season,2016,Andy Reid,KC,wp_lost,0.305723
coach_season,2016,Andy Reid,KC,wp_lost_per_game,0.017984
coach_season,2016,Anthony Lynn,BUF,aggressiveness,0.0
coach_season,2016,Anthony Lynn,BUF,fourth_graded,5.0
coach_season,2016,Anthony Lynn,BUF,fourth_toss_ups,3.0
coach_season,2016,Anthony Lynn,BUF,fourth_wp_lost,0.022419
coach_season,2016,Anthony Lynn,BUF,fourth_wrong,1.0
coach_season,2016,Anthony Lynn,BUF,games,1.0
coach_season,2016,Anthony Lynn,BUF,go_clear,1.0
coach_season,2016,Anthony Lynn,BUF,go_clear_went,0.0
coach_season,2016,Anthony Lynn,BUF,two_point_graded,0.0
coach_season,2016,Anthony Lynn,BUF,two_point_toss_ups,1.0
coach_season,2016,Anthony Lynn,BUF,two_point_wp_lost,0.0
coach_season,2016,Anthony Lynn,BUF,two_point_wrong,0.0
coach_season,2016,Anthony Lynn,BUF,went,1.0
coach_season,2016,Anthony Lynn,BUF,wp_lost,0.022419
coach_season,2016,Anthony Lynn,BUF,wp_lost_per_game,0.022419
coach_season,2016,Ben McAdoo,NYG,aggressiveness,0.32
coach_season,2016,Ben McAdoo,NYG,fourth_graded,63.0
coach_season,2016,Ben McAdoo,NYG,fourth_toss_ups,80.0
coach_season,2016,Ben McAdoo,NYG,fourth_wp_lost,0.660034
coach_season,2016,Ben McAdoo,NYG,fourth_wrong,19.0
coach_season,2016,Ben McAdoo,NYG,games,17.0
coach_season,2016,Ben McAdoo,NYG,go_clear,25.0
coach_season,2016,Ben McAdoo,NYG,go_clear_went,8.0
coach_season,2016,Ben McAdoo,NYG,two_point_graded,1.0
coach_season,2016,Ben McAdoo,NYG,two_point_toss_ups,36.0
coach_season,2016,Ben McAdoo,NYG,two_point_wp_lost,0.0
coach_season,2016,Ben McAdoo,NYG,two_point_wrong,0.0
coach_season,2016,Ben McAdoo,NYG,went,20.0
coach_season,2016,Ben McAdoo,NYG,wp_lost,0.660034
coach_season,2016,Ben McAdoo,NYG,wp_lost_per_game,0.038826
coach_season,2016,Bill Belichick,NE,aggressiveness,0.25
coach_season,2016,Bill Belichick,NE,fourth_graded,29.0
coach_season,2016,Bill Belichick,NE,fourth_toss_ups,100.0
coach_season,2016,Bill Belichick,NE,fourth_wp_lost,0.163009
coach_season,2016,Bill Belichick,NE,fourth_wrong,6.0
coach_season,2016,Bill Belichick,NE,games,19.0
coach_season,2016,Bill Belichick,NE,go_clear,8.0
coach_season,2016,Bill Belichick,NE,go_clear_went,2.0
coach_season,2016,Bill Belichick,NE,two_point_graded,0.0
coach_season,2016,Bill Belichick,NE,two_point_toss_ups,60.0
coach_season,2016,Bill Belichick,NE,two_point_wp_lost,0.0
coach_season,2016,Bill Belichick,NE,two_point_wrong,0.0
coach_season,2016,Bill Belichick,NE,went,12.0
coach_season,2016,Bill Belichick,NE,wp_lost,0.163009
coach_season,2016,Bill Belichick,NE,wp_lost_per_game,0.008579
coach_season,2016,Bill O'Brien,HOU,aggressiveness,0.321429
coach_season,2016,Bill O'Brien,HOU,fourth_graded,63.0
coach_season,2016,Bill O'Brien,HOU,fourth_toss_ups,89.0
coach_season,2016,Bill O'Brien,HOU,fourth_wp_lost,0.465521
coach_season,2016,Bill O'Brien,HOU,fourth_wrong,19.0
coach_season,2016,Bill O'Brien,HOU,games,18.0
coach_season,2016,Bill O'Brien,HOU,go_clear,28.0
coach_season,2016,Bill O'Brien,HOU,go_clear_went,9.0
coach_season,2016,Bill O'Brien,HOU,two_point_graded,1.0
coach_season,2016,Bill O'Brien,HOU,two_point_toss_ups,28.0
coach_season,2016,Bill O'Brien,HOU,two_point_wp_lost,0.0
coach_season,2016,Bill O'Brien,HOU,two_point_wrong,0.0
coach_season,2016,Bill O'Brien,HOU,went,21.0
coach_season,2016,Bill O'Brien,HOU,wp_lost,0.465521
coach_season,2016,Bill O'Brien,HOU,wp_lost_per_game,0.025862
coach_season,2016,Bruce Arians,ARI,aggressiveness,0.222222
coach_season,2016,Bruce Arians,ARI,fourth_graded,40.0
coach_season,2016,Bruce Arians,ARI,fourth_toss_ups,71.0
coach_season,2016,Bruce Arians,ARI,fourth_wp_lost,0.159288
coach_season,2016,Bruce Arians,ARI,fourth_wrong,7.0
coach_season,2016,Bruce Arians,ARI,games,16.0
coach_season,2016,Bruce Arians,ARI,go_clear,9.0
coach_season,2016,Bruce Arians,ARI,go_clear_went,2.0
coach_season,2016,Bruce Arians,ARI,two_point_graded,0.0
coach_season,2016,Bruce Arians,ARI,two_point_toss_ups,51.0
coach_season,2016,Bruce Arians,ARI,two_point_wp_lost,0.0
coach_season,2016,Bruce Arians,ARI,two_point_wrong,0.0
coach_season,2016,Bruce Arians,ARI,went,9.0
coach_season,2016,Bruce Arians,ARI,wp_lost,0.159288
coach_season,2016,Bruce Arians,ARI,wp_lost_per_game,0.009955
coach_season,2016,Chip Kelly,SF,aggressiveness,0.571429
coach_season,2016,Chip Kelly,SF,fourth_graded,42.0
coach_season,2016,Chip Kelly,SF,fourth_toss_ups,95.0
coach_season,2016,Chip Kelly,SF,fourth_wp_lost,0.126246
coach_season,2016,Chip Kelly,SF,fourth_wrong,6.0
coach_season,2016,Chip Kelly,SF,games,16.0
coach_season,2016,Chip Kelly,SF,go_clear,14.0
coach_season,2016,Chip Kelly,SF,go_clear_went,8.0
coach_season,2016,Chip Kelly,SF,two_point_graded,1.0
coach_season,2016,Chip Kelly,SF,two_point_toss_ups,34.0
coach_season,2016,Chip Kelly,SF,two_point_wp_lost,0.022998
coach_season,2016,Chip Kelly,SF,two_point_wrong,1.0
coach_season,2016,Chip Kelly,SF,went,17.0
coach_season,2016,Chip Kelly,SF,wp_lost,0.149245
coach_season,2016,Chip Kelly,SF,wp_lost_per_game,0.009328
coach_season,2016,Chuck Pagano,IND,aggressiveness,0.5
coach_season,2016,Chuck Pagano,IND,fourth_graded,44.0
coach_season,2016,Chuck Pagano,IND,fourth_toss_ups,57.0
coach_season,2016,Chuck Pagano,IND,fourth_wp_lost,0.173861
coach_season,2016,Chuck Pagano,IND,fourth_wrong,7.0
coach_season,2016,Chuck Pagano,IND,games,16.0
coach_season,2016,Chuck Pagano,IND,go_clear,14.0
coach_season,2016,Chuck Pagano,IND,go_clear_went,7.0
coach_season,2016,Chuck Pagano,IND,two_point_graded,1.0
coach_season,2016,Chuck Pagano,IND,two_point_toss_ups,46.0
coach_season,2016,Chuck Pagano,IND,two_point_wp_lost,0.0
coach_season,2016,Chuck Pagano,IND,two_point_wrong,0.0
coach_season,2016,Chuck Pagano,IND,went,16.0
coach_season,2016,Chuck Pagano,IND,wp_lost,0.173861
coach_season,2016,Chuck Pagano,IND,wp_lost_per_game,0.010866
coach_season,2016,Dan Quinn,ATL,aggressiveness,0.733333
coach_season,2016,Dan Quinn,ATL,fourth_graded,44.0
coach_season,2016,Dan Quinn,ATL,fourth_toss_ups,66.0
coach_season,2016,Dan Quinn,ATL,fourth_wp_lost,0.089807
coach_season,2016,Dan Quinn,ATL,fourth_wrong,4.0
coach_season,2016,Dan Quinn,ATL,games,19.0
coach_season,2016,Dan Quinn,ATL,go_clear,15.0
coach_season,2016,Dan Quinn,ATL,go_clear_went,11.0
coach_season,2016,Dan Quinn,ATL,two_point_graded,1.0
coach_season,2016,Dan Quinn,ATL,two_point_toss_ups,76.0
coach_season,2016,Dan Quinn,ATL,two_point_wp_lost,0.0
coach_season,2016,Dan Quinn,ATL,two_point_wrong,0.0
coach_season,2016,Dan Quinn,ATL,went,14.0
coach_season,2016,Dan Quinn,ATL,wp_lost,0.089807
coach_season,2016,Dan Quinn,ATL,wp_lost_per_game,0.004727
coach_season,2016,Dirk Koetter,TB,aggressiveness,0.25
coach_season,2016,Dirk Koetter,TB,fourth_graded,50.0
coach_season,2016,Dirk Koetter,TB,fourth_toss_ups,57.0
coach_season,2016,Dirk Koetter,TB,fourth_wp_lost,0.31415
coach_season,2016,Dirk Koetter,TB,fourth_wrong,9.0
coach_season,2016,Dirk Koetter,TB,games,16.0
coach_season,2016,Dirk Koetter,TB,go_clear,12.0
coach_season,2016,Dirk Koetter,TB,go_clear_went,3.0
coach_season,2016,Dirk Koetter,TB,two_point_graded,1.0
coach_season,2016,Dirk Koetter,TB,two_point_toss_ups,40.0
coach_season,2016,Dirk Koetter,TB,two_point_wp_lost,0.031076
coach_season,2016,Dirk Koetter,TB,two_point_wrong,1.0
coach_season,2016,Dirk Koetter,TB,went,8.0
coach_season,2016,Dirk Koetter,TB,wp_lost,0.345227
coach_season,2016,Dirk Koetter,TB,wp_lost_per_game,0.021577
coach_season,2016,Doug Marrone,JAX,aggressiveness,0.0
coach_season,2016,Doug Marrone,JAX,fourth_graded,7.0
coach_season,2016,Doug Marrone,JAX,fourth_toss_ups,8.0
coach_season,2016,Doug Marrone,JAX,fourth_wp_lost,0.050918
coach_season,2016,Doug Marrone,JAX,fourth_wrong,2.0
coach_season,2016,Doug Marrone,JAX,games,2.0
coach_season,2016,Doug Marrone,JAX,go_clear,2.0
coach_season,2016,Doug Marrone,JAX,go_clear_went,0.0
coach_season,2016,Doug Marrone,JAX,two_point_graded,0.0
coach_season,2016,Doug Marrone,JAX,two_point_toss_ups,6.0
coach_season,2016,Doug Marrone,JAX,two_point_wp_lost,0.0
coach_season,2016,Doug Marrone,JAX,two_point_wrong,0.0
coach_season,2016,Doug Marrone,JAX,went,0.0
coach_season,2016,Doug Marrone,JAX,wp_lost,0.050918
coach_season,2016,Doug Marrone,JAX,wp_lost_per_game,0.025459
coach_season,2016,Doug Pederson,PHI,aggressiveness,0.642857
coach_season,2016,Doug Pederson,PHI,fourth_graded,55.0
coach_season,2016,Doug Pederson,PHI,fourth_toss_ups,70.0
coach_season,2016,Doug Pederson,PHI,fourth_wp_lost,0.133961
coach_season,2016,Doug Pederson,PHI,fourth_wrong,6.0
coach_season,2016,Doug Pederson,PHI,games,16.0
coach_season,2016,Doug Pederson,PHI,go_clear,14.0
coach_season,2016,Doug Pederson,PHI,go_clear_went,9.0
coach_season,2016,Doug Pederson,PHI,two_point_graded,0.0
coach_season,2016,Doug Pederson,PHI,two_point_toss_ups,37.0
coach_season,2016,Doug Pederson,PHI,two_point_wp_lost,0.0
coach_season,2016,Doug Pederson,PHI,two_point_wrong,0.0
coach_season,2016,Doug Pederson,PHI,went,25.0
coach_season,2016,Doug Pederson,PHI,wp_lost,0.133961
coach_season,2016,Doug Pederson,PHI,wp_lost_per_game,0.008373
coach_season,2016,Gary Kubiak,DEN,aggressiveness,0.181818
coach_season,2016,Gary Kubiak,DEN,fourth_graded,49.0
coach_season,2016,Gary Kubiak,DEN,fourth_toss_ups,82.0
coach_season,2016,Gary Kubiak,DEN,fourth_wp_lost,0.66451
coach_season,2016,Gary Kubiak,DEN,fourth_wrong,20.0
coach_season,2016,Gary Kubiak,DEN,games,16.0
coach_season,2016,Gary Kubiak,DEN,go_clear,22.0
coach_season,2016,Gary Kubiak,DEN,go_clear_went,4.0
coach_season,2016,Gary Kubiak,DEN,two_point_graded,2.0
coach_season,2016,Gary Kubiak,DEN,two_point_toss_ups,33.0
coach_season,2016,Gary Kubiak,DEN,two_point_wp_lost,0.016158
coach_season,2016,Gary Kubiak,DEN,two_point_wrong,1.0
coach_season,2016,Gary Kubiak,DEN,went,15.0
coach_season,2016,Gary Kubiak,DEN,wp_lost,0.680668
coach_season,2016,Gary Kubiak,DEN,wp_lost_per_game,0.042542
coach_season,2016,Gus Bradley,JAX,aggressiveness,0.357143
coach_season,2016,Gus Bradley,JAX,fourth_graded,41.0
coach_season,2016,Gus Bradley,JAX,fourth_toss_ups,69.0
coach_season,2016,Gus Bradley,JAX,fourth_wp_lost,0.321494
coach_season,2016,Gus Bradley,JAX,fourth_wrong,11.0
coach_season,2016,Gus Bradley,JAX,games,14.0
coach_season,2016,Gus Bradley,JAX,go_clear,14.0
coach_season,2016,Gus Bradley,JAX,go_clear_went,5.0
coach_season,2016,Gus Bradley,JAX,two_point_graded,0.0
coach_season,2016,Gus Bradley,JAX,two_point_toss_ups,28.0
coach_season,2016,Gus Bradley,JAX,two_point_wp_lost,0.0
coach_season,2016,Gus Bradley,JAX,two_point_wrong,0.0
coach_season,2016,Gus Bradley,JAX,went,16.0
coach_season,2016,Gus Bradley,JAX,wp_lost,0.321494
coach_season,2016,Gus Bradley,JAX,wp_lost_per_game,0.022964
coach_season,2016,Hue Jackson,CLE,aggressiveness,0.5
coach_season,2016,Hue Jackson,CLE,fourth_graded,42.0
coach_season,2016,Hue Jackson,CLE,fourth_toss_ups,81.0
coach_season,2016,Hue Jackson,CLE,fourth_wp_lost,0.129983
coach_season,2016,Hue Jackson,CLE,fourth_wrong,3.0
coach_season,2016,Hue Jackson,CLE,games,16.0
coach_season,2016,Hue Jackson,CLE,go_clear,6.0
coach_season,2016,Hue Jackson,CLE,go_clear_went,3.0
coach_season,2016,Hue Jackson,CLE,two_point_graded,1.0
coach_season,2016,Hue Jackson,CLE,two_point_toss_ups,28.0
coach_season,2016,Hue Jackson,CLE,two_point_wp_lost,0.020681
coach_season,2016,Hue Jackson,CLE,two_point_wrong,1.0
coach_season,2016,Hue Jackson,CLE,went,17.0
coach_season,2016,Hue Jackson,CLE,wp_lost,0.150664
coach_season,2016,Hue Jackson,CLE,wp_lost_per_game,0.009417
coach_season,2016,Jack Del Rio,LV,aggressiveness,0.190476
coach_season,2016,Jack Del Rio,LV,fourth_graded,62.0
coach_season,2016,Jack Del Rio,LV,fourth_toss_ups,73.0
coach_season,2016,Jack Del Rio,LV,fourth_wp_lost,0.499236
coach_season,2016,Jack Del Rio,LV,fourth_wrong,18.0
coach_season,2016,Jack Del Rio,LV,games,17.0
coach_season,2016,Jack Del Rio,LV,go_clear,21.0
coach_season,2016,Jack Del Rio,LV,go_clear_went,4.0
coach_season,2016,Jack Del Rio,LV,two_point_graded,1.0
coach_season,2016,Jack Del Rio,LV,two_point_toss_ups,46.0
coach_season,2016,Jack Del Rio,LV,two_point_wp_lost,0.0
coach_season,2016,Jack Del Rio,LV,two_point_wrong,0.0
coach_season,2016,Jack Del Rio,LV,went,14.0
coach_season,2016,Jack Del Rio,LV,wp_lost,0.499236
coach_season,2016,Jack Del Rio,LV,wp_lost_per_game,0.029367
coach_season,2016,Jason Garrett,DAL,aggressiveness,0.285714
coach_season,2016,Jason Garrett,DAL,fourth_graded,47.0
coach_season,2016,Jason Garrett,DAL,fourth_toss_ups,56.0
coach_season,2016,Jason Garrett,DAL,fourth_wp_lost,0.288779
coach_season,2016,Jason Garrett,DAL,fourth_wrong,10.0
coach_season,2016,Jason Garrett,DAL,games,17.0
coach_season,2016,Jason Garrett,DAL,go_clear,14.0
coach_season,2016,Jason Garrett,DAL,go_clear_went,4.0
coach_season,2016,Jason Garrett,DAL,two_point_graded,2.0
coach_season,2016,Jason Garrett,DAL,two_point_toss_ups,49.0
coach_season,2016,Jason Garrett,DAL,two_point_wp_lost,0.036002
coach_season,2016,Jason Garrett,DAL,two_point_wrong,2.0
coach_season,2016,Jason Garrett,DAL,went,9.0
coach_season,2016,Jason Garrett,DAL,wp_lost,0.324781
coach_season,2016,Jason Garrett,DAL,wp_lost_per_game,0.019105
coach_season,2016,Jay Gruden,WAS,aggressiveness,0.444444
coach_season,2016,Jay Gruden,WAS,fourth_graded,57.0
coach_season,2016,Jay Gruden,WAS,fourth_toss_ups,41.0
coach_season,2016,Jay Gruden,WAS,fourth_wp_lost,0.393085
coach_season,2016,Jay Gruden,WAS,fourth_wrong,11.0
coach_season,2016,Jay Gruden,WAS,games,16.0
coach_season,2016,Jay Gruden,WAS,go_clear,18.0
coach_season,2016,Jay Gruden,WAS,go_clear_went,8.0
coach_season,2016,Jay Gruden,WAS,two_point_graded,1.0
coach_season,2016,Jay Gruden,WAS,two_point_toss_ups,42.0
coach_season,2016,Jay Gruden,WAS,two_point_wp_lost,0.0
coach_season,2016,Jay Gruden,WAS,two_point_wrong,0.0
coach_season,2016,Jay Gruden,WAS,went,13.0
coach_season,2016,Jay Gruden,WAS,wp_lost,0.393085
coach_season,2016,Jay Gruden,WAS,wp_lost_per_game,0.024568
coach_season,2016,Jeff Fisher,LA,aggressiveness,0.263158
coach_season,2016,Jeff Fisher,LA,fourth_graded,56.0
coach_season,2016,Jeff Fisher,LA,fourth_toss_ups,81.0
coach_season,2016,Jeff Fisher,LA,fourth_wp_lost,0.310811
coach_season,2016,Jeff Fisher,LA,fourth_wrong,14.0
coach_season,2016,Jeff Fisher,LA,games,16.0
coach_season,2016,Jeff Fisher,LA,go_clear,19.0
coach_season,2016,Jeff Fisher,LA,go_clear_went,5.0
coach_season,2016,Jeff Fisher,LA,two_point_graded,1.0
coach_season,2016,Jeff Fisher,LA,two_point_toss_ups,23.0
coach_season,2016,Jeff Fisher,LA,two_point_wp_lost,0.021441
coach_season,2016,Jeff Fisher,LA,two_point_wrong,1.0
coach_season,2016,Jeff Fisher,LA,went,18.0
coach_season,2016,Jeff Fisher,LA,wp_lost,0.332252
coach_season,2016,Jeff Fisher,LA,wp_lost_per_game,0.020766
coach_season,2016,Jim Caldwell,DET,aggressiveness,0.466667
coach_season,2016,Jim Caldwell,DET,fourth_graded,51.0
coach_season,2016,Jim Caldwell,DET,fourth_toss_ups,61.0
coach_season,2016,Jim Caldwell,DET,fourth_wp_lost,0.178206
coach_season,2016,Jim Caldwell,DET,fourth_wrong,8.0
coach_season,2016,Jim Caldwell,DET,games,17.0
coach_season,2016,Jim Caldwell,DET,go_clear,15.0
coach_season,2016,Jim Caldwell,DET,go_clear_went,7.0
coach_season,2016,Jim Caldwell,DET,two_point_graded,2.0
coach_season,2016,Jim Caldwell,DET,two_point_toss_ups,33.0
coach_season,2016,Jim Caldwell,DET,two_point_wp_lost,0.0
coach_season,2016,Jim Caldwell,DET,two_point_wrong,0.0
coach_season,2016,Jim Caldwell,DET,went,11.0
coach_season,2016,Jim Caldwell,DET,wp_lost,0.178206
coach_season,2016,Jim Caldwell,DET,wp_lost_per_game,0.010483
coach_season,2016,John Fox,CHI,aggressiveness,0.5
coach_season,2016,John Fox,CHI,fourth_graded,38.0
coach_season,2016,John Fox,CHI,fourth_toss_ups,65.0
coach_season,2016,John Fox,CHI,fourth_wp_lost,0.270312
coach_season,2016,John Fox,CHI,fourth_wrong,8.0
coach_season,2016,John Fox,CHI,games,16.0
coach_season,2016,John Fox,CHI,go_clear,12.0
coach_season,2016,John Fox,CHI,go_clear_went,6.0
coach_season,2016,John Fox,CHI,two_point_graded,1.0
coach_season,2016,John Fox,CHI,two_point_toss_ups,31.0
coach_season,2016,John Fox,CHI,two_point_wp_lost,0.0
coach_season,2016,John Fox,CHI,two_point_wrong,0.0
coach_season,2016,John Fox,CHI,went,13.0
coach_season,2016,John Fox,CHI,wp_lost,0.270312
coach_season,2016,John Fox,CHI,wp_lost_per_game,0.016894
coach_season,2016,John Harbaugh,BAL,aggressiveness,0.590909
coach_season,2016,John Harbaugh,BAL,fourth_graded,60.0
coach_season,2016,John Harbaugh,BAL,fourth_toss_ups,69.0
coach_season,2016,John Harbaugh,BAL,fourth_wp_lost,0.2861
coach_season,2016,John Harbaugh,BAL,fourth_wrong,11.0
coach_season,2016,John Harbaugh,BAL,games,16.0
coach_season,2016,John Harbaugh,BAL,go_clear,22.0
coach_season,2016,John Harbaugh,BAL,go_clear_went,13.0
coach_season,2016,John Harbaugh,BAL,two_point_graded,2.0
coach_season,2016,John Harbaugh,BAL,two_point_toss_ups,29.0
coach_season,2016,John Harbaugh,BAL,two_point_wp_lost,0.042978
coach_season,2016,John Harbaugh,BAL,two_point_wrong,2.0
coach_season,2016,John Harbaugh,BAL,went,18.0
coach_season,2016,John Harbaugh,BAL,wp_lost,0.329078
coach_season,2016,John Harbaugh,BAL,wp_lost_per_game,0.020567
coach_season,2016,Marvin Lewis,CIN,aggressiveness,0.26087
coach_season,2016,Marvin Lewis,CIN,fourth_graded,61.0
coach_season,2016,Marvin Lewis,CIN,fourth_toss_ups,54.0
coach_season,2016,Marvin Lewis,CIN,fourth_wp_lost,0.444415
coach_season,2016,Marvin Lewis,CIN,fourth_wrong,18.0
coach_season,2016,Marvin Lewis,CIN,games,16.0
coach_season,2016,Marvin Lewis,CIN,go_clear,23.0
coach_season,2016,Marvin Lewis,CIN,go_clear_went,6.0
coach_season,2016,Marvin Lewis,CIN,two_point_graded,0.0
coach_season,2016,Marvin Lewis,CIN,two_point_toss_ups,35.0
coach_season,2016,Marvin Lewis,CIN,two_point_wp_lost,0.0
coach_season,2016,Marvin Lewis,CIN,two_point_wrong,0.0
coach_season,2016,Marvin Lewis,CIN,went,9.0
coach_season,2016,Marvin Lewis,CIN,wp_lost,0.444415
coach_season,2016,Marvin Lewis,CIN,wp_lost_per_game,0.027776
coach_season,2016,Mike McCarthy,GB,aggressiveness,0.411765
coach_season,2016,Mike McCarthy,GB,fourth_graded,50.0
coach_season,2016,Mike McCarthy,GB,fourth_toss_ups,65.0
coach_season,2016,Mike McCarthy,GB,fourth_wp_lost,0.285115
coach_season,2016,Mike McCarthy,GB,fourth_wrong,11.0
coach_season,2016,Mike McCarthy,GB,games,19.0
coach_season,2016,Mike McCarthy,GB,go_clear,17.0
coach_season,2016,Mike McCarthy,GB,go_clear_went,7.0
coach_season,2016,Mike McCarthy,GB,two_point_graded,1.0
coach_season,2016,Mike McCarthy,GB,two_point_toss_ups,62.0
coach_season,2016,Mike McCarthy,GB,two_point_wp_lost,0.0
coach_season,2016,Mike McCarthy,GB,two_point_wrong,0.0
coach_season,2016,Mike McCarthy,GB,went,20.0
coach_season,2016,Mike McCarthy,GB,wp_lost,0.285115
coach_season,2016,Mike McCarthy,GB,wp_lost_per_game,0.015006
coach_season,2016,Mike McCoy,LAC,aggressiveness,0.466667
coach_season,2016,Mike McCoy,LAC,fourth_graded,43.0
coach_season,2016,Mike McCoy,LAC,fourth_toss_ups,55.0
coach_season,2016,Mike McCoy,LAC,fourth_wp_lost,0.35051
coach_season,2016,Mike McCoy,LAC,fourth_wrong,11.0
coach_season,2016,Mike McCoy,LAC,games,16.0
coach_season,2016,Mike McCoy,LAC,go_clear,15.0
coach_season,2016,Mike McCoy,LAC,go_clear_went,7.0
coach_season,2016,Mike McCoy,LAC,two_point_graded,1.0
coach_season,2016,Mike McCoy,LAC,two_point_toss_ups,47.0
coach_season,2016,Mike McCoy,LAC,two_point_wp_lost,0.025029
coach_season,2016,Mike McCoy,LAC,two_point_wrong,1.0
coach_season,2016,Mike McCoy,LAC,went,11.0
coach_season,2016,Mike McCoy,LAC,wp_lost,0.375538
coach_season,2016,Mike McCoy,LAC,wp_lost_per_game,0.023471
coach_season,2016,Mike Mularkey,TEN,aggressiveness,0.333333
coach_season,2016,Mike Mularkey,TEN,fourth_graded,35.0
coach_season,2016,Mike Mularkey,TEN,fourth_toss_ups,73.0
coach_season,2016,Mike Mularkey,TEN,fourth_wp_lost,0.20136
coach_season,2016,Mike Mularkey,TEN,fourth_wrong,9.0
coach_season,2016,Mike Mularkey,TEN,games,16.0
coach_season,2016,Mike Mularkey,TEN,go_clear,12.0
coach_season,2016,Mike Mularkey,TEN,go_clear_went,4.0
coach_season,2016,Mike Mularkey,TEN,two_point_graded,2.0
coach_season,2016,Mike Mularkey,TEN,two_point_toss_ups,44.0
coach_season,2016,Mike Mularkey,TEN,two_point_wp_lost,0.022014
coach_season,2016,Mike Mularkey,TEN,two_point_wrong,1.0
coach_season,2016,Mike Mularkey,TEN,went,10.0
coach_season,2016,Mike Mularkey,TEN,wp_lost,0.223374
coach_season,2016,Mike Mularkey,TEN,wp_lost_per_game,0.013961
coach_season,2016,Mike Tomlin,PIT,aggressiveness,0.3125
coach_season,2016,Mike Tomlin,PIT,fourth_graded,47.0
coach_season,2016,Mike Tomlin,PIT,fourth_toss_ups,80.0
coach_season,2016,Mike Tomlin,PIT,fourth_wp_lost,0.278029
coach_season,2016,Mike Tomlin,PIT,fourth_wrong,11.0
coach_season,2016,Mike Tomlin,PIT,games,19.0
coach_season,2016,Mike Tomlin,PIT,go_clear,16.0
coach_season,2016,Mike Tomlin,PIT,go_clear_went,5.0
coach_season,2016,Mike Tomlin,PIT,two_point_graded,1.0
coach_season,2016,Mike Tomlin,PIT,two_point_toss_ups,51.0
coach_season,2016,Mike Tomlin,PIT,two_point_wp_lost,0.0
coach_season,2016,Mike Tomlin,PIT,two_point_wrong,0.0
coach_season,2016,Mike Tomlin,PIT,went,17.0
coach_season,2016,Mike Tomlin,PIT,wp_lost,0.278029
coach_season,2016,Mike Tomlin,PIT,wp_lost_per_game,0.014633
coach_season,2016,Mike Zimmer,MIN,aggressiveness,0.375
coach_season,2016,Mike Zimmer,MIN,fourth_graded,47.0
coach_season,2016,Mike Zimmer,MIN,fourth_toss_ups,74.0
coach_season,2016,Mike Zimmer,MIN,fourth_wp_lost,0.26562
coach_season,2016,Mike Zimmer,MIN,fourth_wrong,10.0
coach_season,2016,Mike Zimmer,MIN,games,16.0
coach_season,2016,Mike Zimmer,MIN,go_clear,16.0
coach_season,2016,Mike Zimmer,MIN,go_clear_went,6.0
coach_season,2016,Mike Zimmer,MIN,two_point_graded,2.0
coach_season,2016,Mike Zimmer,MIN,two_point_toss_ups,34.0
coach_season,2016,Mike Zimmer,MIN,two_point_wp_lost,0.0
coach_season,2016,Mike Zimmer,MIN,two_point_wrong,0.0
coach_season,2016,Mike Zimmer,MIN,went,17.0
coach_season,2016,Mike Zimmer,MIN,wp_lost,0.26562
coach_season,2016,Mike Zimmer,MIN,wp_lost_per_game,0.016601
coach_season,2016,Pete Carroll,SEA,aggressiveness,0.3125
coach_season,2016,Pete Carroll,SEA,fourth_graded,50.0
coach_season,2016,Pete Carroll,SEA,fourth_toss_ups,76.0
coach_season,2016,Pete Carroll,SEA,fourth_wp_lost,0.29712
coach_season,2016,Pete Carroll,SEA,fourth_wrong,11.0
coach_season,2016,Pete Carroll,SEA,games,18.0
coach_season,2016,Pete Carroll,SEA,go_clear,16.0
coach_season,2016,Pete Carroll,SEA,go_clear_went,5.0
coach_season,2016,Pete Carroll,SEA,two_point_graded,1.0
coach_season,2016,Pete Carroll,SEA,two_point_toss_ups,41.0
coach_season,2016,Pete Carroll,SEA,two_point_wp_lost,0.0
coach_season,2016,Pete Carroll,SEA,two_point_wrong,0.0
coach_season,2016,Pete Carroll,SEA,went,11.0
coach_season,2016,Pete Carroll,SEA,wp_lost,0.29712
coach_season,2016,Pete Carroll,SEA,wp_lost_per_game,0.016507
coach_season,2016,Rex Ryan,BUF,aggressiveness,0.6
coach_season,2016,Rex Ryan,BUF,fourth_graded,48.0
coach_season,2016,Rex Ryan,BUF,fourth_toss_ups,56.0
coach_season,2016,Rex Ryan,BUF,fourth_wp_lost,0.124205
coach_season,2016,Rex Ryan,BUF,fourth_wrong,4.0
coach_season,2016,Rex Ryan,BUF,games,15.0
coach_season,2016,Rex Ryan,BUF,go_clear,10.0
coach_season,2016,Rex Ryan,BUF,go_clear_went,6.0
coach_season,2016,Rex Ryan,BUF,two_point_graded,0.0
coach_season,2016,Rex Ryan,BUF,two_point_toss_ups,48.0
coach_season,2016,Rex Ryan,BUF,two_point_wp_lost,0.0
coach_season,2016,Rex Ryan,BUF,two_point_wrong,0.0
coach_season,2016,Rex Ryan,BUF,went,14.0
coach_season,2016,Rex Ryan,BUF,wp_lost,0.124205
coach_season,2016,Rex Ryan,BUF,wp_lost_per_game,0.00828
coach_season,2016,Ron Rivera,CAR,aggressiveness,0.333333
coach_season,2016,Ron Rivera,CAR,fourth_graded,51.0
coach_season,2016,Ron Rivera,CAR,fourth_toss_ups,75.0
coach_season,2016,Ron Rivera,CAR,fourth_wp_lost,0.250091
coach_season,2016,Ron Rivera,CAR,fourth_wrong,11.0
coach_season,2016,Ron Rivera,CAR,games,16.0
coach_season,2016,Ron Rivera,CAR,go_clear,15.0
coach_season,2016,Ron Rivera,CAR,go_clear_went,5.0
coach_season,2016,Ron Rivera,CAR,two_point_graded,2.0
coach_season,2016,Ron Rivera,CAR,two_point_toss_ups,37.0
coach_season,2016,Ron Rivera,CAR,two_point_wp_lost,0.016591
coach_season,2016,Ron Rivera,CAR,two_point_wrong,1.0
coach_season,2016,Ron Rivera,CAR,went,17.0
coach_season,2016,Ron Rivera,CAR,wp_lost,0.266682
coach_season,2016,Ron Rivera,CAR,wp_lost_per_game,0.016668
coach_season,2016,Sean Payton,NO,aggressiveness,0.5
coach_season,2016,Sean Payton,NO,fourth_graded,43.0
coach_season,2016,Sean Payton,NO,fourth_toss_ups,56.0
coach_season,2016,Sean Payton,NO,fourth_wp_lost,0.226262
coach_season,2016,Sean Payton,NO,fourth_wrong,9.0
coach_season,2016,Sean Payton,NO,games,16.0
coach_season,2016,Sean Payton,NO,go_clear,18.0
coach_season,2016,Sean Payton,NO,go_clear_went,9.0
coach_season,2016,Sean Payton,NO,two_point_graded,1.0
coach_season,2016,Sean Payton,NO,two_point_toss_ups,54.0
coach_season,2016,Sean Payton,NO,two_point_wp_lost,0.0
coach_season,2016,Sean Payton,NO,two_point_wrong,0.0
coach_season,2016,Sean Payton,NO,went,15.0
coach_season,2016,Sean Payton,NO,wp_lost,0.226262
coach_season,2016,Sean Payton,NO,wp_lost_per_game,0.014141
coach_season,2016,Todd Bowles,NYJ,aggressiveness,0.227273
coach_season,2016,Todd Bowles,NYJ,fourth_graded,50.0
coach_season,2016,Todd Bowles,NYJ,fourth_toss_ups,73.0
coach_season,2016,Todd Bowles,NYJ,fourth_wp_lost,0.434672
coach_season,2016,Todd Bowles,NYJ,fourth_wrong,17.0
coach_season,2016,Todd Bowles,NYJ,games,16.0
coach_season,2016,Todd Bowles,NYJ,go_clear,22.0
coach_season,2016,Todd Bowles,NYJ,go_clear_went,5.0
coach_season,2016,Todd Bowles,NYJ,two_point_graded,1.0
coach_season,2016,Todd Bowles,NYJ,two_point_toss_ups,26.0
coach_season,2016,Todd Bowles,NYJ,two_point_wp_lost,0.0
coach_season,2016,Todd Bowles,NYJ,two_point_wrong,0.0
coach_season,2016,Todd Bowles,NYJ,went,17.0
coach_season,2016,Todd Bowles,NYJ,wp_lost,0.434672
coach_season,2016,Todd Bowles,NYJ,wp_lost_per_game,0.027167
coach_season,2017,Adam Gase,MIA,aggressiveness,0.272727
coach_season,2017,Adam Gase,MIA,fourth_graded,45.0
coach_season,2017,Adam Gase,MIA,fourth_toss_ups,84.0
coach_season,2017,Adam Gase,MIA,fourth_wp_lost,0.179421
coach_season,2017,Adam Gase,MIA,fourth_wrong,8.0
coach_season,2017,Adam Gase,MIA,games,16.0
coach_season,2017,Adam Gase,MIA,go_clear,11.0
coach_season,2017,Adam Gase,MIA,go_clear_went,3.0
coach_season,2017,Adam Gase,MIA,two_point_graded,1.0
coach_season,2017,Adam Gase,MIA,two_point_toss_ups,30.0
coach_season,2017,Adam Gase,MIA,two_point_wp_lost,0.0
coach_season,2017,Adam Gase,MIA,two_point_wrong,0.0
coach_season,2017,Adam Gase,MIA,went,23.0
coach_season,2017,Adam Gase,MIA,wp_lost,0.179421
coach_season,2017,Adam Gase,MIA,wp_lost_per_game,0.011214
coach_season,2017,Andy Reid,KC,aggressiveness,0.368421
coach_season,2017,Andy Reid,KC,fourth_graded,55.0
coach_season,2017,Andy Reid,KC,fourth_toss_ups,67.0
coach_season,2017,Andy Reid,KC,fourth_wp_lost,0.357475
coach_season,2017,Andy Reid,KC,fourth_wrong,13.0
coach_season,2017,Andy Reid,KC,games,17.0
coach_season,2017,Andy Reid,KC,go_clear,19.0
coach_season,2017,Andy Reid,KC,go_clear_went,7.0
coach_season,2017,Andy Reid,KC,two_point_graded,2.0
coach_season,2017,Andy Reid,KC,two_point_toss_ups,43.0
coach_season,2017,Andy Reid,KC,two_point_wp_lost,0.030687
coach_season,2017,Andy Reid,KC,two_point_wrong,1.0
coach_season,2017,Andy Reid,KC,went,11.0
coach_season,2017,Andy Reid,KC,wp_lost,0.388162
coach_season,2017,Andy Reid,KC,wp_lost_per_game,0.022833
coach_season,2017,Anthony Lynn,LAC,aggressiveness,0.3125
coach_season,2017,Anthony Lynn,LAC,fourth_graded,35.0
coach_season,2017,Anthony Lynn,LAC,fourth_toss_ups,72.0
coach_season,2017,Anthony Lynn,LAC,fourth_wp_lost,0.298725
coach_season,2017,Anthony Lynn,LAC,fourth_wrong,12.0
coach_season,2017,Anthony Lynn,LAC,games,16.0
coach_season,2017,Anthony Lynn,LAC,go_clear,16.0
coach_season,2017,Anthony Lynn,LAC,go_clear_went,5.0
coach_season,2017,Anthony Lynn,LAC,two_point_graded,0.0
coach_season,2017,Anthony Lynn,LAC,two_point_toss_ups,43.0
coach_season,2017,Anthony Lynn,LAC,two_point_wp_lost,0.0
coach_season,2017,Anthony Lynn,LAC,two_point_wrong,0.0
coach_season,2017,Anthony Lynn,LAC,went,11.0
coach_season,2017,Anthony Lynn,LAC,wp_lost,0.298725
coach_season,2017,Anthony Lynn,LAC,wp_lost_per_game,0.01867
coach_season,2017,Ben McAdoo,NYG,aggressiveness,0.368421
coach_season,2017,Ben McAdoo,NYG,fourth_graded,42.0
coach_season,2017,Ben McAdoo,NYG,fourth_toss_ups,63.0
coach_season,2017,Ben McAdoo,NYG,fourth_wp_lost,0.297856
coach_season,2017,Ben McAdoo,NYG,fourth_wrong,13.0
coach_season,2017,Ben McAdoo,NYG,games,12.0
coach_season,2017,Ben McAdoo,NYG,go_clear,19.0
coach_season,2017,Ben McAdoo,NYG,go_clear_went,7.0
coach_season,2017,Ben McAdoo,NYG,two_point_graded,1.0
coach_season,2017,Ben McAdoo,NYG,two_point_toss_ups,19.0
coach_season,2017,Ben McAdoo,NYG,two_point_wp_lost,0.022992
coach_season,2017,Ben McAdoo,NYG,two_point_wrong,1.0
coach_season,2017,Ben McAdoo,NYG,went,17.0
coach_season,2017,Ben McAdoo,NYG,wp_lost,0.320848
coach_season,2017,Ben McAdoo,NYG,wp_lost_per_game,0.026737
coach_season,2017,Bill Belichick,NE,aggressiveness,0.346154
coach_season,2017,Bill Belichick,NE,fourth_graded,48.0
coach_season,2017,Bill Belichick,NE,fourth_toss_ups,76.0
coach_season,2017,Bill Belichick,NE,fourth_wp_lost,0.587561
coach_season,2017,Bill Belichick,NE,fourth_wrong,17.0
coach_season,2017,Bill Belichick,NE,games,19.0
coach_season,2017,Bill Belichick,NE,go_clear,26.0
coach_season,2017,Bill Belichick,NE,go_clear_went,9.0
coach_season,2017,Bill Belichick,NE,two_point_graded,3.0
coach_season,2017,Bill Belichick,NE,two_point_toss_ups,58.0
coach_season,2017,Bill Belichick,NE,two_point_wp_lost,0.069569
coach_season,2017,Bill Belichick,NE,two_point_wrong,3.0
coach_season,2017,Bill Belichick,NE,went,16.0
coach_season,2017,Bill Belichick,NE,wp_lost,0.65713
coach_season,2017,Bill Belichick,NE,wp_lost_per_game,0.034586
coach_season,2017,Bill O'Brien,HOU,aggressiveness,0.307692
coach_season,2017,Bill O'Brien,HOU,fourth_graded,41.0
coach_season,2017,Bill O'Brien,HOU,fourth_toss_ups,83.0
coach_season,2017,Bill O'Brien,HOU,fourth_wp_lost,0.258262
coach_season,2017,Bill O'Brien,HOU,fourth_wrong,9.0
coach_season,2017,Bill O'Brien,HOU,games,16.0
coach_season,2017,Bill O'Brien,HOU,go_clear,13.0
coach_season,2017,Bill O'Brien,HOU,go_clear_went,4.0
coach_season,2017,Bill O'Brien,HOU,two_point_graded,0.0
coach_season,2017,Bill O'Brien,HOU,two_point_toss_ups,38.0
coach_season,2017,Bill O'Brien,HOU,two_point_wp_lost,0.0
coach_season,2017,Bill O'Brien,HOU,two_point_wrong,0.0
coach_season,2017,Bill O'Brien,HOU,went,9.0
coach_season,2017,Bill O'Brien,HOU,wp_lost,0.258262
coach_season,2017,Bill O'Brien,HOU,wp_lost_per_game,0.016141
coach_season,2017,Bruce Arians,ARI,aggressiveness,0.227273
coach_season,2017,Bruce Arians,ARI,fourth_graded,59.0
coach_season,2017,Bruce Arians,ARI,fourth_toss_ups,81.0
coach_season,2017,Bruce Arians,ARI,fourth_wp_lost,0.603087
coach_season,2017,Bruce Arians,ARI,fourth_wrong,17.0
coach_season,2017,Bruce Arians,ARI,games,16.0
coach_season,2017,Bruce Arians,ARI,go_clear,22.0
coach_season,2017,Bruce Arians,ARI,go_clear_went,5.0
coach_season,2017,Bruce Arians,ARI,two_point_graded,2.0
coach_season,2017,Bruce Arians,ARI,two_point_toss_ups,26.0
coach_season,2017,Bruce Arians,ARI,two_point_wp_lost,0.01597
coach_season,2017,Bruce Arians,ARI,two_point_wrong,1.0
coach_season,2017,Bruce Arians,ARI,went,16.0
coach_season,2017,Bruce Arians,ARI,wp_lost,0.619057
coach_season,2017,Bruce Arians,ARI,wp_lost_per_game,0.038691
coach_season,2017,Chuck Pagano,IND,aggressiveness,0.411765
coach_season,2017,Chuck Pagano,IND,fourth_graded,51.0
coach_season,2017,Chuck Pagano,IND,fourth_toss_ups,82.0
coach_season,2017,Chuck Pagano,IND,fourth_wp_lost,0.270866
coach_season,2017,Chuck Pagano,IND,fourth_wrong,10.0
coach_season,2017,Chuck Pagano,IND,games,16.0
coach_season,2017,Chuck Pagano,IND,go_clear,17.0
coach_season,2017,Chuck Pagano,IND,go_clear_went,7.0
coach_season,2017,Chuck Pagano,IND,two_point_graded,2.0
coach_season,2017,Chuck Pagano,IND,two_point_toss_ups,23.0
coach_season,2017,Chuck Pagano,IND,two_point_wp_lost,0.015657
coach_season,2017,Chuck Pagano,IND,two_point_wrong,1.0
coach_season,2017,Chuck Pagano,IND,went,17.0
coach_season,2017,Chuck Pagano,IND,wp_lost,0.286523
coach_season,2017,Chuck Pagano,IND,wp_lost_per_game,0.017908
coach_season,2017,Dan Quinn,ATL,aggressiveness,0.5
coach_season,2017,Dan Quinn,ATL,fourth_graded,49.0
coach_season,2017,Dan Quinn,ATL,fourth_toss_ups,71.0
coach_season,2017,Dan Quinn,ATL,fourth_wp_lost,0.284181
coach_season,2017,Dan Quinn,ATL,fourth_wrong,12.0
coach_season,2017,Dan Quinn,ATL,games,18.0
coach_season,2017,Dan Quinn,ATL,go_clear,22.0
coach_season,2017,Dan Quinn,ATL,go_clear_went,11.0
coach_season,2017,Dan Quinn,ATL,two_point_graded,2.0
coach_season,2017,Dan Quinn,ATL,two_point_toss_ups,37.0
coach_season,2017,Dan Quinn,ATL,two_point_wp_lost,0.017885
coach_season,2017,Dan Quinn,ATL,two_point_wrong,1.0
coach_season,2017,Dan Quinn,ATL,went,15.0
coach_season,2017,Dan Quinn,ATL,wp_lost,0.302066
coach_season,2017,Dan Quinn,ATL,wp_lost_per_game,0.016781
coach_season,2017,Dirk Koetter,TB,aggressiveness,0.071429
coach_season,2017,Dirk Koetter,TB,fourth_graded,39.0
coach_season,2017,Dirk Koetter,TB,fourth_toss_ups,63.0
coach_season,2017,Dirk Koetter,TB,fourth_wp_lost,0.333357
coach_season,2017,Dirk Koetter,TB,fourth_wrong,13.0
coach_season,2017,Dirk Koetter,TB,games,16.0
coach_season,2017,Dirk Koetter,TB,go_clear,14.0
coach_season,2017,Dirk Koetter,TB,go_clear_went,1.0
coach_season,2017,Dirk Koetter,TB,two_point_graded,1.0
coach_season,2017,Dirk Koetter,TB,two_point_toss_ups,37.0
coach_season,2017,Dirk Koetter,TB,two_point_wp_lost,0.0
coach_season,2017,Dirk Koetter,TB,two_point_wrong,0.0
coach_season,2017,Dirk Koetter,TB,went,8.0
coach_season,2017,Dirk Koetter,TB,wp_lost,0.333357
coach_season,2017,Dirk Koetter,TB,wp_lost_per_game,0.020835
coach_season,2017,Doug Marrone,JAX,aggressiveness,0.24
coach_season,2017,Doug Marrone,JAX,fourth_graded,62.0
coach_season,2017,Doug Marrone,JAX,fourth_toss_ups,94.0
coach_season,2017,Doug Marrone,JAX,fourth_wp_lost,0.595383
coach_season,2017,Doug Marrone,JAX,fourth_wrong,19.0
coach_season,2017,Doug Marrone,JAX,games,19.0
coach_season,2017,Doug Marrone,JAX,go_clear,25.0
coach_season,2017,Doug Marrone,JAX,go_clear_went,6.0
coach_season,2017,Doug Marrone,JAX,two_point_graded,2.0
coach_season,2017,Doug Marrone,JAX,two_point_toss_ups,54.0
coach_season,2017,Doug Marrone,JAX,two_point_wp_lost,0.048007
coach_season,2017,Doug Marrone,JAX,two_point_wrong,2.0
coach_season,2017,Doug Marrone,JAX,went,14.0
coach_season,2017,Doug Marrone,JAX,wp_lost,0.64339
coach_season,2017,Doug Marrone,JAX,wp_lost_per_game,0.033863
coach_season,2017,Doug Pederson,PHI,aggressiveness,0.545455
coach_season,2017,Doug Pederson,PHI,fourth_graded,71.0
coach_season,2017,Doug Pederson,PHI,fourth_toss_ups,67.0
coach_season,2017,Doug Pederson,PHI,fourth_wp_lost,0.436032
coach_season,2017,Doug Pederson,PHI,fourth_wrong,16.0
coach_season,2017,Doug Pederson,PHI,games,19.0
coach_season,2017,Doug Pederson,PHI,go_clear,33.0
coach_season,2017,Doug Pederson,PHI,go_clear_went,18.0
coach_season,2017,Doug Pederson,PHI,two_point_graded,0.0
coach_season,2017,Doug Pederson,PHI,two_point_toss_ups,62.0
coach_season,2017,Doug Pederson,PHI,two_point_wp_lost,0.0
coach_season,2017,Doug Pederson,PHI,two_point_wrong,0.0
coach_season,2017,Doug Pederson,PHI,went,28.0
coach_season,2017,Doug Pederson,PHI,wp_lost,0.436032
coach_season,2017,Doug Pederson,PHI,wp_lost_per_game,0.022949
coach_season,2017,Hue Jackson,CLE,aggressiveness,0.625
coach_season,2017,Hue Jackson,CLE,fourth_graded,41.0
coach_season,2017,Hue Jackson,CLE,fourth_toss_ups,81.0
coach_season,2017,Hue Jackson,CLE,fourth_wp_lost,0.17187
coach_season,2017,Hue Jackson,CLE,fourth_wrong,6.0
coach_season,2017,Hue Jackson,CLE,games,16.0
coach_season,2017,Hue Jackson,CLE,go_clear,16.0
coach_season,2017,Hue Jackson,CLE,go_clear_went,10.0
coach_season,2017,Hue Jackson,CLE,two_point_graded,0.0
coach_season,2017,Hue Jackson,CLE,two_point_toss_ups,27.0
coach_season,2017,Hue Jackson,CLE,two_point_wp_lost,0.0
coach_season,2017,Hue Jackson,CLE,two_point_wrong,0.0
coach_season,2017,Hue Jackson,CLE,went,23.0
coach_season,2017,Hue Jackson,CLE,wp_lost,0.17187
coach_season,2017,Hue Jackson,CLE,wp_lost_per_game,0.010742
coach_season,2017,Jack Del Rio,LV,aggressiveness,0.363636
coach_season,2017,Jack Del Rio,LV,fourth_graded,42.0
coach_season,2017,Jack Del Rio,LV,fourth_toss_ups,65.0
coach_season,2017,Jack Del Rio,LV,fourth_wp_lost,0.376489
coach_season,2017,Jack Del Rio,LV,fourth_wrong,15.0
coach_season,2017,Jack Del Rio,LV,games,16.0
coach_season,2017,Jack Del Rio,LV,go_clear,22.0
coach_season,2017,Jack Del Rio,LV,go_clear_went,8.0
coach_season,2017,Jack Del Rio,LV,two_point_graded,2.0
coach_season,2017,Jack Del Rio,LV,two_point_toss_ups,34.0
coach_season,2017,Jack Del Rio,LV,two_point_wp_lost,0.0
coach_season,2017,Jack Del Rio,LV,two_point_wrong,0.0
coach_season,2017,Jack Del Rio,LV,went,22.0
coach_season,2017,Jack Del Rio,LV,wp_lost,0.376489
coach_season,2017,Jack Del Rio,LV,wp_lost_per_game,0.023531
coach_season,2017,Jason Garrett,DAL,aggressiveness,0.4
coach_season,2017,Jason Garrett,DAL,fourth_graded,41.0
coach_season,2017,Jason Garrett,DAL,fourth_toss_ups,68.0
coach_season,2017,Jason Garrett,DAL,fourth_wp_lost,0.380246
coach_season,2017,Jason Garrett,DAL,fourth_wrong,13.0
coach_season,2017,Jason Garrett,DAL,games,16.0
coach_season,2017,Jason Garrett,DAL,go_clear,20.0
coach_season,2017,Jason Garrett,DAL,go_clear_went,8.0
coach_season,2017,Jason Garrett,DAL,two_point_graded,0.0
coach_season,2017,Jason Garrett,DAL,two_point_toss_ups,42.0
coach_season,2017,Jason Garrett,DAL,two_point_wp_lost,0.0
coach_season,2017,Jason Garrett,DAL,two_point_wrong,0.0
coach_season,2017,Jason Garrett,DAL,went,18.0
coach_season,2017,Jason Garrett,DAL,wp_lost,0.380246
coach_season,2017,Jason Garrett,DAL,wp_lost_per_game,0.023765
coach_season,2017,Jay Gruden,WAS,aggressiveness,0.307692
coach_season,2017,Jay Gruden,WAS,fourth_graded,61.0
coach_season,2017,Jay Gruden,WAS,fourth_toss_ups,65.0
coach_season,2017,Jay Gruden,WAS,fourth_wp_lost,0.535069
coach_season,2017,Jay Gruden,WAS,fourth_wrong,18.0
coach_season,2017,Jay Gruden,WAS,games,16.0
coach_season,2017,Jay Gruden,WAS,go_clear,26.0
coach_season,2017,Jay Gruden,WAS,go_clear_went,8.0
coach_season,2017,Jay Gruden,WAS,two_point_graded,0.0
coach_season,2017,Jay Gruden,WAS,two_point_toss_ups,39.0
coach_season,2017,Jay Gruden,WAS,two_point_wp_lost,0.0
coach_season,2017,Jay Gruden,WAS,two_point_wrong,0.0
coach_season,2017,Jay Gruden,WAS,went,16.0
coach_season,2017,Jay Gruden,WAS,wp_lost,0.535069
coach_season,2017,Jay Gruden,WAS,wp_lost_per_game,0.033442
coach_season,2017,Jim Caldwell,DET,aggressiveness,0.210526
coach_season,2017,Jim Caldwell,DET,fourth_graded,48.0
coach_season,2017,Jim Caldwell,DET,fourth_toss_ups,66.0
coach_season,2017,Jim Caldwell,DET,fourth_wp_lost,0.393477
coach_season,2017,Jim Caldwell,DET,fourth_wrong,15.0
coach_season,2017,Jim Caldwell,DET,games,16.0
coach_season,2017,Jim Caldwell,DET,go_clear,19.0
coach_season,2017,Jim Caldwell,DET,go_clear_went,4.0
coach_season,2017,Jim Caldwell,DET,two_point_graded,2.0
coach_season,2017,Jim Caldwell,DET,two_point_toss_ups,44.0
coach_season,2017,Jim Caldwell,DET,two_point_wp_lost,0.015132
coach_season,2017,Jim Caldwell,DET,two_point_wrong,1.0
coach_season,2017,Jim Caldwell,DET,went,8.0
coach_season,2017,Jim Caldwell,DET,wp_lost,0.40861
coach_season,2017,Jim Caldwell,DET,wp_lost_per_game,0.025538
coach_season,2017,John Fox,CHI,aggressiveness,0.176471
coach_season,2017,John Fox,CHI,fourth_graded,43.0
coach_season,2017,John Fox,CHI,fourth_toss_ups,78.0
coach_season,2017,John Fox,CHI,fourth_wp_lost,0.417808
coach_season,2017,John Fox,CHI,fourth_wrong,14.0
coach_season,2017,John Fox,CHI,games,16.0
coach_season,2017,John Fox,CHI,go_clear,17.0
coach_season,2017,John Fox,CHI,go_clear_went,3.0
coach_season,2017,John Fox,CHI,two_point_graded,3.0
coach_season,2017,John Fox,CHI,two_point_toss_ups,27.0
coach_season,2017,John Fox,CHI,two_point_wp_lost,0.037969
coach_season,2017,John Fox,CHI,two_point_wrong,2.0
coach_season,2017,John Fox,CHI,went,16.0
coach_season,2017,John Fox,CHI,wp_lost,0.455777
coach_season,2017,John Fox,CHI,wp_lost_per_game,0.028486
coach_season,2017,John Harbaugh,BAL,aggressiveness,0.5
coach_season,2017,John Harbaugh,BAL,fourth_graded,51.0
coach_season,2017,John Harbaugh,BAL,fourth_toss_ups,81.0
coach_season,2017,John Harbaugh,BAL,fourth_wp_lost,0.258836
coach_season,2017,John Harbaugh,BAL,fourth_wrong,10.0
coach_season,2017,John Harbaugh,BAL,games,16.0
coach_season,2017,John Harbaugh,BAL,go_clear,18.0
coach_season,2017,John Harbaugh,BAL,go_clear_went,9.0
coach_season,2017,John Harbaugh,BAL,two_point_graded,1.0
coach_season,2017,John Harbaugh,BAL,two_point_toss_ups,41.0
coach_season,2017,John Harbaugh,BAL,two_point_wp_lost,0.0
coach_season,2017,John Harbaugh,BAL,two_point_wrong,0.0
coach_season,2017,John Harbaugh,BAL,went,14.0
coach_season,2017,John Harbaugh,BAL,wp_lost,0.258836
coach_season,2017,John Harbaugh,BAL,wp_lost_per_game,0.016177
coach_season,2017,Kyle Shanahan,SF,aggressiveness,0.5
coach_season,2017,Kyle Shanahan,SF,fourth_graded,53.0
coach_season,2017,Kyle Shanahan,SF,fourth_toss_ups,74.0
coach_season,2017,Kyle Shanahan,SF,fourth_wp_lost,0.216528
coach_season,2017,Kyle Shanahan,SF,fourth_wrong,8.0
coach_season,2017,Kyle Shanahan,SF,games,16.0
coach_season,2017,Kyle Shanahan,SF,go_clear,14.0
coach_season,2017,Kyle Shanahan,SF,go_clear_went,7.0
coach_season,2017,Kyle Shanahan,SF,two_point_graded,3.0
coach_season,2017,Kyle Shanahan,SF,two_point_toss_ups,28.0
coach_season,2017,Kyle Shanahan,SF,two_point_wp_lost,0.018341
coach_season,2017,Kyle Shanahan,SF,two_point_wrong,1.0
coach_season,2017,Kyle Shanahan,SF,went,16.0
coach_season,2017,Kyle Shanahan,SF,wp_lost,0.234869
coach_season,2017,Kyle Shanahan,SF,wp_lost_per_game,0.014679
coach_season,2017,Marvin Lewis,CIN,aggressiveness,0.210526
coach_season,2017,Marvin Lewis,CIN,fourth_graded,51.0
coach_season,2017,Marvin Lewis,CIN,fourth_toss_ups,68.0
coach_season,2017,Marvin Lewis,CIN,fourth_wp_lost,0.431772
coach_season,2017,Marvin Lewis,CIN,fourth_wrong,15.0
coach_season,2017,Marvin Lewis,CIN,games,16.0
coach_season,2017,Marvin Lewis,CIN,go_clear,19.0
coach_season,2017,Marvin Lewis,CIN,go_clear_went,4.0
coach_season,2017,Marvin Lewis,CIN,two_point_graded,0.0
coach_season,2017,Marvin Lewis,CIN,two_point_toss_ups,34.0
coach_season,2017,Marvin Lewis,CIN,two_point_wp_lost,0.0
coach_season,2017,Marvin Lewis,CIN,two_point_wrong,0.0
coach_season,2017,Marvin Lewis,CIN,went,12.0
coach_season,2017,Marvin Lewis,CIN,wp_lost,0.431772
coach_season,2017,Marvin Lewis,CIN,wp_lost_per_game,0.026986
coach_season,2017,Mike McCarthy,GB,aggressiveness,0.407407
coach_season,2017,Mike McCarthy,GB,fourth_graded,53.0
coach_season,2017,Mike McCarthy,GB,fourth_toss_ups,62.0
coach_season,2017,Mike McCarthy,GB,fourth_wp_lost,0.553654
coach_season,2017,Mike McCarthy,GB,fourth_wrong,16.0
coach_season,2017,Mike McCarthy,GB,games,16.0
coach_season,2017,Mike McCarthy,GB,go_clear,27.0
coach_season,2017,Mike McCarthy,GB,go_clear_went,11.0
coach_season,2017,Mike McCarthy,GB,two_point_graded,3.0
coach_season,2017,Mike McCarthy,GB,two_point_toss_ups,35.0
coach_season,2017,Mike McCarthy,GB,two_point_wp_lost,0.0
coach_season,2017,Mike McCarthy,GB,two_point_wrong,0.0
coach_season,2017,Mike McCarthy,GB,went,28.0
coach_season,2017,Mike McCarthy,GB,wp_lost,0.553654
coach_season,2017,Mike McCarthy,GB,wp_lost_per_game,0.034603
coach_season,2017,Mike Mularkey,TEN,aggressiveness,0.275862
coach_season,2017,Mike Mularkey,TEN,fourth_graded,59.0
coach_season,2017,Mike Mularkey,TEN,fourth_toss_ups,75.0
coach_season,2017,Mike Mularkey,TEN,fourth_wp_lost,0.489614
coach_season,2017,Mike Mularkey,TEN,fourth_wrong,21.0
coach_season,2017,Mike Mularkey,TEN,games,18.0
coach_season,2017,Mike Mularkey,TEN,go_clear,29.0
coach_season,2017,Mike Mularkey,TEN,go_clear_went,8.0
coach_season,2017,Mike Mularkey,TEN,two_point_graded,0.0
coach_season,2017,Mike Mularkey,TEN,two_point_toss_ups,38.0
coach_season,2017,Mike Mularkey,TEN,two_point_wp_lost,0.0
coach_season,2017,Mike Mularkey,TEN,two_point_wrong,0.0
coach_season,2017,Mike Mularkey,TEN,went,13.0
coach_season,2017,Mike Mularkey,TEN,wp_lost,0.489614
coach_season,2017,Mike Mularkey,TEN,wp_lost_per_game,0.027201
coach_season,2017,Mike Tomlin,PIT,aggressiveness,0.227273
coach_season,2017,Mike Tomlin,PIT,fourth_graded,49.0
coach_season,2017,Mike Tomlin,PIT,fourth_toss_ups,57.0
coach_season,2017,Mike Tomlin,PIT,fourth_wp_lost,0.435755
coach_season,2017,Mike Tomlin,PIT,fourth_wrong,17.0
coach_season,2017,Mike Tomlin,PIT,games,17.0
coach_season,2017,Mike Tomlin,PIT,go_clear,22.0
coach_season,2017,Mike Tomlin,PIT,go_clear_went,5.0
coach_season,2017,Mike Tomlin,PIT,two_point_graded,3.0
coach_season,2017,Mike Tomlin,PIT,two_point_toss_ups,46.0
coach_season,2017,Mike Tomlin,PIT,two_point_wp_lost,0.069348
coach_season,2017,Mike Tomlin,PIT,two_point_wrong,3.0
coach_season,2017,Mike Tomlin,PIT,went,10.0
coach_season,2017,Mike Tomlin,PIT,wp_lost,0.505103
coach_season,2017,Mike Tomlin,PIT,wp_lost_per_game,0.029712
coach_season,2017,Mike Zimmer,MIN,aggressiveness,0.071429
coach_season,2017,Mike Zimmer,MIN,fourth_graded,43.0
coach_season,2017,Mike Zimmer,MIN,fourth_toss_ups,81.0
coach_season,2017,Mike Zimmer,MIN,fourth_wp_lost,0.328216
coach_season,2017,Mike Zimmer,MIN,fourth_wrong,13.0
coach_season,2017,Mike Zimmer,MIN,games,18.0
coach_season,2017,Mike Zimmer,MIN,go_clear,14.0
coach_season,2017,Mike Zimmer,MIN,go_clear_went,1.0
coach_season,2017,Mike Zimmer,MIN,two_point_graded,0.0
coach_season,2017,Mike Zimmer,MIN,two_point_toss_ups,45.0
coach_season,2017,Mike Zimmer,MIN,two_point_wp_lost,0.0
coach_season,2017,Mike Zimmer,MIN,two_point_wrong,0.0
coach_season,2017,Mike Zimmer,MIN,went,8.0
coach_season,2017,Mike Zimmer,MIN,wp_lost,0.328216
coach_season,2017,Mike Zimmer,MIN,wp_lost_per_game,0.018234
coach_season,2017,Pete Carroll,SEA,aggressiveness,0.16
coach_season,2017,Pete Carroll,SEA,fourth_graded,73.0
coach_season,2017,Pete Carroll,SEA,fourth_toss_ups,50.0
coach_season,2017,Pete Carroll,SEA,fourth_wp_lost,0.715392
coach_season,2017,Pete Carroll,SEA,fourth_wrong,23.0
coach_season,2017,Pete Carroll,SEA,games,16.0
coach_season,2017,Pete Carroll,SEA,go_clear,25.0
coach_season,2017,Pete Carroll,SEA,go_clear_went,4.0
coach_season,2017,Pete Carroll,SEA,two_point_graded,2.0
coach_season,2017,Pete Carroll,SEA,two_point_toss_ups,41.0
coach_season,2017,Pete Carroll,SEA,two_point_wp_lost,0.0
coach_season,2017,Pete Carroll,SEA,two_point_wrong,0.0
coach_season,2017,Pete Carroll,SEA,went,8.0
coach_season,2017,Pete Carroll,SEA,wp_lost,0.715392
coach_season,2017,Pete Carroll,SEA,wp_lost_per_game,0.044712
coach_season,2017,Ron Rivera,CAR,aggressiveness,0.421053
coach_season,2017,Ron Rivera,CAR,fourth_graded,49.0
coach_season,2017,Ron Rivera,CAR,fourth_toss_ups,68.0
coach_season,2017,Ron Rivera,CAR,fourth_wp_lost,0.340019
coach_season,2017,Ron Rivera,CAR,fourth_wrong,11.0
coach_season,2017,Ron Rivera,CAR,games,17.0
coach_season,2017,Ron Rivera,CAR,go_clear,19.0
coach_season,2017,Ron Rivera,CAR,go_clear_went,8.0
coach_season,2017,Ron Rivera,CAR,two_point_graded,2.0
coach_season,2017,Ron Rivera,CAR,two_point_toss_ups,40.0
coach_season,2017,Ron Rivera,CAR,two_point_wp_lost,0.017771
coach_season,2017,Ron Rivera,CAR,two_point_wrong,1.0
coach_season,2017,Ron Rivera,CAR,went,11.0
coach_season,2017,Ron Rivera,CAR,wp_lost,0.35779
coach_season,2017,Ron Rivera,CAR,wp_lost_per_game,0.021046
coach_season,2017,Sean McDermott,BUF,aggressiveness,0.315789
coach_season,2017,Sean McDermott,BUF,fourth_graded,60.0
coach_season,2017,Sean McDermott,BUF,fourth_toss_ups,74.0
coach_season,2017,Sean McDermott,BUF,fourth_wp_lost,0.490363
coach_season,2017,Sean McDermott,BUF,fourth_wrong,15.0
coach_season,2017,Sean McDermott,BUF,games,17.0
coach_season,2017,Sean McDermott,BUF,go_clear,19.0
coach_season,2017,Sean McDermott,BUF,go_clear_went,6.0
coach_season,2017,Sean McDermott,BUF,two_point_graded,1.0
coach_season,2017,Sean McDermott,BUF,two_point_toss_ups,29.0
coach_season,2017,Sean McDermott,BUF,two_point_wp_lost,0.0
coach_season,2017,Sean McDermott,BUF,two_point_wrong,0.0
coach_season,2017,Sean McDermott,BUF,went,16.0
coach_season,2017,Sean McDermott,BUF,wp_lost,0.490363
coach_season,2017,Sean McDermott,BUF,wp_lost_per_game,0.028845
coach_season,2017,Sean McVay,LA,aggressiveness,0.210526
coach_season,2017,Sean McVay,LA,fourth_graded,47.0
coach_season,2017,Sean McVay,LA,fourth_toss_ups,76.0
coach_season,2017,Sean McVay,LA,fourth_wp_lost,0.366506
coach_season,2017,Sean McVay,LA,fourth_wrong,15.0
coach_season,2017,Sean McVay,LA,games,17.0
coach_season,2017,Sean McVay,LA,go_clear,19.0
coach_season,2017,Sean McVay,LA,go_clear_went,4.0
coach_season,2017,Sean McVay,LA,two_point_graded,0.0
coach_season,2017,Sean McVay,LA,two_point_toss_ups,52.0
coach_season,2017,Sean McVay,LA,two_point_wp_lost,0.0
coach_season,2017,Sean McVay,LA,two_point_wrong,0.0
coach_season,2017,Sean McVay,LA,went,14.0
coach_season,2017,Sean McVay,LA,wp_lost,0.366506
coach_season,2017,Sean McVay,LA,wp_lost_per_game,0.021559
coach_season,2017,Sean Payton,NO,aggressiveness,0.444444
coach_season,2017,Sean Payton,NO,fourth_graded,42.0
coach_season,2017,Sean Payton,NO,fourth_toss_ups,78.0
coach_season,2017,Sean Payton,NO,fourth_wp_lost,0.337087
coach_season,2017,Sean Payton,NO,fourth_wrong,12.0
coach_season,2017,Sean Payton,NO,games,18.0
coach_season,2017,Sean Payton,NO,go_clear,18.0
coach_season,2017,Sean Payton,NO,go_clear_went,8.0
coach_season,2017,Sean Payton,NO,two_point_graded,2.0
coach_season,2017,Sean Payton,NO,two_point_toss_ups,56.0
coach_season,2017,Sean Payton,NO,two_point_wp_lost,0.0
coach_season,2017,Sean Payton,NO,two_point_wrong,0.0
coach_season,2017,Sean Payton,NO,went,17.0
coach_season,2017,Sean Payton,NO,wp_lost,0.337087
coach_season,2017,Sean Payton,NO,wp_lost_per_game,0.018727
coach_season,2017,Steve Spagnuolo,NYG,aggressiveness,0.2
coach_season,2017,Steve Spagnuolo,NYG,fourth_graded,16.0
coach_season,2017,Steve Spagnuolo,NYG,fourth_toss_ups,21.0
coach_season,2017,Steve Spagnuolo,NYG,fourth_wp_lost,0.207491
coach_season,2017,Steve Spagnuolo,NYG,fourth_wrong,8.0
coach_season,2017,Steve Spagnuolo,NYG,games,4.0
coach_season,2017,Steve Spagnuolo,NYG,go_clear,10.0
coach_season,2017,Steve Spagnuolo,NYG,go_clear_went,2.0
coach_season,2017,Steve Spagnuolo,NYG,two_point_graded,0.0
coach_season,2017,Steve Spagnuolo,NYG,two_point_toss_ups,7.0
coach_season,2017,Steve Spagnuolo,NYG,two_point_wp_lost,0.0
coach_season,2017,Steve Spagnuolo,NYG,two_point_wrong,0.0
coach_season,2017,Steve Spagnuolo,NYG,went,5.0
coach_season,2017,Steve Spagnuolo,NYG,wp_lost,0.207491
coach_season,2017,Steve Spagnuolo,NYG,wp_lost_per_game,0.051873
coach_season,2017,Todd Bowles,NYJ,aggressiveness,0.130435
coach_season,2017,Todd Bowles,NYJ,fourth_graded,44.0
coach_season,2017,Todd Bowles,NYJ,fourth_toss_ups,89.0
coach_season,2017,Todd Bowles,NYJ,fourth_wp_lost,0.522913
coach_season,2017,Todd Bowles,NYJ,fourth_wrong,20.0
coach_season,2017,Todd Bowles,NYJ,games,16.0
coach_season,2017,Todd Bowles,NYJ,go_clear,23.0
coach_season,2017,Todd Bowles,NYJ,go_clear_went,3.0
coach_season,2017,Todd Bowles,NYJ,two_point_graded,1.0
coach_season,2017,Todd Bowles,NYJ,two_point_toss_ups,31.0
coach_season,2017,Todd Bowles,NYJ,two_point_wp_lost,0.0
coach_season,2017,Todd Bowles,NYJ,two_point_wrong,0.0
coach_season,2017,Todd Bowles,NYJ,went,12.0
coach_season,2017,Todd Bowles,NYJ,wp_lost,0.522913
coach_season,2017,Todd Bowles,NYJ,wp_lost_per_game,0.032682
coach_season,2017,Vance Joseph,DEN,aggressiveness,0.5
coach_season,2017,Vance Joseph,DEN,fourth_graded,34.0
coach_season,2017,Vance Joseph,DEN,fourth_toss_ups,91.0
coach_season,2017,Vance Joseph,DEN,fourth_wp_lost,0.18588
coach_season,2017,Vance Joseph,DEN,fourth_wrong,8.0
coach_season,2017,Vance Joseph,DEN,games,16.0
coach_season,2017,Vance Joseph,DEN,go_clear,16.0
coach_season,2017,Vance Joseph,DEN,go_clear_went,8.0
coach_season,2017,Vance Joseph,DEN,two_point_graded,1.0
coach_season,2017,Vance Joseph,DEN,two_point_toss_ups,30.0
coach_season,2017,Vance Joseph,DEN,two_point_wp_lost,0.0
coach_season,2017,Vance Joseph,DEN,two_point_wrong,0.0
coach_season,2017,Vance Joseph,DEN,went,18.0
coach_season,2017,Vance Joseph,DEN,wp_lost,0.18588
coach_season,2017,Vance Joseph,DEN,wp_lost_per_game,0.011617
coach_season,2018,Adam Gase,MIA,aggressiveness,0.25
coach_season,2018,Adam Gase,MIA,fourth_graded,47.0
coach_season,2018,Adam Gase,MIA,fourth_toss_ups,71.0
coach_season,2018,Adam Gase,MIA,fourth_wp_lost,0.377168
coach_season,2018,Adam Gase,MIA,fourth_wrong,12.0
coach_season,2018,Adam Gase,MIA,games,16.0
coach_season,2018,Adam Gase,MIA,go_clear,16.0
coach_season,2018,Adam Gase,MIA,go_clear_went,4.0
coach_season,2018,Adam Gase,MIA,two_point_graded,3.0
coach_season,2018,Adam Gase,MIA,two_point_toss_ups,34.0
coach_season,2018,Adam Gase,MIA,two_point_wp_lost,0.0
coach_season,2018,Adam Gase,MIA,two_point_wrong,0.0
coach_season,2018,Adam Gase,MIA,went,12.0
coach_season,2018,Adam Gase,MIA,wp_lost,0.377168
coach_season,2018,Adam Gase,MIA,wp_lost_per_game,0.023573
coach_season,2018,Andy Reid,KC,aggressiveness,0.52381
coach_season,2018,Andy Reid,KC,fourth_graded,41.0
coach_season,2018,Andy Reid,KC,fourth_toss_ups,58.0
coach_season,2018,Andy Reid,KC,fourth_wp_lost,0.255877
coach_season,2018,Andy Reid,KC,fourth_wrong,10.0
coach_season,2018,Andy Reid,KC,games,18.0
coach_season,2018,Andy Reid,KC,go_clear,21.0
coach_season,2018,Andy Reid,KC,go_clear_went,11.0
coach_season,2018,Andy Reid,KC,two_point_graded,5.0
coach_season,2018,Andy Reid,KC,two_point_toss_ups,74.0
coach_season,2018,Andy Reid,KC,two_point_wp_lost,0.028989
coach_season,2018,Andy Reid,KC,two_point_wrong,1.0
coach_season,2018,Andy Reid,KC,went,19.0
coach_season,2018,Andy Reid,KC,wp_lost,0.284866
coach_season,2018,Andy Reid,KC,wp_lost_per_game,0.015826
coach_season,2018,Anthony Lynn,LAC,aggressiveness,0.2
coach_season,2018,Anthony Lynn,LAC,fourth_graded,47.0
coach_season,2018,Anthony Lynn,LAC,fourth_toss_ups,66.0
coach_season,2018,Anthony Lynn,LAC,fourth_wp_lost,0.353599
coach_season,2018,Anthony Lynn,LAC,fourth_wrong,13.0
coach_season,2018,Anthony Lynn,LAC,games,18.0
coach_season,2018,Anthony Lynn,LAC,go_clear,15.0
coach_season,2018,Anthony Lynn,LAC,go_clear_went,3.0
coach_season,2018,Anthony Lynn,LAC,two_point_graded,0.0
coach_season,2018,Anthony Lynn,LAC,two_point_toss_ups,56.0
coach_season,2018,Anthony Lynn,LAC,two_point_wp_lost,0.0
coach_season,2018,Anthony Lynn,LAC,two_point_wrong,0.0
coach_season,2018,Anthony Lynn,LAC,went,10.0
coach_season,2018,Anthony Lynn,LAC,wp_lost,0.353599
coach_season,2018,Anthony Lynn,LAC,wp_lost_per_game,0.019644
coach_season,2018,Bill Belichick,NE,aggressiveness,0.37037
coach_season,2018,Bill Belichick,NE,fourth_graded,44.0
coach_season,2018,Bill Belichick,NE,fourth_toss_ups,85.0
coach_season,2018,Bill Belichick,NE,fourth_wp_lost,0.367728
coach_season,2018,Bill Belichick,NE,fourth_wrong,17.0
coach_season,2018,Bill Belichick,NE,games,19.0
coach_season,2018,Bill Belichick,NE,go_clear,27.0
coach_season,2018,Bill Belichick,NE,go_clear_went,10.0
coach_season,2018,Bill Belichick,NE,two_point_graded,3.0
coach_season,2018,Bill Belichick,NE,two_point_toss_ups,58.0
coach_season,2018,Bill Belichick,NE,two_point_wp_lost,0.0
coach_season,2018,Bill Belichick,NE,two_point_wrong,0.0
coach_season,2018,Bill Belichick,NE,went,18.0
coach_season,2018,Bill Belichick,NE,wp_lost,0.367728
coach_season,2018,Bill Belichick,NE,wp_lost_per_game,0.019354
coach_season,2018,Bill O'Brien,HOU,aggressiveness,0.217391
coach_season,2018,Bill O'Brien,HOU,fourth_graded,63.0
coach_season,2018,Bill O'Brien,HOU,fourth_toss_ups,67.0
coach_season,2018,Bill O'Brien,HOU,fourth_wp_lost,0.516579
coach_season,2018,Bill O'Brien,HOU,fourth_wrong,20.0
coach_season,2018,Bill O'Brien,HOU,games,17.0
coach_season,2018,Bill O'Brien,HOU,go_clear,23.0
coach_season,2018,Bill O'Brien,HOU,go_clear_went,5.0
coach_season,2018,Bill O'Brien,HOU,two_point_graded,1.0
coach_season,2018,Bill O'Brien,HOU,two_point_toss_ups,42.0
coach_season,2018,Bill O'Brien,HOU,two_point_wp_lost,0.0
coach_season,2018,Bill O'Brien,HOU,two_point_wrong,0.0
coach_season,2018,Bill O'Brien,HOU,went,15.0
coach_season,2018,Bill O'Brien,HOU,wp_lost,0.516579
coach_season,2018,Bill O'Brien,HOU,wp_lost_per_game,0.030387
coach_season,2018,Dan Quinn,ATL,aggressiveness,0.3125
coach_season,2018,Dan Quinn,ATL,fourth_graded,44.0
coach_season,2018,Dan Quinn,ATL,fourth_toss_ups,59.0
coach_season,2018,Dan Quinn,ATL,fourth_wp_lost,0.318818
coach_season,2018,Dan Quinn,ATL,fourth_wrong,12.0
coach_season,2018,Dan Quinn,ATL,games,16.0
coach_season,2018,Dan Quinn,ATL,go_clear,16.0
coach_season,2018,Dan Quinn,ATL,go_clear_went,5.0
coach_season,2018,Dan Quinn,ATL,two_point_graded,1.0
coach_season,2018,Dan Quinn,ATL,two_point_toss_ups,48.0
coach_season,2018,Dan Quinn,ATL,two_point_wp_lost,0.0
coach_season,2018,Dan Quinn,ATL,two_point_wrong,0.0
coach_season,2018,Dan Quinn,ATL,went,19.0
coach_season,2018,Dan Quinn,ATL,wp_lost,0.318818
coach_season,2018,Dan Quinn,ATL,wp_lost_per_game,0.019926
coach_season,2018,Dirk Koetter,TB,aggressiveness,0.333333
coach_season,2018,Dirk Koetter,TB,fourth_graded,35.0
coach_season,2018,Dirk Koetter,TB,fourth_toss_ups,60.0
coach_season,2018,Dirk Koetter,TB,fourth_wp_lost,0.294403
coach_season,2018,Dirk Koetter,TB,fourth_wrong,10.0
coach_season,2018,Dirk Koetter,TB,games,16.0
coach_season,2018,Dirk Koetter,TB,go_clear,12.0
coach_season,2018,Dirk Koetter,TB,go_clear_went,4.0
coach_season,2018,Dirk Koetter,TB,two_point_graded,1.0
coach_season,2018,Dirk Koetter,TB,two_point_toss_ups,48.0
coach_season,2018,Dirk Koetter,TB,two_point_wp_lost,0.0
coach_season,2018,Dirk Koetter,TB,two_point_wrong,0.0
coach_season,2018,Dirk Koetter,TB,went,13.0
coach_season,2018,Dirk Koetter,TB,wp_lost,0.294403
coach_season,2018,Dirk Koetter,TB,wp_lost_per_game,0.0184
coach_season,2018,Doug Marrone,JAX,aggressiveness,0.277778
coach_season,2018,Doug Marrone,JAX,fourth_graded,56.0
coach_season,2018,Doug Marrone,JAX,fourth_toss_ups,71.0
coach_season,2018,Doug Marrone,JAX,fourth_wp_lost,0.451433
coach_season,2018,Doug Marrone,JAX,fourth_wrong,14.0
coach_season,2018,Doug Marrone,JAX,games,16.0
coach_season,2018,Doug Marrone,JAX,go_clear,18.0
coach_season,2018,Doug Marrone,JAX,go_clear_went,5.0
coach_season,2018,Doug Marrone,JAX,two_point_graded,0.0
coach_season,2018,Doug Marrone,JAX,two_point_toss_ups,25.0
coach_season,2018,Doug Marrone,JAX,two_point_wp_lost,0.0
coach_season,2018,Doug Marrone,JAX,two_point_wrong,0.0
coach_season,2018,Doug Marrone,JAX,went,17.0
coach_season,2018,Doug Marrone,JAX,wp_lost,0.451433
coach_season,2018,Doug Marrone,JAX,wp_lost_per_game,0.028215
coach_season,2018,Doug Pederson,PHI,aggressiveness,0.542857
coach_season,2018,Doug Pederson,PHI,fourth_graded,69.0
coach_season,2018,Doug Pederson,PHI,fourth_toss_ups,54.0
coach_season,2018,Doug Pederson,PHI,fourth_wp_lost,0.367885
coach_season,2018,Doug Pederson,PHI,fourth_wrong,17.0
coach_season,2018,Doug Pederson,PHI,games,18.0
coach_season,2018,Doug Pederson,PHI,go_clear,35.0
coach_season,2018,Doug Pederson,PHI,go_clear_went,19.0
coach_season,2018,Doug Pederson,PHI,two_point_graded,3.0
coach_season,2018,Doug Pederson,PHI,two_point_toss_ups,42.0
coach_season,2018,Doug Pederson,PHI,two_point_wp_lost,0.047603
coach_season,2018,Doug Pederson,PHI,two_point_wrong,2.0
coach_season,2018,Doug Pederson,PHI,went,24.0
coach_season,2018,Doug Pederson,PHI,wp_lost,0.415488
coach_season,2018,Doug Pederson,PHI,wp_lost_per_game,0.023083
coach_season,2018,Frank Reich,IND,aggressiveness,0.428571
coach_season,2018,Frank Reich,IND,fourth_graded,39.0
coach_season,2018,Frank Reich,IND,fourth_toss_ups,65.0
coach_season,2018,Frank Reich,IND,fourth_wp_lost,0.384623
coach_season,2018,Frank Reich,IND,fourth_wrong,13.0
coach_season,2018,Frank Reich,IND,games,18.0
coach_season,2018,Frank Reich,IND,go_clear,21.0
coach_season,2018,Frank Reich,IND,go_clear_went,9.0
coach_season,2018,Frank Reich,IND,two_point_graded,3.0
coach_season,2018,Frank Reich,IND,two_point_toss_ups,54.0
coach_season,2018,Frank Reich,IND,two_point_wp_lost,0.0
coach_season,2018,Frank Reich,IND,two_point_wrong,0.0
coach_season,2018,Frank Reich,IND,went,15.0
coach_season,2018,Frank Reich,IND,wp_lost,0.384623
coach_season,2018,Frank Reich,IND,wp_lost_per_game,0.021368
coach_season,2018,Gregg Williams,CLE,aggressiveness,0.555556
coach_season,2018,Gregg Williams,CLE,fourth_graded,20.0
coach_season,2018,Gregg Williams,CLE,fourth_toss_ups,23.0
coach_season,2018,Gregg Williams,CLE,fourth_wp_lost,0.12746
coach_season,2018,Gregg Williams,CLE,fourth_wrong,5.0
coach_season,2018,Gregg Williams,CLE,games,8.0
coach_season,2018,Gregg Williams,CLE,go_clear,9.0
coach_season,2018,Gregg Williams,CLE,go_clear_went,5.0
coach_season,2018,Gregg Williams,CLE,two_point_graded,0.0
coach_season,2018,Gregg Williams,CLE,two_point_toss_ups,25.0
coach_season,2018,Gregg Williams,CLE,two_point_wp_lost,0.0
coach_season,2018,Gregg Williams,CLE,two_point_wrong,0.0
coach_season,2018,Gregg Williams,CLE,went,10.0
coach_season,2018,Gregg Williams,CLE,wp_lost,0.12746
coach_season,2018,Gregg Williams,CLE,wp_lost_per_game,0.015932
coach_season,2018,Hue Jackson,CLE,aggressiveness,0.333333
coach_season,2018,Hue Jackson,CLE,fourth_graded,35.0
coach_season,2018,Hue Jackson,CLE,fourth_toss_ups,47.0
coach_season,2018,Hue Jackson,CLE,fourth_wp_lost,0.254101
coach_season,2018,Hue Jackson,CLE,fourth_wrong,8.0
coach_season,2018,Hue Jackson,CLE,games,8.0
coach_season,2018,Hue Jackson,CLE,go_clear,12.0
coach_season,2018,Hue Jackson,CLE,go_clear_went,4.0
coach_season,2018,Hue Jackson,CLE,two_point_graded,5.0
coach_season,2018,Hue Jackson,CLE,two_point_toss_ups,14.0
coach_season,2018,Hue Jackson,CLE,two_point_wp_lost,0.029165
coach_season,2018,Hue Jackson,CLE,two_point_wrong,1.0
coach_season,2018,Hue Jackson,CLE,went,11.0
coach_season,2018,Hue Jackson,CLE,wp_lost,0.283265
coach_season,2018,Hue Jackson,CLE,wp_lost_per_game,0.035408
coach_season,2018,Jason Garrett,DAL,aggressiveness,0.521739
coach_season,2018,Jason Garrett,DAL,fourth_graded,58.0
coach_season,2018,Jason Garrett,DAL,fourth_toss_ups,70.0
coach_season,2018,Jason Garrett,DAL,fourth_wp_lost,0.413914
coach_season,2018,Jason Garrett,DAL,fourth_wrong,11.0
coach_season,2018,Jason Garrett,DAL,games,18.0
coach_season,2018,Jason Garrett,DAL,go_clear,23.0
coach_season,2018,Jason Garrett,DAL,go_clear_went,12.0
coach_season,2018,Jason Garrett,DAL,two_point_graded,2.0
coach_season,2018,Jason Garrett,DAL,two_point_toss_ups,37.0
coach_season,2018,Jason Garrett,DAL,two_point_wp_lost,0.0
coach_season,2018,Jason Garrett,DAL,two_point_wrong,0.0
coach_season,2018,Jason Garrett,DAL,went,25.0
coach_season,2018,Jason Garrett,DAL,wp_lost,0.413914
coach_season,2018,Jason Garrett,DAL,wp_lost_per_game,0.022995
coach_season,2018,Jay Gruden,WAS,aggressiveness,0.214286
coach_season,2018,Jay Gruden,WAS,fourth_graded,54.0
coach_season,2018,Jay Gruden,WAS,fourth_toss_ups,68.0
coach_season,2018,Jay Gruden,WAS,fourth_wp_lost,0.303904
coach_season,2018,Jay Gruden,WAS,fourth_wrong,13.0
coach_season,2018,Jay Gruden,WAS,games,16.0
coach_season,2018,Jay Gruden,WAS,go_clear,14.0
coach_season,2018,Jay Gruden,WAS,go_clear_went,3.0
coach_season,2018,Jay Gruden,WAS,two_point_graded,1.0
coach_season,2018,Jay Gruden,WAS,two_point_toss_ups,28.0
coach_season,2018,Jay Gruden,WAS,two_point_wp_lost,0.022689
coach_season,2018,Jay Gruden,WAS,two_point_wrong,1.0
coach_season,2018,Jay Gruden,WAS,went,17.0
coach_season,2018,Jay Gruden,WAS,wp_lost,0.326593
coach_season,2018,Jay Gruden,WAS,wp_lost_per_game,0.020412
coach_season,2018,Joe Philbin,GB,aggressiveness,0.4
coach_season,2018,Joe Philbin,GB,fourth_graded,14.0
coach_season,2018,Joe Philbin,GB,fourth_toss_ups,15.0
coach_season,2018,Joe Philbin,GB,fourth_wp_lost,0.083917
coach_season,2018,Joe Philbin,GB,fourth_wrong,3.0
coach_season,2018,Joe Philbin,GB,games,4.0
coach_season,2018,Joe Philbin,GB,go_clear,5.0
coach_season,2018,Joe Philbin,GB,go_clear_went,2.0
coach_season,2018,Joe Philbin,GB,two_point_graded,0.0
coach_season,2018,Joe Philbin,GB,two_point_toss_ups,9.0
coach_season,2018,Joe Philbin,GB,two_point_wp_lost,0.0
coach_season,2018,Joe Philbin,GB,two_point_wrong,0.0
coach_season,2018,Joe Philbin,GB,went,6.0
coach_season,2018,Joe Philbin,GB,wp_lost,0.083917
coach_season,2018,Joe Philbin,GB,wp_lost_per_game,0.020979
coach_season,2018,John Harbaugh,BAL,aggressiveness,0.451613
coach_season,2018,John Harbaugh,BAL,fourth_graded,60.0
coach_season,2018,John Harbaugh,BAL,fourth_toss_ups,65.0
coach_season,2018,John Harbaugh,BAL,fourth_wp_lost,0.403493
coach_season,2018,John Harbaugh,BAL,fourth_wrong,18.0
coach_season,2018,John Harbaugh,BAL,games,17.0
coach_season,2018,John Harbaugh,BAL,go_clear,31.0
coach_season,2018,John Harbaugh,BAL,go_clear_went,14.0
coach_season,2018,John Harbaugh,BAL,two_point_graded,2.0
coach_season,2018,John Harbaugh,BAL,two_point_toss_ups,41.0
coach_season,2018,John Harbaugh,BAL,two_point_wp_lost,0.0
coach_season,2018,John Harbaugh,BAL,two_point_wrong,0.0
coach_season,2018,John Harbaugh,BAL,went,22.0
coach_season,2018,John Harbaugh,BAL,wp_lost,0.403493
coach_season,2018,John Harbaugh,BAL,wp_lost_per_game,0.023735
coach_season,2018,Jon Gruden,LV,aggressiveness,0.461538
coach_season,2018,Jon Gruden,LV,fourth_graded,35.0
coach_season,2018,Jon Gruden,LV,fourth_toss_ups,79.0
coach_season,2018,Jon Gruden,LV,fourth_wp_lost,0.208043
coach_season,2018,Jon Gruden,LV,fourth_wrong,7.0
coach_season,2018,Jon Gruden,LV,games,16.0
coach_season,2018,Jon Gruden,LV,go_clear,13.0
coach_season,2018,Jon Gruden,LV,go_clear_went,6.0
coach_season,2018,Jon Gruden,LV,two_point_graded,3.0
coach_season,2018,Jon Gruden,LV,two_point_toss_ups,27.0
coach_season,2018,Jon Gruden,LV,two_point_wp_lost,0.0
coach_season,2018,Jon Gruden,LV,two_point_wrong,0.0
coach_season,2018,Jon Gruden,LV,went,16.0
coach_season,2018,Jon Gruden,LV,wp_lost,0.208043
coach_season,2018,Jon Gruden,LV,wp_lost_per_game,0.013003
coach_season,2018,Kyle Shanahan,SF,aggressiveness,0.2
coach_season,2018,Kyle Shanahan,SF,fourth_graded,48.0
coach_season,2018,Kyle Shanahan,SF,fourth_toss_ups,58.0
coach_season,2018,Kyle Shanahan,SF,fourth_wp_lost,0.381444
coach_season,2018,Kyle Shanahan,SF,fourth_wrong,14.0
coach_season,2018,Kyle Shanahan,SF,games,16.0
coach_season,2018,Kyle Shanahan,SF,go_clear,15.0
coach_season,2018,Kyle Shanahan,SF,go_clear_went,3.0
coach_season,2018,Kyle Shanahan,SF,two_point_graded,0.0
coach_season,2018,Kyle Shanahan,SF,two_point_toss_ups,35.0
coach_season,2018,Kyle Shanahan,SF,two_point_wp_lost,0.0
coach_season,2018,Kyle Shanahan,SF,two_point_wrong,0.0
coach_season,2018,Kyle Shanahan,SF,went,9.0
coach_season,2018,Kyle Shanahan,SF,wp_lost,0.381444
coach_season,2018,Kyle Shanahan,SF,wp_lost_per_game,0.02384
coach_season,2018,Marvin Lewis,CIN,aggressiveness,0.6
coach_season,2018,Marvin Lewis,CIN,fourth_graded,54.0
coach_season,2018,Marvin Lewis,CIN,fourth_toss_ups,56.0
coach_season,2018,Marvin Lewis,CIN,fourth_wp_lost,0.219091
coach_season,2018,Marvin Lewis,CIN,fourth_wrong,8.0
coach_season,2018,Marvin Lewis,CIN,games,16.0
coach_season,2018,Marvin Lewis,CIN,go_clear,15.0
coach_season,2018,Marvin Lewis,CIN,go_clear_went,9.0
coach_season,2018,Marvin Lewis,CIN,two_point_graded,3.0
coach_season,2018,Marvin Lewis,CIN,two_point_toss_ups,42.0
coach_season,2018,Marvin Lewis,CIN,two_point_wp_lost,0.035006
coach_season,2018,Marvin Lewis,CIN,two_point_wrong,1.0
coach_season,2018,Marvin Lewis,CIN,went,16.0
coach_season,2018,Marvin Lewis,CIN,wp_lost,0.254096
coach_season,2018,Marvin Lewis,CIN,wp_lost_per_game,0.015881
coach_season,2018,Matt Nagy,CHI,aggressiveness,0.409091
coach_season,2018,Matt Nagy,CHI,fourth_graded,48.0
coach_season,2018,Matt Nagy,CHI,fourth_toss_ups,67.0
coach_season,2018,Matt Nagy,CHI,fourth_wp_lost,0.360075
coach_season,2018,Matt Nagy,CHI,fourth_wrong,13.0
coach_season,2018,Matt Nagy,CHI,games,17.0
coach_season,2018,Matt Nagy,CHI,go_clear,22.0
coach_season,2018,Matt Nagy,CHI,go_clear_went,9.0
coach_season,2018,Matt Nagy,CHI,two_point_graded,0.0
coach_season,2018,Matt Nagy,CHI,two_point_toss_ups,51.0
coach_season,2018,Matt Nagy,CHI,two_point_wp_lost,0.0
coach_season,2018,Matt Nagy,CHI,two_point_wrong,0.0
coach_season,2018,Matt Nagy,CHI,went,15.0
coach_season,2018,Matt Nagy,CHI,wp_lost,0.360075
coach_season,2018,Matt Nagy,CHI,wp_lost_per_game,0.021181
coach_season,2018,Matt Patricia,DET,aggressiveness,0.222222
coach_season,2018,Matt Patricia,DET,fourth_graded,50.0
coach_season,2018,Matt Patricia,DET,fourth_toss_ups,71.0
coach_season,2018,Matt Patricia,DET,fourth_wp_lost,0.451451
coach_season,2018,Matt Patricia,DET,fourth_wrong,15.0
coach_season,2018,Matt Patricia,DET,games,16.0
coach_season,2018,Matt Patricia,DET,go_clear,18.0
coach_season,2018,Matt Patricia,DET,go_clear_went,4.0
coach_season,2018,Matt Patricia,DET,two_point_graded,2.0
coach_season,2018,Matt Patricia,DET,two_point_toss_ups,33.0
coach_season,2018,Matt Patricia,DET,two_point_wp_lost,0.0
coach_season,2018,Matt Patricia,DET,two_point_wrong,0.0
coach_season,2018,Matt Patricia,DET,went,17.0
coach_season,2018,Matt Patricia,DET,wp_lost,0.451451
coach_season,2018,Matt Patricia,DET,wp_lost_per_game,0.028216
coach_season,2018,Mike McCarthy,GB,aggressiveness,0.357143
coach_season,2018,Mike McCarthy,GB,fourth_graded,40.0
coach_season,2018,Mike McCarthy,GB,fourth_toss_ups,49.0
coach_season,2018,Mike McCarthy,GB,fourth_wp_lost,0.235092
coach_season,2018,Mike McCarthy,GB,fourth_wrong,9.0
coach_season,2018,Mike McCarthy,GB,games,12.0
coach_season,2018,Mike McCarthy,GB,go_clear,14.0
coach_season,2018,Mike McCarthy,GB,go_clear_went,5.0
coach_season,2018,Mike McCarthy,GB,two_point_graded,5.0
coach_season,2018,Mike McCarthy,GB,two_point_toss_ups,26.0
coach_season,2018,Mike McCarthy,GB,two_point_wp_lost,0.0
coach_season,2018,Mike McCarthy,GB,two_point_wrong,0.0
coach_season,2018,Mike McCarthy,GB,went,13.0
coach_season,2018,Mike McCarthy,GB,wp_lost,0.235092
coach_season,2018,Mike McCarthy,GB,wp_lost_per_game,0.019591
coach_season,2018,Mike Tomlin,PIT,aggressiveness,0.380952
coach_season,2018,Mike Tomlin,PIT,fourth_graded,47.0
coach_season,2018,Mike Tomlin,PIT,fourth_toss_ups,50.0
coach_season,2018,Mike Tomlin,PIT,fourth_wp_lost,0.382902
coach_season,2018,Mike Tomlin,PIT,fourth_wrong,14.0
coach_season,2018,Mike Tomlin,PIT,games,16.0
coach_season,2018,Mike Tomlin,PIT,go_clear,21.0
coach_season,2018,Mike Tomlin,PIT,go_clear_went,8.0
coach_season,2018,Mike Tomlin,PIT,two_point_graded,0.0
coach_season,2018,Mike Tomlin,PIT,two_point_toss_ups,54.0
coach_season,2018,Mike Tomlin,PIT,two_point_wp_lost,0.0
coach_season,2018,Mike Tomlin,PIT,two_point_wrong,0.0
coach_season,2018,Mike Tomlin,PIT,went,12.0
coach_season,2018,Mike Tomlin,PIT,wp_lost,0.382902
coach_season,2018,Mike Tomlin,PIT,wp_lost_per_game,0.023931
coach_season,2018,Mike Vrabel,TEN,aggressiveness,0.222222
coach_season,2018,Mike Vrabel,TEN,fourth_graded,57.0
coach_season,2018,Mike Vrabel,TEN,fourth_toss_ups,53.0
coach_season,2018,Mike Vrabel,TEN,fourth_wp_lost,0.565844
coach_season,2018,Mike Vrabel,TEN,fourth_wrong,22.0
coach_season,2018,Mike Vrabel,TEN,games,16.0
coach_season,2018,Mike Vrabel,TEN,go_clear,27.0
coach_season,2018,Mike Vrabel,TEN,go_clear_went,6.0
coach_season,2018,Mike Vrabel,TEN,two_point_graded,1.0
coach_season,2018,Mike Vrabel,TEN,two_point_toss_ups,31.0
coach_season,2018,Mike Vrabel,TEN,two_point_wp_lost,0.0585
coach_season,2018,Mike Vrabel,TEN,two_point_wrong,1.0
coach_season,2018,Mike Vrabel,TEN,went,12.0
coach_season,2018,Mike Vrabel,TEN,wp_lost,0.624344
coach_season,2018,Mike Vrabel,TEN,wp_lost_per_game,0.039022
coach_season,2018,Mike Zimmer,MIN,aggressiveness,0.434783
coach_season,2018,Mike Zimmer,MIN,fourth_graded,52.0
coach_season,2018,Mike Zimmer,MIN,fourth_toss_ups,68.0
coach_season,2018,Mike Zimmer,MIN,fourth_wp_lost,0.298943
coach_season,2018,Mike Zimmer,MIN,fourth_wrong,14.0
coach_season,2018,Mike Zimmer,MIN,games,16.0
coach_season,2018,Mike Zimmer,MIN,go_clear,23.0
coach_season,2018,Mike Zimmer,MIN,go_clear_went,10.0
coach_season,2018,Mike Zimmer,MIN,two_point_graded,2.0
coach_season,2018,Mike Zimmer,MIN,two_point_toss_ups,40.0
coach_season,2018,Mike Zimmer,MIN,two_point_wp_lost,0.02206
coach_season,2018,Mike Zimmer,MIN,two_point_wrong,1.0
coach_season,2018,Mike Zimmer,MIN,went,20.0
coach_season,2018,Mike Zimmer,MIN,wp_lost,0.321004
coach_season,2018,Mike Zimmer,MIN,wp_lost_per_game,0.020063
coach_season,2018,Pat Shurmur,NYG,aggressiveness,0.434783
coach_season,2018,Pat Shurmur,NYG,fourth_graded,57.0
coach_season,2018,Pat Shurmur,NYG,fourth_toss_ups,61.0
coach_season,2018,Pat Shurmur,NYG,fourth_wp_lost,0.358227
coach_season,2018,Pat Shurmur,NYG,fourth_wrong,13.0
coach_season,2018,Pat Shurmur,NYG,games,16.0
coach_season,2018,Pat Shurmur,NYG,go_clear,23.0
coach_season,2018,Pat Shurmur,NYG,go_clear_went,10.0
coach_season,2018,Pat Shurmur,NYG,two_point_graded,2.0
coach_season,2018,Pat Shurmur,NYG,two_point_toss_ups,37.0
coach_season,2018,Pat Shurmur,NYG,two_point_wp_lost,0.0
coach_season,2018,Pat Shurmur,NYG,two_point_wrong,0.0
coach_season,2018,Pat Shurmur,NYG,went,19.0
coach_season,2018,Pat Shurmur,NYG,wp_lost,0.358227
coach_season,2018,Pat Shurmur,NYG,wp_lost_per_game,0.022389
coach_season,2018,Pete Carroll,SEA,aggressiveness,0.272727
coach_season,2018,Pete Carroll,SEA,fourth_graded,66.0
coach_season,2018,Pete Carroll,SEA,fourth_toss_ups,56.0
coach_season,2018,Pete Carroll,SEA,fourth_wp_lost,0.492816
coach_season,2018,Pete Carroll,SEA,fourth_wrong,17.0
coach_season,2018,Pete Carroll,SEA,games,17.0
coach_season,2018,Pete Carroll,SEA,go_clear,22.0
coach_season,2018,Pete Carroll,SEA,go_clear_went,6.0
coach_season,2018,Pete Carroll,SEA,two_point_graded,2.0
coach_season,2018,Pete Carroll,SEA,two_point_toss_ups,52.0
coach_season,2018,Pete Carroll,SEA,two_point_wp_lost,0.023942
coach_season,2018,Pete Carroll,SEA,two_point_wrong,1.0
coach_season,2018,Pete Carroll,SEA,went,15.0
coach_season,2018,Pete Carroll,SEA,wp_lost,0.516758
coach_season,2018,Pete Carroll,SEA,wp_lost_per_game,0.030398
coach_season,2018,Ron Rivera,CAR,aggressiveness,0.52381
coach_season,2018,Ron Rivera,CAR,fourth_graded,47.0
coach_season,2018,Ron Rivera,CAR,fourth_toss_ups,47.0
coach_season,2018,Ron Rivera,CAR,fourth_wp_lost,0.265102
coach_season,2018,Ron Rivera,CAR,fourth_wrong,11.0
coach_season,2018,Ron Rivera,CAR,games,16.0
coach_season,2018,Ron Rivera,CAR,go_clear,21.0
coach_season,2018,Ron Rivera,CAR,go_clear_went,11.0
coach_season,2018,Ron Rivera,CAR,two_point_graded,3.0
coach_season,2018,Ron Rivera,CAR,two_point_toss_ups,43.0
coach_season,2018,Ron Rivera,CAR,two_point_wp_lost,0.043319
coach_season,2018,Ron Rivera,CAR,two_point_wrong,1.0
coach_season,2018,Ron Rivera,CAR,went,17.0
coach_season,2018,Ron Rivera,CAR,wp_lost,0.308422
coach_season,2018,Ron Rivera,CAR,wp_lost_per_game,0.019276
coach_season,2018,Sean McDermott,BUF,aggressiveness,0.636364
coach_season,2018,Sean McDermott,BUF,fourth_graded,33.0
coach_season,2018,Sean McDermott,BUF,fourth_toss_ups,91.0
coach_season,2018,Sean McDermott,BUF,fourth_wp_lost,0.094689
coach_season,2018,Sean McDermott,BUF,fourth_wrong,5.0
coach_season,2018,Sean McDermott,BUF,games,16.0
coach_season,2018,Sean McDermott,BUF,go_clear,11.0
coach_season,2018,Sean McDermott,BUF,go_clear_went,7.0
coach_season,2018,Sean McDermott,BUF,two_point_graded,0.0
coach_season,2018,Sean McDermott,BUF,two_point_toss_ups,29.0
coach_season,2018,Sean McDermott,BUF,two_point_wp_lost,0.0
coach_season,2018,Sean McDermott,BUF,two_point_wrong,0.0
coach_season,2018,Sean McDermott,BUF,went,16.0
coach_season,2018,Sean McDermott,BUF,wp_lost,0.094689
coach_season,2018,Sean McDermott,BUF,wp_lost_per_game,0.005918
coach_season,2018,Sean McVay,LA,aggressiveness,0.333333
coach_season,2018,Sean McVay,LA,fourth_graded,44.0
coach_season,2018,Sean McVay,LA,fourth_toss_ups,74.0
coach_season,2018,Sean McVay,LA,fourth_wp_lost,0.344815
coach_season,2018,Sean McVay,LA,fourth_wrong,14.0
coach_season,2018,Sean McVay,LA,games,19.0
coach_season,2018,Sean McVay,LA,go_clear,21.0
coach_season,2018,Sean McVay,LA,go_clear_went,7.0
coach_season,2018,Sean McVay,LA,two_point_graded,2.0
coach_season,2018,Sean McVay,LA,two_point_toss_ups,63.0
coach_season,2018,Sean McVay,LA,two_point_wp_lost,0.0
coach_season,2018,Sean McVay,LA,two_point_wrong,0.0
coach_season,2018,Sean McVay,LA,went,17.0
coach_season,2018,Sean McVay,LA,wp_lost,0.344815
coach_season,2018,Sean McVay,LA,wp_lost_per_game,0.018148
coach_season,2018,Sean Payton,NO,aggressiveness,0.590909
coach_season,2018,Sean Payton,NO,fourth_graded,49.0
coach_season,2018,Sean Payton,NO,fourth_toss_ups,51.0
coach_season,2018,Sean Payton,NO,fourth_wp_lost,0.231629
coach_season,2018,Sean Payton,NO,fourth_wrong,9.0
coach_season,2018,Sean Payton,NO,games,18.0
coach_season,2018,Sean Payton,NO,go_clear,22.0
coach_season,2018,Sean Payton,NO,go_clear_went,13.0
coach_season,2018,Sean Payton,NO,two_point_graded,1.0
coach_season,2018,Sean Payton,NO,two_point_toss_ups,62.0
coach_season,2018,Sean Payton,NO,two_point_wp_lost,0.0
coach_season,2018,Sean Payton,NO,two_point_wrong,0.0
coach_season,2018,Sean Payton,NO,went,17.0
coach_season,2018,Sean Payton,NO,wp_lost,0.231629
coach_season,2018,Sean Payton,NO,wp_lost_per_game,0.012868
coach_season,2018,Steve Wilks,ARI,aggressiveness,0.272727
coach_season,2018,Steve Wilks,ARI,fourth_graded,39.0
coach_season,2018,Steve Wilks,ARI,fourth_toss_ups,87.0
coach_season,2018,Steve Wilks,ARI,fourth_wp_lost,0.231632
coach_season,2018,Steve Wilks,ARI,fourth_wrong,9.0
coach_season,2018,Steve Wilks,ARI,games,16.0
coach_season,2018,Steve Wilks,ARI,go_clear,11.0
coach_season,2018,Steve Wilks,ARI,go_clear_went,3.0
coach_season,2018,Steve Wilks,ARI,two_point_graded,2.0
coach_season,2018,Steve Wilks,ARI,two_point_toss_ups,25.0
coach_season,2018,Steve Wilks,ARI,two_point_wp_lost,0.0
coach_season,2018,Steve Wilks,ARI,two_point_wrong,0.0
coach_season,2018,Steve Wilks,ARI,went,16.0
coach_season,2018,Steve Wilks,ARI,wp_lost,0.231632
coach_season,2018,Steve Wilks,ARI,wp_lost_per_game,0.014477
coach_season,2018,Todd Bowles,NYJ,aggressiveness,0.388889
coach_season,2018,Todd Bowles,NYJ,fourth_graded,54.0
coach_season,2018,Todd Bowles,NYJ,fourth_toss_ups,78.0
coach_season,2018,Todd Bowles,NYJ,fourth_wp_lost,0.225692
coach_season,2018,Todd Bowles,NYJ,fourth_wrong,11.0
coach_season,2018,Todd Bowles,NYJ,games,16.0
coach_season,2018,Todd Bowles,NYJ,go_clear,18.0
coach_season,2018,Todd Bowles,NYJ,go_clear_went,7.0
coach_season,2018,Todd Bowles,NYJ,two_point_graded,1.0
coach_season,2018,Todd Bowles,NYJ,two_point_toss_ups,33.0
coach_season,2018,Todd Bowles,NYJ,two_point_wp_lost,0.0
coach_season,2018,Todd Bowles,NYJ,two_point_wrong,0.0
coach_season,2018,Todd Bowles,NYJ,went,20.0
coach_season,2018,Todd Bowles,NYJ,wp_lost,0.225692
coach_season,2018,Todd Bowles,NYJ,wp_lost_per_game,0.014106
coach_season,2018,Vance Joseph,DEN,aggressiveness,0.387097
coach_season,2018,Vance Joseph,DEN,fourth_graded,58.0
coach_season,2018,Vance Joseph,DEN,fourth_toss_ups,72.0
coach_season,2018,Vance Joseph,DEN,fourth_wp_lost,0.572852
coach_season,2018,Vance Joseph,DEN,fourth_wrong,21.0
coach_season,2018,Vance Joseph,DEN,games,16.0
coach_season,2018,Vance Joseph,DEN,go_clear,31.0
coach_season,2018,Vance Joseph,DEN,go_clear_went,12.0
coach_season,2018,Vance Joseph,DEN,two_point_graded,0.0
coach_season,2018,Vance Joseph,DEN,two_point_toss_ups,39.0
coach_season,2018,Vance Joseph,DEN,two_point_wp_lost,0.0
coach_season,2018,Vance Joseph,DEN,two_point_wrong,0.0
coach_season,2018,Vance Joseph,DEN,went,25.0
coach_season,2018,Vance Joseph,DEN,wp_lost,0.572852
coach_season,2018,Vance Joseph,DEN,wp_lost_per_game,0.035803
coach_season,2019,Adam Gase,NYJ,aggressiveness,0.470588
coach_season,2019,Adam Gase,NYJ,fourth_graded,43.0
coach_season,2019,Adam Gase,NYJ,fourth_toss_ups,87.0
coach_season,2019,Adam Gase,NYJ,fourth_wp_lost,0.191015
coach_season,2019,Adam Gase,NYJ,fourth_wrong,9.0
coach_season,2019,Adam Gase,NYJ,games,16.0
coach_season,2019,Adam Gase,NYJ,go_clear,17.0
coach_season,2019,Adam Gase,NYJ,go_clear_went,8.0
coach_season,2019,Adam Gase,NYJ,two_point_graded,0.0
coach_season,2019,Adam Gase,NYJ,two_point_toss_ups,31.0
coach_season,2019,Adam Gase,NYJ,two_point_wp_lost,0.0
coach_season,2019,Adam Gase,NYJ,two_point_wrong,0.0
coach_season,2019,Adam Gase,NYJ,went,19.0
coach_season,2019,Adam Gase,NYJ,wp_lost,0.191015
coach_season,2019,Adam Gase,NYJ,wp_lost_per_game,0.011938
coach_season,2019,Andy Reid,KC,aggressiveness,0.454545
coach_season,2019,Andy Reid,KC,fourth_graded,38.0
coach_season,2019,Andy Reid,KC,fourth_toss_ups,65.0
coach_season,2019,Andy Reid,KC,fourth_wp_lost,0.292468
coach_season,2019,Andy Reid,KC,fourth_wrong,12.0
coach_season,2019,Andy Reid,KC,games,19.0
coach_season,2019,Andy Reid,KC,go_clear,22.0
coach_season,2019,Andy Reid,KC,go_clear_went,10.0
coach_season,2019,Andy Reid,KC,two_point_graded,0.0
coach_season,2019,Andy Reid,KC,two_point_toss_ups,66.0
coach_season,2019,Andy Reid,KC,two_point_wp_lost,0.0
coach_season,2019,Andy Reid,KC,two_point_wrong,0.0
coach_season,2019,Andy Reid,KC,went,11.0
coach_season,2019,Andy Reid,KC,wp_lost,0.292468
coach_season,2019,Andy Reid,KC,wp_lost_per_game,0.015393
coach_season,2019,Anthony Lynn,LAC,aggressiveness,0.413793
coach_season,2019,Anthony Lynn,LAC,fourth_graded,48.0
coach_season,2019,Anthony Lynn,LAC,fourth_toss_ups,46.0
coach_season,2019,Anthony Lynn,LAC,fourth_wp_lost,0.575221
coach_season,2019,Anthony Lynn,LAC,fourth_wrong,17.0
coach_season,2019,Anthony Lynn,LAC,games,16.0
coach_season,2019,Anthony Lynn,LAC,go_clear,29.0
coach_season,2019,Anthony Lynn,LAC,go_clear_went,12.0
coach_season,2019,Anthony Lynn,LAC,two_point_graded,0.0
coach_season,2019,Anthony Lynn,LAC,two_point_toss_ups,36.0
coach_season,2019,Anthony Lynn,LAC,two_point_wp_lost,0.0
coach_season,2019,Anthony Lynn,LAC,two_point_wrong,0.0
coach_season,2019,Anthony Lynn,LAC,went,17.0
coach_season,2019,Anthony Lynn,LAC,wp_lost,0.575221
coach_season,2019,Anthony Lynn,LAC,wp_lost_per_game,0.035951
coach_season,2019,Bill Belichick,NE,aggressiveness,0.315789
coach_season,2019,Bill Belichick,NE,fourth_graded,38.0
coach_season,2019,Bill Belichick,NE,fourth_toss_ups,95.0
coach_season,2019,Bill Belichick,NE,fourth_wp_lost,0.339773
coach_season,2019,Bill Belichick,NE,fourth_wrong,13.0
coach_season,2019,Bill Belichick,NE,games,17.0
coach_season,2019,Bill Belichick,NE,go_clear,19.0
coach_season,2019,Bill Belichick,NE,go_clear_went,6.0
coach_season,2019,Bill Belichick,NE,two_point_graded,0.0
coach_season,2019,Bill Belichick,NE,two_point_toss_ups,50.0
coach_season,2019,Bill Belichick,NE,two_point_wp_lost,0.0
coach_season,2019,Bill Belichick,NE,two_point_wrong,0.0
coach_season,2019,Bill Belichick,NE,went,14.0
coach_season,2019,Bill Belichick,NE,wp_lost,0.339773
coach_season,2019,Bill Belichick,NE,wp_lost_per_game,0.019987
coach_season,2019,Bill Callahan,WAS,aggressiveness,0.1
coach_season,2019,Bill Callahan,WAS,fourth_graded,21.0
coach_season,2019,Bill Callahan,WAS,fourth_toss_ups,61.0
coach_season,2019,Bill Callahan,WAS,fourth_wp_lost,0.25585
coach_season,2019,Bill Callahan,WAS,fourth_wrong,9.0
coach_season,2019,Bill Callahan,WAS,games,11.0
coach_season,2019,Bill Callahan,WAS,go_clear,10.0
coach_season,2019,Bill Callahan,WAS,go_clear_went,1.0
coach_season,2019,Bill Callahan,WAS,two_point_graded,1.0
coach_season,2019,Bill Callahan,WAS,two_point_toss_ups,18.0
coach_season,2019,Bill Callahan,WAS,two_point_wp_lost,0.0
coach_season,2019,Bill Callahan,WAS,two_point_wrong,0.0
coach_season,2019,Bill Callahan,WAS,went,6.0
coach_season,2019,Bill Callahan,WAS,wp_lost,0.25585
coach_season,2019,Bill Callahan,WAS,wp_lost_per_game,0.023259
coach_season,2019,Bill O'Brien,HOU,aggressiveness,0.423077
coach_season,2019,Bill O'Brien,HOU,fourth_graded,54.0
coach_season,2019,Bill O'Brien,HOU,fourth_toss_ups,66.0
coach_season,2019,Bill O'Brien,HOU,fourth_wp_lost,0.397177
coach_season,2019,Bill O'Brien,HOU,fourth_wrong,16.0
coach_season,2019,Bill O'Brien,HOU,games,18.0
coach_season,2019,Bill O'Brien,HOU,go_clear,26.0
coach_season,2019,Bill O'Brien,HOU,go_clear_went,11.0
coach_season,2019,Bill O'Brien,HOU,two_point_graded,3.0
coach_season,2019,Bill O'Brien,HOU,two_point_toss_ups,49.0
coach_season,2019,Bill O'Brien,HOU,two_point_wp_lost,0.0
coach_season,2019,Bill O'Brien,HOU,two_point_wrong,0.0
coach_season,2019,Bill O'Brien,HOU,went,30.0
coach_season,2019,Bill O'Brien,HOU,wp_lost,0.397177
coach_season,2019,Bill O'Brien,HOU,wp_lost_per_game,0.022065
coach_season,2019,Brian Flores,MIA,aggressiveness,0.466667
coach_season,2019,Brian Flores,MIA,fourth_graded,39.0
coach_season,2019,Brian Flores,MIA,fourth_toss_ups,85.0
coach_season,2019,Brian Flores,MIA,fourth_wp_lost,0.270116
coach_season,2019,Brian Flores,MIA,fourth_wrong,8.0
coach_season,2019,Brian Flores,MIA,games,16.0
coach_season,2019,Brian Flores,MIA,go_clear,15.0
coach_season,2019,Brian Flores,MIA,go_clear_went,7.0
coach_season,2019,Brian Flores,MIA,two_point_graded,1.0
coach_season,2019,Brian Flores,MIA,two_point_toss_ups,33.0
coach_season,2019,Brian Flores,MIA,two_point_wp_lost,0.052768
coach_season,2019,Brian Flores,MIA,two_point_wrong,1.0
coach_season,2019,Brian Flores,MIA,went,28.0
coach_season,2019,Brian Flores,MIA,wp_lost,0.322884
coach_season,2019,Brian Flores,MIA,wp_lost_per_game,0.02018
coach_season,2019,Bruce Arians,TB,aggressiveness,0.357143
coach_season,2019,Bruce Arians,TB,fourth_graded,49.0
coach_season,2019,Bruce Arians,TB,fourth_toss_ups,56.0
coach_season,2019,Bruce Arians,TB,fourth_wp_lost,0.404958
coach_season,2019,Bruce Arians,TB,fourth_wrong,18.0
coach_season,2019,Bruce Arians,TB,games,16.0
coach_season,2019,Bruce Arians,TB,go_clear,28.0
coach_season,2019,Bruce Arians,TB,go_clear_went,10.0
coach_season,2019,Bruce Arians,TB,two_point_graded,1.0
coach_season,2019,Bruce Arians,TB,two_point_toss_ups,53.0
coach_season,2019,Bruce Arians,TB,two_point_wp_lost,0.0
coach_season,2019,Bruce Arians,TB,two_point_wrong,0.0
coach_season,2019,Bruce Arians,TB,went,17.0
coach_season,2019,Bruce Arians,TB,wp_lost,0.404958
coach_season,2019,Bruce Arians,TB,wp_lost_per_game,0.02531
coach_season,2019,Dan Quinn,ATL,aggressiveness,0.52381
coach_season,2019,Dan Quinn,ATL,fourth_graded,41.0
coach_season,2019,Dan Quinn,ATL,fourth_toss_ups,68.0
coach_season,2019,Dan Quinn,ATL,fourth_wp_lost,0.206855
coach_season,2019,Dan Quinn,ATL,fourth_wrong,10.0
coach_season,2019,Dan Quinn,ATL,games,16.0
coach_season,2019,Dan Quinn,ATL,go_clear,21.0
coach_season,2019,Dan Quinn,ATL,go_clear_went,11.0
coach_season,2019,Dan Quinn,ATL,two_point_graded,2.0
coach_season,2019,Dan Quinn,ATL,two_point_toss_ups,38.0
coach_season,2019,Dan Quinn,ATL,two_point_wp_lost,0.028506
coach_season,2019,Dan Quinn,ATL,two_point_wrong,1.0
coach_season,2019,Dan Quinn,ATL,went,21.0
coach_season,2019,Dan Quinn,ATL,wp_lost,0.235361
coach_season,2019,Dan Quinn,ATL,wp_lost_per_game,0.01471
coach_season,2019,Doug Marrone,JAX,aggressiveness,0.428571
coach_season,2019,Doug Marrone,JAX,fourth_graded,44.0
coach_season,2019,Doug Marrone,JAX,fourth_toss_ups,86.0
coach_season,2019,Doug Marrone,JAX,fourth_wp_lost,0.341986
coach_season,2019,Doug Marrone,JAX,fourth_wrong,13.0
coach_season,2019,Doug Marrone,JAX,games,16.0
coach_season,2019,Doug Marrone,JAX,go_clear,21.0
coach_season,2019,Doug Marrone,JAX,go_clear_went,9.0
coach_season,2019,Doug Marrone,JAX,two_point_graded,1.0
coach_season,2019,Doug Marrone,JAX,two_point_toss_ups,28.0
coach_season,2019,Doug Marrone,JAX,two_point_wp_lost,0.060334
coach_season,2019,Doug Marrone,JAX,two_point_wrong,1.0
coach_season,2019,Doug Marrone,JAX,went,24.0
coach_season,2019,Doug Marrone,JAX,wp_lost,0.402321
coach_season,2019,Doug Marrone,JAX,wp_lost_per_game,0.025145
coach_season,2019,Doug Pederson,PHI,aggressiveness,0.517241
coach_season,2019,Doug Pederson,PHI,fourth_graded,50.0
coach_season,2019,Doug Pederson,PHI,fourth_toss_ups,76.0
coach_season,2019,Doug Pederson,PHI,fourth_wp_lost,0.323974
coach_season,2019,Doug Pederson,PHI,fourth_wrong,15.0
coach_season,2019,Doug Pederson,PHI,games,17.0
coach_season,2019,Doug Pederson,PHI,go_clear,29.0
coach_season,2019,Doug Pederson,PHI,go_clear_went,15.0
coach_season,2019,Doug Pederson,PHI,two_point_graded,1.0
coach_season,2019,Doug Pederson,PHI,two_point_toss_ups,41.0
coach_season,2019,Doug Pederson,PHI,two_point_wp_lost,0.0
coach_season,2019,Doug Pederson,PHI,two_point_wrong,0.0
coach_season,2019,Doug Pederson,PHI,went,25.0
coach_season,2019,Doug Pederson,PHI,wp_lost,0.323974
coach_season,2019,Doug Pederson,PHI,wp_lost_per_game,0.019057
coach_season,2019,Frank Reich,IND,aggressiveness,0.5
coach_season,2019,Frank Reich,IND,fourth_graded,60.0
coach_season,2019,Frank Reich,IND,fourth_toss_ups,50.0
coach_season,2019,Frank Reich,IND,fourth_wp_lost,0.387342
coach_season,2019,Frank Reich,IND,fourth_wrong,16.0
coach_season,2019,Frank Reich,IND,games,16.0
coach_season,2019,Frank Reich,IND,go_clear,30.0
coach_season,2019,Frank Reich,IND,go_clear_went,15.0
coach_season,2019,Frank Reich,IND,two_point_graded,2.0
coach_season,2019,Frank Reich,IND,two_point_toss_ups,40.0
coach_season,2019,Frank Reich,IND,two_point_wp_lost,0.0
coach_season,2019,Frank Reich,IND,two_point_wrong,0.0
coach_season,2019,Frank Reich,IND,went,24.0
coach_season,2019,Frank Reich,IND,wp_lost,0.387342
coach_season,2019,Frank Reich,IND,wp_lost_per_game,0.024209
coach_season,2019,Freddie Kitchens,CLE,aggressiveness,0.47619
coach_season,2019,Freddie Kitchens,CLE,fourth_graded,40.0
coach_season,2019,Freddie Kitchens,CLE,fourth_toss_ups,68.0
coach_season,2019,Freddie Kitchens,CLE,fourth_wp_lost,0.315746
coach_season,2019,Freddie Kitchens,CLE,fourth_wrong,13.0
coach_season,2019,Freddie Kitchens,CLE,games,16.0
coach_season,2019,Freddie Kitchens,CLE,go_clear,21.0
coach_season,2019,Freddie Kitchens,CLE,go_clear_went,10.0
coach_season,2019,Freddie Kitchens,CLE,two_point_graded,0.0
coach_season,2019,Freddie Kitchens,CLE,two_point_toss_ups,37.0
coach_season,2019,Freddie Kitchens,CLE,two_point_wp_lost,0.0
coach_season,2019,Freddie Kitchens,CLE,two_point_wrong,0.0
coach_season,2019,Freddie Kitchens,CLE,went,16.0
coach_season,2019,Freddie Kitchens,CLE,wp_lost,0.315746
coach_season,2019,Freddie Kitchens,CLE,wp_lost_per_game,0.019734
coach_season,2019,Jason Garrett,DAL,aggressiveness,0.333333
coach_season,2019,Jason Garrett,DAL,fourth_graded,36.0
coach_season,2019,Jason Garrett,DAL,fourth_toss_ups,64.0
coach_season,2019,Jason Garrett,DAL,fourth_wp_lost,0.444515
coach_season,2019,Jason Garrett,DAL,fourth_wrong,18.0
coach_season,2019,Jason Garrett,DAL,games,16.0
coach_season,2019,Jason Garrett,DAL,go_clear,27.0
coach_season,2019,Jason Garrett,DAL,go_clear_went,9.0
coach_season,2019,Jason Garrett,DAL,two_point_graded,2.0
coach_season,2019,Jason Garrett,DAL,two_point_toss_ups,47.0
coach_season,2019,Jason Garrett,DAL,two_point_wp_lost,0.0
coach_season,2019,Jason Garrett,DAL,two_point_wrong,0.0
coach_season,2019,Jason Garrett,DAL,went,15.0
coach_season,2019,Jason Garrett,DAL,wp_lost,0.444515
coach_season,2019,Jason Garrett,DAL,wp_lost_per_game,0.027782
coach_season,2019,Jay Gruden,WAS,aggressiveness,0.4
coach_season,2019,Jay Gruden,WAS,fourth_graded,10.0
coach_season,2019,Jay Gruden,WAS,fourth_toss_ups,27.0
coach_season,2019,Jay Gruden,WAS,fourth_wp_lost,0.062481
coach_season,2019,Jay Gruden,WAS,fourth_wrong,3.0
coach_season,2019,Jay Gruden,WAS,games,5.0
coach_season,2019,Jay Gruden,WAS,go_clear,5.0
coach_season,2019,Jay Gruden,WAS,go_clear_went,2.0
coach_season,2019,Jay Gruden,WAS,two_point_graded,0.0
coach_season,2019,Jay Gruden,WAS,two_point_toss_ups,9.0
coach_season,2019,Jay Gruden,WAS,two_point_wp_lost,0.0
coach_season,2019,Jay Gruden,WAS,two_point_wrong,0.0
coach_season,2019,Jay Gruden,WAS,went,8.0
coach_season,2019,Jay Gruden,WAS,wp_lost,0.062481
coach_season,2019,Jay Gruden,WAS,wp_lost_per_game,0.012496
coach_season,2019,John Harbaugh,BAL,aggressiveness,0.625
coach_season,2019,John Harbaugh,BAL,fourth_graded,37.0
coach_season,2019,John Harbaugh,BAL,fourth_toss_ups,61.0
coach_season,2019,John Harbaugh,BAL,fourth_wp_lost,0.196992
coach_season,2019,John Harbaugh,BAL,fourth_wrong,9.0
coach_season,2019,John Harbaugh,BAL,games,17.0
coach_season,2019,John Harbaugh,BAL,go_clear,24.0
coach_season,2019,John Harbaugh,BAL,go_clear_went,15.0
coach_season,2019,John Harbaugh,BAL,two_point_graded,0.0
coach_season,2019,John Harbaugh,BAL,two_point_toss_ups,65.0
coach_season,2019,John Harbaugh,BAL,two_point_wp_lost,0.0
coach_season,2019,John Harbaugh,BAL,two_point_wrong,0.0
coach_season,2019,John Harbaugh,BAL,went,27.0
coach_season,2019,John Harbaugh,BAL,wp_lost,0.196992
coach_season,2019,John Harbaugh,BAL,wp_lost_per_game,0.011588
coach_season,2019,Jon Gruden,LV,aggressiveness,0.346154
coach_season,2019,Jon Gruden,LV,fourth_graded,43.0
coach_season,2019,Jon Gruden,LV,fourth_toss_ups,68.0
coach_season,2019,Jon Gruden,LV,fourth_wp_lost,0.516059
coach_season,2019,Jon Gruden,LV,fourth_wrong,17.0
coach_season,2019,Jon Gruden,LV,games,16.0
coach_season,2019,Jon Gruden,LV,go_clear,26.0
coach_season,2019,Jon Gruden,LV,go_clear_went,9.0
coach_season,2019,Jon Gruden,LV,two_point_graded,1.0
coach_season,2019,Jon Gruden,LV,two_point_toss_ups,36.0
coach_season,2019,Jon Gruden,LV,two_point_wp_lost,0.053933
coach_season,2019,Jon Gruden,LV,two_point_wrong,1.0
coach_season,2019,Jon Gruden,LV,went,19.0
coach_season,2019,Jon Gruden,LV,wp_lost,0.569991
coach_season,2019,Jon Gruden,LV,wp_lost_per_game,0.035624
coach_season,2019,Kliff Kingsbury,ARI,aggressiveness,0.407407
coach_season,2019,Kliff Kingsbury,ARI,fourth_graded,54.0
coach_season,2019,Kliff Kingsbury,ARI,fourth_toss_ups,67.0
coach_season,2019,Kliff Kingsbury,ARI,fourth_wp_lost,0.414513
coach_season,2019,Kliff Kingsbury,ARI,fourth_wrong,17.0
coach_season,2019,Kliff Kingsbury,ARI,games,16.0
coach_season,2019,Kliff Kingsbury,ARI,go_clear,27.0
coach_season,2019,Kliff Kingsbury,ARI,go_clear_went,11.0
coach_season,2019,Kliff Kingsbury,ARI,two_point_graded,2.0
coach_season,2019,Kliff Kingsbury,ARI,two_point_toss_ups,36.0
coach_season,2019,Kliff Kingsbury,ARI,two_point_wp_lost,0.0
coach_season,2019,Kliff Kingsbury,ARI,two_point_wrong,0.0
coach_season,2019,Kliff Kingsbury,ARI,went,20.0
coach_season,2019,Kliff Kingsbury,ARI,wp_lost,0.414513
coach_season,2019,Kliff Kingsbury,ARI,wp_lost_per_game,0.025907
coach_season,2019,Kyle Shanahan,SF,aggressiveness,0.5
coach_season,2019,Kyle Shanahan,SF,fourth_graded,40.0
coach_season,2019,Kyle Shanahan,SF,fourth_toss_ups,71.0
coach_season,2019,Kyle Shanahan,SF,fourth_wp_lost,0.280479
coach_season,2019,Kyle Shanahan,SF,fourth_wrong,10.0
coach_season,2019,Kyle Shanahan,SF,games,19.0
coach_season,2019,Kyle Shanahan,SF,go_clear,18.0
coach_season,2019,Kyle Shanahan,SF,go_clear_went,9.0
coach_season,2019,Kyle Shanahan,SF,two_point_graded,0.0
coach_season,2019,Kyle Shanahan,SF,two_point_toss_ups,64.0
coach_season,2019,Kyle Shanahan,SF,two_point_wp_lost,0.0
coach_season,2019,Kyle Shanahan,SF,two_point_wrong,0.0
coach_season,2019,Kyle Shanahan,SF,went,13.0
coach_season,2019,Kyle Shanahan,SF,wp_lost,0.280479
coach_season,2019,Kyle Shanahan,SF,wp_lost_per_game,0.014762
coach_season,2019,Matt LaFleur,GB,aggressiveness,0.272727
coach_season,2019,Matt LaFleur,GB,fourth_graded,56.0
coach_season,2019,Matt LaFleur,GB,fourth_toss_ups,65.0
coach_season,2019,Matt LaFleur,GB,fourth_wp_lost,0.326804
coach_season,2019,Matt LaFleur,GB,fourth_wrong,16.0
coach_season,2019,Matt LaFleur,GB,games,18.0
coach_season,2019,Matt LaFleur,GB,go_clear,22.0
coach_season,2019,Matt LaFleur,GB,go_clear_went,6.0
coach_season,2019,Matt LaFleur,GB,two_point_graded,0.0
coach_season,2019,Matt LaFleur,GB,two_point_toss_ups,51.0
coach_season,2019,Matt LaFleur,GB,two_point_wp_lost,0.0
coach_season,2019,Matt LaFleur,GB,two_point_wrong,0.0
coach_season,2019,Matt LaFleur,GB,went,15.0
coach_season,2019,Matt LaFleur,GB,wp_lost,0.326804
coach_season,2019,Matt LaFleur,GB,wp_lost_per_game,0.018156
coach_season,2019,Matt Nagy,CHI,aggressiveness,0.315789
coach_season,2019,Matt Nagy,CHI,fourth_graded,47.0
coach_season,2019,Matt Nagy,CHI,fourth_toss_ups,78.0
coach_season,2019,Matt Nagy,CHI,fourth_wp_lost,0.335341
coach_season,2019,Matt Nagy,CHI,fourth_wrong,14.0
coach_season,2019,Matt Nagy,CHI,games,16.0
coach_season,2019,Matt Nagy,CHI,go_clear,19.0
coach_season,2019,Matt Nagy,CHI,go_clear_went,6.0
coach_season,2019,Matt Nagy,CHI,two_point_graded,0.0
coach_season,2019,Matt Nagy,CHI,two_point_toss_ups,30.0
coach_season,2019,Matt Nagy,CHI,two_point_wp_lost,0.0
coach_season,2019,Matt Nagy,CHI,two_point_wrong,0.0
coach_season,2019,Matt Nagy,CHI,went,20.0
coach_season,2019,Matt Nagy,CHI,wp_lost,0.335341
coach_season,2019,Matt Nagy,CHI,wp_lost_per_game,0.020959
coach_season,2019,Matt Patricia,DET,aggressiveness,0.25
coach_season,2019,Matt Patricia,DET,fourth_graded,48.0
coach_season,2019,Matt Patricia,DET,fourth_toss_ups,67.0
coach_season,2019,Matt Patricia,DET,fourth_wp_lost,0.480048
coach_season,2019,Matt Patricia,DET,fourth_wrong,18.0
coach_season,2019,Matt Patricia,DET,games,16.0
coach_season,2019,Matt Patricia,DET,go_clear,24.0
coach_season,2019,Matt Patricia,DET,go_clear_went,6.0
coach_season,2019,Matt Patricia,DET,two_point_graded,0.0
coach_season,2019,Matt Patricia,DET,two_point_toss_ups,38.0
coach_season,2019,Matt Patricia,DET,two_point_wp_lost,0.0
coach_season,2019,Matt Patricia,DET,two_point_wrong,0.0
coach_season,2019,Matt Patricia,DET,went,10.0
coach_season,2019,Matt Patricia,DET,wp_lost,0.480048
coach_season,2019,Matt Patricia,DET,wp_lost_per_game,0.030003
coach_season,2019,Mike Tomlin,PIT,aggressiveness,0.32
coach_season,2019,Mike Tomlin,PIT,fourth_graded,50.0
coach_season,2019,Mike Tomlin,PIT,fourth_toss_ups,64.0
coach_season,2019,Mike Tomlin,PIT,fourth_wp_lost,0.41968
coach_season,2019,Mike Tomlin,PIT,fourth_wrong,18.0
coach_season,2019,Mike Tomlin,PIT,games,16.0
coach_season,2019,Mike Tomlin,PIT,go_clear,25.0
coach_season,2019,Mike Tomlin,PIT,go_clear_went,8.0
coach_season,2019,Mike Tomlin,PIT,two_point_graded,1.0
coach_season,2019,Mike Tomlin,PIT,two_point_toss_ups,28.0
coach_season,2019,Mike Tomlin,PIT,two_point_wp_lost,0.031852
coach_season,2019,Mike Tomlin,PIT,two_point_wrong,1.0
coach_season,2019,Mike Tomlin,PIT,went,12.0
coach_season,2019,Mike Tomlin,PIT,wp_lost,0.451532
coach_season,2019,Mike Tomlin,PIT,wp_lost_per_game,0.028221
coach_season,2019,Mike Vrabel,TEN,aggressiveness,0.227273
coach_season,2019,Mike Vrabel,TEN,fourth_graded,53.0
coach_season,2019,Mike Vrabel,TEN,fourth_toss_ups,74.0
coach_season,2019,Mike Vrabel,TEN,fourth_wp_lost,0.667748
coach_season,2019,Mike Vrabel,TEN,fourth_wrong,18.0
coach_season,2019,Mike Vrabel,TEN,games,19.0
coach_season,2019,Mike Vrabel,TEN,go_clear,22.0
coach_season,2019,Mike Vrabel,TEN,go_clear_went,5.0
coach_season,2019,Mike Vrabel,TEN,two_point_graded,1.0
coach_season,2019,Mike Vrabel,TEN,two_point_toss_ups,63.0
coach_season,2019,Mike Vrabel,TEN,two_point_wp_lost,0.0
coach_season,2019,Mike Vrabel,TEN,two_point_wrong,0.0
coach_season,2019,Mike Vrabel,TEN,went,17.0
coach_season,2019,Mike Vrabel,TEN,wp_lost,0.667748
coach_season,2019,Mike Vrabel,TEN,wp_lost_per_game,0.035145
coach_season,2019,Mike Zimmer,MIN,aggressiveness,0.3125
coach_season,2019,Mike Zimmer,MIN,fourth_graded,39.0
coach_season,2019,Mike Zimmer,MIN,fourth_toss_ups,79.0
coach_season,2019,Mike Zimmer,MIN,fourth_wp_lost,0.325468
coach_season,2019,Mike Zimmer,MIN,fourth_wrong,12.0
coach_season,2019,Mike Zimmer,MIN,games,18.0
coach_season,2019,Mike Zimmer,MIN,go_clear,16.0
coach_season,2019,Mike Zimmer,MIN,go_clear_went,5.0
coach_season,2019,Mike Zimmer,MIN,two_point_graded,0.0
coach_season,2019,Mike Zimmer,MIN,two_point_toss_ups,50.0
coach_season,2019,Mike Zimmer,MIN,two_point_wp_lost,0.0
coach_season,2019,Mike Zimmer,MIN,two_point_wrong,0.0
coach_season,2019,Mike Zimmer,MIN,went,17.0
coach_season,2019,Mike Zimmer,MIN,wp_lost,0.325468
coach_season,2019,Mike Zimmer,MIN,wp_lost_per_game,0.018082
coach_season,2019,Pat Shurmur,NYG,aggressiveness,0.52
coach_season,2019,Pat Shurmur,NYG,fourth_graded,46.0
coach_season,2019,Pat Shurmur,NYG,fourth_toss_ups,70.0
coach_season,2019,Pat Shurmur,NYG,fourth_wp_lost,0.338264
coach_season,2019,Pat Shurmur,NYG,fourth_wrong,13.0
coach_season,2019,Pat Shurmur,NYG,games,16.0
coach_season,2019,Pat Shurmur,NYG,go_clear,25.0
coach_season,2019,Pat Shurmur,NYG,go_clear_went,13.0
coach_season,2019,Pat Shurmur,NYG,two_point_graded,2.0
coach_season,2019,Pat Shurmur,NYG,two_point_toss_ups,41.0
coach_season,2019,Pat Shurmur,NYG,two_point_wp_lost,0.023707
coach_season,2019,Pat Shurmur,NYG,two_point_wrong,1.0
coach_season,2019,Pat Shurmur,NYG,went,30.0
coach_season,2019,Pat Shurmur,NYG,wp_lost,0.36197
coach_season,2019,Pat Shurmur,NYG,wp_lost_per_game,0.022623
coach_season,2019,Pete Carroll,SEA,aggressiveness,0.307692
coach_season,2019,Pete Carroll,SEA,fourth_graded,56.0
coach_season,2019,Pete Carroll,SEA,fourth_toss_ups,68.0
coach_season,2019,Pete Carroll,SEA,fourth_wp_lost,0.526963
coach_season,2019,Pete Carroll,SEA,fourth_wrong,18.0
coach_season,2019,Pete Carroll,SEA,games,18.0
coach_season,2019,Pete Carroll,SEA,go_clear,26.0
coach_season,2019,Pete Carroll,SEA,go_clear_went,8.0
coach_season,2019,Pete Carroll,SEA,two_point_graded,2.0
coach_season,2019,Pete Carroll,SEA,two_point_toss_ups,50.0
coach_season,2019,Pete Carroll,SEA,two_point_wp_lost,0.023166
coach_season,2019,Pete Carroll,SEA,two_point_wrong,1.0
coach_season,2019,Pete Carroll,SEA,went,15.0
coach_season,2019,Pete Carroll,SEA,wp_lost,0.550129
coach_season,2019,Pete Carroll,SEA,wp_lost_per_game,0.030563
coach_season,2019,Ron Rivera,CAR,aggressiveness,0.47619
coach_season,2019,Ron Rivera,CAR,fourth_graded,42.0
coach_season,2019,Ron Rivera,CAR,fourth_toss_ups,86.0
coach_season,2019,Ron Rivera,CAR,fourth_wp_lost,0.273298
coach_season,2019,Ron Rivera,CAR,fourth_wrong,11.0
coach_season,2019,Ron Rivera,CAR,games,16.0
coach_season,2019,Ron Rivera,CAR,go_clear,21.0
coach_season,2019,Ron Rivera,CAR,go_clear_went,10.0
coach_season,2019,Ron Rivera,CAR,two_point_graded,2.0
coach_season,2019,Ron Rivera,CAR,two_point_toss_ups,36.0
coach_season,2019,Ron Rivera,CAR,two_point_wp_lost,0.0
coach_season,2019,Ron Rivera,CAR,two_point_wrong,0.0
coach_season,2019,Ron Rivera,CAR,went,24.0
coach_season,2019,Ron Rivera,CAR,wp_lost,0.273298
coach_season,2019,Ron Rivera,CAR,wp_lost_per_game,0.017081
coach_season,2019,Sean McDermott,BUF,aggressiveness,0.434783
coach_season,2019,Sean McDermott,BUF,fourth_graded,50.0
coach_season,2019,Sean McDermott,BUF,fourth_toss_ups,78.0
coach_season,2019,Sean McDermott,BUF,fourth_wp_lost,0.406976
coach_season,2019,Sean McDermott,BUF,fourth_wrong,14.0
coach_season,2019,Sean McDermott,BUF,games,17.0
coach_season,2019,Sean McDermott,BUF,go_clear,23.0
coach_season,2019,Sean McDermott,BUF,go_clear_went,10.0
coach_season,2019,Sean McDermott,BUF,two_point_graded,1.0
coach_season,2019,Sean McDermott,BUF,two_point_toss_ups,35.0
coach_season,2019,Sean McDermott,BUF,two_point_wp_lost,0.0
coach_season,2019,Sean McDermott,BUF,two_point_wrong,0.0
coach_season,2019,Sean McDermott,BUF,went,17.0
coach_season,2019,Sean McDermott,BUF,wp_lost,0.406976
coach_season,2019,Sean McDermott,BUF,wp_lost_per_game,0.02394
coach_season,2019,Sean McVay,LA,aggressiveness,0.375
coach_season,2019,Sean McVay,LA,fourth_graded,36.0
coach_season,2019,Sean McVay,LA,fourth_toss_ups,72.0
coach_season,2019,Sean McVay,LA,fourth_wp_lost,0.25472
coach_season,2019,Sean McVay,LA,fourth_wrong,10.0
coach_season,2019,Sean McVay,LA,games,16.0
coach_season,2019,Sean McVay,LA,go_clear,16.0
coach_season,2019,Sean McVay,LA,go_clear_went,6.0
coach_season,2019,Sean McVay,LA,two_point_graded,0.0
coach_season,2019,Sean McVay,LA,two_point_toss_ups,46.0
coach_season,2019,Sean McVay,LA,two_point_wp_lost,0.0
coach_season,2019,Sean McVay,LA,two_point_wrong,0.0
coach_season,2019,Sean McVay,LA,went,13.0
coach_season,2019,Sean McVay,LA,wp_lost,0.25472
coach_season,2019,Sean McVay,LA,wp_lost_per_game,0.01592
coach_season,2019,Sean Payton,NO,aggressiveness,0.315789
coach_season,2019,Sean Payton,NO,fourth_graded,46.0
coach_season,2019,Sean Payton,NO,fourth_toss_ups,62.0
coach_season,2019,Sean Payton,NO,fourth_wp_lost,0.417922
coach_season,2019,Sean Payton,NO,fourth_wrong,14.0
coach_season,2019,Sean Payton,NO,games,17.0
coach_season,2019,Sean Payton,NO,go_clear,19.0
coach_season,2019,Sean Payton,NO,go_clear_went,6.0
coach_season,2019,Sean Payton,NO,two_point_graded,1.0
coach_season,2019,Sean Payton,NO,two_point_toss_ups,53.0
coach_season,2019,Sean Payton,NO,two_point_wp_lost,0.04113
coach_season,2019,Sean Payton,NO,two_point_wrong,1.0
coach_season,2019,Sean Payton,NO,went,12.0
coach_season,2019,Sean Payton,NO,wp_lost,0.459052
coach_season,2019,Sean Payton,NO,wp_lost_per_game,0.027003
coach_season,2019,Vic Fangio,DEN,aggressiveness,0.357143
coach_season,2019,Vic Fangio,DEN,fourth_graded,52.0
coach_season,2019,Vic Fangio,DEN,fourth_toss_ups,74.0
coach_season,2019,Vic Fangio,DEN,fourth_wp_lost,0.484272
coach_season,2019,Vic Fangio,DEN,fourth_wrong,18.0
coach_season,2019,Vic Fangio,DEN,games,16.0
coach_season,2019,Vic Fangio,DEN,go_clear,28.0
coach_season,2019,Vic Fangio,DEN,go_clear_went,10.0
coach_season,2019,Vic Fangio,DEN,two_point_graded,1.0
coach_season,2019,Vic Fangio,DEN,two_point_toss_ups,27.0
coach_season,2019,Vic Fangio,DEN,two_point_wp_lost,0.10632
coach_season,2019,Vic Fangio,DEN,two_point_wrong,1.0
coach_season,2019,Vic Fangio,DEN,went,16.0
coach_season,2019,Vic Fangio,DEN,wp_lost,0.590593
coach_season,2019,Vic Fangio,DEN,wp_lost_per_game,0.036912
coach_season,2019,Zac Taylor,CIN,aggressiveness,0.230769
coach_season,2019,Zac Taylor,CIN,fourth_graded,44.0
coach_season,2019,Zac Taylor,CIN,fourth_toss_ups,84.0
coach_season,2019,Zac Taylor,CIN,fourth_wp_lost,0.509219
coach_season,2019,Zac Taylor,CIN,fourth_wrong,20.0
coach_season,2019,Zac Taylor,CIN,games,16.0
coach_season,2019,Zac Taylor,CIN,go_clear,26.0
coach_season,2019,Zac Taylor,CIN,go_clear_went,6.0
coach_season,2019,Zac Taylor,CIN,two_point_graded,1.0
coach_season,2019,Zac Taylor,CIN,two_point_toss_ups,27.0
coach_season,2019,Zac Taylor,CIN,two_point_wp_lost,0.0
coach_season,2019,Zac Taylor,CIN,two_point_wrong,0.0
coach_season,2019,Zac Taylor,CIN,went,25.0
coach_season,2019,Zac Taylor,CIN,wp_lost,0.509219
coach_season,2019,Zac Taylor,CIN,wp_lost_per_game,0.031826
coach_season,2020,Adam Gase,NYJ,aggressiveness,0.466667
coach_season,2020,Adam Gase,NYJ,fourth_graded,37.0
coach_season,2020,Adam Gase,NYJ,fourth_toss_ups,86.0
coach_season,2020,Adam Gase,NYJ,fourth_wp_lost,0.242538
coach_season,2020,Adam Gase,NYJ,fourth_wrong,9.0
coach_season,2020,Adam Gase,NYJ,games,16.0
coach_season,2020,Adam Gase,NYJ,go_clear,15.0
coach_season,2020,Adam Gase,NYJ,go_clear_went,7.0
coach_season,2020,Adam Gase,NYJ,two_point_graded,2.0
coach_season,2020,Adam Gase,NYJ,two_point_toss_ups,24.0
coach_season,2020,Adam Gase,NYJ,two_point_wp_lost,0.0
coach_season,2020,Adam Gase,NYJ,two_point_wrong,0.0
coach_season,2020,Adam Gase,NYJ,went,17.0
coach_season,2020,Adam Gase,NYJ,wp_lost,0.242538
coach_season,2020,Adam Gase,NYJ,wp_lost_per_game,0.015159
coach_season,2020,Andy Reid,KC,aggressiveness,0.6
coach_season,2020,Andy Reid,KC,fourth_graded,45.0
coach_season,2020,Andy Reid,KC,fourth_toss_ups,63.0
coach_season,2020,Andy Reid,KC,fourth_wp_lost,0.176612
coach_season,2020,Andy Reid,KC,fourth_wrong,8.0
coach_season,2020,Andy Reid,KC,games,19.0
coach_season,2020,Andy Reid,KC,go_clear,20.0
coach_season,2020,Andy Reid,KC,go_clear_went,12.0
coach_season,2020,Andy Reid,KC,two_point_graded,0.0
coach_season,2020,Andy Reid,KC,two_point_toss_ups,64.0
coach_season,2020,Andy Reid,KC,two_point_wp_lost,0.0
coach_season,2020,Andy Reid,KC,two_point_wrong,0.0
coach_season,2020,Andy Reid,KC,went,22.0
coach_season,2020,Andy Reid,KC,wp_lost,0.176612
coach_season,2020,Andy Reid,KC,wp_lost_per_game,0.009295
coach_season,2020,Anthony Lynn,LAC,aggressiveness,0.538462
coach_season,2020,Anthony Lynn,LAC,fourth_graded,58.0
coach_season,2020,Anthony Lynn,LAC,fourth_toss_ups,53.0
coach_season,2020,Anthony Lynn,LAC,fourth_wp_lost,0.423905
coach_season,2020,Anthony Lynn,LAC,fourth_wrong,12.0
coach_season,2020,Anthony Lynn,LAC,games,16.0
coach_season,2020,Anthony Lynn,LAC,go_clear,26.0
coach_season,2020,Anthony Lynn,LAC,go_clear_went,14.0
coach_season,2020,Anthony Lynn,LAC,two_point_graded,0.0
coach_season,2020,Anthony Lynn,LAC,two_point_toss_ups,44.0
coach_season,2020,Anthony Lynn,LAC,two_point_wp_lost,0.0
coach_season,2020,Anthony Lynn,LAC,two_point_wrong,0.0
coach_season,2020,Anthony Lynn,LAC,went,24.0
coach_season,2020,Anthony Lynn,LAC,wp_lost,0.423905
coach_season,2020,Anthony Lynn,LAC,wp_lost_per_game,0.026494
coach_season,2020,Bill Belichick,NE,aggressiveness,0.434783
coach_season,2020,Bill Belichick,NE,fourth_graded,37.0
coach_season,2020,Bill Belichick,NE,fourth_toss_ups,58.0
coach_season,2020,Bill Belichick,NE,fourth_wp_lost,0.319651
coach_season,2020,Bill Belichick,NE,fourth_wrong,13.0
coach_season,2020,Bill Belichick,NE,games,16.0
coach_season,2020,Bill Belichick,NE,go_clear,23.0
coach_season,2020,Bill Belichick,NE,go_clear_went,10.0
coach_season,2020,Bill Belichick,NE,two_point_graded,3.0
coach_season,2020,Bill Belichick,NE,two_point_toss_ups,33.0
coach_season,2020,Bill Belichick,NE,two_point_wp_lost,0.045336
coach_season,2020,Bill Belichick,NE,two_point_wrong,2.0
coach_season,2020,Bill Belichick,NE,went,16.0
coach_season,2020,Bill Belichick,NE,wp_lost,0.364987
coach_season,2020,Bill Belichick,NE,wp_lost_per_game,0.022812
coach_season,2020,Bill O'Brien,HOU,aggressiveness,0.5
coach_season,2020,Bill O'Brien,HOU,fourth_graded,9.0
coach_season,2020,Bill O'Brien,HOU,fourth_toss_ups,17.0
coach_season,2020,Bill O'Brien,HOU,fourth_wp_lost,0.055218
coach_season,2020,Bill O'Brien,HOU,fourth_wrong,2.0
coach_season,2020,Bill O'Brien,HOU,games,4.0
coach_season,2020,Bill O'Brien,HOU,go_clear,4.0
coach_season,2020,Bill O'Brien,HOU,go_clear_went,2.0
coach_season,2020,Bill O'Brien,HOU,two_point_graded,0.0
coach_season,2020,Bill O'Brien,HOU,two_point_toss_ups,9.0
coach_season,2020,Bill O'Brien,HOU,two_point_wp_lost,0.0
coach_season,2020,Bill O'Brien,HOU,two_point_wrong,0.0
coach_season,2020,Bill O'Brien,HOU,went,4.0
coach_season,2020,Bill O'Brien,HOU,wp_lost,0.055218
coach_season,2020,Bill O'Brien,HOU,wp_lost_per_game,0.013804
coach_season,2020,Brian Flores,MIA,aggressiveness,0.266667
coach_season,2020,Brian Flores,MIA,fourth_graded,35.0
coach_season,2020,Brian Flores,MIA,fourth_toss_ups,75.0
coach_season,2020,Brian Flores,MIA,fourth_wp_lost,0.321053
coach_season,2020,Brian Flores,MIA,fourth_wrong,12.0
coach_season,2020,Brian Flores,MIA,games,16.0
coach_season,2020,Brian Flores,MIA,go_clear,15.0
coach_season,2020,Brian Flores,MIA,go_clear_went,4.0
coach_season,2020,Brian Flores,MIA,two_point_graded,2.0
coach_season,2020,Brian Flores,MIA,two_point_toss_ups,40.0
coach_season,2020,Brian Flores,MIA,two_point_wp_lost,0.02208
coach_season,2020,Brian Flores,MIA,two_point_wrong,1.0
coach_season,2020,Brian Flores,MIA,went,10.0
coach_season,2020,Brian Flores,MIA,wp_lost,0.343133
coach_season,2020,Brian Flores,MIA,wp_lost_per_game,0.021446
coach_season,2020,Bruce Arians,TB,aggressiveness,0.35
coach_season,2020,Bruce Arians,TB,fourth_graded,46.0
coach_season,2020,Bruce Arians,TB,fourth_toss_ups,76.0
coach_season,2020,Bruce Arians,TB,fourth_wp_lost,0.385694
coach_season,2020,Bruce Arians,TB,fourth_wrong,14.0
coach_season,2020,Bruce Arians,TB,games,20.0
coach_season,2020,Bruce Arians,TB,go_clear,20.0
coach_season,2020,Bruce Arians,TB,go_clear_went,7.0
coach_season,2020,Bruce Arians,TB,two_point_graded,0.0
coach_season,2020,Bruce Arians,TB,two_point_toss_ups,73.0
coach_season,2020,Bruce Arians,TB,two_point_wp_lost,0.0
coach_season,2020,Bruce Arians,TB,two_point_wrong,0.0
coach_season,2020,Bruce Arians,TB,went,17.0
coach_season,2020,Bruce Arians,TB,wp_lost,0.385694
coach_season,2020,Bruce Arians,TB,wp_lost_per_game,0.019285
coach_season,2020,Dan Quinn,ATL,aggressiveness,0.875
coach_season,2020,Dan Quinn,ATL,fourth_graded,16.0
coach_season,2020,Dan Quinn,ATL,fourth_toss_ups,22.0
coach_season,2020,Dan Quinn,ATL,fourth_wp_lost,0.027099
coach_season,2020,Dan Quinn,ATL,fourth_wrong,1.0
coach_season,2020,Dan Quinn,ATL,games,5.0
coach_season,2020,Dan Quinn,ATL,go_clear,8.0
coach_season,2020,Dan Quinn,ATL,go_clear_went,7.0
coach_season,2020,Dan Quinn,ATL,two_point_graded,0.0
coach_season,2020,Dan Quinn,ATL,two_point_toss_ups,13.0
coach_season,2020,Dan Quinn,ATL,two_point_wp_lost,0.0
coach_season,2020,Dan Quinn,ATL,two_point_wrong,0.0
coach_season,2020,Dan Quinn,ATL,went,10.0
coach_season,2020,Dan Quinn,ATL,wp_lost,0.027099
coach_season,2020,Dan Quinn,ATL,wp_lost_per_game,0.00542
coach_season,2020,Darrell Bevell,DET,aggressiveness,1.0
coach_season,2020,Darrell Bevell,DET,fourth_graded,6.0
coach_season,2020,Darrell Bevell,DET,fourth_toss_ups,19.0
coach_season,2020,Darrell Bevell,DET,fourth_wp_lost,0.0
coach_season,2020,Darrell Bevell,DET,fourth_wrong,0.0
coach_season,2020,Darrell Bevell,DET,games,5.0
coach_season,2020,Darrell Bevell,DET,go_clear,3.0
coach_season,2020,Darrell Bevell,DET,go_clear_went,3.0
coach_season,2020,Darrell Bevell,DET,two_point_graded,1.0
coach_season,2020,Darrell Bevell,DET,two_point_toss_ups,16.0
coach_season,2020,Darrell Bevell,DET,two_point_wp_lost,0.0
coach_season,2020,Darrell Bevell,DET,two_point_wrong,0.0
coach_season,2020,Darrell Bevell,DET,went,5.0
coach_season,2020,Darrell Bevell,DET,wp_lost,0.0
coach_season,2020,Darrell Bevell,DET,wp_lost_per_game,0.0
coach_season,2020,Doug Marrone,JAX,aggressiveness,0.352941
coach_season,2020,Doug Marrone,JAX,fourth_graded,29.0
coach_season,2020,Doug Marrone,JAX,fourth_toss_ups,80.0
coach_season,2020,Doug Marrone,JAX,fourth_wp_lost,0.259372
coach_season,2020,Doug Marrone,JAX,fourth_wrong,11.0
coach_season,2020,Doug Marrone,JAX,games,16.0
coach_season,2020,Doug Marrone,JAX,go_clear,17.0
coach_season,2020,Doug Marrone,JAX,go_clear_went,6.0
coach_season,2020,Doug Marrone,JAX,two_point_graded,5.0
coach_season,2020,Doug Marrone,JAX,two_point_toss_ups,32.0
coach_season,2020,Doug Marrone,JAX,two_point_wp_lost,0.020203
coach_season,2020,Doug Marrone,JAX,two_point_wrong,1.0
coach_season,2020,Doug Marrone,JAX,went,26.0
coach_season,2020,Doug Marrone,JAX,wp_lost,0.279576
coach_season,2020,Doug Marrone,JAX,wp_lost_per_game,0.017473
coach_season,2020,Doug Pederson,PHI,aggressiveness,0.5
coach_season,2020,Doug Pederson,PHI,fourth_graded,58.0
coach_season,2020,Doug Pederson,PHI,fourth_toss_ups,68.0
coach_season,2020,Doug Pederson,PHI,fourth_wp_lost,0.326546
coach_season,2020,Doug Pederson,PHI,fourth_wrong,15.0
coach_season,2020,Doug Pederson,PHI,games,16.0
coach_season,2020,Doug Pederson,PHI,go_clear,26.0
coach_season,2020,Doug Pederson,PHI,go_clear_went,13.0
coach_season,2020,Doug Pederson,PHI,two_point_graded,2.0
coach_season,2020,Doug Pederson,PHI,two_point_toss_ups,40.0
coach_season,2020,Doug Pederson,PHI,two_point_wp_lost,0.0
coach_season,2020,Doug Pederson,PHI,two_point_wrong,0.0
coach_season,2020,Doug Pederson,PHI,went,35.0
coach_season,2020,Doug Pederson,PHI,wp_lost,0.326546
coach_season,2020,Doug Pederson,PHI,wp_lost_per_game,0.020409
coach_season,2020,Frank Reich,IND,aggressiveness,0.655172
coach_season,2020,Frank Reich,IND,fourth_graded,49.0
coach_season,2020,Frank Reich,IND,fourth_toss_ups,62.0
coach_season,2020,Frank Reich,IND,fourth_wp_lost,0.2697
coach_season,2020,Frank Reich,IND,fourth_wrong,11.0
coach_season,2020,Frank Reich,IND,games,17.0
coach_season,2020,Frank Reich,IND,go_clear,29.0
coach_season,2020,Frank Reich,IND,go_clear_went,19.0
coach_season,2020,Frank Reich,IND,two_point_graded,0.0
coach_season,2020,Frank Reich,IND,two_point_toss_ups,53.0
coach_season,2020,Frank Reich,IND,two_point_wp_lost,0.0
coach_season,2020,Frank Reich,IND,two_point_wrong,0.0
coach_season,2020,Frank Reich,IND,went,27.0
coach_season,2020,Frank Reich,IND,wp_lost,0.2697
coach_season,2020,Frank Reich,IND,wp_lost_per_game,0.015865
coach_season,2020,Joe Judge,NYG,aggressiveness,0.55
coach_season,2020,Joe Judge,NYG,fourth_graded,49.0
coach_season,2020,Joe Judge,NYG,fourth_toss_ups,68.0
coach_season,2020,Joe Judge,NYG,fourth_wp_lost,0.24812
coach_season,2020,Joe Judge,NYG,fourth_wrong,11.0
coach_season,2020,Joe Judge,NYG,games,16.0
coach_season,2020,Joe Judge,NYG,go_clear,20.0
coach_season,2020,Joe Judge,NYG,go_clear_went,11.0
coach_season,2020,Joe Judge,NYG,two_point_graded,1.0
coach_season,2020,Joe Judge,NYG,two_point_toss_ups,26.0
coach_season,2020,Joe Judge,NYG,two_point_wp_lost,0.0
coach_season,2020,Joe Judge,NYG,two_point_wrong,0.0
coach_season,2020,Joe Judge,NYG,went,21.0
coach_season,2020,Joe Judge,NYG,wp_lost,0.24812
coach_season,2020,Joe Judge,NYG,wp_lost_per_game,0.015508
coach_season,2020,John Harbaugh,BAL,aggressiveness,0.5
coach_season,2020,John Harbaugh,BAL,fourth_graded,23.0
coach_season,2020,John Harbaugh,BAL,fourth_toss_ups,84.0
coach_season,2020,John Harbaugh,BAL,fourth_wp_lost,0.071371
coach_season,2020,John Harbaugh,BAL,fourth_wrong,3.0
coach_season,2020,John Harbaugh,BAL,games,18.0
coach_season,2020,John Harbaugh,BAL,go_clear,6.0
coach_season,2020,John Harbaugh,BAL,go_clear_went,3.0
coach_season,2020,John Harbaugh,BAL,two_point_graded,0.0
coach_season,2020,John Harbaugh,BAL,two_point_toss_ups,57.0
coach_season,2020,John Harbaugh,BAL,two_point_wp_lost,0.0
coach_season,2020,John Harbaugh,BAL,two_point_wrong,0.0
coach_season,2020,John Harbaugh,BAL,went,19.0
coach_season,2020,John Harbaugh,BAL,wp_lost,0.071371
coach_season,2020,John Harbaugh,BAL,wp_lost_per_game,0.003965
coach_season,2020,Jon Gruden,LV,aggressiveness,0.64
coach_season,2020,Jon Gruden,LV,fourth_graded,45.0
coach_season,2020,Jon Gruden,LV,fourth_toss_ups,53.0
coach_season,2020,Jon Gruden,LV,fourth_wp_lost,0.201557
coach_season,2020,Jon Gruden,LV,fourth_wrong,9.0
coach_season,2020,Jon Gruden,LV,games,16.0
coach_season,2020,Jon Gruden,LV,go_clear,25.0
coach_season,2020,Jon Gruden,LV,go_clear_went,16.0
coach_season,2020,Jon Gruden,LV,two_point_graded,2.0
coach_season,2020,Jon Gruden,LV,two_point_toss_ups,46.0
coach_season,2020,Jon Gruden,LV,two_point_wp_lost,0.067517
coach_season,2020,Jon Gruden,LV,two_point_wrong,2.0
coach_season,2020,Jon Gruden,LV,went,21.0
coach_season,2020,Jon Gruden,LV,wp_lost,0.269073
coach_season,2020,Jon Gruden,LV,wp_lost_per_game,0.016817
coach_season,2020,Kevin Stefanski,CLE,aggressiveness,0.785714
coach_season,2020,Kevin Stefanski,CLE,fourth_graded,37.0
coach_season,2020,Kevin Stefanski,CLE,fourth_toss_ups,70.0
coach_season,2020,Kevin Stefanski,CLE,fourth_wp_lost,0.083663
coach_season,2020,Kevin Stefanski,CLE,fourth_wrong,4.0
coach_season,2020,Kevin Stefanski,CLE,games,18.0
coach_season,2020,Kevin Stefanski,CLE,go_clear,14.0
coach_season,2020,Kevin Stefanski,CLE,go_clear_went,11.0
coach_season,2020,Kevin Stefanski,CLE,two_point_graded,1.0
coach_season,2020,Kevin Stefanski,CLE,two_point_toss_ups,57.0
coach_season,2020,Kevin Stefanski,CLE,two_point_wp_lost,0.0
coach_season,2020,Kevin Stefanski,CLE,two_point_wrong,0.0
coach_season,2020,Kevin Stefanski,CLE,went,25.0
coach_season,2020,Kevin Stefanski,CLE,wp_lost,0.083663
coach_season,2020,Kevin Stefanski,CLE,wp_lost_per_game,0.004648
coach_season,2020,Kliff Kingsbury,ARI,aggressiveness,0.736842
coach_season,2020,Kliff Kingsbury,ARI,fourth_graded,43.0
coach_season,2020,Kliff Kingsbury,ARI,fourth_toss_ups,63.0
coach_season,2020,Kliff Kingsbury,ARI,fourth_wp_lost,0.160084
coach_season,2020,Kliff Kingsbury,ARI,fourth_wrong,5.0
coach_season,2020,Kliff Kingsbury,ARI,games,16.0
coach_season,2020,Kliff Kingsbury,ARI,go_clear,19.0
coach_season,2020,Kliff Kingsbury,ARI,go_clear_went,14.0
coach_season,2020,Kliff Kingsbury,ARI,two_point_graded,1.0
coach_season,2020,Kliff Kingsbury,ARI,two_point_toss_ups,48.0
coach_season,2020,Kliff Kingsbury,ARI,two_point_wp_lost,0.027799
coach_season,2020,Kliff Kingsbury,ARI,two_point_wrong,1.0
coach_season,2020,Kliff Kingsbury,ARI,went,24.0
coach_season,2020,Kliff Kingsbury,ARI,wp_lost,0.187883
coach_season,2020,Kliff Kingsbury,ARI,wp_lost_per_game,0.011743
coach_season,2020,Kyle Shanahan,SF,aggressiveness,0.44
coach_season,2020,Kyle Shanahan,SF,fourth_graded,48.0
coach_season,2020,Kyle Shanahan,SF,fourth_toss_ups,55.0
coach_season,2020,Kyle Shanahan,SF,fourth_wp_lost,0.438902
coach_season,2020,Kyle Shanahan,SF,fourth_wrong,14.0
coach_season,2020,Kyle Shanahan,SF,games,16.0
coach_season,2020,Kyle Shanahan,SF,go_clear,25.0
coach_season,2020,Kyle Shanahan,SF,go_clear_went,11.0
coach_season,2020,Kyle Shanahan,SF,two_point_graded,2.0
coach_season,2020,Kyle Shanahan,SF,two_point_toss_ups,42.0
coach_season,2020,Kyle Shanahan,SF,two_point_wp_lost,0.0
coach_season,2020,Kyle Shanahan,SF,two_point_wrong,0.0
coach_season,2020,Kyle Shanahan,SF,went,14.0
coach_season,2020,Kyle Shanahan,SF,wp_lost,0.438902
coach_season,2020,Kyle Shanahan,SF,wp_lost_per_game,0.027431
coach_season,2020,Matt LaFleur,GB,aggressiveness,0.777778
coach_season,2020,Matt LaFleur,GB,fourth_graded,35.0
coach_season,2020,Matt LaFleur,GB,fourth_toss_ups,54.0
coach_season,2020,Matt LaFleur,GB,fourth_wp_lost,0.088766
coach_season,2020,Matt LaFleur,GB,fourth_wrong,4.0
coach_season,2020,Matt LaFleur,GB,games,18.0
coach_season,2020,Matt LaFleur,GB,go_clear,18.0
coach_season,2020,Matt LaFleur,GB,go_clear_went,14.0
coach_season,2020,Matt LaFleur,GB,two_point_graded,0.0
coach_season,2020,Matt LaFleur,GB,two_point_toss_ups,73.0
coach_season,2020,Matt LaFleur,GB,two_point_wp_lost,0.0
coach_season,2020,Matt LaFleur,GB,two_point_wrong,0.0
coach_season,2020,Matt LaFleur,GB,went,21.0
coach_season,2020,Matt LaFleur,GB,wp_lost,0.088766
coach_season,2020,Matt LaFleur,GB,wp_lost_per_game,0.004931
coach_season,2020,Matt Nagy,CHI,aggressiveness,0.409091
coach_season,2020,Matt Nagy,CHI,fourth_graded,55.0
coach_season,2020,Matt Nagy,CHI,fourth_toss_ups,73.0
coach_season,2020,Matt Nagy,CHI,fourth_wp_lost,0.463711
coach_season,2020,Matt Nagy,CHI,fourth_wrong,17.0
coach_season,2020,Matt Nagy,CHI,games,17.0
coach_season,2020,Matt Nagy,CHI,go_clear,22.0
coach_season,2020,Matt Nagy,CHI,go_clear_went,9.0
coach_season,2020,Matt Nagy,CHI,two_point_graded,0.0
coach_season,2020,Matt Nagy,CHI,two_point_toss_ups,40.0
coach_season,2020,Matt Nagy,CHI,two_point_wp_lost,0.0
coach_season,2020,Matt Nagy,CHI,two_point_wrong,0.0
coach_season,2020,Matt Nagy,CHI,went,28.0
coach_season,2020,Matt Nagy,CHI,wp_lost,0.463711
coach_season,2020,Matt Nagy,CHI,wp_lost_per_game,0.027277
coach_season,2020,Matt Patricia,DET,aggressiveness,0.307692
coach_season,2020,Matt Patricia,DET,fourth_graded,34.0
coach_season,2020,Matt Patricia,DET,fourth_toss_ups,41.0
coach_season,2020,Matt Patricia,DET,fourth_wp_lost,0.262208
coach_season,2020,Matt Patricia,DET,fourth_wrong,9.0
coach_season,2020,Matt Patricia,DET,games,11.0
coach_season,2020,Matt Patricia,DET,go_clear,13.0
coach_season,2020,Matt Patricia,DET,go_clear_went,4.0
coach_season,2020,Matt Patricia,DET,two_point_graded,1.0
coach_season,2020,Matt Patricia,DET,two_point_toss_ups,27.0
coach_season,2020,Matt Patricia,DET,two_point_wp_lost,0.0
coach_season,2020,Matt Patricia,DET,two_point_wrong,0.0
coach_season,2020,Matt Patricia,DET,went,15.0
coach_season,2020,Matt Patricia,DET,wp_lost,0.262208
coach_season,2020,Matt Patricia,DET,wp_lost_per_game,0.023837
coach_season,2020,Matt Rhule,CAR,aggressiveness,0.533333
coach_season,2020,Matt Rhule,CAR,fourth_graded,44.0
coach_season,2020,Matt Rhule,CAR,fourth_toss_ups,58.0
coach_season,2020,Matt Rhule,CAR,fourth_wp_lost,0.336507
coach_season,2020,Matt Rhule,CAR,fourth_wrong,15.0
coach_season,2020,Matt Rhule,CAR,games,16.0
coach_season,2020,Matt Rhule,CAR,go_clear,30.0
coach_season,2020,Matt Rhule,CAR,go_clear_went,16.0
coach_season,2020,Matt Rhule,CAR,two_point_graded,1.0
coach_season,2020,Matt Rhule,CAR,two_point_toss_ups,37.0
coach_season,2020,Matt Rhule,CAR,two_point_wp_lost,0.0
coach_season,2020,Matt Rhule,CAR,two_point_wrong,0.0
coach_season,2020,Matt Rhule,CAR,went,27.0
coach_season,2020,Matt Rhule,CAR,wp_lost,0.336507
coach_season,2020,Matt Rhule,CAR,wp_lost_per_game,0.021032
coach_season,2020,Mike McCarthy,DAL,aggressiveness,0.619048
coach_season,2020,Mike McCarthy,DAL,fourth_graded,51.0
coach_season,2020,Mike McCarthy,DAL,fourth_toss_ups,64.0
coach_season,2020,Mike McCarthy,DAL,fourth_wp_lost,0.197986
coach_season,2020,Mike McCarthy,DAL,fourth_wrong,9.0
coach_season,2020,Mike McCarthy,DAL,games,16.0
coach_season,2020,Mike McCarthy,DAL,go_clear,21.0
coach_season,2020,Mike McCarthy,DAL,go_clear_went,13.0
coach_season,2020,Mike McCarthy,DAL,two_point_graded,2.0
coach_season,2020,Mike McCarthy,DAL,two_point_toss_ups,40.0
coach_season,2020,Mike McCarthy,DAL,two_point_wp_lost,0.035721
coach_season,2020,Mike McCarthy,DAL,two_point_wrong,2.0
coach_season,2020,Mike McCarthy,DAL,went,29.0
coach_season,2020,Mike McCarthy,DAL,wp_lost,0.233707
coach_season,2020,Mike McCarthy,DAL,wp_lost_per_game,0.014607
coach_season,2020,Mike Tomlin,PIT,aggressiveness,0.333333
coach_season,2020,Mike Tomlin,PIT,fourth_graded,46.0
coach_season,2020,Mike Tomlin,PIT,fourth_toss_ups,79.0
coach_season,2020,Mike Tomlin,PIT,fourth_wp_lost,0.456054
coach_season,2020,Mike Tomlin,PIT,fourth_wrong,18.0
coach_season,2020,Mike Tomlin,PIT,games,17.0
coach_season,2020,Mike Tomlin,PIT,go_clear,27.0
coach_season,2020,Mike Tomlin,PIT,go_clear_went,9.0
coach_season,2020,Mike Tomlin,PIT,two_point_graded,3.0
coach_season,2020,Mike Tomlin,PIT,two_point_toss_ups,52.0
coach_season,2020,Mike Tomlin,PIT,two_point_wp_lost,0.024521
coach_season,2020,Mike Tomlin,PIT,two_point_wrong,1.0
coach_season,2020,Mike Tomlin,PIT,went,22.0
coach_season,2020,Mike Tomlin,PIT,wp_lost,0.480576
coach_season,2020,Mike Tomlin,PIT,wp_lost_per_game,0.028269
coach_season,2020,Mike Vrabel,TEN,aggressiveness,0.363636
coach_season,2020,Mike Vrabel,TEN,fourth_graded,34.0
coach_season,2020,Mike Vrabel,TEN,fourth_toss_ups,62.0
coach_season,2020,Mike Vrabel,TEN,fourth_wp_lost,0.183929
coach_season,2020,Mike Vrabel,TEN,fourth_wrong,7.0
coach_season,2020,Mike Vrabel,TEN,games,17.0
coach_season,2020,Mike Vrabel,TEN,go_clear,11.0
coach_season,2020,Mike Vrabel,TEN,go_clear_went,4.0
coach_season,2020,Mike Vrabel,TEN,two_point_graded,1.0
coach_season,2020,Mike Vrabel,TEN,two_point_toss_ups,60.0
coach_season,2020,Mike Vrabel,TEN,two_point_wp_lost,0.0
coach_season,2020,Mike Vrabel,TEN,two_point_wrong,0.0
coach_season,2020,Mike Vrabel,TEN,went,15.0
coach_season,2020,Mike Vrabel,TEN,wp_lost,0.183929
coach_season,2020,Mike Vrabel,TEN,wp_lost_per_game,0.010819
coach_season,2020,Mike Zimmer,MIN,aggressiveness,0.578947
coach_season,2020,Mike Zimmer,MIN,fourth_graded,47.0
coach_season,2020,Mike Zimmer,MIN,fourth_toss_ups,51.0
coach_season,2020,Mike Zimmer,MIN,fourth_wp_lost,0.274
coach_season,2020,Mike Zimmer,MIN,fourth_wrong,9.0
coach_season,2020,Mike Zimmer,MIN,games,16.0
coach_season,2020,Mike Zimmer,MIN,go_clear,19.0
coach_season,2020,Mike Zimmer,MIN,go_clear_went,11.0
coach_season,2020,Mike Zimmer,MIN,two_point_graded,0.0
coach_season,2020,Mike Zimmer,MIN,two_point_toss_ups,55.0
coach_season,2020,Mike Zimmer,MIN,two_point_wp_lost,0.0
coach_season,2020,Mike Zimmer,MIN,two_point_wrong,0.0
coach_season,2020,Mike Zimmer,MIN,went,23.0
coach_season,2020,Mike Zimmer,MIN,wp_lost,0.274
coach_season,2020,Mike Zimmer,MIN,wp_lost_per_game,0.017125
coach_season,2020,Pete Carroll,SEA,aggressiveness,0.47619
coach_season,2020,Pete Carroll,SEA,fourth_graded,56.0
coach_season,2020,Pete Carroll,SEA,fourth_toss_ups,52.0
coach_season,2020,Pete Carroll,SEA,fourth_wp_lost,0.282546
coach_season,2020,Pete Carroll,SEA,fourth_wrong,13.0
coach_season,2020,Pete Carroll,SEA,games,17.0
coach_season,2020,Pete Carroll,SEA,go_clear,21.0
coach_season,2020,Pete Carroll,SEA,go_clear_went,10.0
coach_season,2020,Pete Carroll,SEA,two_point_graded,2.0
coach_season,2020,Pete Carroll,SEA,two_point_toss_ups,55.0
coach_season,2020,Pete Carroll,SEA,two_point_wp_lost,0.03144
coach_season,2020,Pete Carroll,SEA,two_point_wrong,2.0
coach_season,2020,Pete Carroll,SEA,went,16.0
coach_season,2020,Pete Carroll,SEA,wp_lost,0.313986
coach_season,2020,Pete Carroll,SEA,wp_lost_per_game,0.01847
coach_season,2020,Raheem Morris,ATL,aggressiveness,0.444444
coach_season,2020,Raheem Morris,ATL,fourth_graded,30.0
coach_season,2020,Raheem Morris,ATL,fourth_toss_ups,44.0
coach_season,2020,Raheem Morris,ATL,fourth_wp_lost,0.154423
coach_season,2020,Raheem Morris,ATL,fourth_wrong,6.0
coach_season,2020,Raheem Morris,ATL,games,11.0
coach_season,2020,Raheem Morris,ATL,go_clear,9.0
coach_season,2020,Raheem Morris,ATL,go_clear_went,4.0
coach_season,2020,Raheem Morris,ATL,two_point_graded,1.0
coach_season,2020,Raheem Morris,ATL,two_point_toss_ups,27.0
coach_season,2020,Raheem Morris,ATL,two_point_wp_lost,0.016589
coach_season,2020,Raheem Morris,ATL,two_point_wrong,1.0
coach_season,2020,Raheem Morris,ATL,went,13.0
coach_season,2020,Raheem Morris,ATL,wp_lost,0.171012
coach_season,2020,Raheem Morris,ATL,wp_lost_per_game,0.015547
coach_season,2020,Romeo Crennel,HOU,aggressiveness,0.428571
coach_season,2020,Romeo Crennel,HOU,fourth_graded,25.0
coach_season,2020,Romeo Crennel,HOU,fourth_toss_ups,47.0
coach_season,2020,Romeo Crennel,HOU,fourth_wp_lost,0.243206
coach_season,2020,Romeo Crennel,HOU,fourth_wrong,9.0
coach_season,2020,Romeo Crennel,HOU,games,12.0
coach_season,2020,Romeo Crennel,HOU,go_clear,14.0
coach_season,2020,Romeo Crennel,HOU,go_clear_went,6.0
coach_season,2020,Romeo Crennel,HOU,two_point_graded,2.0
coach_season,2020,Romeo Crennel,HOU,two_point_toss_ups,33.0
coach_season,2020,Romeo Crennel,HOU,two_point_wp_lost,0.020203
coach_season,2020,Romeo Crennel,HOU,two_point_wrong,1.0
coach_season,2020,Romeo Crennel,HOU,went,12.0
coach_season,2020,Romeo Crennel,HOU,wp_lost,0.263409
coach_season,2020,Romeo Crennel,HOU,wp_lost_per_game,0.021951
coach_season,2020,Ron Rivera,WAS,aggressiveness,0.333333
coach_season,2020,Ron Rivera,WAS,fourth_graded,38.0
coach_season,2020,Ron Rivera,WAS,fourth_toss_ups,90.0
coach_season,2020,Ron Rivera,WAS,fourth_wp_lost,0.305927
coach_season,2020,Ron Rivera,WAS,fourth_wrong,13.0
coach_season,2020,Ron Rivera,WAS,games,17.0
coach_season,2020,Ron Rivera,WAS,go_clear,18.0
coach_season,2020,Ron Rivera,WAS,go_clear_went,6.0
coach_season,2020,Ron Rivera,WAS,two_point_graded,2.0
coach_season,2020,Ron Rivera,WAS,two_point_toss_ups,38.0
coach_season,2020,Ron Rivera,WAS,two_point_wp_lost,0.038166
coach_season,2020,Ron Rivera,WAS,two_point_wrong,2.0
coach_season,2020,Ron Rivera,WAS,went,19.0
coach_season,2020,Ron Rivera,WAS,wp_lost,0.344093
coach_season,2020,Ron Rivera,WAS,wp_lost_per_game,0.020241
coach_season,2020,Sean McDermott,BUF,aggressiveness,0.388889
coach_season,2020,Sean McDermott,BUF,fourth_graded,39.0
coach_season,2020,Sean McDermott,BUF,fourth_toss_ups,63.0
coach_season,2020,Sean McDermott,BUF,fourth_wp_lost,0.236827
coach_season,2020,Sean McDermott,BUF,fourth_wrong,11.0
coach_season,2020,Sean McDermott,BUF,games,19.0
coach_season,2020,Sean McDermott,BUF,go_clear,18.0
coach_season,2020,Sean McDermott,BUF,go_clear_went,7.0
coach_season,2020,Sean McDermott,BUF,two_point_graded,1.0
coach_season,2020,Sean McDermott,BUF,two_point_toss_ups,66.0
coach_season,2020,Sean McDermott,BUF,two_point_wp_lost,0.0
coach_season,2020,Sean McDermott,BUF,two_point_wrong,0.0
coach_season,2020,Sean McDermott,BUF,went,12.0
coach_season,2020,Sean McDermott,BUF,wp_lost,0.236827
coach_season,2020,Sean McDermott,BUF,wp_lost_per_game,0.012465
coach_season,2020,Sean McVay,LA,aggressiveness,0.347826
coach_season,2020,Sean McVay,LA,fourth_graded,57.0
coach_season,2020,Sean McVay,LA,fourth_toss_ups,73.0
coach_season,2020,Sean McVay,LA,fourth_wp_lost,0.359737
coach_season,2020,Sean McVay,LA,fourth_wrong,15.0
coach_season,2020,Sean McVay,LA,games,18.0
coach_season,2020,Sean McVay,LA,go_clear,23.0
coach_season,2020,Sean McVay,LA,go_clear_went,8.0
coach_season,2020,Sean McVay,LA,two_point_graded,1.0
coach_season,2020,Sean McVay,LA,two_point_toss_ups,47.0
coach_season,2020,Sean McVay,LA,two_point_wp_lost,0.0
coach_season,2020,Sean McVay,LA,two_point_wrong,0.0
coach_season,2020,Sean McVay,LA,went,19.0
coach_season,2020,Sean McVay,LA,wp_lost,0.359737
coach_season,2020,Sean McVay,LA,wp_lost_per_game,0.019985
coach_season,2020,Sean Payton,NO,aggressiveness,0.269231
coach_season,2020,Sean Payton,NO,fourth_graded,52.0
coach_season,2020,Sean Payton,NO,fourth_toss_ups,58.0
coach_season,2020,Sean Payton,NO,fourth_wp_lost,0.486916
coach_season,2020,Sean Payton,NO,fourth_wrong,19.0
coach_season,2020,Sean Payton,NO,games,18.0
coach_season,2020,Sean Payton,NO,go_clear,26.0
coach_season,2020,Sean Payton,NO,go_clear_went,7.0
coach_season,2020,Sean Payton,NO,two_point_graded,1.0
coach_season,2020,Sean Payton,NO,two_point_toss_ups,63.0
coach_season,2020,Sean Payton,NO,two_point_wp_lost,0.0
coach_season,2020,Sean Payton,NO,two_point_wrong,0.0
coach_season,2020,Sean Payton,NO,went,16.0
coach_season,2020,Sean Payton,NO,wp_lost,0.486916
coach_season,2020,Sean Payton,NO,wp_lost_per_game,0.027051
coach_season,2020,Vic Fangio,DEN,aggressiveness,0.277778
coach_season,2020,Vic Fangio,DEN,fourth_graded,34.0
coach_season,2020,Vic Fangio,DEN,fourth_toss_ups,76.0
coach_season,2020,Vic Fangio,DEN,fourth_wp_lost,0.366395
coach_season,2020,Vic Fangio,DEN,fourth_wrong,14.0
coach_season,2020,Vic Fangio,DEN,games,16.0
coach_season,2020,Vic Fangio,DEN,go_clear,18.0
coach_season,2020,Vic Fangio,DEN,go_clear_went,5.0
coach_season,2020,Vic Fangio,DEN,two_point_graded,1.0
coach_season,2020,Vic Fangio,DEN,two_point_toss_ups,34.0
coach_season,2020,Vic Fangio,DEN,two_point_wp_lost,0.0
coach_season,2020,Vic Fangio,DEN,two_point_wrong,0.0
coach_season,2020,Vic Fangio,DEN,went,12.0
coach_season,2020,Vic Fangio,DEN,wp_lost,0.366395
coach_season,2020,Vic Fangio,DEN,wp_lost_per_game,0.0229
coach_season,2020,Zac Taylor,CIN,aggressiveness,0.47619
coach_season,2020,Zac Taylor,CIN,fourth_graded,48.0
coach_season,2020,Zac Taylor,CIN,fourth_toss_ups,80.0
coach_season,2020,Zac Taylor,CIN,fourth_wp_lost,0.34463
coach_season,2020,Zac Taylor,CIN,fourth_wrong,11.0
coach_season,2020,Zac Taylor,CIN,games,16.0
coach_season,2020,Zac Taylor,CIN,go_clear,21.0
coach_season,2020,Zac Taylor,CIN,go_clear_went,10.0
coach_season,2020,Zac Taylor,CIN,two_point_graded,0.0
coach_season,2020,Zac Taylor,CIN,two_point_toss_ups,33.0
coach_season,2020,Zac Taylor,CIN,two_point_wp_lost,0.0
coach_season,2020,Zac Taylor,CIN,two_point_wrong,0.0
coach_season,2020,Zac Taylor,CIN,went,26.0
coach_season,2020,Zac Taylor,CIN,wp_lost,0.34463
coach_season,2020,Zac Taylor,CIN,wp_lost_per_game,0.021539
coach_season,2021,Andy Reid,KC,aggressiveness,0.47619
coach_season,2021,Andy Reid,KC,fourth_graded,41.0
coach_season,2021,Andy Reid,KC,fourth_toss_ups,56.0
coach_season,2021,Andy Reid,KC,fourth_wp_lost,0.285858
coach_season,2021,Andy Reid,KC,fourth_wrong,11.0
coach_season,2021,Andy Reid,KC,games,19.0
coach_season,2021,Andy Reid,KC,go_clear,21.0
coach_season,2021,Andy Reid,KC,go_clear_went,10.0
coach_season,2021,Andy Reid,KC,two_point_graded,2.0
coach_season,2021,Andy Reid,KC,two_point_toss_ups,66.0
coach_season,2021,Andy Reid,KC,two_point_wp_lost,0.0
coach_season,2021,Andy Reid,KC,two_point_wrong,0.0
coach_season,2021,Andy Reid,KC,went,16.0
coach_season,2021,Andy Reid,KC,wp_lost,0.285858
coach_season,2021,Andy Reid,KC,wp_lost_per_game,0.015045
coach_season,2021,Arthur Smith,ATL,aggressiveness,0.454545
coach_season,2021,Arthur Smith,ATL,fourth_graded,36.0
coach_season,2021,Arthur Smith,ATL,fourth_toss_ups,74.0
coach_season,2021,Arthur Smith,ATL,fourth_wp_lost,0.304443
coach_season,2021,Arthur Smith,ATL,fourth_wrong,12.0
coach_season,2021,Arthur Smith,ATL,games,17.0
coach_season,2021,Arthur Smith,ATL,go_clear,22.0
coach_season,2021,Arthur Smith,ATL,go_clear_went,10.0
coach_season,2021,Arthur Smith,ATL,two_point_graded,0.0
coach_season,2021,Arthur Smith,ATL,two_point_toss_ups,33.0
coach_season,2021,Arthur Smith,ATL,two_point_wp_lost,0.0
coach_season,2021,Arthur Smith,ATL,two_point_wrong,0.0
coach_season,2021,Arthur Smith,ATL,went,23.0
coach_season,2021,Arthur Smith,ATL,wp_lost,0.304443
coach_season,2021,Arthur Smith,ATL,wp_lost_per_game,0.017908
coach_season,2021,Bill Belichick,NE,aggressiveness,0.25
coach_season,2021,Bill Belichick,NE,fourth_graded,45.0
coach_season,2021,Bill Belichick,NE,fourth_toss_ups,65.0
coach_season,2021,Bill Belichick,NE,fourth_wp_lost,0.58846
coach_season,2021,Bill Belichick,NE,fourth_wrong,21.0
coach_season,2021,Bill Belichick,NE,games,18.0
coach_season,2021,Bill Belichick,NE,go_clear,28.0
coach_season,2021,Bill Belichick,NE,go_clear_went,7.0
coach_season,2021,Bill Belichick,NE,two_point_graded,1.0
coach_season,2021,Bill Belichick,NE,two_point_toss_ups,52.0
coach_season,2021,Bill Belichick,NE,two_point_wp_lost,0.016392
coach_season,2021,Bill Belichick,NE,two_point_wrong,1.0
coach_season,2021,Bill Belichick,NE,went,20.0
coach_season,2021,Bill Belichick,NE,wp_lost,0.604852
coach_season,2021,Bill Belichick,NE,wp_lost_per_game,0.033603
coach_season,2021,Brandon Staley,LAC,aggressiveness,0.472222
coach_season,2021,Brandon Staley,LAC,fourth_graded,49.0
coach_season,2021,Brandon Staley,LAC,fourth_toss_ups,56.0
coach_season,2021,Brandon Staley,LAC,fourth_wp_lost,0.433928
coach_season,2021,Brandon Staley,LAC,fourth_wrong,19.0
coach_season,2021,Brandon Staley,LAC,games,17.0
coach_season,2021,Brandon Staley,LAC,go_clear,36.0
coach_season,2021,Brandon Staley,LAC,go_clear_went,17.0
coach_season,2021,Brandon Staley,LAC,two_point_graded,3.0
coach_season,2021,Brandon Staley,LAC,two_point_toss_ups,55.0
coach_season,2021,Brandon Staley,LAC,two_point_wp_lost,0.021343
coach_season,2021,Brandon Staley,LAC,two_point_wrong,1.0
coach_season,2021,Brandon Staley,LAC,went,33.0
coach_season,2021,Brandon Staley,LAC,wp_lost,0.455271
coach_season,2021,Brandon Staley,LAC,wp_lost_per_game,0.026781
coach_season,2021,Brian Flores,MIA,aggressiveness,0.344828
coach_season,2021,Brian Flores,MIA,fourth_graded,51.0
coach_season,2021,Brian Flores,MIA,fourth_toss_ups,72.0
coach_season,2021,Brian Flores,MIA,fourth_wp_lost,0.694231
coach_season,2021,Brian Flores,MIA,fourth_wrong,20.0
coach_season,2021,Brian Flores,MIA,games,17.0
coach_season,2021,Brian Flores,MIA,go_clear,29.0
coach_season,2021,Brian Flores,MIA,go_clear_went,10.0
coach_season,2021,Brian Flores,MIA,two_point_graded,1.0
coach_season,2021,Brian Flores,MIA,two_point_toss_ups,37.0
coach_season,2021,Brian Flores,MIA,two_point_wp_lost,0.0
coach_season,2021,Brian Flores,MIA,two_point_wrong,0.0
coach_season,2021,Brian Flores,MIA,went,20.0
coach_season,2021,Brian Flores,MIA,wp_lost,0.694231
coach_season,2021,Brian Flores,MIA,wp_lost_per_game,0.040837
coach_season,2021,Bruce Arians,TB,aggressiveness,0.26087
coach_season,2021,Bruce Arians,TB,fourth_graded,37.0
coach_season,2021,Bruce Arians,TB,fourth_toss_ups,87.0
coach_season,2021,Bruce Arians,TB,fourth_wp_lost,0.497587
coach_season,2021,Bruce Arians,TB,fourth_wrong,17.0
coach_season,2021,Bruce Arians,TB,games,19.0
coach_season,2021,Bruce Arians,TB,go_clear,23.0
coach_season,2021,Bruce Arians,TB,go_clear_went,6.0
coach_season,2021,Bruce Arians,TB,two_point_graded,2.0
coach_season,2021,Bruce Arians,TB,two_point_toss_ups,67.0
coach_season,2021,Bruce Arians,TB,two_point_wp_lost,0.019577
coach_season,2021,Bruce Arians,TB,two_point_wrong,1.0
coach_season,2021,Bruce Arians,TB,went,20.0
coach_season,2021,Bruce Arians,TB,wp_lost,0.517164
coach_season,2021,Bruce Arians,TB,wp_lost_per_game,0.027219
coach_season,2021,Dan Campbell,DET,aggressiveness,0.533333
coach_season,2021,Dan Campbell,DET,fourth_graded,59.0
coach_season,2021,Dan Campbell,DET,fourth_toss_ups,69.0
coach_season,2021,Dan Campbell,DET,fourth_wp_lost,0.453562
coach_season,2021,Dan Campbell,DET,fourth_wrong,16.0
coach_season,2021,Dan Campbell,DET,games,17.0
coach_season,2021,Dan Campbell,DET,go_clear,30.0
coach_season,2021,Dan Campbell,DET,go_clear_went,16.0
coach_season,2021,Dan Campbell,DET,two_point_graded,1.0
coach_season,2021,Dan Campbell,DET,two_point_toss_ups,33.0
coach_season,2021,Dan Campbell,DET,two_point_wp_lost,0.036103
coach_season,2021,Dan Campbell,DET,two_point_wrong,1.0
coach_season,2021,Dan Campbell,DET,went,39.0
coach_season,2021,Dan Campbell,DET,wp_lost,0.489664
coach_season,2021,Dan Campbell,DET,wp_lost_per_game,0.028804
coach_season,2021,Darrell Bevell,JAX,aggressiveness,0.272727
coach_season,2021,Darrell Bevell,JAX,fourth_graded,16.0
coach_season,2021,Darrell Bevell,JAX,fourth_toss_ups,14.0
coach_season,2021,Darrell Bevell,JAX,fourth_wp_lost,0.198815
coach_season,2021,Darrell Bevell,JAX,fourth_wrong,8.0
coach_season,2021,Darrell Bevell,JAX,games,4.0
coach_season,2021,Darrell Bevell,JAX,go_clear,11.0
coach_season,2021,Darrell Bevell,JAX,go_clear_went,3.0
coach_season,2021,Darrell Bevell,JAX,two_point_graded,0.0
coach_season,2021,Darrell Bevell,JAX,two_point_toss_ups,6.0
coach_season,2021,Darrell Bevell,JAX,two_point_wp_lost,0.0
coach_season,2021,Darrell Bevell,JAX,two_point_wrong,0.0
coach_season,2021,Darrell Bevell,JAX,went,7.0
coach_season,2021,Darrell Bevell,JAX,wp_lost,0.198815
coach_season,2021,Darrell Bevell,JAX,wp_lost_per_game,0.049704
coach_season,2021,David Culley,HOU,aggressiveness,0.304348
coach_season,2021,David Culley,HOU,fourth_graded,42.0
coach_season,2021,David Culley,HOU,fourth_toss_ups,89.0
coach_season,2021,David Culley,HOU,fourth_wp_lost,0.44677
coach_season,2021,David Culley,HOU,fourth_wrong,16.0
coach_season,2021,David Culley,HOU,games,17.0
coach_season,2021,David Culley,HOU,go_clear,23.0
coach_season,2021,David Culley,HOU,go_clear_went,7.0
coach_season,2021,David Culley,HOU,two_point_graded,0.0
coach_season,2021,David Culley,HOU,two_point_toss_ups,31.0
coach_season,2021,David Culley,HOU,two_point_wp_lost,0.0
coach_season,2021,David Culley,HOU,two_point_wrong,0.0
coach_season,2021,David Culley,HOU,went,20.0
coach_season,2021,David Culley,HOU,wp_lost,0.44677
coach_season,2021,David Culley,HOU,wp_lost_per_game,0.026281
coach_season,2021,Frank Reich,IND,aggressiveness,0.62963
coach_season,2021,Frank Reich,IND,fourth_graded,52.0
coach_season,2021,Frank Reich,IND,fourth_toss_ups,62.0
coach_season,2021,Frank Reich,IND,fourth_wp_lost,0.218171
coach_season,2021,Frank Reich,IND,fourth_wrong,10.0
coach_season,2021,Frank Reich,IND,games,17.0
coach_season,2021,Frank Reich,IND,go_clear,27.0
coach_season,2021,Frank Reich,IND,go_clear_went,17.0
coach_season,2021,Frank Reich,IND,two_point_graded,1.0
coach_season,2021,Frank Reich,IND,two_point_toss_ups,51.0
coach_season,2021,Frank Reich,IND,two_point_wp_lost,0.0
coach_season,2021,Frank Reich,IND,two_point_wrong,0.0
coach_season,2021,Frank Reich,IND,went,26.0
coach_season,2021,Frank Reich,IND,wp_lost,0.218171
coach_season,2021,Frank Reich,IND,wp_lost_per_game,0.012834
coach_season,2021,Joe Judge,NYG,aggressiveness,0.290323
coach_season,2021,Joe Judge,NYG,fourth_graded,45.0
coach_season,2021,Joe Judge,NYG,fourth_toss_ups,90.0
coach_season,2021,Joe Judge,NYG,fourth_wp_lost,0.624019
coach_season,2021,Joe Judge,NYG,fourth_wrong,22.0
coach_season,2021,Joe Judge,NYG,games,17.0
coach_season,2021,Joe Judge,NYG,go_clear,31.0
coach_season,2021,Joe Judge,NYG,go_clear_went,9.0
coach_season,2021,Joe Judge,NYG,two_point_graded,0.0
coach_season,2021,Joe Judge,NYG,two_point_toss_ups,22.0
coach_season,2021,Joe Judge,NYG,two_point_wp_lost,0.0
coach_season,2021,Joe Judge,NYG,two_point_wrong,0.0
coach_season,2021,Joe Judge,NYG,went,29.0
coach_season,2021,Joe Judge,NYG,wp_lost,0.624019
coach_season,2021,Joe Judge,NYG,wp_lost_per_game,0.036707
coach_season,2021,John Harbaugh,BAL,aggressiveness,0.580645
coach_season,2021,John Harbaugh,BAL,fourth_graded,51.0
coach_season,2021,John Harbaugh,BAL,fourth_toss_ups,77.0
coach_season,2021,John Harbaugh,BAL,fourth_wp_lost,0.425229
coach_season,2021,John Harbaugh,BAL,fourth_wrong,14.0
coach_season,2021,John Harbaugh,BAL,games,17.0
coach_season,2021,John Harbaugh,BAL,go_clear,31.0
coach_season,2021,John Harbaugh,BAL,go_clear_went,18.0
coach_season,2021,John Harbaugh,BAL,two_point_graded,5.0
coach_season,2021,John Harbaugh,BAL,two_point_toss_ups,35.0
coach_season,2021,John Harbaugh,BAL,two_point_wp_lost,0.091388
coach_season,2021,John Harbaugh,BAL,two_point_wrong,3.0
coach_season,2021,John Harbaugh,BAL,went,27.0
coach_season,2021,John Harbaugh,BAL,wp_lost,0.516617
coach_season,2021,John Harbaugh,BAL,wp_lost_per_game,0.030389
coach_season,2021,Jon Gruden,LV,aggressiveness,0.636364
coach_season,2021,Jon Gruden,LV,fourth_graded,21.0
coach_season,2021,Jon Gruden,LV,fourth_toss_ups,18.0
coach_season,2021,Jon Gruden,LV,fourth_wp_lost,0.08653
coach_season,2021,Jon Gruden,LV,fourth_wrong,4.0
coach_season,2021,Jon Gruden,LV,games,5.0
coach_season,2021,Jon Gruden,LV,go_clear,11.0
coach_season,2021,Jon Gruden,LV,go_clear_went,7.0
coach_season,2021,Jon Gruden,LV,two_point_graded,1.0
coach_season,2021,Jon Gruden,LV,two_point_toss_ups,10.0
coach_season,2021,Jon Gruden,LV,two_point_wp_lost,0.0
coach_season,2021,Jon Gruden,LV,two_point_wrong,0.0
coach_season,2021,Jon Gruden,LV,went,9.0
coach_season,2021,Jon Gruden,LV,wp_lost,0.08653
coach_season,2021,Jon Gruden,LV,wp_lost_per_game,0.017306
coach_season,2021,Kevin Stefanski,CLE,aggressiveness,0.483871
coach_season,2021,Kevin Stefanski,CLE,fourth_graded,53.0
coach_season,2021,Kevin Stefanski,CLE,fourth_toss_ups,59.0
coach_season,2021,Kevin Stefanski,CLE,fourth_wp_lost,0.383505
coach_season,2021,Kevin Stefanski,CLE,fourth_wrong,17.0
coach_season,2021,Kevin Stefanski,CLE,games,17.0
coach_season,2021,Kevin Stefanski,CLE,go_clear,31.0
coach_season,2021,Kevin Stefanski,CLE,go_clear_went,15.0
coach_season,2021,Kevin Stefanski,CLE,two_point_graded,0.0
coach_season,2021,Kevin Stefanski,CLE,two_point_toss_ups,43.0
coach_season,2021,Kevin Stefanski,CLE,two_point_wp_lost,0.0
coach_season,2021,Kevin Stefanski,CLE,two_point_wrong,0.0
coach_season,2021,Kevin Stefanski,CLE,went,27.0
coach_season,2021,Kevin Stefanski,CLE,wp_lost,0.383505
coach_season,2021,Kevin Stefanski,CLE,wp_lost_per_game,0.022559
coach_season,2021,Kliff Kingsbury,ARI,aggressiveness,0.625
coach_season,2021,Kliff Kingsbury,ARI,fourth_graded,44.0
coach_season,2021,Kliff Kingsbury,ARI,fourth_toss_ups,70.0
coach_season,2021,Kliff Kingsbury,ARI,fourth_wp_lost,0.224281
coach_season,2021,Kliff Kingsbury,ARI,fourth_wrong,9.0
coach_season,2021,Kliff Kingsbury,ARI,games,18.0
coach_season,2021,Kliff Kingsbury,ARI,go_clear,24.0
coach_season,2021,Kliff Kingsbury,ARI,go_clear_went,15.0
coach_season,2021,Kliff Kingsbury,ARI,two_point_graded,0.0
coach_season,2021,Kliff Kingsbury,ARI,two_point_toss_ups,52.0
coach_season,2021,Kliff Kingsbury,ARI,two_point_wp_lost,0.0
coach_season,2021,Kliff Kingsbury,ARI,two_point_wrong,0.0
coach_season,2021,Kliff Kingsbury,ARI,went,28.0
coach_season,2021,Kliff Kingsbury,ARI,wp_lost,0.224281
coach_season,2021,Kliff Kingsbury,ARI,wp_lost_per_game,0.01246
coach_season,2021,Kyle Shanahan,SF,aggressiveness,0.35
coach_season,2021,Kyle Shanahan,SF,fourth_graded,58.0
coach_season,2021,Kyle Shanahan,SF,fourth_toss_ups,66.0
coach_season,2021,Kyle Shanahan,SF,fourth_wp_lost,0.658207
coach_season,2021,Kyle Shanahan,SF,fourth_wrong,26.0
coach_season,2021,Kyle Shanahan,SF,games,20.0
coach_season,2021,Kyle Shanahan,SF,go_clear,40.0
coach_season,2021,Kyle Shanahan,SF,go_clear_went,14.0
coach_season,2021,Kyle Shanahan,SF,two_point_graded,3.0
coach_season,2021,Kyle Shanahan,SF,two_point_toss_ups,51.0
coach_season,2021,Kyle Shanahan,SF,two_point_wp_lost,0.018233
coach_season,2021,Kyle Shanahan,SF,two_point_wrong,1.0
coach_season,2021,Kyle Shanahan,SF,went,21.0
coach_season,2021,Kyle Shanahan,SF,wp_lost,0.676439
coach_season,2021,Kyle Shanahan,SF,wp_lost_per_game,0.033822
coach_season,2021,Matt LaFleur,GB,aggressiveness,0.565217
coach_season,2021,Matt LaFleur,GB,fourth_graded,47.0
coach_season,2021,Matt LaFleur,GB,fourth_toss_ups,63.0
coach_season,2021,Matt LaFleur,GB,fourth_wp_lost,0.286288
coach_season,2021,Matt LaFleur,GB,fourth_wrong,10.0
coach_season,2021,Matt LaFleur,GB,games,18.0
coach_season,2021,Matt LaFleur,GB,go_clear,23.0
coach_season,2021,Matt LaFleur,GB,go_clear_went,13.0
coach_season,2021,Matt LaFleur,GB,two_point_graded,0.0
coach_season,2021,Matt LaFleur,GB,two_point_toss_ups,55.0
coach_season,2021,Matt LaFleur,GB,two_point_wp_lost,0.0
coach_season,2021,Matt LaFleur,GB,two_point_wrong,0.0
coach_season,2021,Matt LaFleur,GB,went,21.0
coach_season,2021,Matt LaFleur,GB,wp_lost,0.286288
coach_season,2021,Matt LaFleur,GB,wp_lost_per_game,0.015905
coach_season,2021,Matt Nagy,CHI,aggressiveness,0.533333
coach_season,2021,Matt Nagy,CHI,fourth_graded,46.0
coach_season,2021,Matt Nagy,CHI,fourth_toss_ups,77.0
coach_season,2021,Matt Nagy,CHI,fourth_wp_lost,0.349134
coach_season,2021,Matt Nagy,CHI,fourth_wrong,14.0
coach_season,2021,Matt Nagy,CHI,games,17.0
coach_season,2021,Matt Nagy,CHI,go_clear,30.0
coach_season,2021,Matt Nagy,CHI,go_clear_went,16.0
coach_season,2021,Matt Nagy,CHI,two_point_graded,1.0
coach_season,2021,Matt Nagy,CHI,two_point_toss_ups,31.0
coach_season,2021,Matt Nagy,CHI,two_point_wp_lost,0.0
coach_season,2021,Matt Nagy,CHI,two_point_wrong,0.0
coach_season,2021,Matt Nagy,CHI,went,36.0
coach_season,2021,Matt Nagy,CHI,wp_lost,0.349134
coach_season,2021,Matt Nagy,CHI,wp_lost_per_game,0.020537
coach_season,2021,Matt Rhule,CAR,aggressiveness,0.423077
coach_season,2021,Matt Rhule,CAR,fourth_graded,43.0
coach_season,2021,Matt Rhule,CAR,fourth_toss_ups,91.0
coach_season,2021,Matt Rhule,CAR,fourth_wp_lost,0.39484
coach_season,2021,Matt Rhule,CAR,fourth_wrong,15.0
coach_season,2021,Matt Rhule,CAR,games,17.0
coach_season,2021,Matt Rhule,CAR,go_clear,26.0
coach_season,2021,Matt Rhule,CAR,go_clear_went,11.0
coach_season,2021,Matt Rhule,CAR,two_point_graded,1.0
coach_season,2021,Matt Rhule,CAR,two_point_toss_ups,31.0
coach_season,2021,Matt Rhule,CAR,two_point_wp_lost,0.0
coach_season,2021,Matt Rhule,CAR,two_point_wrong,0.0
coach_season,2021,Matt Rhule,CAR,went,33.0
coach_season,2021,Matt Rhule,CAR,wp_lost,0.39484
coach_season,2021,Matt Rhule,CAR,wp_lost_per_game,0.023226
coach_season,2021,Mike McCarthy,DAL,aggressiveness,0.533333
coach_season,2021,Mike McCarthy,DAL,fourth_graded,53.0
coach_season,2021,Mike McCarthy,DAL,fourth_toss_ups,76.0
coach_season,2021,Mike McCarthy,DAL,fourth_wp_lost,0.348982
coach_season,2021,Mike McCarthy,DAL,fourth_wrong,14.0
coach_season,2021,Mike McCarthy,DAL,games,18.0
coach_season,2021,Mike McCarthy,DAL,go_clear,30.0
coach_season,2021,Mike McCarthy,DAL,go_clear_went,16.0
coach_season,2021,Mike McCarthy,DAL,two_point_graded,0.0
coach_season,2021,Mike McCarthy,DAL,two_point_toss_ups,65.0
coach_season,2021,Mike McCarthy,DAL,two_point_wp_lost,0.0
coach_season,2021,Mike McCarthy,DAL,two_point_wrong,0.0
coach_season,2021,Mike McCarthy,DAL,went,26.0
coach_season,2021,Mike McCarthy,DAL,wp_lost,0.348982
coach_season,2021,Mike McCarthy,DAL,wp_lost_per_game,0.019388
coach_season,2021,Mike Tomlin,PIT,aggressiveness,0.186047
coach_season,2021,Mike Tomlin,PIT,fourth_graded,68.0
coach_season,2021,Mike Tomlin,PIT,fourth_toss_ups,75.0
coach_season,2021,Mike Tomlin,PIT,fourth_wp_lost,1.042169
coach_season,2021,Mike Tomlin,PIT,fourth_wrong,36.0
coach_season,2021,Mike Tomlin,PIT,games,18.0
coach_season,2021,Mike Tomlin,PIT,go_clear,43.0
coach_season,2021,Mike Tomlin,PIT,go_clear_went,8.0
coach_season,2021,Mike Tomlin,PIT,two_point_graded,2.0
coach_season,2021,Mike Tomlin,PIT,two_point_toss_ups,35.0
coach_season,2021,Mike Tomlin,PIT,two_point_wp_lost,0.015332
coach_season,2021,Mike Tomlin,PIT,two_point_wrong,1.0
coach_season,2021,Mike Tomlin,PIT,went,22.0
coach_season,2021,Mike Tomlin,PIT,wp_lost,1.057502
coach_season,2021,Mike Tomlin,PIT,wp_lost_per_game,0.05875
coach_season,2021,Mike Vrabel,TEN,aggressiveness,0.542857
coach_season,2021,Mike Vrabel,TEN,fourth_graded,60.0
coach_season,2021,Mike Vrabel,TEN,fourth_toss_ups,58.0
coach_season,2021,Mike Vrabel,TEN,fourth_wp_lost,0.497884
coach_season,2021,Mike Vrabel,TEN,fourth_wrong,16.0
coach_season,2021,Mike Vrabel,TEN,games,18.0
coach_season,2021,Mike Vrabel,TEN,go_clear,35.0
coach_season,2021,Mike Vrabel,TEN,go_clear_went,19.0
coach_season,2021,Mike Vrabel,TEN,two_point_graded,3.0
coach_season,2021,Mike Vrabel,TEN,two_point_toss_ups,48.0
coach_season,2021,Mike Vrabel,TEN,two_point_wp_lost,0.0
coach_season,2021,Mike Vrabel,TEN,two_point_wrong,0.0
coach_season,2021,Mike Vrabel,TEN,went,25.0
coach_season,2021,Mike Vrabel,TEN,wp_lost,0.497884
coach_season,2021,Mike Vrabel,TEN,wp_lost_per_game,0.02766
coach_season,2021,Mike Zimmer,MIN,aggressiveness,0.366667
coach_season,2021,Mike Zimmer,MIN,fourth_graded,58.0
coach_season,2021,Mike Zimmer,MIN,fourth_toss_ups,70.0
coach_season,2021,Mike Zimmer,MIN,fourth_wp_lost,0.509816
coach_season,2021,Mike Zimmer,MIN,fourth_wrong,19.0
coach_season,2021,Mike Zimmer,MIN,games,17.0
coach_season,2021,Mike Zimmer,MIN,go_clear,30.0
coach_season,2021,Mike Zimmer,MIN,go_clear_went,11.0
coach_season,2021,Mike Zimmer,MIN,two_point_graded,2.0
coach_season,2021,Mike Zimmer,MIN,two_point_toss_ups,45.0
coach_season,2021,Mike Zimmer,MIN,two_point_wp_lost,0.017649
coach_season,2021,Mike Zimmer,MIN,two_point_wrong,1.0
coach_season,2021,Mike Zimmer,MIN,went,20.0
coach_season,2021,Mike Zimmer,MIN,wp_lost,0.527465
coach_season,2021,Mike Zimmer,MIN,wp_lost_per_game,0.031027
coach_season,2021,Nick Sirianni,PHI,aggressiveness,0.478261
coach_season,2021,Nick Sirianni,PHI,fourth_graded,42.0
coach_season,2021,Nick Sirianni,PHI,fourth_toss_ups,78.0
coach_season,2021,Nick Sirianni,PHI,fourth_wp_lost,0.341239
coach_season,2021,Nick Sirianni,PHI,fourth_wrong,12.0
coach_season,2021,Nick Sirianni,PHI,games,18.0
coach_season,2021,Nick Sirianni,PHI,go_clear,23.0
coach_season,2021,Nick Sirianni,PHI,go_clear_went,11.0
coach_season,2021,Nick Sirianni,PHI,two_point_graded,1.0
coach_season,2021,Nick Sirianni,PHI,two_point_toss_ups,51.0
coach_season,2021,Nick Sirianni,PHI,two_point_wp_lost,0.0
coach_season,2021,Nick Sirianni,PHI,two_point_wrong,0.0
coach_season,2021,Nick Sirianni,PHI,went,28.0
coach_season,2021,Nick Sirianni,PHI,wp_lost,0.341239
coach_season,2021,Nick Sirianni,PHI,wp_lost_per_game,0.018958
coach_season,2021,Pete Carroll,SEA,aggressiveness,0.130435
coach_season,2021,Pete Carroll,SEA,fourth_graded,54.0
coach_season,2021,Pete Carroll,SEA,fourth_toss_ups,59.0
coach_season,2021,Pete Carroll,SEA,fourth_wp_lost,0.519286
coach_season,2021,Pete Carroll,SEA,fourth_wrong,20.0
coach_season,2021,Pete Carroll,SEA,games,17.0
coach_season,2021,Pete Carroll,SEA,go_clear,23.0
coach_season,2021,Pete Carroll,SEA,go_clear_went,3.0
coach_season,2021,Pete Carroll,SEA,two_point_graded,1.0
coach_season,2021,Pete Carroll,SEA,two_point_toss_ups,48.0
coach_season,2021,Pete Carroll,SEA,two_point_wp_lost,0.0
coach_season,2021,Pete Carroll,SEA,two_point_wrong,0.0
coach_season,2021,Pete Carroll,SEA,went,10.0
coach_season,2021,Pete Carroll,SEA,wp_lost,0.519286
coach_season,2021,Pete Carroll,SEA,wp_lost_per_game,0.030546
coach_season,2021,Rich Bisaccia,LV,aggressiveness,0.241379
coach_season,2021,Rich Bisaccia,LV,fourth_graded,44.0
coach_season,2021,Rich Bisaccia,LV,fourth_toss_ups,39.0
coach_season,2021,Rich Bisaccia,LV,fourth_wp_lost,0.646328
coach_season,2021,Rich Bisaccia,LV,fourth_wrong,22.0
coach_season,2021,Rich Bisaccia,LV,games,13.0
coach_season,2021,Rich Bisaccia,LV,go_clear,29.0
coach_season,2021,Rich Bisaccia,LV,go_clear_went,7.0
coach_season,2021,Rich Bisaccia,LV,two_point_graded,0.0
coach_season,2021,Rich Bisaccia,LV,two_point_toss_ups,26.0
coach_season,2021,Rich Bisaccia,LV,two_point_wp_lost,0.0
coach_season,2021,Rich Bisaccia,LV,two_point_wrong,0.0
coach_season,2021,Rich Bisaccia,LV,went,12.0
coach_season,2021,Rich Bisaccia,LV,wp_lost,0.646328
coach_season,2021,Rich Bisaccia,LV,wp_lost_per_game,0.049718
coach_season,2021,Robert Saleh,NYJ,aggressiveness,0.388889
coach_season,2021,Robert Saleh,NYJ,fourth_graded,37.0
coach_season,2021,Robert Saleh,NYJ,fourth_toss_ups,86.0
coach_season,2021,Robert Saleh,NYJ,fourth_wp_lost,0.269777
coach_season,2021,Robert Saleh,NYJ,fourth_wrong,11.0
coach_season,2021,Robert Saleh,NYJ,games,17.0
coach_season,2021,Robert Saleh,NYJ,go_clear,18.0
coach_season,2021,Robert Saleh,NYJ,go_clear_went,7.0
coach_season,2021,Robert Saleh,NYJ,two_point_graded,0.0
coach_season,2021,Robert Saleh,NYJ,two_point_toss_ups,36.0
coach_season,2021,Robert Saleh,NYJ,two_point_wp_lost,0.0
coach_season,2021,Robert Saleh,NYJ,two_point_wrong,0.0
coach_season,2021,Robert Saleh,NYJ,went,29.0
coach_season,2021,Robert Saleh,NYJ,wp_lost,0.269777
coach_season,2021,Robert Saleh,NYJ,wp_lost_per_game,0.015869
coach_season,2021,Ron Rivera,WAS,aggressiveness,0.425
coach_season,2021,Ron Rivera,WAS,fourth_graded,59.0
coach_season,2021,Ron Rivera,WAS,fourth_toss_ups,63.0
coach_season,2021,Ron Rivera,WAS,fourth_wp_lost,0.535094
coach_season,2021,Ron Rivera,WAS,fourth_wrong,23.0
coach_season,2021,Ron Rivera,WAS,games,17.0
coach_season,2021,Ron Rivera,WAS,go_clear,40.0
coach_season,2021,Ron Rivera,WAS,go_clear_went,17.0
coach_season,2021,Ron Rivera,WAS,two_point_graded,0.0
coach_season,2021,Ron Rivera,WAS,two_point_toss_ups,37.0
coach_season,2021,Ron Rivera,WAS,two_point_wp_lost,0.0
coach_season,2021,Ron Rivera,WAS,two_point_wrong,0.0
coach_season,2021,Ron Rivera,WAS,went,30.0
coach_season,2021,Ron Rivera,WAS,wp_lost,0.535094
coach_season,2021,Ron Rivera,WAS,wp_lost_per_game,0.031476
coach_season,2021,Sean McDermott,BUF,aggressiveness,0.413793
coach_season,2021,Sean McDermott,BUF,fourth_graded,49.0
coach_season,2021,Sean McDermott,BUF,fourth_toss_ups,61.0
coach_season,2021,Sean McDermott,BUF,fourth_wp_lost,0.434885
coach_season,2021,Sean McDermott,BUF,fourth_wrong,20.0
coach_season,2021,Sean McDermott,BUF,games,18.0
coach_season,2021,Sean McDermott,BUF,go_clear,29.0
coach_season,2021,Sean McDermott,BUF,go_clear_went,12.0
coach_season,2021,Sean McDermott,BUF,two_point_graded,1.0
coach_season,2021,Sean McDermott,BUF,two_point_toss_ups,68.0
coach_season,2021,Sean McDermott,BUF,two_point_wp_lost,0.017647
coach_season,2021,Sean McDermott,BUF,two_point_wrong,1.0
coach_season,2021,Sean McDermott,BUF,went,26.0
coach_season,2021,Sean McDermott,BUF,wp_lost,0.452532
coach_season,2021,Sean McDermott,BUF,wp_lost_per_game,0.025141
coach_season,2021,Sean McVay,LA,aggressiveness,0.392857
coach_season,2021,Sean McVay,LA,fourth_graded,54.0
coach_season,2021,Sean McVay,LA,fourth_toss_ups,75.0
coach_season,2021,Sean McVay,LA,fourth_wp_lost,0.471648
coach_season,2021,Sean McVay,LA,fourth_wrong,18.0
coach_season,2021,Sean McVay,LA,games,21.0
coach_season,2021,Sean McVay,LA,go_clear,28.0
coach_season,2021,Sean McVay,LA,go_clear_went,11.0
coach_season,2021,Sean McVay,LA,two_point_graded,2.0
coach_season,2021,Sean McVay,LA,two_point_toss_ups,62.0
coach_season,2021,Sean McVay,LA,two_point_wp_lost,0.023505
coach_season,2021,Sean McVay,LA,two_point_wrong,1.0
coach_season,2021,Sean McVay,LA,went,19.0
coach_season,2021,Sean McVay,LA,wp_lost,0.495153
coach_season,2021,Sean McVay,LA,wp_lost_per_game,0.023579
coach_season,2021,Sean Payton,NO,aggressiveness,0.461538
coach_season,2021,Sean Payton,NO,fourth_graded,48.0
coach_season,2021,Sean Payton,NO,fourth_toss_ups,85.0
coach_season,2021,Sean Payton,NO,fourth_wp_lost,0.434056
coach_season,2021,Sean Payton,NO,fourth_wrong,14.0
coach_season,2021,Sean Payton,NO,games,17.0
coach_season,2021,Sean Payton,NO,go_clear,26.0
coach_season,2021,Sean Payton,NO,go_clear_went,12.0
coach_season,2021,Sean Payton,NO,two_point_graded,2.0
coach_season,2021,Sean Payton,NO,two_point_toss_ups,41.0
coach_season,2021,Sean Payton,NO,two_point_wp_lost,0.026306
coach_season,2021,Sean Payton,NO,two_point_wrong,1.0
coach_season,2021,Sean Payton,NO,went,21.0
coach_season,2021,Sean Payton,NO,wp_lost,0.460362
coach_season,2021,Sean Payton,NO,wp_lost_per_game,0.02708
coach_season,2021,Urban Meyer,JAX,aggressiveness,0.36
coach_season,2021,Urban Meyer,JAX,fourth_graded,34.0
coach_season,2021,Urban Meyer,JAX,fourth_toss_ups,60.0
coach_season,2021,Urban Meyer,JAX,fourth_wp_lost,0.37766
coach_season,2021,Urban Meyer,JAX,fourth_wrong,16.0
coach_season,2021,Urban Meyer,JAX,games,13.0
coach_season,2021,Urban Meyer,JAX,go_clear,25.0
coach_season,2021,Urban Meyer,JAX,go_clear_went,9.0
coach_season,2021,Urban Meyer,JAX,two_point_graded,0.0
coach_season,2021,Urban Meyer,JAX,two_point_toss_ups,22.0
coach_season,2021,Urban Meyer,JAX,two_point_wp_lost,0.0
coach_season,2021,Urban Meyer,JAX,two_point_wrong,0.0
coach_season,2021,Urban Meyer,JAX,went,22.0
coach_season,2021,Urban Meyer,JAX,wp_lost,0.37766
coach_season,2021,Urban Meyer,JAX,wp_lost_per_game,0.029051
coach_season,2021,Vic Fangio,DEN,aggressiveness,0.424242
coach_season,2021,Vic Fangio,DEN,fourth_graded,49.0
coach_season,2021,Vic Fangio,DEN,fourth_toss_ups,73.0
coach_season,2021,Vic Fangio,DEN,fourth_wp_lost,0.427721
coach_season,2021,Vic Fangio,DEN,fourth_wrong,19.0
coach_season,2021,Vic Fangio,DEN,games,17.0
coach_season,2021,Vic Fangio,DEN,go_clear,33.0
coach_season,2021,Vic Fangio,DEN,go_clear_went,14.0
coach_season,2021,Vic Fangio,DEN,two_point_graded,0.0
coach_season,2021,Vic Fangio,DEN,two_point_toss_ups,37.0
coach_season,2021,Vic Fangio,DEN,two_point_wp_lost,0.0
coach_season,2021,Vic Fangio,DEN,two_point_wrong,0.0
coach_season,2021,Vic Fangio,DEN,went,26.0
coach_season,2021,Vic Fangio,DEN,wp_lost,0.427721
coach_season,2021,Vic Fangio,DEN,wp_lost_per_game,0.02516
coach_season,2021,Zac Taylor,CIN,aggressiveness,0.348837
coach_season,2021,Zac Taylor,CIN,fourth_graded,71.0
coach_season,2021,Zac Taylor,CIN,fourth_toss_ups,74.0
coach_season,2021,Zac Taylor,CIN,fourth_wp_lost,0.922823
coach_season,2021,Zac Taylor,CIN,fourth_wrong,28.0
coach_season,2021,Zac Taylor,CIN,games,21.0
coach_season,2021,Zac Taylor,CIN,go_clear,43.0
coach_season,2021,Zac Taylor,CIN,go_clear_went,15.0
coach_season,2021,Zac Taylor,CIN,two_point_graded,2.0
coach_season,2021,Zac Taylor,CIN,two_point_toss_ups,59.0
coach_season,2021,Zac Taylor,CIN,two_point_wp_lost,0.0
coach_season,2021,Zac Taylor,CIN,two_point_wrong,0.0
coach_season,2021,Zac Taylor,CIN,went,24.0
coach_season,2021,Zac Taylor,CIN,wp_lost,0.922823
coach_season,2021,Zac Taylor,CIN,wp_lost_per_game,0.043944
coach_season,2022,Andy Reid,KC,aggressiveness,0.388889
coach_season,2022,Andy Reid,KC,fourth_graded,42.0
coach_season,2022,Andy Reid,KC,fourth_toss_ups,66.0
coach_season,2022,Andy Reid,KC,fourth_wp_lost,0.406014
coach_season,2022,Andy Reid,KC,fourth_wrong,13.0
coach_season,2022,Andy Reid,KC,games,20.0
coach_season,2022,Andy Reid,KC,go_clear,18.0
coach_season,2022,Andy Reid,KC,go_clear_went,7.0
coach_season,2022,Andy Reid,KC,two_point_graded,2.0
coach_season,2022,Andy Reid,KC,two_point_toss_ups,68.0
coach_season,2022,Andy Reid,KC,two_point_wp_lost,0.017194
coach_season,2022,Andy Reid,KC,two_point_wrong,1.0
coach_season,2022,Andy Reid,KC,went,13.0
coach_season,2022,Andy Reid,KC,wp_lost,0.423208
coach_season,2022,Andy Reid,KC,wp_lost_per_game,0.02116
coach_season,2022,Arthur Smith,ATL,aggressiveness,0.578947
coach_season,2022,Arthur Smith,ATL,fourth_graded,42.0
coach_season,2022,Arthur Smith,ATL,fourth_toss_ups,66.0
coach_season,2022,Arthur Smith,ATL,fourth_wp_lost,0.259446
coach_season,2022,Arthur Smith,ATL,fourth_wrong,9.0
coach_season,2022,Arthur Smith,ATL,games,17.0
coach_season,2022,Arthur Smith,ATL,go_clear,19.0
coach_season,2022,Arthur Smith,ATL,go_clear_went,11.0
coach_season,2022,Arthur Smith,ATL,two_point_graded,0.0
coach_season,2022,Arthur Smith,ATL,two_point_toss_ups,38.0
coach_season,2022,Arthur Smith,ATL,two_point_wp_lost,0.0
coach_season,2022,Arthur Smith,ATL,two_point_wrong,0.0
coach_season,2022,Arthur Smith,ATL,went,18.0
coach_season,2022,Arthur Smith,ATL,wp_lost,0.259446
coach_season,2022,Arthur Smith,ATL,wp_lost_per_game,0.015262
coach_season,2022,Bill Belichick,NE,aggressiveness,0.208333
coach_season,2022,Bill Belichick,NE,fourth_graded,46.0
coach_season,2022,Bill Belichick,NE,fourth_toss_ups,79.0
coach_season,2022,Bill Belichick,NE,fourth_wp_lost,0.627932
coach_season,2022,Bill Belichick,NE,fourth_wrong,19.0
coach_season,2022,Bill Belichick,NE,games,17.0
coach_season,2022,Bill Belichick,NE,go_clear,24.0
coach_season,2022,Bill Belichick,NE,go_clear_went,5.0
coach_season,2022,Bill Belichick,NE,two_point_graded,0.0
coach_season,2022,Bill Belichick,NE,two_point_toss_ups,39.0
coach_season,2022,Bill Belichick,NE,two_point_wp_lost,0.0
coach_season,2022,Bill Belichick,NE,two_point_wrong,0.0
coach_season,2022,Bill Belichick,NE,went,13.0
coach_season,2022,Bill Belichick,NE,wp_lost,0.627932
coach_season,2022,Bill Belichick,NE,wp_lost_per_game,0.036937
coach_season,2022,Brandon Staley,LAC,aggressiveness,0.5
coach_season,2022,Brandon Staley,LAC,fourth_graded,62.0
coach_season,2022,Brandon Staley,LAC,fourth_toss_ups,74.0
coach_season,2022,Brandon Staley,LAC,fourth_wp_lost,0.546309
coach_season,2022,Brandon Staley,LAC,fourth_wrong,19.0
coach_season,2022,Brandon Staley,LAC,games,18.0
coach_season,2022,Brandon Staley,LAC,go_clear,38.0
coach_season,2022,Brandon Staley,LAC,go_clear_went,19.0
coach_season,2022,Brandon Staley,LAC,two_point_graded,1.0
coach_season,2022,Brandon Staley,LAC,two_point_toss_ups,44.0
coach_season,2022,Brandon Staley,LAC,two_point_wp_lost,0.037242
coach_season,2022,Brandon Staley,LAC,two_point_wrong,1.0
coach_season,2022,Brandon Staley,LAC,went,26.0
coach_season,2022,Brandon Staley,LAC,wp_lost,0.583551
coach_season,2022,Brandon Staley,LAC,wp_lost_per_game,0.032419
coach_season,2022,Brian Daboll,NYG,aggressiveness,0.291667
coach_season,2022,Brian Daboll,NYG,fourth_graded,47.0
coach_season,2022,Brian Daboll,NYG,fourth_toss_ups,89.0
coach_season,2022,Brian Daboll,NYG,fourth_wp_lost,0.411828
coach_season,2022,Brian Daboll,NYG,fourth_wrong,17.0
coach_season,2022,Brian Daboll,NYG,games,19.0
coach_season,2022,Brian Daboll,NYG,go_clear,24.0
coach_season,2022,Brian Daboll,NYG,go_clear_went,7.0
coach_season,2022,Brian Daboll,NYG,two_point_graded,2.0
coach_season,2022,Brian Daboll,NYG,two_point_toss_ups,43.0
coach_season,2022,Brian Daboll,NYG,two_point_wp_lost,0.01666
coach_season,2022,Brian Daboll,NYG,two_point_wrong,1.0
coach_season,2022,Brian Daboll,NYG,went,25.0
coach_season,2022,Brian Daboll,NYG,wp_lost,0.428488
coach_season,2022,Brian Daboll,NYG,wp_lost_per_game,0.022552
coach_season,2022,Dan Campbell,DET,aggressiveness,0.636364
coach_season,2022,Dan Campbell,DET,fourth_graded,51.0
coach_season,2022,Dan Campbell,DET,fourth_toss_ups,65.0
coach_season,2022,Dan Campbell,DET,fourth_wp_lost,0.297125
coach_season,2022,Dan Campbell,DET,fourth_wrong,13.0
coach_season,2022,Dan Campbell,DET,games,17.0
coach_season,2022,Dan Campbell,DET,go_clear,33.0
coach_season,2022,Dan Campbell,DET,go_clear_went,21.0
coach_season,2022,Dan Campbell,DET,two_point_graded,2.0
coach_season,2022,Dan Campbell,DET,two_point_toss_ups,52.0
coach_season,2022,Dan Campbell,DET,two_point_wp_lost,0.0
coach_season,2022,Dan Campbell,DET,two_point_wrong,0.0
coach_season,2022,Dan Campbell,DET,went,36.0
coach_season,2022,Dan Campbell,DET,wp_lost,0.297125
coach_season,2022,Dan Campbell,DET,wp_lost_per_game,0.017478
coach_season,2022,Dennis Allen,NO,aggressiveness,0.166667
coach_season,2022,Dennis Allen,NO,fourth_graded,49.0
coach_season,2022,Dennis Allen,NO,fourth_toss_ups,63.0
coach_season,2022,Dennis Allen,NO,fourth_wp_lost,0.546146
coach_season,2022,Dennis Allen,NO,fourth_wrong,21.0
coach_season,2022,Dennis Allen,NO,games,17.0
coach_season,2022,Dennis Allen,NO,go_clear,24.0
coach_season,2022,Dennis Allen,NO,go_clear_went,4.0
coach_season,2022,Dennis Allen,NO,two_point_graded,0.0
coach_season,2022,Dennis Allen,NO,two_point_toss_ups,37.0
coach_season,2022,Dennis Allen,NO,two_point_wp_lost,0.0
coach_season,2022,Dennis Allen,NO,two_point_wrong,0.0
coach_season,2022,Dennis Allen,NO,went,9.0
coach_season,2022,Dennis Allen,NO,wp_lost,0.546146
coach_season,2022,Dennis Allen,NO,wp_lost_per_game,0.032126
coach_season,2022,Doug Pederson,JAX,aggressiveness,0.5
coach_season,2022,Doug Pederson,JAX,fourth_graded,41.0
coach_season,2022,Doug Pederson,JAX,fourth_toss_ups,87.0
coach_season,2022,Doug Pederson,JAX,fourth_wp_lost,0.396743
coach_season,2022,Doug Pederson,JAX,fourth_wrong,15.0
coach_season,2022,Doug Pederson,JAX,games,19.0
coach_season,2022,Doug Pederson,JAX,go_clear,30.0
coach_season,2022,Doug Pederson,JAX,go_clear_went,15.0
coach_season,2022,Doug Pederson,JAX,two_point_graded,1.0
coach_season,2022,Doug Pederson,JAX,two_point_toss_ups,48.0
coach_season,2022,Doug Pederson,JAX,two_point_wp_lost,0.0
coach_season,2022,Doug Pederson,JAX,two_point_wrong,0.0
coach_season,2022,Doug Pederson,JAX,went,29.0
coach_season,2022,Doug Pederson,JAX,wp_lost,0.396743
coach_season,2022,Doug Pederson,JAX,wp_lost_per_game,0.020881
coach_season,2022,Frank Reich,IND,aggressiveness,0.263158
coach_season,2022,Frank Reich,IND,fourth_graded,30.0
coach_season,2022,Frank Reich,IND,fourth_toss_ups,39.0
coach_season,2022,Frank Reich,IND,fourth_wp_lost,0.401909
coach_season,2022,Frank Reich,IND,fourth_wrong,15.0
coach_season,2022,Frank Reich,IND,games,9.0
coach_season,2022,Frank Reich,IND,go_clear,19.0
coach_season,2022,Frank Reich,IND,go_clear_went,5.0
coach_season,2022,Frank Reich,IND,two_point_graded,1.0
coach_season,2022,Frank Reich,IND,two_point_toss_ups,11.0
coach_season,2022,Frank Reich,IND,two_point_wp_lost,0.0
coach_season,2022,Frank Reich,IND,two_point_wrong,0.0
coach_season,2022,Frank Reich,IND,went,9.0
coach_season,2022,Frank Reich,IND,wp_lost,0.401909
coach_season,2022,Frank Reich,IND,wp_lost_per_game,0.044657
coach_season,2022,Jay Rosburg,DEN,aggressiveness,1.0
coach_season,2022,Jay Rosburg,DEN,fourth_graded,8.0
coach_season,2022,Jay Rosburg,DEN,fourth_toss_ups,7.0
coach_season,2022,Jay Rosburg,DEN,fourth_wp_lost,0.0
coach_season,2022,Jay Rosburg,DEN,fourth_wrong,0.0
coach_season,2022,Jay Rosburg,DEN,games,2.0
coach_season,2022,Jay Rosburg,DEN,go_clear,3.0
coach_season,2022,Jay Rosburg,DEN,go_clear_went,3.0
coach_season,2022,Jay Rosburg,DEN,two_point_graded,0.0
coach_season,2022,Jay Rosburg,DEN,two_point_toss_ups,7.0
coach_season,2022,Jay Rosburg,DEN,two_point_wp_lost,0.0
coach_season,2022,Jay Rosburg,DEN,two_point_wrong,0.0
coach_season,2022,Jay Rosburg,DEN,went,3.0
coach_season,2022,Jay Rosburg,DEN,wp_lost,0.0
coach_season,2022,Jay Rosburg,DEN,wp_lost_per_game,0.0
coach_season,2022,Jeff Saturday,IND,aggressiveness,0.666667
coach_season,2022,Jeff Saturday,IND,fourth_graded,25.0
coach_season,2022,Jeff Saturday,IND,fourth_toss_ups,39.0
coach_season,2022,Jeff Saturday,IND,fourth_wp_lost,0.200167
coach_season,2022,Jeff Saturday,IND,fourth_wrong,5.0
coach_season,2022,Jeff Saturday,IND,games,8.0
coach_season,2022,Jeff Saturday,IND,go_clear,12.0
coach_season,2022,Jeff Saturday,IND,go_clear_went,8.0
coach_season,2022,Jeff Saturday,IND,two_point_graded,0.0
coach_season,2022,Jeff Saturday,IND,two_point_toss_ups,16.0
coach_season,2022,Jeff Saturday,IND,two_point_wp_lost,0.0
coach_season,2022,Jeff Saturday,IND,two_point_wrong,0.0
coach_season,2022,Jeff Saturday,IND,went,17.0
coach_season,2022,Jeff Saturday,IND,wp_lost,0.200167
coach_season,2022,Jeff Saturday,IND,wp_lost_per_game,0.025021
coach_season,2022,John Harbaugh,BAL,aggressiveness,0.555556
coach_season,2022,John Harbaugh,BAL,fourth_graded,43.0
coach_season,2022,John Harbaugh,BAL,fourth_toss_ups,75.0
coach_season,2022,John Harbaugh,BAL,fourth_wp_lost,0.331751
coach_season,2022,John Harbaugh,BAL,fourth_wrong,12.0
coach_season,2022,John Harbaugh,BAL,games,18.0
coach_season,2022,John Harbaugh,BAL,go_clear,27.0
coach_season,2022,John Harbaugh,BAL,go_clear_went,15.0
coach_season,2022,John Harbaugh,BAL,two_point_graded,1.0
coach_season,2022,John Harbaugh,BAL,two_point_toss_ups,35.0
coach_season,2022,John Harbaugh,BAL,two_point_wp_lost,0.0
coach_season,2022,John Harbaugh,BAL,two_point_wrong,0.0
coach_season,2022,John Harbaugh,BAL,went,20.0
coach_season,2022,John Harbaugh,BAL,wp_lost,0.331751
coach_season,2022,John Harbaugh,BAL,wp_lost_per_game,0.018431
coach_season,2022,Josh McDaniels,LV,aggressiveness,0.483871
coach_season,2022,Josh McDaniels,LV,fourth_graded,50.0
coach_season,2022,Josh McDaniels,LV,fourth_toss_ups,65.0
coach_season,2022,Josh McDaniels,LV,fourth_wp_lost,0.561377
coach_season,2022,Josh McDaniels,LV,fourth_wrong,16.0
coach_season,2022,Josh McDaniels,LV,games,17.0
coach_season,2022,Josh McDaniels,LV,go_clear,31.0
coach_season,2022,Josh McDaniels,LV,go_clear_went,15.0
coach_season,2022,Josh McDaniels,LV,two_point_graded,3.0
coach_season,2022,Josh McDaniels,LV,two_point_toss_ups,37.0
coach_season,2022,Josh McDaniels,LV,two_point_wp_lost,0.015604
coach_season,2022,Josh McDaniels,LV,two_point_wrong,1.0
coach_season,2022,Josh McDaniels,LV,went,24.0
coach_season,2022,Josh McDaniels,LV,wp_lost,0.576981
coach_season,2022,Josh McDaniels,LV,wp_lost_per_game,0.03394
coach_season,2022,Kevin O'Connell,MIN,aggressiveness,0.459459
coach_season,2022,Kevin O'Connell,MIN,fourth_graded,61.0
coach_season,2022,Kevin O'Connell,MIN,fourth_toss_ups,64.0
coach_season,2022,Kevin O'Connell,MIN,fourth_wp_lost,0.489209
coach_season,2022,Kevin O'Connell,MIN,fourth_wrong,20.0
coach_season,2022,Kevin O'Connell,MIN,games,18.0
coach_season,2022,Kevin O'Connell,MIN,go_clear,37.0
coach_season,2022,Kevin O'Connell,MIN,go_clear_went,17.0
coach_season,2022,Kevin O'Connell,MIN,two_point_graded,3.0
coach_season,2022,Kevin O'Connell,MIN,two_point_toss_ups,50.0
coach_season,2022,Kevin O'Connell,MIN,two_point_wp_lost,0.01595
coach_season,2022,Kevin O'Connell,MIN,two_point_wrong,1.0
coach_season,2022,Kevin O'Connell,MIN,went,21.0
coach_season,2022,Kevin O'Connell,MIN,wp_lost,0.505158
coach_season,2022,Kevin O'Connell,MIN,wp_lost_per_game,0.028064
coach_season,2022,Kevin Stefanski,CLE,aggressiveness,0.571429
coach_season,2022,Kevin Stefanski,CLE,fourth_graded,63.0
coach_season,2022,Kevin Stefanski,CLE,fourth_toss_ups,69.0
coach_season,2022,Kevin Stefanski,CLE,fourth_wp_lost,0.399254
coach_season,2022,Kevin Stefanski,CLE,fourth_wrong,17.0
coach_season,2022,Kevin Stefanski,CLE,games,17.0
coach_season,2022,Kevin Stefanski,CLE,go_clear,35.0
coach_season,2022,Kevin Stefanski,CLE,go_clear_went,20.0
coach_season,2022,Kevin Stefanski,CLE,two_point_graded,2.0
coach_season,2022,Kevin Stefanski,CLE,two_point_toss_ups,37.0
coach_season,2022,Kevin Stefanski,CLE,two_point_wp_lost,0.015106
coach_season,2022,Kevin Stefanski,CLE,two_point_wrong,1.0
coach_season,2022,Kevin Stefanski,CLE,went,40.0
coach_season,2022,Kevin Stefanski,CLE,wp_lost,0.41436
coach_season,2022,Kevin Stefanski,CLE,wp_lost_per_game,0.024374
coach_season,2022,Kliff Kingsbury,ARI,aggressiveness,0.612903
coach_season,2022,Kliff Kingsbury,ARI,fourth_graded,54.0
coach_season,2022,Kliff Kingsbury,ARI,fourth_toss_ups,82.0
coach_season,2022,Kliff Kingsbury,ARI,fourth_wp_lost,0.294435
coach_season,2022,Kliff Kingsbury,ARI,fourth_wrong,13.0
coach_season,2022,Kliff Kingsbury,ARI,games,17.0
coach_season,2022,Kliff Kingsbury,ARI,go_clear,31.0
coach_season,2022,Kliff Kingsbury,ARI,go_clear_went,19.0
coach_season,2022,Kliff Kingsbury,ARI,two_point_graded,1.0
coach_season,2022,Kliff Kingsbury,ARI,two_point_toss_ups,35.0
coach_season,2022,Kliff Kingsbury,ARI,two_point_wp_lost,0.0
coach_season,2022,Kliff Kingsbury,ARI,two_point_wrong,0.0
coach_season,2022,Kliff Kingsbury,ARI,went,40.0
coach_season,2022,Kliff Kingsbury,ARI,wp_lost,0.294435
coach_season,2022,Kliff Kingsbury,ARI,wp_lost_per_game,0.01732
coach_season,2022,Kyle Shanahan,SF,aggressiveness,0.304348
coach_season,2022,Kyle Shanahan,SF,fourth_graded,40.0
coach_season,2022,Kyle Shanahan,SF,fourth_toss_ups,85.0
coach_season,2022,Kyle Shanahan,SF,fourth_wp_lost,0.372567
coach_season,2022,Kyle Shanahan,SF,fourth_wrong,16.0
coach_season,2022,Kyle Shanahan,SF,games,20.0
coach_season,2022,Kyle Shanahan,SF,go_clear,23.0
coach_season,2022,Kyle Shanahan,SF,go_clear_went,7.0
coach_season,2022,Kyle Shanahan,SF,two_point_graded,0.0
coach_season,2022,Kyle Shanahan,SF,two_point_toss_ups,59.0
coach_season,2022,Kyle Shanahan,SF,two_point_wp_lost,0.0
coach_season,2022,Kyle Shanahan,SF,two_point_wrong,0.0
coach_season,2022,Kyle Shanahan,SF,went,18.0
coach_season,2022,Kyle Shanahan,SF,wp_lost,0.372567
coach_season,2022,Kyle Shanahan,SF,wp_lost_per_game,0.018628
coach_season,2022,Lovie Smith,HOU,aggressiveness,0.259259
coach_season,2022,Lovie Smith,HOU,fourth_graded,49.0
coach_season,2022,Lovie Smith,HOU,fourth_toss_ups,94.0
coach_season,2022,Lovie Smith,HOU,fourth_wp_lost,0.602218
coach_season,2022,Lovie Smith,HOU,fourth_wrong,20.0
coach_season,2022,Lovie Smith,HOU,games,17.0
coach_season,2022,Lovie Smith,HOU,go_clear,27.0
coach_season,2022,Lovie Smith,HOU,go_clear_went,7.0
coach_season,2022,Lovie Smith,HOU,two_point_graded,2.0
coach_season,2022,Lovie Smith,HOU,two_point_toss_ups,27.0
coach_season,2022,Lovie Smith,HOU,two_point_wp_lost,0.07507
coach_season,2022,Lovie Smith,HOU,two_point_wrong,2.0
coach_season,2022,Lovie Smith,HOU,went,26.0
coach_season,2022,Lovie Smith,HOU,wp_lost,0.677288
coach_season,2022,Lovie Smith,HOU,wp_lost_per_game,0.03984
coach_season,2022,Matt Eberflus,CHI,aggressiveness,0.473684
coach_season,2022,Matt Eberflus,CHI,fourth_graded,41.0
coach_season,2022,Matt Eberflus,CHI,fourth_toss_ups,74.0
coach_season,2022,Matt Eberflus,CHI,fourth_wp_lost,0.309457
coach_season,2022,Matt Eberflus,CHI,fourth_wrong,12.0
coach_season,2022,Matt Eberflus,CHI,games,17.0
coach_season,2022,Matt Eberflus,CHI,go_clear,19.0
coach_season,2022,Matt Eberflus,CHI,go_clear_went,9.0
coach_season,2022,Matt Eberflus,CHI,two_point_graded,1.0
coach_season,2022,Matt Eberflus,CHI,two_point_toss_ups,36.0
coach_season,2022,Matt Eberflus,CHI,two_point_wp_lost,0.018052
coach_season,2022,Matt Eberflus,CHI,two_point_wrong,1.0
coach_season,2022,Matt Eberflus,CHI,went,24.0
coach_season,2022,Matt Eberflus,CHI,wp_lost,0.327509
coach_season,2022,Matt Eberflus,CHI,wp_lost_per_game,0.019265
coach_season,2022,Matt LaFleur,GB,aggressiveness,0.677419
coach_season,2022,Matt LaFleur,GB,fourth_graded,50.0
coach_season,2022,Matt LaFleur,GB,fourth_toss_ups,58.0
coach_season,2022,Matt LaFleur,GB,fourth_wp_lost,0.245939
coach_season,2022,Matt LaFleur,GB,fourth_wrong,11.0
coach_season,2022,Matt LaFleur,GB,games,17.0
coach_season,2022,Matt LaFleur,GB,go_clear,31.0
coach_season,2022,Matt LaFleur,GB,go_clear_went,21.0
coach_season,2022,Matt LaFleur,GB,two_point_graded,0.0
coach_season,2022,Matt LaFleur,GB,two_point_toss_ups,42.0
coach_season,2022,Matt LaFleur,GB,two_point_wp_lost,0.0
coach_season,2022,Matt LaFleur,GB,two_point_wrong,0.0
coach_season,2022,Matt LaFleur,GB,went,31.0
coach_season,2022,Matt LaFleur,GB,wp_lost,0.245939
coach_season,2022,Matt LaFleur,GB,wp_lost_per_game,0.014467
coach_season,2022,Matt Rhule,CAR,aggressiveness,0.5
coach_season,2022,Matt Rhule,CAR,fourth_graded,20.0
coach_season,2022,Matt Rhule,CAR,fourth_toss_ups,24.0
coach_season,2022,Matt Rhule,CAR,fourth_wp_lost,0.097536
coach_season,2022,Matt Rhule,CAR,fourth_wrong,5.0
coach_season,2022,Matt Rhule,CAR,games,5.0
coach_season,2022,Matt Rhule,CAR,go_clear,10.0
coach_season,2022,Matt Rhule,CAR,go_clear_went,5.0
coach_season,2022,Matt Rhule,CAR,two_point_graded,0.0
coach_season,2022,Matt Rhule,CAR,two_point_toss_ups,9.0
coach_season,2022,Matt Rhule,CAR,two_point_wp_lost,0.0
coach_season,2022,Matt Rhule,CAR,two_point_wrong,0.0
coach_season,2022,Matt Rhule,CAR,went,10.0
coach_season,2022,Matt Rhule,CAR,wp_lost,0.097536
coach_season,2022,Matt Rhule,CAR,wp_lost_per_game,0.019507
coach_season,2022,Mike McCarthy,DAL,aggressiveness,0.478261
coach_season,2022,Mike McCarthy,DAL,fourth_graded,48.0
coach_season,2022,Mike McCarthy,DAL,fourth_toss_ups,81.0
coach_season,2022,Mike McCarthy,DAL,fourth_wp_lost,0.256326
coach_season,2022,Mike McCarthy,DAL,fourth_wrong,12.0
coach_season,2022,Mike McCarthy,DAL,games,19.0
coach_season,2022,Mike McCarthy,DAL,go_clear,23.0
coach_season,2022,Mike McCarthy,DAL,go_clear_went,11.0
coach_season,2022,Mike McCarthy,DAL,two_point_graded,1.0
coach_season,2022,Mike McCarthy,DAL,two_point_toss_ups,60.0
coach_season,2022,Mike McCarthy,DAL,two_point_wp_lost,0.015384
coach_season,2022,Mike McCarthy,DAL,two_point_wrong,1.0
coach_season,2022,Mike McCarthy,DAL,went,22.0
coach_season,2022,Mike McCarthy,DAL,wp_lost,0.27171
coach_season,2022,Mike McCarthy,DAL,wp_lost_per_game,0.014301
coach_season,2022,Mike McDaniel,MIA,aggressiveness,0.454545
coach_season,2022,Mike McDaniel,MIA,fourth_graded,57.0
coach_season,2022,Mike McDaniel,MIA,fourth_toss_ups,69.0
coach_season,2022,Mike McDaniel,MIA,fourth_wp_lost,0.422718
coach_season,2022,Mike McDaniel,MIA,fourth_wrong,18.0
coach_season,2022,Mike McDaniel,MIA,games,18.0
coach_season,2022,Mike McDaniel,MIA,go_clear,33.0
coach_season,2022,Mike McDaniel,MIA,go_clear_went,15.0
coach_season,2022,Mike McDaniel,MIA,two_point_graded,0.0
coach_season,2022,Mike McDaniel,MIA,two_point_toss_ups,49.0
coach_season,2022,Mike McDaniel,MIA,two_point_wp_lost,0.0
coach_season,2022,Mike McDaniel,MIA,two_point_wrong,0.0
coach_season,2022,Mike McDaniel,MIA,went,26.0
coach_season,2022,Mike McDaniel,MIA,wp_lost,0.422718
coach_season,2022,Mike McDaniel,MIA,wp_lost_per_game,0.023484
coach_season,2022,Mike Tomlin,PIT,aggressiveness,0.235294
coach_season,2022,Mike Tomlin,PIT,fourth_graded,57.0
coach_season,2022,Mike Tomlin,PIT,fourth_toss_ups,68.0
coach_season,2022,Mike Tomlin,PIT,fourth_wp_lost,0.721585
coach_season,2022,Mike Tomlin,PIT,fourth_wrong,26.0
coach_season,2022,Mike Tomlin,PIT,games,17.0
coach_season,2022,Mike Tomlin,PIT,go_clear,34.0
coach_season,2022,Mike Tomlin,PIT,go_clear_went,8.0
coach_season,2022,Mike Tomlin,PIT,two_point_graded,2.0
coach_season,2022,Mike Tomlin,PIT,two_point_toss_ups,27.0
coach_season,2022,Mike Tomlin,PIT,two_point_wp_lost,0.0
coach_season,2022,Mike Tomlin,PIT,two_point_wrong,0.0
coach_season,2022,Mike Tomlin,PIT,went,15.0
coach_season,2022,Mike Tomlin,PIT,wp_lost,0.721585
coach_season,2022,Mike Tomlin,PIT,wp_lost_per_game,0.042446
coach_season,2022,Mike Vrabel,TEN,aggressiveness,0.423077
coach_season,2022,Mike Vrabel,TEN,fourth_graded,56.0
coach_season,2022,Mike Vrabel,TEN,fourth_toss_ups,70.0
coach_season,2022,Mike Vrabel,TEN,fourth_wp_lost,0.428517
coach_season,2022,Mike Vrabel,TEN,fourth_wrong,18.0
coach_season,2022,Mike Vrabel,TEN,games,17.0
coach_season,2022,Mike Vrabel,TEN,go_clear,26.0
coach_season,2022,Mike Vrabel,TEN,go_clear_went,11.0
coach_season,2022,Mike Vrabel,TEN,two_point_graded,1.0
coach_season,2022,Mike Vrabel,TEN,two_point_toss_ups,33.0
coach_season,2022,Mike Vrabel,TEN,two_point_wp_lost,0.0
coach_season,2022,Mike Vrabel,TEN,two_point_wrong,0.0
coach_season,2022,Mike Vrabel,TEN,went,17.0
coach_season,2022,Mike Vrabel,TEN,wp_lost,0.428517
coach_season,2022,Mike Vrabel,TEN,wp_lost_per_game,0.025207
coach_season,2022,Nathaniel Hackett,DEN,aggressiveness,0.322581
coach_season,2022,Nathaniel Hackett,DEN,fourth_graded,64.0
coach_season,2022,Nathaniel Hackett,DEN,fourth_toss_ups,70.0
coach_season,2022,Nathaniel Hackett,DEN,fourth_wp_lost,0.579316
coach_season,2022,Nathaniel Hackett,DEN,fourth_wrong,21.0
coach_season,2022,Nathaniel Hackett,DEN,games,15.0
coach_season,2022,Nathaniel Hackett,DEN,go_clear,31.0
coach_season,2022,Nathaniel Hackett,DEN,go_clear_went,10.0
coach_season,2022,Nathaniel Hackett,DEN,two_point_graded,1.0
coach_season,2022,Nathaniel Hackett,DEN,two_point_toss_ups,21.0
coach_season,2022,Nathaniel Hackett,DEN,two_point_wp_lost,0.023153
coach_season,2022,Nathaniel Hackett,DEN,two_point_wrong,1.0
coach_season,2022,Nathaniel Hackett,DEN,went,20.0
coach_season,2022,Nathaniel Hackett,DEN,wp_lost,0.602469
coach_season,2022,Nathaniel Hackett,DEN,wp_lost_per_game,0.040165
coach_season,2022,Nick Sirianni,PHI,aggressiveness,0.814815
coach_season,2022,Nick Sirianni,PHI,fourth_graded,41.0
coach_season,2022,Nick Sirianni,PHI,fourth_toss_ups,83.0
coach_season,2022,Nick Sirianni,PHI,fourth_wp_lost,0.168509
coach_season,2022,Nick Sirianni,PHI,fourth_wrong,6.0
coach_season,2022,Nick Sirianni,PHI,games,20.0
coach_season,2022,Nick Sirianni,PHI,go_clear,27.0
coach_season,2022,Nick Sirianni,PHI,go_clear_went,22.0
coach_season,2022,Nick Sirianni,PHI,two_point_graded,2.0
coach_season,2022,Nick Sirianni,PHI,two_point_toss_ups,70.0
coach_season,2022,Nick Sirianni,PHI,two_point_wp_lost,0.0
coach_season,2022,Nick Sirianni,PHI,two_point_wrong,0.0
coach_season,2022,Nick Sirianni,PHI,went,34.0
coach_season,2022,Nick Sirianni,PHI,wp_lost,0.168509
coach_season,2022,Nick Sirianni,PHI,wp_lost_per_game,0.008425
coach_season,2022,Pete Carroll,SEA,aggressiveness,0.391304
coach_season,2022,Pete Carroll,SEA,fourth_graded,50.0
coach_season,2022,Pete Carroll,SEA,fourth_toss_ups,74.0
coach_season,2022,Pete Carroll,SEA,fourth_wp_lost,0.395167
coach_season,2022,Pete Carroll,SEA,fourth_wrong,15.0
coach_season,2022,Pete Carroll,SEA,games,18.0
coach_season,2022,Pete Carroll,SEA,go_clear,23.0
coach_season,2022,Pete Carroll,SEA,go_clear_went,9.0
coach_season,2022,Pete Carroll,SEA,two_point_graded,0.0
coach_season,2022,Pete Carroll,SEA,two_point_toss_ups,47.0
coach_season,2022,Pete Carroll,SEA,two_point_wp_lost,0.0
coach_season,2022,Pete Carroll,SEA,two_point_wrong,0.0
coach_season,2022,Pete Carroll,SEA,went,22.0
coach_season,2022,Pete Carroll,SEA,wp_lost,0.395167
coach_season,2022,Pete Carroll,SEA,wp_lost_per_game,0.021954
coach_season,2022,Robert Saleh,NYJ,aggressiveness,0.290323
coach_season,2022,Robert Saleh,NYJ,fourth_graded,60.0
coach_season,2022,Robert Saleh,NYJ,fourth_toss_ups,83.0
coach_season,2022,Robert Saleh,NYJ,fourth_wp_lost,0.601674
coach_season,2022,Robert Saleh,NYJ,fourth_wrong,23.0
coach_season,2022,Robert Saleh,NYJ,games,17.0
coach_season,2022,Robert Saleh,NYJ,go_clear,31.0
coach_season,2022,Robert Saleh,NYJ,go_clear_went,9.0
coach_season,2022,Robert Saleh,NYJ,two_point_graded,2.0
coach_season,2022,Robert Saleh,NYJ,two_point_toss_ups,27.0
coach_season,2022,Robert Saleh,NYJ,two_point_wp_lost,0.0
coach_season,2022,Robert Saleh,NYJ,two_point_wrong,0.0
coach_season,2022,Robert Saleh,NYJ,went,27.0
coach_season,2022,Robert Saleh,NYJ,wp_lost,0.601674
coach_season,2022,Robert Saleh,NYJ,wp_lost_per_game,0.035393
coach_season,2022,Ron Rivera,WAS,aggressiveness,0.454545
coach_season,2022,Ron Rivera,WAS,fourth_graded,61.0
coach_season,2022,Ron Rivera,WAS,fourth_toss_ups,75.0
coach_season,2022,Ron Rivera,WAS,fourth_wp_lost,0.456687
coach_season,2022,Ron Rivera,WAS,fourth_wrong,18.0
coach_season,2022,Ron Rivera,WAS,games,17.0
coach_season,2022,Ron Rivera,WAS,go_clear,33.0
coach_season,2022,Ron Rivera,WAS,go_clear_went,15.0
coach_season,2022,Ron Rivera,WAS,two_point_graded,1.0
coach_season,2022,Ron Rivera,WAS,two_point_toss_ups,34.0
coach_season,2022,Ron Rivera,WAS,two_point_wp_lost,0.0
coach_season,2022,Ron Rivera,WAS,two_point_wrong,0.0
coach_season,2022,Ron Rivera,WAS,went,25.0
coach_season,2022,Ron Rivera,WAS,wp_lost,0.456687
coach_season,2022,Ron Rivera,WAS,wp_lost_per_game,0.026864
coach_season,2022,Sean McDermott,BUF,aggressiveness,0.642857
coach_season,2022,Sean McDermott,BUF,fourth_graded,37.0
coach_season,2022,Sean McDermott,BUF,fourth_toss_ups,60.0
coach_season,2022,Sean McDermott,BUF,fourth_wp_lost,0.135337
coach_season,2022,Sean McDermott,BUF,fourth_wrong,6.0
coach_season,2022,Sean McDermott,BUF,games,18.0
coach_season,2022,Sean McDermott,BUF,go_clear,14.0
coach_season,2022,Sean McDermott,BUF,go_clear_went,9.0
coach_season,2022,Sean McDermott,BUF,two_point_graded,0.0
coach_season,2022,Sean McDermott,BUF,two_point_toss_ups,58.0
coach_season,2022,Sean McDermott,BUF,two_point_wp_lost,0.0
coach_season,2022,Sean McDermott,BUF,two_point_wrong,0.0
coach_season,2022,Sean McDermott,BUF,went,16.0
coach_season,2022,Sean McDermott,BUF,wp_lost,0.135337
coach_season,2022,Sean McDermott,BUF,wp_lost_per_game,0.007519
coach_season,2022,Sean McVay,LA,aggressiveness,0.4
coach_season,2022,Sean McVay,LA,fourth_graded,48.0
coach_season,2022,Sean McVay,LA,fourth_toss_ups,72.0
coach_season,2022,Sean McVay,LA,fourth_wp_lost,0.260356
coach_season,2022,Sean McVay,LA,fourth_wrong,12.0
coach_season,2022,Sean McVay,LA,games,17.0
coach_season,2022,Sean McVay,LA,go_clear,20.0
coach_season,2022,Sean McVay,LA,go_clear_went,8.0
coach_season,2022,Sean McVay,LA,two_point_graded,2.0
coach_season,2022,Sean McVay,LA,two_point_toss_ups,30.0
coach_season,2022,Sean McVay,LA,two_point_wp_lost,0.0
coach_season,2022,Sean McVay,LA,two_point_wrong,0.0
coach_season,2022,Sean McVay,LA,went,19.0
coach_season,2022,Sean McVay,LA,wp_lost,0.260356
coach_season,2022,Sean McVay,LA,wp_lost_per_game,0.015315
coach_season,2022,Steve Wilks,CAR,aggressiveness,0.285714
coach_season,2022,Steve Wilks,CAR,fourth_graded,31.0
coach_season,2022,Steve Wilks,CAR,fourth_toss_ups,56.0
coach_season,2022,Steve Wilks,CAR,fourth_wp_lost,0.25321
coach_season,2022,Steve Wilks,CAR,fourth_wrong,11.0
coach_season,2022,Steve Wilks,CAR,games,12.0
coach_season,2022,Steve Wilks,CAR,go_clear,14.0
coach_season,2022,Steve Wilks,CAR,go_clear_went,4.0
coach_season,2022,Steve Wilks,CAR,two_point_graded,1.0
coach_season,2022,Steve Wilks,CAR,two_point_toss_ups,26.0
coach_season,2022,Steve Wilks,CAR,two_point_wp_lost,0.0
coach_season,2022,Steve Wilks,CAR,two_point_wrong,0.0
coach_season,2022,Steve Wilks,CAR,went,10.0
coach_season,2022,Steve Wilks,CAR,wp_lost,0.25321
coach_season,2022,Steve Wilks,CAR,wp_lost_per_game,0.021101
coach_season,2022,Todd Bowles,TB,aggressiveness,0.409091
coach_season,2022,Todd Bowles,TB,fourth_graded,69.0
coach_season,2022,Todd Bowles,TB,fourth_toss_ups,80.0
coach_season,2022,Todd Bowles,TB,fourth_wp_lost,0.622196
coach_season,2022,Todd Bowles,TB,fourth_wrong,26.0
coach_season,2022,Todd Bowles,TB,games,18.0
coach_season,2022,Todd Bowles,TB,go_clear,44.0
coach_season,2022,Todd Bowles,TB,go_clear_went,18.0
coach_season,2022,Todd Bowles,TB,two_point_graded,3.0
coach_season,2022,Todd Bowles,TB,two_point_toss_ups,31.0
coach_season,2022,Todd Bowles,TB,two_point_wp_lost,0.020096
coach_season,2022,Todd Bowles,TB,two_point_wrong,1.0
coach_season,2022,Todd Bowles,TB,went,30.0
coach_season,2022,Todd Bowles,TB,wp_lost,0.642292
coach_season,2022,Todd Bowles,TB,wp_lost_per_game,0.035683
coach_season,2022,Zac Taylor,CIN,aggressiveness,0.296296
coach_season,2022,Zac Taylor,CIN,fourth_graded,50.0
coach_season,2022,Zac Taylor,CIN,fourth_toss_ups,61.0
coach_season,2022,Zac Taylor,CIN,fourth_wp_lost,0.557253
coach_season,2022,Zac Taylor,CIN,fourth_wrong,20.0
coach_season,2022,Zac Taylor,CIN,games,19.0
coach_season,2022,Zac Taylor,CIN,go_clear,27.0
coach_season,2022,Zac Taylor,CIN,go_clear_went,8.0
coach_season,2022,Zac Taylor,CIN,two_point_graded,3.0
coach_season,2022,Zac Taylor,CIN,two_point_toss_ups,55.0
coach_season,2022,Zac Taylor,CIN,two_point_wp_lost,0.017034
coach_season,2022,Zac Taylor,CIN,two_point_wrong,1.0
coach_season,2022,Zac Taylor,CIN,went,13.0
coach_season,2022,Zac Taylor,CIN,wp_lost,0.574286
coach_season,2022,Zac Taylor,CIN,wp_lost_per_game,0.030226
coach_season,2023,Andy Reid,KC,aggressiveness,0.535714
coach_season,2023,Andy Reid,KC,fourth_graded,70.0
coach_season,2023,Andy Reid,KC,fourth_toss_ups,64.0
coach_season,2023,Andy Reid,KC,fourth_wp_lost,0.543573
coach_season,2023,Andy Reid,KC,fourth_wrong,15.0
coach_season,2023,Andy Reid,KC,games,21.0
coach_season,2023,Andy Reid,KC,go_clear,28.0
coach_season,2023,Andy Reid,KC,go_clear_went,15.0
coach_season,2023,Andy Reid,KC,two_point_graded,0.0
coach_season,2023,Andy Reid,KC,two_point_toss_ups,47.0
coach_season,2023,Andy Reid,KC,two_point_wp_lost,0.0
coach_season,2023,Andy Reid,KC,two_point_wrong,0.0
coach_season,2023,Andy Reid,KC,went,22.0
coach_season,2023,Andy Reid,KC,wp_lost,0.543573
coach_season,2023,Andy Reid,KC,wp_lost_per_game,0.025884
coach_season,2023,Antonio Pierce,LV,aggressiveness,0.235294
coach_season,2023,Antonio Pierce,LV,fourth_graded,27.0
coach_season,2023,Antonio Pierce,LV,fourth_toss_ups,45.0
coach_season,2023,Antonio Pierce,LV,fourth_wp_lost,0.354255
coach_season,2023,Antonio Pierce,LV,fourth_wrong,13.0
coach_season,2023,Antonio Pierce,LV,games,9.0
coach_season,2023,Antonio Pierce,LV,go_clear,17.0
coach_season,2023,Antonio Pierce,LV,go_clear_went,4.0
coach_season,2023,Antonio Pierce,LV,two_point_graded,1.0
coach_season,2023,Antonio Pierce,LV,two_point_toss_ups,22.0
coach_season,2023,Antonio Pierce,LV,two_point_wp_lost,0.027511
coach_season,2023,Antonio Pierce,LV,two_point_wrong,1.0
coach_season,2023,Antonio Pierce,LV,went,11.0
coach_season,2023,Antonio Pierce,LV,wp_lost,0.381766
coach_season,2023,Antonio Pierce,LV,wp_lost_per_game,0.042418
coach_season,2023,Arthur Smith,ATL,aggressiveness,0.481481
coach_season,2023,Arthur Smith,ATL,fourth_graded,63.0
coach_season,2023,Arthur Smith,ATL,fourth_toss_ups,62.0
coach_season,2023,Arthur Smith,ATL,fourth_wp_lost,0.405593
coach_season,2023,Arthur Smith,ATL,fourth_wrong,15.0
coach_season,2023,Arthur Smith,ATL,games,17.0
coach_season,2023,Arthur Smith,ATL,go_clear,27.0
coach_season,2023,Arthur Smith,ATL,go_clear_went,13.0
coach_season,2023,Arthur Smith,ATL,two_point_graded,0.0
coach_season,2023,Arthur Smith,ATL,two_point_toss_ups,32.0
coach_season,2023,Arthur Smith,ATL,two_point_wp_lost,0.0
coach_season,2023,Arthur Smith,ATL,two_point_wrong,0.0
coach_season,2023,Arthur Smith,ATL,went,19.0
coach_season,2023,Arthur Smith,ATL,wp_lost,0.405593
coach_season,2023,Arthur Smith,ATL,wp_lost_per_game,0.023858
coach_season,2023,Bill Belichick,NE,aggressiveness,0.392857
coach_season,2023,Bill Belichick,NE,fourth_graded,54.0
coach_season,2023,Bill Belichick,NE,fourth_toss_ups,90.0
coach_season,2023,Bill Belichick,NE,fourth_wp_lost,0.56683
coach_season,2023,Bill Belichick,NE,fourth_wrong,20.0
coach_season,2023,Bill Belichick,NE,games,17.0
coach_season,2023,Bill Belichick,NE,go_clear,28.0
coach_season,2023,Bill Belichick,NE,go_clear_went,11.0
coach_season,2023,Bill Belichick,NE,two_point_graded,1.0
coach_season,2023,Bill Belichick,NE,two_point_toss_ups,26.0
coach_season,2023,Bill Belichick,NE,two_point_wp_lost,0.0
coach_season,2023,Bill Belichick,NE,two_point_wrong,0.0
coach_season,2023,Bill Belichick,NE,went,24.0
coach_season,2023,Bill Belichick,NE,wp_lost,0.56683
coach_season,2023,Bill Belichick,NE,wp_lost_per_game,0.033343
coach_season,2023,Brandon Staley,LAC,aggressiveness,0.541667
coach_season,2023,Brandon Staley,LAC,fourth_graded,52.0
coach_season,2023,Brandon Staley,LAC,fourth_toss_ups,55.0
coach_season,2023,Brandon Staley,LAC,fourth_wp_lost,0.405527
coach_season,2023,Brandon Staley,LAC,fourth_wrong,13.0
coach_season,2023,Brandon Staley,LAC,games,14.0
coach_season,2023,Brandon Staley,LAC,go_clear,24.0
coach_season,2023,Brandon Staley,LAC,go_clear_went,13.0
coach_season,2023,Brandon Staley,LAC,two_point_graded,1.0
coach_season,2023,Brandon Staley,LAC,two_point_toss_ups,34.0
coach_season,2023,Brandon Staley,LAC,two_point_wp_lost,0.0
coach_season,2023,Brandon Staley,LAC,two_point_wrong,0.0
coach_season,2023,Brandon Staley,LAC,went,27.0
coach_season,2023,Brandon Staley,LAC,wp_lost,0.405527
coach_season,2023,Brandon Staley,LAC,wp_lost_per_game,0.028966
coach_season,2023,Brian Daboll,NYG,aggressiveness,0.347826
coach_season,2023,Brian Daboll,NYG,fourth_graded,55.0
coach_season,2023,Brian Daboll,NYG,fourth_toss_ups,103.0
coach_season,2023,Brian Daboll,NYG,fourth_wp_lost,0.471438
coach_season,2023,Brian Daboll,NYG,fourth_wrong,16.0
coach_season,2023,Brian Daboll,NYG,games,17.0
coach_season,2023,Brian Daboll,NYG,go_clear,23.0
coach_season,2023,Brian Daboll,NYG,go_clear_went,8.0
coach_season,2023,Brian Daboll,NYG,two_point_graded,2.0
coach_season,2023,Brian Daboll,NYG,two_point_toss_ups,27.0
coach_season,2023,Brian Daboll,NYG,two_point_wp_lost,0.016039
coach_season,2023,Brian Daboll,NYG,two_point_wrong,1.0
coach_season,2023,Brian Daboll,NYG,went,36.0
coach_season,2023,Brian Daboll,NYG,wp_lost,0.487478
coach_season,2023,Brian Daboll,NYG,wp_lost_per_game,0.028675
coach_season,2023,Chris Tabor,CAR,aggressiveness,0.571429
coach_season,2023,Chris Tabor,CAR,fourth_graded,29.0
coach_season,2023,Chris Tabor,CAR,fourth_toss_ups,29.0
coach_season,2023,Chris Tabor,CAR,fourth_wp_lost,0.143004
coach_season,2023,Chris Tabor,CAR,fourth_wrong,6.0
coach_season,2023,Chris Tabor,CAR,games,6.0
coach_season,2023,Chris Tabor,CAR,go_clear,14.0
coach_season,2023,Chris Tabor,CAR,go_clear_went,8.0
coach_season,2023,Chris Tabor,CAR,two_point_graded,0.0
coach_season,2023,Chris Tabor,CAR,two_point_toss_ups,6.0
coach_season,2023,Chris Tabor,CAR,two_point_wp_lost,0.0
coach_season,2023,Chris Tabor,CAR,two_point_wrong,0.0
coach_season,2023,Chris Tabor,CAR,went,20.0
coach_season,2023,Chris Tabor,CAR,wp_lost,0.143004
coach_season,2023,Chris Tabor,CAR,wp_lost_per_game,0.023834
coach_season,2023,Dan Campbell,DET,aggressiveness,0.64
coach_season,2023,Dan Campbell,DET,fourth_graded,53.0
coach_season,2023,Dan Campbell,DET,fourth_toss_ups,78.0
coach_season,2023,Dan Campbell,DET,fourth_wp_lost,0.298909
coach_season,2023,Dan Campbell,DET,fourth_wrong,12.0
coach_season,2023,Dan Campbell,DET,games,20.0
coach_season,2023,Dan Campbell,DET,go_clear,25.0
coach_season,2023,Dan Campbell,DET,go_clear_went,16.0
coach_season,2023,Dan Campbell,DET,two_point_graded,2.0
coach_season,2023,Dan Campbell,DET,two_point_toss_ups,66.0
coach_season,2023,Dan Campbell,DET,two_point_wp_lost,0.03411
coach_season,2023,Dan Campbell,DET,two_point_wrong,2.0
coach_season,2023,Dan Campbell,DET,went,44.0
coach_season,2023,Dan Campbell,DET,wp_lost,0.333018
coach_season,2023,Dan Campbell,DET,wp_lost_per_game,0.016651
coach_season,2023,DeMeco Ryans,HOU,aggressiveness,0.333333
coach_season,2023,DeMeco Ryans,HOU,fourth_graded,71.0
coach_season,2023,DeMeco Ryans,HOU,fourth_toss_ups,71.0
coach_season,2023,DeMeco Ryans,HOU,fourth_wp_lost,0.42787
coach_season,2023,DeMeco Ryans,HOU,fourth_wrong,17.0
coach_season,2023,DeMeco Ryans,HOU,games,19.0
coach_season,2023,DeMeco Ryans,HOU,go_clear,24.0
coach_season,2023,DeMeco Ryans,HOU,go_clear_went,8.0
coach_season,2023,DeMeco Ryans,HOU,two_point_graded,1.0
coach_season,2023,DeMeco Ryans,HOU,two_point_toss_ups,44.0
coach_season,2023,DeMeco Ryans,HOU,two_point_wp_lost,0.022501
coach_season,2023,DeMeco Ryans,HOU,two_point_wrong,1.0
coach_season,2023,DeMeco Ryans,HOU,went,19.0
coach_season,2023,DeMeco Ryans,HOU,wp_lost,0.450371
coach_season,2023,DeMeco Ryans,HOU,wp_lost_per_game,0.023704
coach_season,2023,Dennis Allen,NO,aggressiveness,0.428571
coach_season,2023,Dennis Allen,NO,fourth_graded,54.0
coach_season,2023,Dennis Allen,NO,fourth_toss_ups,76.0
coach_season,2023,Dennis Allen,NO,fourth_wp_lost,0.359824
coach_season,2023,Dennis Allen,NO,fourth_wrong,14.0
coach_season,2023,Dennis Allen,NO,games,17.0
coach_season,2023,Dennis Allen,NO,go_clear,21.0
coach_season,2023,Dennis Allen,NO,go_clear_went,9.0
coach_season,2023,Dennis Allen,NO,two_point_graded,0.0
coach_season,2023,Dennis Allen,NO,two_point_toss_ups,44.0
coach_season,2023,Dennis Allen,NO,two_point_wp_lost,0.0
coach_season,2023,Dennis Allen,NO,two_point_wrong,0.0
coach_season,2023,Dennis Allen,NO,went,19.0
coach_season,2023,Dennis Allen,NO,wp_lost,0.359824
coach_season,2023,Dennis Allen,NO,wp_lost_per_game,0.021166
coach_season,2023,Doug Pederson,JAX,aggressiveness,0.583333
coach_season,2023,Doug Pederson,JAX,fourth_graded,48.0
coach_season,2023,Doug Pederson,JAX,fourth_toss_ups,77.0
coach_season,2023,Doug Pederson,JAX,fourth_wp_lost,0.302643
coach_season,2023,Doug Pederson,JAX,fourth_wrong,11.0
coach_season,2023,Doug Pederson,JAX,games,17.0
coach_season,2023,Doug Pederson,JAX,go_clear,24.0
coach_season,2023,Doug Pederson,JAX,go_clear_went,14.0
coach_season,2023,Doug Pederson,JAX,two_point_graded,1.0
coach_season,2023,Doug Pederson,JAX,two_point_toss_ups,40.0
coach_season,2023,Doug Pederson,JAX,two_point_wp_lost,0.0
coach_season,2023,Doug Pederson,JAX,two_point_wrong,0.0
coach_season,2023,Doug Pederson,JAX,went,29.0
coach_season,2023,Doug Pederson,JAX,wp_lost,0.302643
coach_season,2023,Doug Pederson,JAX,wp_lost_per_game,0.017803
coach_season,2023,Frank Reich,CAR,aggressiveness,0.578947
coach_season,2023,Frank Reich,CAR,fourth_graded,47.0
coach_season,2023,Frank Reich,CAR,fourth_toss_ups,48.0
coach_season,2023,Frank Reich,CAR,fourth_wp_lost,0.209254
coach_season,2023,Frank Reich,CAR,fourth_wrong,8.0
coach_season,2023,Frank Reich,CAR,games,11.0
coach_season,2023,Frank Reich,CAR,go_clear,19.0
coach_season,2023,Frank Reich,CAR,go_clear_went,11.0
coach_season,2023,Frank Reich,CAR,two_point_graded,1.0
coach_season,2023,Frank Reich,CAR,two_point_toss_ups,16.0
coach_season,2023,Frank Reich,CAR,two_point_wp_lost,0.0
coach_season,2023,Frank Reich,CAR,two_point_wrong,0.0
coach_season,2023,Frank Reich,CAR,went,26.0
coach_season,2023,Frank Reich,CAR,wp_lost,0.209254
coach_season,2023,Frank Reich,CAR,wp_lost_per_game,0.019023
coach_season,2023,Giff Smith,LAC,aggressiveness,0.125
coach_season,2023,Giff Smith,LAC,fourth_graded,18.0
coach_season,2023,Giff Smith,LAC,fourth_toss_ups,10.0
coach_season,2023,Giff Smith,LAC,fourth_wp_lost,0.272851
coach_season,2023,Giff Smith,LAC,fourth_wrong,9.0
coach_season,2023,Giff Smith,LAC,games,3.0
coach_season,2023,Giff Smith,LAC,go_clear,8.0
coach_season,2023,Giff Smith,LAC,go_clear_went,1.0
coach_season,2023,Giff Smith,LAC,two_point_graded,0.0
coach_season,2023,Giff Smith,LAC,two_point_toss_ups,1.0
coach_season,2023,Giff Smith,LAC,two_point_wp_lost,0.0
coach_season,2023,Giff Smith,LAC,two_point_wrong,0.0
coach_season,2023,Giff Smith,LAC,went,4.0
coach_season,2023,Giff Smith,LAC,wp_lost,0.272851
coach_season,2023,Giff Smith,LAC,wp_lost_per_game,0.09095
coach_season,2023,John Harbaugh,BAL,aggressiveness,0.466667
coach_season,2023,John Harbaugh,BAL,fourth_graded,46.0
coach_season,2023,John Harbaugh,BAL,fourth_toss_ups,81.0
coach_season,2023,John Harbaugh,BAL,fourth_wp_lost,0.290282
coach_season,2023,John Harbaugh,BAL,fourth_wrong,10.0
coach_season,2023,John Harbaugh,BAL,games,19.0
coach_season,2023,John Harbaugh,BAL,go_clear,15.0
coach_season,2023,John Harbaugh,BAL,go_clear_went,7.0
coach_season,2023,John Harbaugh,BAL,two_point_graded,0.0
coach_season,2023,John Harbaugh,BAL,two_point_toss_ups,59.0
coach_season,2023,John Harbaugh,BAL,two_point_wp_lost,0.0
coach_season,2023,John Harbaugh,BAL,two_point_wrong,0.0
coach_season,2023,John Harbaugh,BAL,went,16.0
coach_season,2023,John Harbaugh,BAL,wp_lost,0.290282
coach_season,2023,John Harbaugh,BAL,wp_lost_per_game,0.015278
coach_season,2023,Jonathan Gannon,ARI,aggressiveness,0.6875
coach_season,2023,Jonathan Gannon,ARI,fourth_graded,46.0
coach_season,2023,Jonathan Gannon,ARI,fourth_toss_ups,79.0
coach_season,2023,Jonathan Gannon,ARI,fourth_wp_lost,0.183365
coach_season,2023,Jonathan Gannon,ARI,fourth_wrong,6.0
coach_season,2023,Jonathan Gannon,ARI,games,17.0
coach_season,2023,Jonathan Gannon,ARI,go_clear,16.0
coach_season,2023,Jonathan Gannon,ARI,go_clear_went,11.0
coach_season,2023,Jonathan Gannon,ARI,two_point_graded,0.0
coach_season,2023,Jonathan Gannon,ARI,two_point_toss_ups,35.0
coach_season,2023,Jonathan Gannon,ARI,two_point_wp_lost,0.0
coach_season,2023,Jonathan Gannon,ARI,two_point_wrong,0.0
coach_season,2023,Jonathan Gannon,ARI,went,32.0
coach_season,2023,Jonathan Gannon,ARI,wp_lost,0.183365
coach_season,2023,Jonathan Gannon,ARI,wp_lost_per_game,0.010786
coach_season,2023,Josh McDaniels,LV,aggressiveness,0.363636
coach_season,2023,Josh McDaniels,LV,fourth_graded,22.0
coach_season,2023,Josh McDaniels,LV,fourth_toss_ups,31.0
coach_season,2023,Josh McDaniels,LV,fourth_wp_lost,0.182472
coach_season,2023,Josh McDaniels,LV,fourth_wrong,7.0
coach_season,2023,Josh McDaniels,LV,games,8.0
coach_season,2023,Josh McDaniels,LV,go_clear,11.0
coach_season,2023,Josh McDaniels,LV,go_clear_went,4.0
coach_season,2023,Josh McDaniels,LV,two_point_graded,0.0
coach_season,2023,Josh McDaniels,LV,two_point_toss_ups,13.0
coach_season,2023,Josh McDaniels,LV,two_point_wp_lost,0.0
coach_season,2023,Josh McDaniels,LV,two_point_wrong,0.0
coach_season,2023,Josh McDaniels,LV,went,12.0
coach_season,2023,Josh McDaniels,LV,wp_lost,0.182472
coach_season,2023,Josh McDaniels,LV,wp_lost_per_game,0.022809
coach_season,2023,Kevin O'Connell,MIN,aggressiveness,0.44
coach_season,2023,Kevin O'Connell,MIN,fourth_graded,63.0
coach_season,2023,Kevin O'Connell,MIN,fourth_toss_ups,52.0
coach_season,2023,Kevin O'Connell,MIN,fourth_wp_lost,0.828031
coach_season,2023,Kevin O'Connell,MIN,fourth_wrong,19.0
coach_season,2023,Kevin O'Connell,MIN,games,17.0
coach_season,2023,Kevin O'Connell,MIN,go_clear,25.0
coach_season,2023,Kevin O'Connell,MIN,go_clear_went,11.0
coach_season,2023,Kevin O'Connell,MIN,two_point_graded,1.0
coach_season,2023,Kevin O'Connell,MIN,two_point_toss_ups,38.0
coach_season,2023,Kevin O'Connell,MIN,two_point_wp_lost,0.0
coach_season,2023,Kevin O'Connell,MIN,two_point_wrong,0.0
coach_season,2023,Kevin O'Connell,MIN,went,27.0
coach_season,2023,Kevin O'Connell,MIN,wp_lost,0.828031
coach_season,2023,Kevin O'Connell,MIN,wp_lost_per_game,0.048708
coach_season,2023,Kevin Stefanski,CLE,aggressiveness,0.48
coach_season,2023,Kevin Stefanski,CLE,fourth_graded,62.0
coach_season,2023,Kevin Stefanski,CLE,fourth_toss_ups,97.0
coach_season,2023,Kevin Stefanski,CLE,fourth_wp_lost,0.352907
coach_season,2023,Kevin Stefanski,CLE,fourth_wrong,15.0
coach_season,2023,Kevin Stefanski,CLE,games,18.0
coach_season,2023,Kevin Stefanski,CLE,go_clear,25.0
coach_season,2023,Kevin Stefanski,CLE,go_clear_went,12.0
coach_season,2023,Kevin Stefanski,CLE,two_point_graded,1.0
coach_season,2023,Kevin Stefanski,CLE,two_point_toss_ups,43.0
coach_season,2023,Kevin Stefanski,CLE,two_point_wp_lost,0.022595
coach_season,2023,Kevin Stefanski,CLE,two_point_wrong,1.0
coach_season,2023,Kevin Stefanski,CLE,went,33.0
coach_season,2023,Kevin Stefanski,CLE,wp_lost,0.375503
coach_season,2023,Kevin Stefanski,CLE,wp_lost_per_game,0.020861
coach_season,2023,Kyle Shanahan,SF,aggressiveness,0.666667
coach_season,2023,Kyle Shanahan,SF,fourth_graded,38.0
coach_season,2023,Kyle Shanahan,SF,fourth_toss_ups,68.0
coach_season,2023,Kyle Shanahan,SF,fourth_wp_lost,0.045526
coach_season,2023,Kyle Shanahan,SF,fourth_wrong,2.0
coach_season,2023,Kyle Shanahan,SF,games,20.0
coach_season,2023,Kyle Shanahan,SF,go_clear,6.0
coach_season,2023,Kyle Shanahan,SF,go_clear_went,4.0
coach_season,2023,Kyle Shanahan,SF,two_point_graded,0.0
coach_season,2023,Kyle Shanahan,SF,two_point_toss_ups,70.0
coach_season,2023,Kyle Shanahan,SF,two_point_wp_lost,0.0
coach_season,2023,Kyle Shanahan,SF,two_point_wrong,0.0
coach_season,2023,Kyle Shanahan,SF,went,14.0
coach_season,2023,Kyle Shanahan,SF,wp_lost,0.045526
coach_season,2023,Kyle Shanahan,SF,wp_lost_per_game,0.002276
coach_season,2023,Matt Eberflus,CHI,aggressiveness,0.611111
coach_season,2023,Matt Eberflus,CHI,fourth_graded,54.0
coach_season,2023,Matt Eberflus,CHI,fourth_toss_ups,72.0
coach_season,2023,Matt Eberflus,CHI,fourth_wp_lost,0.214275
coach_season,2023,Matt Eberflus,CHI,fourth_wrong,7.0
coach_season,2023,Matt Eberflus,CHI,games,17.0
coach_season,2023,Matt Eberflus,CHI,go_clear,18.0
coach_season,2023,Matt Eberflus,CHI,go_clear_went,11.0
coach_season,2023,Matt Eberflus,CHI,two_point_graded,0.0
coach_season,2023,Matt Eberflus,CHI,two_point_toss_ups,37.0
coach_season,2023,Matt Eberflus,CHI,two_point_wp_lost,0.0
coach_season,2023,Matt Eberflus,CHI,two_point_wrong,0.0
coach_season,2023,Matt Eberflus,CHI,went,23.0
coach_season,2023,Matt Eberflus,CHI,wp_lost,0.214275
coach_season,2023,Matt Eberflus,CHI,wp_lost_per_game,0.012604
coach_season,2023,Matt LaFleur,GB,aggressiveness,0.684211
coach_season,2023,Matt LaFleur,GB,fourth_graded,55.0
coach_season,2023,Matt LaFleur,GB,fourth_toss_ups,63.0
coach_season,2023,Matt LaFleur,GB,fourth_wp_lost,0.533078
coach_season,2023,Matt LaFleur,GB,fourth_wrong,11.0
coach_season,2023,Matt LaFleur,GB,games,19.0
coach_season,2023,Matt LaFleur,GB,go_clear,19.0
coach_season,2023,Matt LaFleur,GB,go_clear_went,13.0
coach_season,2023,Matt LaFleur,GB,two_point_graded,1.0
coach_season,2023,Matt LaFleur,GB,two_point_toss_ups,52.0
coach_season,2023,Matt LaFleur,GB,two_point_wp_lost,0.016758
coach_season,2023,Matt LaFleur,GB,two_point_wrong,1.0
coach_season,2023,Matt LaFleur,GB,went,25.0
coach_season,2023,Matt LaFleur,GB,wp_lost,0.549836
coach_season,2023,Matt LaFleur,GB,wp_lost_per_game,0.028939
coach_season,2023,Mike McCarthy,DAL,aggressiveness,0.705882
coach_season,2023,Mike McCarthy,DAL,fourth_graded,39.0
coach_season,2023,Mike McCarthy,DAL,fourth_toss_ups,69.0
coach_season,2023,Mike McCarthy,DAL,fourth_wp_lost,0.118724
coach_season,2023,Mike McCarthy,DAL,fourth_wrong,6.0
coach_season,2023,Mike McCarthy,DAL,games,18.0
coach_season,2023,Mike McCarthy,DAL,go_clear,17.0
coach_season,2023,Mike McCarthy,DAL,go_clear_went,12.0
coach_season,2023,Mike McCarthy,DAL,two_point_graded,0.0
coach_season,2023,Mike McCarthy,DAL,two_point_toss_ups,61.0
coach_season,2023,Mike McCarthy,DAL,two_point_wp_lost,0.0
coach_season,2023,Mike McCarthy,DAL,two_point_wrong,0.0
coach_season,2023,Mike McCarthy,DAL,went,24.0
coach_season,2023,Mike McCarthy,DAL,wp_lost,0.118724
coach_season,2023,Mike McCarthy,DAL,wp_lost_per_game,0.006596
coach_season,2023,Mike McDaniel,MIA,aggressiveness,0.588235
coach_season,2023,Mike McDaniel,MIA,fourth_graded,40.0
coach_season,2023,Mike McDaniel,MIA,fourth_toss_ups,70.0
coach_season,2023,Mike McDaniel,MIA,fourth_wp_lost,0.151892
coach_season,2023,Mike McDaniel,MIA,fourth_wrong,7.0
coach_season,2023,Mike McDaniel,MIA,games,18.0
coach_season,2023,Mike McDaniel,MIA,go_clear,17.0
coach_season,2023,Mike McDaniel,MIA,go_clear_went,10.0
coach_season,2023,Mike McDaniel,MIA,two_point_graded,0.0
coach_season,2023,Mike McDaniel,MIA,two_point_toss_ups,62.0
coach_season,2023,Mike McDaniel,MIA,two_point_wp_lost,0.0
coach_season,2023,Mike McDaniel,MIA,two_point_wrong,0.0
coach_season,2023,Mike McDaniel,MIA,went,29.0
coach_season,2023,Mike McDaniel,MIA,wp_lost,0.151892
coach_season,2023,Mike McDaniel,MIA,wp_lost_per_game,0.008438
coach_season,2023,Mike Tomlin,PIT,aggressiveness,0.428571
coach_season,2023,Mike Tomlin,PIT,fourth_graded,62.0
coach_season,2023,Mike Tomlin,PIT,fourth_toss_ups,80.0
coach_season,2023,Mike Tomlin,PIT,fourth_wp_lost,0.407377
coach_season,2023,Mike Tomlin,PIT,fourth_wrong,16.0
coach_season,2023,Mike Tomlin,PIT,games,18.0
coach_season,2023,Mike Tomlin,PIT,go_clear,28.0
coach_season,2023,Mike Tomlin,PIT,go_clear_went,12.0
coach_season,2023,Mike Tomlin,PIT,two_point_graded,1.0
coach_season,2023,Mike Tomlin,PIT,two_point_toss_ups,32.0
coach_season,2023,Mike Tomlin,PIT,two_point_wp_lost,0.0
coach_season,2023,Mike Tomlin,PIT,two_point_wrong,0.0
coach_season,2023,Mike Tomlin,PIT,went,19.0
coach_season,2023,Mike Tomlin,PIT,wp_lost,0.407377
coach_season,2023,Mike Tomlin,PIT,wp_lost_per_game,0.022632
coach_season,2023,Mike Vrabel,TEN,aggressiveness,0.611111
coach_season,2023,Mike Vrabel,TEN,fourth_graded,63.0
coach_season,2023,Mike Vrabel,TEN,fourth_toss_ups,59.0
coach_season,2023,Mike Vrabel,TEN,fourth_wp_lost,0.227829
coach_season,2023,Mike Vrabel,TEN,fourth_wrong,8.0
coach_season,2023,Mike Vrabel,TEN,games,17.0
coach_season,2023,Mike Vrabel,TEN,go_clear,18.0
coach_season,2023,Mike Vrabel,TEN,go_clear_went,11.0
coach_season,2023,Mike Vrabel,TEN,two_point_graded,0.0
coach_season,2023,Mike Vrabel,TEN,two_point_toss_ups,31.0
coach_season,2023,Mike Vrabel,TEN,two_point_wp_lost,0.0
coach_season,2023,Mike Vrabel,TEN,two_point_wrong,0.0
coach_season,2023,Mike Vrabel,TEN,went,19.0
coach_season,2023,Mike Vrabel,TEN,wp_lost,0.227829
coach_season,2023,Mike Vrabel,TEN,wp_lost_per_game,0.013402
coach_season,2023,Nick Sirianni,PHI,aggressiveness,0.769231
coach_season,2023,Nick Sirianni,PHI,fourth_graded,42.0
coach_season,2023,Nick Sirianni,PHI,fourth_toss_ups,70.0
coach_season,2023,Nick Sirianni,PHI,fourth_wp_lost,0.072888
coach_season,2023,Nick Sirianni,PHI,fourth_wrong,3.0
coach_season,2023,Nick Sirianni,PHI,games,18.0
coach_season,2023,Nick Sirianni,PHI,go_clear,13.0
coach_season,2023,Nick Sirianni,PHI,go_clear_went,10.0
coach_season,2023,Nick Sirianni,PHI,two_point_graded,0.0
coach_season,2023,Nick Sirianni,PHI,two_point_toss_ups,49.0
coach_season,2023,Nick Sirianni,PHI,two_point_wp_lost,0.0
coach_season,2023,Nick Sirianni,PHI,two_point_wrong,0.0
coach_season,2023,Nick Sirianni,PHI,went,28.0
coach_season,2023,Nick Sirianni,PHI,wp_lost,0.072888
coach_season,2023,Nick Sirianni,PHI,wp_lost_per_game,0.004049
coach_season,2023,Pete Carroll,SEA,aggressiveness,0.421053
coach_season,2023,Pete Carroll,SEA,fourth_graded,54.0
coach_season,2023,Pete Carroll,SEA,fourth_toss_ups,65.0
coach_season,2023,Pete Carroll,SEA,fourth_wp_lost,0.35914
coach_season,2023,Pete Carroll,SEA,fourth_wrong,12.0
coach_season,2023,Pete Carroll,SEA,games,17.0
coach_season,2023,Pete Carroll,SEA,go_clear,19.0
coach_season,2023,Pete Carroll,SEA,go_clear_went,8.0
coach_season,2023,Pete Carroll,SEA,two_point_graded,1.0
coach_season,2023,Pete Carroll,SEA,two_point_toss_ups,35.0
coach_season,2023,Pete Carroll,SEA,two_point_wp_lost,0.0
coach_season,2023,Pete Carroll,SEA,two_point_wrong,0.0
coach_season,2023,Pete Carroll,SEA,went,16.0
coach_season,2023,Pete Carroll,SEA,wp_lost,0.35914
coach_season,2023,Pete Carroll,SEA,wp_lost_per_game,0.021126
coach_season,2023,Robert Saleh,NYJ,aggressiveness,0.5
coach_season,2023,Robert Saleh,NYJ,fourth_graded,63.0
coach_season,2023,Robert Saleh,NYJ,fourth_toss_ups,97.0
coach_season,2023,Robert Saleh,NYJ,fourth_wp_lost,0.305243
coach_season,2023,Robert Saleh,NYJ,fourth_wrong,12.0
coach_season,2023,Robert Saleh,NYJ,games,17.0
coach_season,2023,Robert Saleh,NYJ,go_clear,20.0
coach_season,2023,Robert Saleh,NYJ,go_clear_went,10.0
coach_season,2023,Robert Saleh,NYJ,two_point_graded,1.0
coach_season,2023,Robert Saleh,NYJ,two_point_toss_ups,20.0
coach_season,2023,Robert Saleh,NYJ,two_point_wp_lost,0.017427
coach_season,2023,Robert Saleh,NYJ,two_point_wrong,1.0
coach_season,2023,Robert Saleh,NYJ,went,28.0
coach_season,2023,Robert Saleh,NYJ,wp_lost,0.32267
coach_season,2023,Robert Saleh,NYJ,wp_lost_per_game,0.018981
coach_season,2023,Ron Rivera,WAS,aggressiveness,0.538462
coach_season,2023,Ron Rivera,WAS,fourth_graded,54.0
coach_season,2023,Ron Rivera,WAS,fourth_toss_ups,69.0
coach_season,2023,Ron Rivera,WAS,fourth_wp_lost,0.263282
coach_season,2023,Ron Rivera,WAS,fourth_wrong,12.0
coach_season,2023,Ron Rivera,WAS,games,17.0
coach_season,2023,Ron Rivera,WAS,go_clear,26.0
coach_season,2023,Ron Rivera,WAS,go_clear_went,14.0
coach_season,2023,Ron Rivera,WAS,two_point_graded,3.0
coach_season,2023,Ron Rivera,WAS,two_point_toss_ups,36.0
coach_season,2023,Ron Rivera,WAS,two_point_wp_lost,0.093672
coach_season,2023,Ron Rivera,WAS,two_point_wrong,3.0
coach_season,2023,Ron Rivera,WAS,went,28.0
coach_season,2023,Ron Rivera,WAS,wp_lost,0.356954
coach_season,2023,Ron Rivera,WAS,wp_lost_per_game,0.020997
coach_season,2023,Sean McDermott,BUF,aggressiveness,0.736842
coach_season,2023,Sean McDermott,BUF,fourth_graded,45.0
coach_season,2023,Sean McDermott,BUF,fourth_toss_ups,64.0
coach_season,2023,Sean McDermott,BUF,fourth_wp_lost,0.125083
coach_season,2023,Sean McDermott,BUF,fourth_wrong,5.0
coach_season,2023,Sean McDermott,BUF,games,19.0
coach_season,2023,Sean McDermott,BUF,go_clear,19.0
coach_season,2023,Sean McDermott,BUF,go_clear_went,14.0
coach_season,2023,Sean McDermott,BUF,two_point_graded,1.0
coach_season,2023,Sean McDermott,BUF,two_point_toss_ups,59.0
coach_season,2023,Sean McDermott,BUF,two_point_wp_lost,0.0
coach_season,2023,Sean McDermott,BUF,two_point_wrong,0.0
coach_season,2023,Sean McDermott,BUF,went,20.0
coach_season,2023,Sean McDermott,BUF,wp_lost,0.125083
coach_season,2023,Sean McDermott,BUF,wp_lost_per_game,0.006583
coach_season,2023,Sean McVay,LA,aggressiveness,0.588235
coach_season,2023,Sean McVay,LA,fourth_graded,54.0
coach_season,2023,Sean McVay,LA,fourth_toss_ups,74.0
coach_season,2023,Sean McVay,LA,fourth_wp_lost,0.200428
coach_season,2023,Sean McVay,LA,fourth_wrong,8.0
coach_season,2023,Sean McVay,LA,games,18.0
coach_season,2023,Sean McVay,LA,go_clear,17.0
coach_season,2023,Sean McVay,LA,go_clear_went,10.0
coach_season,2023,Sean McVay,LA,two_point_graded,2.0
coach_season,2023,Sean McVay,LA,two_point_toss_ups,43.0
coach_season,2023,Sean McVay,LA,two_point_wp_lost,0.01727
coach_season,2023,Sean McVay,LA,two_point_wrong,1.0
coach_season,2023,Sean McVay,LA,went,22.0
coach_season,2023,Sean McVay,LA,wp_lost,0.217698
coach_season,2023,Sean McVay,LA,wp_lost_per_game,0.012094
coach_season,2023,Sean Payton,DEN,aggressiveness,0.409091
coach_season,2023,Sean Payton,DEN,fourth_graded,61.0
coach_season,2023,Sean Payton,DEN,fourth_toss_ups,63.0
coach_season,2023,Sean Payton,DEN,fourth_wp_lost,0.327796
coach_season,2023,Sean Payton,DEN,fourth_wrong,15.0
coach_season,2023,Sean Payton,DEN,games,17.0
coach_season,2023,Sean Payton,DEN,go_clear,22.0
coach_season,2023,Sean Payton,DEN,go_clear_went,9.0
coach_season,2023,Sean Payton,DEN,two_point_graded,1.0
coach_season,2023,Sean Payton,DEN,two_point_toss_ups,37.0
coach_season,2023,Sean Payton,DEN,two_point_wp_lost,0.0
coach_season,2023,Sean Payton,DEN,two_point_wrong,0.0
coach_season,2023,Sean Payton,DEN,went,19.0
coach_season,2023,Sean Payton,DEN,wp_lost,0.327796
coach_season,2023,Sean Payton,DEN,wp_lost_per_game,0.019282
coach_season,2023,Shane Steichen,IND,aggressiveness,0.486486
coach_season,2023,Shane Steichen,IND,fourth_graded,76.0
coach_season,2023,Shane Steichen,IND,fourth_toss_ups,62.0
coach_season,2023,Shane Steichen,IND,fourth_wp_lost,0.518037
coach_season,2023,Shane Steichen,IND,fourth_wrong,19.0
coach_season,2023,Shane Steichen,IND,games,17.0
coach_season,2023,Shane Steichen,IND,go_clear,37.0
coach_season,2023,Shane Steichen,IND,go_clear_went,18.0
coach_season,2023,Shane Steichen,IND,two_point_graded,1.0
coach_season,2023,Shane Steichen,IND,two_point_toss_ups,40.0
coach_season,2023,Shane Steichen,IND,two_point_wp_lost,0.0
coach_season,2023,Shane Steichen,IND,two_point_wrong,0.0
coach_season,2023,Shane Steichen,IND,went,31.0
coach_season,2023,Shane Steichen,IND,wp_lost,0.518037
coach_season,2023,Shane Steichen,IND,wp_lost_per_game,0.030473
coach_season,2023,Todd Bowles,TB,aggressiveness,0.409091
coach_season,2023,Todd Bowles,TB,fourth_graded,58.0
coach_season,2023,Todd Bowles,TB,fourth_toss_ups,81.0
coach_season,2023,Todd Bowles,TB,fourth_wp_lost,0.292648
coach_season,2023,Todd Bowles,TB,fourth_wrong,13.0
coach_season,2023,Todd Bowles,TB,games,19.0
coach_season,2023,Todd Bowles,TB,go_clear,22.0
coach_season,2023,Todd Bowles,TB,go_clear_went,9.0
coach_season,2023,Todd Bowles,TB,two_point_graded,0.0
coach_season,2023,Todd Bowles,TB,two_point_toss_ups,42.0
coach_season,2023,Todd Bowles,TB,two_point_wp_lost,0.0
coach_season,2023,Todd Bowles,TB,two_point_wrong,0.0
coach_season,2023,Todd Bowles,TB,went,21.0
coach_season,2023,Todd Bowles,TB,wp_lost,0.292648
coach_season,2023,Todd Bowles,TB,wp_lost_per_game,0.015403
coach_season,2023,Zac Taylor,CIN,aggressiveness,0.458333
coach_season,2023,Zac Taylor,CIN,fourth_graded,56.0
coach_season,2023,Zac Taylor,CIN,fourth_toss_ups,68.0
coach_season,2023,Zac Taylor,CIN,fourth_wp_lost,0.367079
coach_season,2023,Zac Taylor,CIN,fourth_wrong,13.0
coach_season,2023,Zac Taylor,CIN,games,17.0
coach_season,2023,Zac Taylor,CIN,go_clear,24.0
coach_season,2023,Zac Taylor,CIN,go_clear_went,11.0
coach_season,2023,Zac Taylor,CIN,two_point_graded,2.0
coach_season,2023,Zac Taylor,CIN,two_point_toss_ups,39.0
coach_season,2023,Zac Taylor,CIN,two_point_wp_lost,0.017487
coach_season,2023,Zac Taylor,CIN,two_point_wrong,1.0
coach_season,2023,Zac Taylor,CIN,went,19.0
coach_season,2023,Zac Taylor,CIN,wp_lost,0.384565
coach_season,2023,Zac Taylor,CIN,wp_lost_per_game,0.022621
coach_season,2024,Andy Reid,KC,aggressiveness,0.583333
coach_season,2024,Andy Reid,KC,fourth_graded,69.0
coach_season,2024,Andy Reid,KC,fourth_toss_ups,58.0
coach_season,2024,Andy Reid,KC,fourth_wp_lost,0.254966
coach_season,2024,Andy Reid,KC,fourth_wrong,10.0
coach_season,2024,Andy Reid,KC,games,20.0
coach_season,2024,Andy Reid,KC,go_clear,24.0
coach_season,2024,Andy Reid,KC,go_clear_went,14.0
coach_season,2024,Andy Reid,KC,two_point_graded,0.0
coach_season,2024,Andy Reid,KC,two_point_toss_ups,50.0
coach_season,2024,Andy Reid,KC,two_point_wp_lost,0.0
coach_season,2024,Andy Reid,KC,two_point_wrong,0.0
coach_season,2024,Andy Reid,KC,went,21.0
coach_season,2024,Andy Reid,KC,wp_lost,0.254966
coach_season,2024,Andy Reid,KC,wp_lost_per_game,0.012748
coach_season,2024,Antonio Pierce,LV,aggressiveness,0.26087
coach_season,2024,Antonio Pierce,LV,fourth_graded,61.0
coach_season,2024,Antonio Pierce,LV,fourth_toss_ups,67.0
coach_season,2024,Antonio Pierce,LV,fourth_wp_lost,0.473961
coach_season,2024,Antonio Pierce,LV,fourth_wrong,17.0
coach_season,2024,Antonio Pierce,LV,games,17.0
coach_season,2024,Antonio Pierce,LV,go_clear,23.0
coach_season,2024,Antonio Pierce,LV,go_clear_went,6.0
coach_season,2024,Antonio Pierce,LV,two_point_graded,0.0
coach_season,2024,Antonio Pierce,LV,two_point_toss_ups,30.0
coach_season,2024,Antonio Pierce,LV,two_point_wp_lost,0.0
coach_season,2024,Antonio Pierce,LV,two_point_wrong,0.0
coach_season,2024,Antonio Pierce,LV,went,24.0
coach_season,2024,Antonio Pierce,LV,wp_lost,0.473961
coach_season,2024,Antonio Pierce,LV,wp_lost_per_game,0.02788
coach_season,2024,Brian Callahan,TEN,aggressiveness,0.375
coach_season,2024,Brian Callahan,TEN,fourth_graded,57.0
coach_season,2024,Brian Callahan,TEN,fourth_toss_ups,63.0
coach_season,2024,Brian Callahan,TEN,fourth_wp_lost,0.474679
coach_season,2024,Brian Callahan,TEN,fourth_wrong,16.0
coach_season,2024,Brian Callahan,TEN,games,17.0
coach_season,2024,Brian Callahan,TEN,go_clear,24.0
coach_season,2024,Brian Callahan,TEN,go_clear_went,9.0
coach_season,2024,Brian Callahan,TEN,two_point_graded,0.0
coach_season,2024,Brian Callahan,TEN,two_point_toss_ups,32.0
coach_season,2024,Brian Callahan,TEN,two_point_wp_lost,0.0
coach_season,2024,Brian Callahan,TEN,two_point_wrong,0.0
coach_season,2024,Brian Callahan,TEN,went,22.0
coach_season,2024,Brian Callahan,TEN,wp_lost,0.474679
coach_season,2024,Brian Callahan,TEN,wp_lost_per_game,0.027922
coach_season,2024,Brian Daboll,NYG,aggressiveness,0.62069
coach_season,2024,Brian Daboll,NYG,fourth_graded,61.0
coach_season,2024,Brian Daboll,NYG,fourth_toss_ups,77.0
coach_season,2024,Brian Daboll,NYG,fourth_wp_lost,0.361818
coach_season,2024,Brian Daboll,NYG,fourth_wrong,13.0
coach_season,2024,Brian Daboll,NYG,games,17.0
coach_season,2024,Brian Daboll,NYG,go_clear,29.0
coach_season,2024,Brian Daboll,NYG,go_clear_went,18.0
coach_season,2024,Brian Daboll,NYG,two_point_graded,1.0
coach_season,2024,Brian Daboll,NYG,two_point_toss_ups,29.0
coach_season,2024,Brian Daboll,NYG,two_point_wp_lost,0.018126
coach_season,2024,Brian Daboll,NYG,two_point_wrong,1.0
coach_season,2024,Brian Daboll,NYG,went,37.0
coach_season,2024,Brian Daboll,NYG,wp_lost,0.379944
coach_season,2024,Brian Daboll,NYG,wp_lost_per_game,0.02235
coach_season,2024,Dan Campbell,DET,aggressiveness,0.736842
coach_season,2024,Dan Campbell,DET,fourth_graded,48.0
coach_season,2024,Dan Campbell,DET,fourth_toss_ups,58.0
coach_season,2024,Dan Campbell,DET,fourth_wp_lost,0.200355
coach_season,2024,Dan Campbell,DET,fourth_wrong,7.0
coach_season,2024,Dan Campbell,DET,games,18.0
coach_season,2024,Dan Campbell,DET,go_clear,19.0
coach_season,2024,Dan Campbell,DET,go_clear_went,14.0
coach_season,2024,Dan Campbell,DET,two_point_graded,0.0
coach_season,2024,Dan Campbell,DET,two_point_toss_ups,73.0
coach_season,2024,Dan Campbell,DET,two_point_wp_lost,0.0
coach_season,2024,Dan Campbell,DET,two_point_wrong,0.0
coach_season,2024,Dan Campbell,DET,went,34.0
coach_season,2024,Dan Campbell,DET,wp_lost,0.200355
coach_season,2024,Dan Campbell,DET,wp_lost_per_game,0.011131
coach_season,2024,Dan Quinn,WAS,aggressiveness,0.807692
coach_season,2024,Dan Quinn,WAS,fourth_graded,60.0
coach_season,2024,Dan Quinn,WAS,fourth_toss_ups,74.0
coach_season,2024,Dan Quinn,WAS,fourth_wp_lost,0.107348
coach_season,2024,Dan Quinn,WAS,fourth_wrong,5.0
coach_season,2024,Dan Quinn,WAS,games,20.0
coach_season,2024,Dan Quinn,WAS,go_clear,26.0
coach_season,2024,Dan Quinn,WAS,go_clear_went,21.0
coach_season,2024,Dan Quinn,WAS,two_point_graded,2.0
coach_season,2024,Dan Quinn,WAS,two_point_toss_ups,61.0
coach_season,2024,Dan Quinn,WAS,two_point_wp_lost,0.033302
coach_season,2024,Dan Quinn,WAS,two_point_wrong,1.0
coach_season,2024,Dan Quinn,WAS,went,38.0
coach_season,2024,Dan Quinn,WAS,wp_lost,0.14065
coach_season,2024,Dan Quinn,WAS,wp_lost_per_game,0.007032
coach_season,2024,Dave Canales,CAR,aggressiveness,0.611111
coach_season,2024,Dave Canales,CAR,fourth_graded,36.0
coach_season,2024,Dave Canales,CAR,fourth_toss_ups,89.0
coach_season,2024,Dave Canales,CAR,fourth_wp_lost,0.194681
coach_season,2024,Dave Canales,CAR,fourth_wrong,7.0
coach_season,2024,Dave Canales,CAR,games,17.0
coach_season,2024,Dave Canales,CAR,go_clear,18.0
coach_season,2024,Dave Canales,CAR,go_clear_went,11.0
coach_season,2024,Dave Canales,CAR,two_point_graded,3.0
coach_season,2024,Dave Canales,CAR,two_point_toss_ups,35.0
coach_season,2024,Dave Canales,CAR,two_point_wp_lost,0.0
coach_season,2024,Dave Canales,CAR,two_point_wrong,0.0
coach_season,2024,Dave Canales,CAR,went,30.0
coach_season,2024,Dave Canales,CAR,wp_lost,0.194681
coach_season,2024,Dave Canales,CAR,wp_lost_per_game,0.011452
coach_season,2024,DeMeco Ryans,HOU,aggressiveness,0.466667
coach_season,2024,DeMeco Ryans,HOU,fourth_graded,71.0
coach_season,2024,DeMeco Ryans,HOU,fourth_toss_ups,73.0
coach_season,2024,DeMeco Ryans,HOU,fourth_wp_lost,0.153279
coach_season,2024,DeMeco Ryans,HOU,fourth_wrong,8.0
coach_season,2024,DeMeco Ryans,HOU,games,19.0
coach_season,2024,DeMeco Ryans,HOU,go_clear,15.0
coach_season,2024,DeMeco Ryans,HOU,go_clear_went,7.0
coach_season,2024,DeMeco Ryans,HOU,two_point_graded,0.0
coach_season,2024,DeMeco Ryans,HOU,two_point_toss_ups,42.0
coach_season,2024,DeMeco Ryans,HOU,two_point_wp_lost,0.0
coach_season,2024,DeMeco Ryans,HOU,two_point_wrong,0.0
coach_season,2024,DeMeco Ryans,HOU,went,20.0
coach_season,2024,DeMeco Ryans,HOU,wp_lost,0.153279
coach_season,2024,DeMeco Ryans,HOU,wp_lost_per_game,0.008067
coach_season,2024,Dennis Allen,NO,aggressiveness,0.64
coach_season,2024,Dennis Allen,NO,fourth_graded,57.0
coach_season,2024,Dennis Allen,NO,fourth_toss_ups,72.0
coach_season,2024,Dennis Allen,NO,fourth_wp_lost,0.228053
coach_season,2024,Dennis Allen,NO,fourth_wrong,9.0
coach_season,2024,Dennis Allen,NO,games,17.0
coach_season,2024,Dennis Allen,NO,go_clear,25.0
coach_season,2024,Dennis Allen,NO,go_clear_went,16.0
coach_season,2024,Dennis Allen,NO,two_point_graded,2.0
coach_season,2024,Dennis Allen,NO,two_point_toss_ups,35.0
coach_season,2024,Dennis Allen,NO,two_point_wp_lost,0.0
coach_season,2024,Dennis Allen,NO,two_point_wrong,0.0
coach_season,2024,Dennis Allen,NO,went,27.0
coach_season,2024,Dennis Allen,NO,wp_lost,0.228053
coach_season,2024,Dennis Allen,NO,wp_lost_per_game,0.013415
coach_season,2024,Doug Pederson,JAX,aggressiveness,0.391304
coach_season,2024,Doug Pederson,JAX,fourth_graded,56.0
coach_season,2024,Doug Pederson,JAX,fourth_toss_ups,61.0
coach_season,2024,Doug Pederson,JAX,fourth_wp_lost,0.416546
coach_season,2024,Doug Pederson,JAX,fourth_wrong,15.0
coach_season,2024,Doug Pederson,JAX,games,17.0
coach_season,2024,Doug Pederson,JAX,go_clear,23.0
coach_season,2024,Doug Pederson,JAX,go_clear_went,9.0
coach_season,2024,Doug Pederson,JAX,two_point_graded,1.0
coach_season,2024,Doug Pederson,JAX,two_point_toss_ups,33.0
coach_season,2024,Doug Pederson,JAX,two_point_wp_lost,0.017558
coach_season,2024,Doug Pederson,JAX,two_point_wrong,1.0
coach_season,2024,Doug Pederson,JAX,went,25.0
coach_season,2024,Doug Pederson,JAX,wp_lost,0.434104
coach_season,2024,Doug Pederson,JAX,wp_lost_per_game,0.025536
coach_season,2024,Jerod Mayo,NE,aggressiveness,0.533333
coach_season,2024,Jerod Mayo,NE,fourth_graded,45.0
coach_season,2024,Jerod Mayo,NE,fourth_toss_ups,78.0
coach_season,2024,Jerod Mayo,NE,fourth_wp_lost,0.255551
coach_season,2024,Jerod Mayo,NE,fourth_wrong,8.0
coach_season,2024,Jerod Mayo,NE,games,17.0
coach_season,2024,Jerod Mayo,NE,go_clear,15.0
coach_season,2024,Jerod Mayo,NE,go_clear_went,8.0
coach_season,2024,Jerod Mayo,NE,two_point_graded,0.0
coach_season,2024,Jerod Mayo,NE,two_point_toss_ups,30.0
coach_season,2024,Jerod Mayo,NE,two_point_wp_lost,0.0
coach_season,2024,Jerod Mayo,NE,two_point_wrong,0.0
coach_season,2024,Jerod Mayo,NE,went,24.0
coach_season,2024,Jerod Mayo,NE,wp_lost,0.255551
coach_season,2024,Jerod Mayo,NE,wp_lost_per_game,0.015032
coach_season,2024,Jim Harbaugh,LAC,aggressiveness,0.375
coach_season,2024,Jim Harbaugh,LAC,fourth_graded,67.0
coach_season,2024,Jim Harbaugh,LAC,fourth_toss_ups,63.0
coach_season,2024,Jim Harbaugh,LAC,fourth_wp_lost,0.34836
coach_season,2024,Jim Harbaugh,LAC,fourth_wrong,16.0
coach_season,2024,Jim Harbaugh,LAC,games,18.0
coach_season,2024,Jim Harbaugh,LAC,go_clear,24.0
coach_season,2024,Jim Harbaugh,LAC,go_clear_went,9.0
coach_season,2024,Jim Harbaugh,LAC,two_point_graded,0.0
coach_season,2024,Jim Harbaugh,LAC,two_point_toss_ups,42.0
coach_season,2024,Jim Harbaugh,LAC,two_point_wp_lost,0.0
coach_season,2024,Jim Harbaugh,LAC,two_point_wrong,0.0
coach_season,2024,Jim Harbaugh,LAC,went,14.0
coach_season,2024,Jim Harbaugh,LAC,wp_lost,0.34836
coach_season,2024,Jim Harbaugh,LAC,wp_lost_per_game,0.019353
coach_season,2024,John Harbaugh,BAL,aggressiveness,0.75
coach_season,2024,John Harbaugh,BAL,fourth_graded,38.0
coach_season,2024,John Harbaugh,BAL,fourth_toss_ups,61.0
coach_season,2024,John Harbaugh,BAL,fourth_wp_lost,0.062032
coach_season,2024,John Harbaugh,BAL,fourth_wrong,3.0
coach_season,2024,John Harbaugh,BAL,games,19.0
coach_season,2024,John Harbaugh,BAL,go_clear,12.0
coach_season,2024,John Harbaugh,BAL,go_clear_went,9.0
coach_season,2024,John Harbaugh,BAL,two_point_graded,3.0
coach_season,2024,John Harbaugh,BAL,two_point_toss_ups,69.0
coach_season,2024,John Harbaugh,BAL,two_point_wp_lost,0.021252
coach_season,2024,John Harbaugh,BAL,two_point_wrong,1.0
coach_season,2024,John Harbaugh,BAL,went,13.0
coach_season,2024,John Harbaugh,BAL,wp_lost,0.083283
coach_season,2024,John Harbaugh,BAL,wp_lost_per_game,0.004383
coach_season,2024,Jonathan Gannon,ARI,aggressiveness,0.35
coach_season,2024,Jonathan Gannon,ARI,fourth_graded,49.0
coach_season,2024,Jonathan Gannon,ARI,fourth_toss_ups,51.0
coach_season,2024,Jonathan Gannon,ARI,fourth_wp_lost,0.443021
coach_season,2024,Jonathan Gannon,ARI,fourth_wrong,15.0
coach_season,2024,Jonathan Gannon,ARI,games,17.0
coach_season,2024,Jonathan Gannon,ARI,go_clear,20.0
coach_season,2024,Jonathan Gannon,ARI,go_clear_went,7.0
coach_season,2024,Jonathan Gannon,ARI,two_point_graded,0.0
coach_season,2024,Jonathan Gannon,ARI,two_point_toss_ups,42.0
coach_season,2024,Jonathan Gannon,ARI,two_point_wp_lost,0.0
coach_season,2024,Jonathan Gannon,ARI,two_point_wrong,0.0
coach_season,2024,Jonathan Gannon,ARI,went,17.0
coach_season,2024,Jonathan Gannon,ARI,wp_lost,0.443021
coach_season,2024,Jonathan Gannon,ARI,wp_lost_per_game,0.02606
coach_season,2024,Kevin O'Connell,MIN,aggressiveness,0.454545
coach_season,2024,Kevin O'Connell,MIN,fourth_graded,55.0
coach_season,2024,Kevin O'Connell,MIN,fourth_toss_ups,61.0
coach_season,2024,Kevin O'Connell,MIN,fourth_wp_lost,0.117093
coach_season,2024,Kevin O'Connell,MIN,fourth_wrong,6.0
coach_season,2024,Kevin O'Connell,MIN,games,18.0
coach_season,2024,Kevin O'Connell,MIN,go_clear,11.0
coach_season,2024,Kevin O'Connell,MIN,go_clear_went,5.0
coach_season,2024,Kevin O'Connell,MIN,two_point_graded,0.0
coach_season,2024,Kevin O'Connell,MIN,two_point_toss_ups,48.0
coach_season,2024,Kevin O'Connell,MIN,two_point_wp_lost,0.0
coach_season,2024,Kevin O'Connell,MIN,two_point_wrong,0.0
coach_season,2024,Kevin O'Connell,MIN,went,17.0
coach_season,2024,Kevin O'Connell,MIN,wp_lost,0.117093
coach_season,2024,Kevin O'Connell,MIN,wp_lost_per_game,0.006505
coach_season,2024,Kevin Stefanski,CLE,aggressiveness,0.714286
coach_season,2024,Kevin Stefanski,CLE,fourth_graded,68.0
coach_season,2024,Kevin Stefanski,CLE,fourth_toss_ups,90.0
coach_season,2024,Kevin Stefanski,CLE,fourth_wp_lost,0.217797
coach_season,2024,Kevin Stefanski,CLE,fourth_wrong,9.0
coach_season,2024,Kevin Stefanski,CLE,games,17.0
coach_season,2024,Kevin Stefanski,CLE,go_clear,28.0
coach_season,2024,Kevin Stefanski,CLE,go_clear_went,20.0
coach_season,2024,Kevin Stefanski,CLE,two_point_graded,1.0
coach_season,2024,Kevin Stefanski,CLE,two_point_toss_ups,28.0
coach_season,2024,Kevin Stefanski,CLE,two_point_wp_lost,0.0
coach_season,2024,Kevin Stefanski,CLE,two_point_wrong,0.0
coach_season,2024,Kevin Stefanski,CLE,went,44.0
coach_season,2024,Kevin Stefanski,CLE,wp_lost,0.217797
coach_season,2024,Kevin Stefanski,CLE,wp_lost_per_game,0.012812
coach_season,2024,Kyle Shanahan,SF,aggressiveness,0.5
coach_season,2024,Kyle Shanahan,SF,fourth_graded,40.0
coach_season,2024,Kyle Shanahan,SF,fourth_toss_ups,60.0
coach_season,2024,Kyle Shanahan,SF,fourth_wp_lost,0.266838
coach_season,2024,Kyle Shanahan,SF,fourth_wrong,10.0
coach_season,2024,Kyle Shanahan,SF,games,17.0
coach_season,2024,Kyle Shanahan,SF,go_clear,18.0
coach_season,2024,Kyle Shanahan,SF,go_clear_went,9.0
coach_season,2024,Kyle Shanahan,SF,two_point_graded,0.0
coach_season,2024,Kyle Shanahan,SF,two_point_toss_ups,42.0
coach_season,2024,Kyle Shanahan,SF,two_point_wp_lost,0.0
coach_season,2024,Kyle Shanahan,SF,two_point_wrong,0.0
coach_season,2024,Kyle Shanahan,SF,went,16.0
coach_season,2024,Kyle Shanahan,SF,wp_lost,0.266838
coach_season,2024,Kyle Shanahan,SF,wp_lost_per_game,0.015696
coach_season,2024,Matt Eberflus,CHI,aggressiveness,0.695652
coach_season,2024,Matt Eberflus,CHI,fourth_graded,59.0
coach_season,2024,Matt Eberflus,CHI,fourth_toss_ups,80.0
coach_season,2024,Matt Eberflus,CHI,fourth_wp_lost,0.395895
coach_season,2024,Matt Eberflus,CHI,fourth_wrong,10.0
coach_season,2024,Matt Eberflus,CHI,games,17.0
coach_season,2024,Matt Eberflus,CHI,go_clear,23.0
coach_season,2024,Matt Eberflus,CHI,go_clear_went,16.0
coach_season,2024,Matt Eberflus,CHI,two_point_graded,2.0
coach_season,2024,Matt Eberflus,CHI,two_point_toss_ups,34.0
coach_season,2024,Matt Eberflus,CHI,two_point_wp_lost,0.039385
coach_season,2024,Matt Eberflus,CHI,two_point_wrong,2.0
coach_season,2024,Matt Eberflus,CHI,went,36.0
coach_season,2024,Matt Eberflus,CHI,wp_lost,0.43528
coach_season,2024,Matt Eberflus,CHI,wp_lost_per_game,0.025605
coach_season,2024,Matt LaFleur,GB,aggressiveness,0.533333
coach_season,2024,Matt LaFleur,GB,fourth_graded,41.0
coach_season,2024,Matt LaFleur,GB,fourth_toss_ups,69.0
coach_season,2024,Matt LaFleur,GB,fourth_wp_lost,0.272426
coach_season,2024,Matt LaFleur,GB,fourth_wrong,7.0
coach_season,2024,Matt LaFleur,GB,games,18.0
coach_season,2024,Matt LaFleur,GB,go_clear,15.0
coach_season,2024,Matt LaFleur,GB,go_clear_went,8.0
coach_season,2024,Matt LaFleur,GB,two_point_graded,0.0
coach_season,2024,Matt LaFleur,GB,two_point_toss_ups,53.0
coach_season,2024,Matt LaFleur,GB,two_point_wp_lost,0.0
coach_season,2024,Matt LaFleur,GB,two_point_wrong,0.0
coach_season,2024,Matt LaFleur,GB,went,18.0
coach_season,2024,Matt LaFleur,GB,wp_lost,0.272426
coach_season,2024,Matt LaFleur,GB,wp_lost_per_game,0.015135
coach_season,2024,Mike Macdonald,SEA,aggressiveness,0.619048
coach_season,2024,Mike Macdonald,SEA,fourth_graded,67.0
coach_season,2024,Mike Macdonald,SEA,fourth_toss_ups,53.0
coach_season,2024,Mike Macdonald,SEA,fourth_wp_lost,0.214243
coach_season,2024,Mike Macdonald,SEA,fourth_wrong,8.0
coach_season,2024,Mike Macdonald,SEA,games,17.0
coach_season,2024,Mike Macdonald,SEA,go_clear,21.0
coach_season,2024,Mike Macdonald,SEA,go_clear_went,13.0
coach_season,2024,Mike Macdonald,SEA,two_point_graded,1.0
coach_season,2024,Mike Macdonald,SEA,two_point_toss_ups,42.0
coach_season,2024,Mike Macdonald,SEA,two_point_wp_lost,0.0
coach_season,2024,Mike Macdonald,SEA,two_point_wrong,0.0
coach_season,2024,Mike Macdonald,SEA,went,19.0
coach_season,2024,Mike Macdonald,SEA,wp_lost,0.214243
coach_season,2024,Mike Macdonald,SEA,wp_lost_per_game,0.012603
coach_season,2024,Mike McCarthy,DAL,aggressiveness,0.666667
coach_season,2024,Mike McCarthy,DAL,fourth_graded,47.0
coach_season,2024,Mike McCarthy,DAL,fourth_toss_ups,82.0
coach_season,2024,Mike McCarthy,DAL,fourth_wp_lost,0.10049
coach_season,2024,Mike McCarthy,DAL,fourth_wrong,5.0
coach_season,2024,Mike McCarthy,DAL,games,17.0
coach_season,2024,Mike McCarthy,DAL,go_clear,15.0
coach_season,2024,Mike McCarthy,DAL,go_clear_went,10.0
coach_season,2024,Mike McCarthy,DAL,two_point_graded,0.0
coach_season,2024,Mike McCarthy,DAL,two_point_toss_ups,33.0
coach_season,2024,Mike McCarthy,DAL,two_point_wp_lost,0.0
coach_season,2024,Mike McCarthy,DAL,two_point_wrong,0.0
coach_season,2024,Mike McCarthy,DAL,went,26.0
coach_season,2024,Mike McCarthy,DAL,wp_lost,0.10049
coach_season,2024,Mike McCarthy,DAL,wp_lost_per_game,0.005911
coach_season,2024,Mike McDaniel,MIA,aggressiveness,0.545455
coach_season,2024,Mike McDaniel,MIA,fourth_graded,56.0
coach_season,2024,Mike McDaniel,MIA,fourth_toss_ups,67.0
coach_season,2024,Mike McDaniel,MIA,fourth_wp_lost,0.264352
coach_season,2024,Mike McDaniel,MIA,fourth_wrong,10.0
coach_season,2024,Mike McDaniel,MIA,games,17.0
coach_season,2024,Mike McDaniel,MIA,go_clear,22.0
coach_season,2024,Mike McDaniel,MIA,go_clear_went,12.0
coach_season,2024,Mike McDaniel,MIA,two_point_graded,1.0
coach_season,2024,Mike McDaniel,MIA,two_point_toss_ups,32.0
coach_season,2024,Mike McDaniel,MIA,two_point_wp_lost,0.017443
coach_season,2024,Mike McDaniel,MIA,two_point_wrong,1.0
coach_season,2024,Mike McDaniel,MIA,went,30.0
coach_season,2024,Mike McDaniel,MIA,wp_lost,0.281795
coach_season,2024,Mike McDaniel,MIA,wp_lost_per_game,0.016576
coach_season,2024,Mike Tomlin,PIT,aggressiveness,0.44
coach_season,2024,Mike Tomlin,PIT,fourth_graded,68.0
coach_season,2024,Mike Tomlin,PIT,fourth_toss_ups,61.0
coach_season,2024,Mike Tomlin,PIT,fourth_wp_lost,0.430116
coach_season,2024,Mike Tomlin,PIT,fourth_wrong,16.0
coach_season,2024,Mike Tomlin,PIT,games,18.0
coach_season,2024,Mike Tomlin,PIT,go_clear,25.0
coach_season,2024,Mike Tomlin,PIT,go_clear_went,11.0
coach_season,2024,Mike Tomlin,PIT,two_point_graded,0.0
coach_season,2024,Mike Tomlin,PIT,two_point_toss_ups,39.0
coach_season,2024,Mike Tomlin,PIT,two_point_wp_lost,0.0
coach_season,2024,Mike Tomlin,PIT,two_point_wrong,0.0
coach_season,2024,Mike Tomlin,PIT,went,19.0
coach_season,2024,Mike Tomlin,PIT,wp_lost,0.430116
coach_season,2024,Mike Tomlin,PIT,wp_lost_per_game,0.023895
coach_season,2024,Nick Sirianni,PHI,aggressiveness,0.708333
coach_season,2024,Nick Sirianni,PHI,fourth_graded,70.0
coach_season,2024,Nick Sirianni,PHI,fourth_toss_ups,73.0
coach_season,2024,Nick Sirianni,PHI,fourth_wp_lost,0.271149
coach_season,2024,Nick Sirianni,PHI,fourth_wrong,10.0
coach_season,2024,Nick Sirianni,PHI,games,21.0
coach_season,2024,Nick Sirianni,PHI,go_clear,24.0
coach_season,2024,Nick Sirianni,PHI,go_clear_went,17.0
coach_season,2024,Nick Sirianni,PHI,two_point_graded,0.0
coach_season,2024,Nick Sirianni,PHI,two_point_toss_ups,71.0
coach_season,2024,Nick Sirianni,PHI,two_point_wp_lost,0.0
coach_season,2024,Nick Sirianni,PHI,two_point_wrong,0.0
coach_season,2024,Nick Sirianni,PHI,went,30.0
coach_season,2024,Nick Sirianni,PHI,wp_lost,0.271149
coach_season,2024,Nick Sirianni,PHI,wp_lost_per_game,0.012912
coach_season,2024,Raheem Morris,ATL,aggressiveness,0.869565
coach_season,2024,Raheem Morris,ATL,fourth_graded,53.0
coach_season,2024,Raheem Morris,ATL,fourth_toss_ups,59.0
coach_season,2024,Raheem Morris,ATL,fourth_wp_lost,0.18367
coach_season,2024,Raheem Morris,ATL,fourth_wrong,6.0
coach_season,2024,Raheem Morris,ATL,games,17.0
coach_season,2024,Raheem Morris,ATL,go_clear,23.0
coach_season,2024,Raheem Morris,ATL,go_clear_went,20.0
coach_season,2024,Raheem Morris,ATL,two_point_graded,3.0
coach_season,2024,Raheem Morris,ATL,two_point_toss_ups,39.0
coach_season,2024,Raheem Morris,ATL,two_point_wp_lost,0.019933
coach_season,2024,Raheem Morris,ATL,two_point_wrong,1.0
coach_season,2024,Raheem Morris,ATL,went,30.0
coach_season,2024,Raheem Morris,ATL,wp_lost,0.203602
coach_season,2024,Raheem Morris,ATL,wp_lost_per_game,0.011977
coach_season,2024,Robert Saleh,NYJ,aggressiveness,0.571429
coach_season,2024,Robert Saleh,NYJ,fourth_graded,66.0
coach_season,2024,Robert Saleh,NYJ,fourth_toss_ups,47.0
coach_season,2024,Robert Saleh,NYJ,fourth_wp_lost,0.337232
coach_season,2024,Robert Saleh,NYJ,fourth_wrong,12.0
coach_season,2024,Robert Saleh,NYJ,games,17.0
coach_season,2024,Robert Saleh,NYJ,go_clear,28.0
coach_season,2024,Robert Saleh,NYJ,go_clear_went,16.0
coach_season,2024,Robert Saleh,NYJ,two_point_graded,0.0
coach_season,2024,Robert Saleh,NYJ,two_point_toss_ups,40.0
coach_season,2024,Robert Saleh,NYJ,two_point_wp_lost,0.0
coach_season,2024,Robert Saleh,NYJ,two_point_wrong,0.0
coach_season,2024,Robert Saleh,NYJ,went,24.0
coach_season,2024,Robert Saleh,NYJ,wp_lost,0.337232
coach_season,2024,Robert Saleh,NYJ,wp_lost_per_game,0.019837
coach_season,2024,Sean McDermott,BUF,aggressiveness,0.633333
coach_season,2024,Sean McDermott,BUF,fourth_graded,53.0
coach_season,2024,Sean McDermott,BUF,fourth_toss_ups,67.0
coach_season,2024,Sean McDermott,BUF,fourth_wp_lost,0.298726
coach_season,2024,Sean McDermott,BUF,fourth_wrong,11.0
coach_season,2024,Sean McDermott,BUF,games,20.0
coach_season,2024,Sean McDermott,BUF,go_clear,30.0
coach_season,2024,Sean McDermott,BUF,go_clear_went,19.0
coach_season,2024,Sean McDermott,BUF,two_point_graded,1.0
coach_season,2024,Sean McDermott,BUF,two_point_toss_ups,74.0
coach_season,2024,Sean McDermott,BUF,two_point_wp_lost,0.0
coach_season,2024,Sean McDermott,BUF,two_point_wrong,0.0
coach_season,2024,Sean McDermott,BUF,went,29.0
coach_season,2024,Sean McDermott,BUF,wp_lost,0.298726
coach_season,2024,Sean McDermott,BUF,wp_lost_per_game,0.014936
coach_season,2024,Sean McVay,LA,aggressiveness,0.4
coach_season,2024,Sean McVay,LA,fourth_graded,70.0
coach_season,2024,Sean McVay,LA,fourth_toss_ups,60.0
coach_season,2024,Sean McVay,LA,fourth_wp_lost,0.513619
coach_season,2024,Sean McVay,LA,fourth_wrong,23.0
coach_season,2024,Sean McVay,LA,games,19.0
coach_season,2024,Sean McVay,LA,go_clear,35.0
coach_season,2024,Sean McVay,LA,go_clear_went,14.0
coach_season,2024,Sean McVay,LA,two_point_graded,1.0
coach_season,2024,Sean McVay,LA,two_point_toss_ups,44.0
coach_season,2024,Sean McVay,LA,two_point_wp_lost,0.0
coach_season,2024,Sean McVay,LA,two_point_wrong,0.0
coach_season,2024,Sean McVay,LA,went,25.0
coach_season,2024,Sean McVay,LA,wp_lost,0.513619
coach_season,2024,Sean McVay,LA,wp_lost_per_game,0.027033
coach_season,2024,Sean Payton,DEN,aggressiveness,0.25
coach_season,2024,Sean Payton,DEN,fourth_graded,43.0
coach_season,2024,Sean Payton,DEN,fourth_toss_ups,87.0
coach_season,2024,Sean Payton,DEN,fourth_wp_lost,0.279653
coach_season,2024,Sean Payton,DEN,fourth_wrong,12.0
coach_season,2024,Sean Payton,DEN,games,18.0
coach_season,2024,Sean Payton,DEN,go_clear,16.0
coach_season,2024,Sean Payton,DEN,go_clear_went,4.0
coach_season,2024,Sean Payton,DEN,two_point_graded,2.0
coach_season,2024,Sean Payton,DEN,two_point_toss_ups,46.0
coach_season,2024,Sean Payton,DEN,two_point_wp_lost,0.015641
coach_season,2024,Sean Payton,DEN,two_point_wrong,1.0
coach_season,2024,Sean Payton,DEN,went,24.0
coach_season,2024,Sean Payton,DEN,wp_lost,0.295294
coach_season,2024,Sean Payton,DEN,wp_lost_per_game,0.016405
coach_season,2024,Shane Steichen,IND,aggressiveness,0.8
coach_season,2024,Shane Steichen,IND,fourth_graded,58.0
coach_season,2024,Shane Steichen,IND,fourth_toss_ups,70.0
coach_season,2024,Shane Steichen,IND,fourth_wp_lost,0.223669
coach_season,2024,Shane Steichen,IND,fourth_wrong,5.0
coach_season,2024,Shane Steichen,IND,games,17.0
coach_season,2024,Shane Steichen,IND,go_clear,20.0
coach_season,2024,Shane Steichen,IND,go_clear_went,16.0
coach_season,2024,Shane Steichen,IND,two_point_graded,4.0
coach_season,2024,Shane Steichen,IND,two_point_toss_ups,37.0
coach_season,2024,Shane Steichen,IND,two_point_wp_lost,0.074298
coach_season,2024,Shane Steichen,IND,two_point_wrong,4.0
coach_season,2024,Shane Steichen,IND,went,27.0
coach_season,2024,Shane Steichen,IND,wp_lost,0.297968
coach_season,2024,Shane Steichen,IND,wp_lost_per_game,0.017528
coach_season,2024,Todd Bowles,TB,aggressiveness,0.75
coach_season,2024,Todd Bowles,TB,fourth_graded,44.0
coach_season,2024,Todd Bowles,TB,fourth_toss_ups,54.0
coach_season,2024,Todd Bowles,TB,fourth_wp_lost,0.10286
coach_season,2024,Todd Bowles,TB,fourth_wrong,3.0
coach_season,2024,Todd Bowles,TB,games,18.0
coach_season,2024,Todd Bowles,TB,go_clear,12.0
coach_season,2024,Todd Bowles,TB,go_clear_went,9.0
coach_season,2024,Todd Bowles,TB,two_point_graded,2.0
coach_season,2024,Todd Bowles,TB,two_point_toss_ups,59.0
coach_season,2024,Todd Bowles,TB,two_point_wp_lost,0.017899
coach_season,2024,Todd Bowles,TB,two_point_wrong,1.0
coach_season,2024,Todd Bowles,TB,went,14.0
coach_season,2024,Todd Bowles,TB,wp_lost,0.120759
coach_season,2024,Todd Bowles,TB,wp_lost_per_game,0.006709
coach_season,2024,Zac Taylor,CIN,aggressiveness,0.56
coach_season,2024,Zac Taylor,CIN,fourth_graded,52.0
coach_season,2024,Zac Taylor,CIN,fourth_toss_ups,49.0
coach_season,2024,Zac Taylor,CIN,fourth_wp_lost,0.284637
coach_season,2024,Zac Taylor,CIN,fourth_wrong,11.0
coach_season,2024,Zac Taylor,CIN,games,17.0
coach_season,2024,Zac Taylor,CIN,go_clear,25.0
coach_season,2024,Zac Taylor,CIN,go_clear_went,14.0
coach_season,2024,Zac Taylor,CIN,two_point_graded,0.0
coach_season,2024,Zac Taylor,CIN,two_point_toss_ups,56.0
coach_season,2024,Zac Taylor,CIN,two_point_wp_lost,0.0
coach_season,2024,Zac Taylor,CIN,two_point_wrong,0.0
coach_season,2024,Zac Taylor,CIN,went,19.0
coach_season,2024,Zac Taylor,CIN,wp_lost,0.284637
coach_season,2024,Zac Taylor,CIN,wp_lost_per_game,0.016743
coach_season,2025,Aaron Glenn,NYJ,aggressiveness,0.571429
coach_season,2025,Aaron Glenn,NYJ,fourth_graded,31.0
coach_season,2025,Aaron Glenn,NYJ,fourth_toss_ups,106.0
coach_season,2025,Aaron Glenn,NYJ,fourth_wp_lost,0.15975
coach_season,2025,Aaron Glenn,NYJ,fourth_wrong,6.0
coach_season,2025,Aaron Glenn,NYJ,games,17.0
coach_season,2025,Aaron Glenn,NYJ,go_clear,14.0
coach_season,2025,Aaron Glenn,NYJ,go_clear_went,8.0
coach_season,2025,Aaron Glenn,NYJ,two_point_graded,1.0
coach_season,2025,Aaron Glenn,NYJ,two_point_toss_ups,29.0
coach_season,2025,Aaron Glenn,NYJ,two_point_wp_lost,0.016535
coach_season,2025,Aaron Glenn,NYJ,two_point_wrong,1.0
coach_season,2025,Aaron Glenn,NYJ,went,40.0
coach_season,2025,Aaron Glenn,NYJ,wp_lost,0.176285
coach_season,2025,Aaron Glenn,NYJ,wp_lost_per_game,0.01037
coach_season,2025,Andy Reid,KC,aggressiveness,0.793103
coach_season,2025,Andy Reid,KC,fourth_graded,56.0
coach_season,2025,Andy Reid,KC,fourth_toss_ups,62.0
coach_season,2025,Andy Reid,KC,fourth_wp_lost,0.140119
coach_season,2025,Andy Reid,KC,fourth_wrong,6.0
coach_season,2025,Andy Reid,KC,games,17.0
coach_season,2025,Andy Reid,KC,go_clear,29.0
coach_season,2025,Andy Reid,KC,go_clear_went,23.0
coach_season,2025,Andy Reid,KC,two_point_graded,1.0
coach_season,2025,Andy Reid,KC,two_point_toss_ups,37.0
coach_season,2025,Andy Reid,KC,two_point_wp_lost,0.0
coach_season,2025,Andy Reid,KC,two_point_wrong,0.0
coach_season,2025,Andy Reid,KC,went,31.0
coach_season,2025,Andy Reid,KC,wp_lost,0.140119
coach_season,2025,Andy Reid,KC,wp_lost_per_game,0.008242
coach_season,2025,Ben Johnson,CHI,aggressiveness,0.766667
coach_season,2025,Ben Johnson,CHI,fourth_graded,65.0
coach_season,2025,Ben Johnson,CHI,fourth_toss_ups,74.0
coach_season,2025,Ben Johnson,CHI,fourth_wp_lost,0.186547
coach_season,2025,Ben Johnson,CHI,fourth_wrong,9.0
coach_season,2025,Ben Johnson,CHI,games,19.0
coach_season,2025,Ben Johnson,CHI,go_clear,30.0
coach_season,2025,Ben Johnson,CHI,go_clear_went,23.0
coach_season,2025,Ben Johnson,CHI,two_point_graded,2.0
coach_season,2025,Ben Johnson,CHI,two_point_toss_ups,51.0
coach_season,2025,Ben Johnson,CHI,two_point_wp_lost,0.045
coach_season,2025,Ben Johnson,CHI,two_point_wrong,1.0
coach_season,2025,Ben Johnson,CHI,went,39.0
coach_season,2025,Ben Johnson,CHI,wp_lost,0.231547
coach_season,2025,Ben Johnson,CHI,wp_lost_per_game,0.012187
coach_season,2025,Brian Callahan,TEN,aggressiveness,0.428571
coach_season,2025,Brian Callahan,TEN,fourth_graded,43.0
coach_season,2025,Brian Callahan,TEN,fourth_toss_ups,98.0
coach_season,2025,Brian Callahan,TEN,fourth_wp_lost,0.226505
coach_season,2025,Brian Callahan,TEN,fourth_wrong,9.0
coach_season,2025,Brian Callahan,TEN,games,17.0
coach_season,2025,Brian Callahan,TEN,go_clear,14.0
coach_season,2025,Brian Callahan,TEN,go_clear_went,6.0
coach_season,2025,Brian Callahan,TEN,two_point_graded,0.0
coach_season,2025,Brian Callahan,TEN,two_point_toss_ups,28.0
coach_season,2025,Brian Callahan,TEN,two_point_wp_lost,0.0
coach_season,2025,Brian Callahan,TEN,two_point_wrong,0.0
coach_season,2025,Brian Callahan,TEN,went,33.0
coach_season,2025,Brian Callahan,TEN,wp_lost,0.226505
coach_season,2025,Brian Callahan,TEN,wp_lost_per_game,0.013324
coach_season,2025,Brian Daboll,NYG,aggressiveness,0.678571
coach_season,2025,Brian Daboll,NYG,fourth_graded,54.0
coach_season,2025,Brian Daboll,NYG,fourth_toss_ups,68.0
coach_season,2025,Brian Daboll,NYG,fourth_wp_lost,0.186412
coach_season,2025,Brian Daboll,NYG,fourth_wrong,9.0
coach_season,2025,Brian Daboll,NYG,games,17.0
coach_season,2025,Brian Daboll,NYG,go_clear,28.0
coach_season,2025,Brian Daboll,NYG,go_clear_went,19.0
coach_season,2025,Brian Daboll,NYG,two_point_graded,3.0
coach_season,2025,Brian Daboll,NYG,two_point_toss_ups,42.0
coach_season,2025,Brian Daboll,NYG,two_point_wp_lost,0.018776
coach_season,2025,Brian Daboll,NYG,two_point_wrong,1.0
coach_season,2025,Brian Daboll,NYG,went,39.0
coach_season,2025,Brian Daboll,NYG,wp_lost,0.205188
coach_season,2025,Brian Daboll,NYG,wp_lost_per_game,0.01207
coach_season,2025,Brian Schottenheimer,DAL,aggressiveness,0.857143
coach_season,2025,Brian Schottenheimer,DAL,fourth_graded,46.0
coach_season,2025,Brian Schottenheimer,DAL,fourth_toss_ups,63.0
coach_season,2025,Brian Schottenheimer,DAL,fourth_wp_lost,0.100016
coach_season,2025,Brian Schottenheimer,DAL,fourth_wrong,3.0
coach_season,2025,Brian Schottenheimer,DAL,games,17.0
coach_season,2025,Brian Schottenheimer,DAL,go_clear,21.0
coach_season,2025,Brian Schottenheimer,DAL,go_clear_went,18.0
coach_season,2025,Brian Schottenheimer,DAL,two_point_graded,0.0
coach_season,2025,Brian Schottenheimer,DAL,two_point_toss_ups,51.0
coach_season,2025,Brian Schottenheimer,DAL,two_point_wp_lost,0.0
coach_season,2025,Brian Schottenheimer,DAL,two_point_wrong,0.0
coach_season,2025,Brian Schottenheimer,DAL,went,33.0
coach_season,2025,Brian Schottenheimer,DAL,wp_lost,0.100016
coach_season,2025,Brian Schottenheimer,DAL,wp_lost_per_game,0.005883
coach_season,2025,Dan Campbell,DET,aggressiveness,0.842105
coach_season,2025,Dan Campbell,DET,fourth_graded,50.0
coach_season,2025,Dan Campbell,DET,fourth_toss_ups,66.0
coach_season,2025,Dan Campbell,DET,fourth_wp_lost,0.074557
coach_season,2025,Dan Campbell,DET,fourth_wrong,4.0
coach_season,2025,Dan Campbell,DET,games,17.0
coach_season,2025,Dan Campbell,DET,go_clear,19.0
coach_season,2025,Dan Campbell,DET,go_clear_went,16.0
coach_season,2025,Dan Campbell,DET,two_point_graded,2.0
coach_season,2025,Dan Campbell,DET,two_point_toss_ups,55.0
coach_season,2025,Dan Campbell,DET,two_point_wp_lost,0.018499
coach_season,2025,Dan Campbell,DET,two_point_wrong,1.0
coach_season,2025,Dan Campbell,DET,went,31.0
coach_season,2025,Dan Campbell,DET,wp_lost,0.093056
coach_season,2025,Dan Campbell,DET,wp_lost_per_game,0.005474
coach_season,2025,Dan Quinn,WAS,aggressiveness,0.761905
coach_season,2025,Dan Quinn,WAS,fourth_graded,43.0
coach_season,2025,Dan Quinn,WAS,fourth_toss_ups,61.0
coach_season,2025,Dan Quinn,WAS,fourth_wp_lost,0.099425
coach_season,2025,Dan Quinn,WAS,fourth_wrong,5.0
coach_season,2025,Dan Quinn,WAS,games,17.0
coach_season,2025,Dan Quinn,WAS,go_clear,21.0
coach_season,2025,Dan Quinn,WAS,go_clear_went,16.0
coach_season,2025,Dan Quinn,WAS,two_point_graded,1.0
coach_season,2025,Dan Quinn,WAS,two_point_toss_ups,40.0
coach_season,2025,Dan Quinn,WAS,two_point_wp_lost,0.0
coach_season,2025,Dan Quinn,WAS,two_point_wrong,0.0
coach_season,2025,Dan Quinn,WAS,went,26.0
coach_season,2025,Dan Quinn,WAS,wp_lost,0.099425
coach_season,2025,Dan Quinn,WAS,wp_lost_per_game,0.005849
coach_season,2025,Dave Canales,CAR,aggressiveness,0.78125
coach_season,2025,Dave Canales,CAR,fourth_graded,61.0
coach_season,2025,Dave Canales,CAR,fourth_toss_ups,66.0
coach_season,2025,Dave Canales,CAR,fourth_wp_lost,0.189195
coach_season,2025,Dave Canales,CAR,fourth_wrong,8.0
coach_season,2025,Dave Canales,CAR,games,18.0
coach_season,2025,Dave Canales,CAR,go_clear,32.0
coach_season,2025,Dave Canales,CAR,go_clear_went,25.0
coach_season,2025,Dave Canales,CAR,two_point_graded,3.0
coach_season,2025,Dave Canales,CAR,two_point_toss_ups,36.0
coach_season,2025,Dave Canales,CAR,two_point_wp_lost,0.05034
coach_season,2025,Dave Canales,CAR,two_point_wrong,2.0
coach_season,2025,Dave Canales,CAR,went,42.0
coach_season,2025,Dave Canales,CAR,wp_lost,0.239535
coach_season,2025,Dave Canales,CAR,wp_lost_per_game,0.013308
coach_season,2025,DeMeco Ryans,HOU,aggressiveness,0.538462
coach_season,2025,DeMeco Ryans,HOU,fourth_graded,67.0
coach_season,2025,DeMeco Ryans,HOU,fourth_toss_ups,83.0
coach_season,2025,DeMeco Ryans,HOU,fourth_wp_lost,0.329625
coach_season,2025,DeMeco Ryans,HOU,fourth_wrong,12.0
coach_season,2025,DeMeco Ryans,HOU,games,19.0
coach_season,2025,DeMeco Ryans,HOU,go_clear,26.0
coach_season,2025,DeMeco Ryans,HOU,go_clear_went,14.0
coach_season,2025,DeMeco Ryans,HOU,two_point_graded,2.0
coach_season,2025,DeMeco Ryans,HOU,two_point_toss_ups,39.0
coach_season,2025,DeMeco Ryans,HOU,two_point_wp_lost,0.030283
coach_season,2025,DeMeco Ryans,HOU,two_point_wrong,1.0
coach_season,2025,DeMeco Ryans,HOU,went,20.0
coach_season,2025,DeMeco Ryans,HOU,wp_lost,0.359908
coach_season,2025,DeMeco Ryans,HOU,wp_lost_per_game,0.018943
coach_season,2025,Jim Harbaugh,LAC,aggressiveness,0.315789
coach_season,2025,Jim Harbaugh,LAC,fourth_graded,58.0
coach_season,2025,Jim Harbaugh,LAC,fourth_toss_ups,67.0
coach_season,2025,Jim Harbaugh,LAC,fourth_wp_lost,0.336764
coach_season,2025,Jim Harbaugh,LAC,fourth_wrong,13.0
coach_season,2025,Jim Harbaugh,LAC,games,18.0
coach_season,2025,Jim Harbaugh,LAC,go_clear,19.0
coach_season,2025,Jim Harbaugh,LAC,go_clear_went,6.0
coach_season,2025,Jim Harbaugh,LAC,two_point_graded,1.0
coach_season,2025,Jim Harbaugh,LAC,two_point_toss_ups,35.0
coach_season,2025,Jim Harbaugh,LAC,two_point_wp_lost,0.0
coach_season,2025,Jim Harbaugh,LAC,two_point_wrong,0.0
coach_season,2025,Jim Harbaugh,LAC,went,21.0
coach_season,2025,Jim Harbaugh,LAC,wp_lost,0.336764
coach_season,2025,Jim Harbaugh,LAC,wp_lost_per_game,0.018709
coach_season,2025,John Harbaugh,BAL,aggressiveness,0.588235
coach_season,2025,John Harbaugh,BAL,fourth_graded,45.0
coach_season,2025,John Harbaugh,BAL,fourth_toss_ups,62.0
coach_season,2025,John Harbaugh,BAL,fourth_wp_lost,0.199044
coach_season,2025,John Harbaugh,BAL,fourth_wrong,8.0
coach_season,2025,John Harbaugh,BAL,games,17.0
coach_season,2025,John Harbaugh,BAL,go_clear,17.0
coach_season,2025,John Harbaugh,BAL,go_clear_went,10.0
coach_season,2025,John Harbaugh,BAL,two_point_graded,0.0
coach_season,2025,John Harbaugh,BAL,two_point_toss_ups,48.0
coach_season,2025,John Harbaugh,BAL,two_point_wp_lost,0.0
coach_season,2025,John Harbaugh,BAL,two_point_wrong,0.0
coach_season,2025,John Harbaugh,BAL,went,25.0
coach_season,2025,John Harbaugh,BAL,wp_lost,0.199044
coach_season,2025,John Harbaugh,BAL,wp_lost_per_game,0.011708
coach_season,2025,Jonathan Gannon,ARI,aggressiveness,0.75
coach_season,2025,Jonathan Gannon,ARI,fourth_graded,45.0
coach_season,2025,Jonathan Gannon,ARI,fourth_toss_ups,72.0
coach_season,2025,Jonathan Gannon,ARI,fourth_wp_lost,0.068506
coach_season,2025,Jonathan Gannon,ARI,fourth_wrong,3.0
coach_season,2025,Jonathan Gannon,ARI,games,17.0
coach_season,2025,Jonathan Gannon,ARI,go_clear,12.0
coach_season,2025,Jonathan Gannon,ARI,go_clear_went,9.0
coach_season,2025,Jonathan Gannon,ARI,two_point_graded,1.0
coach_season,2025,Jonathan Gannon,ARI,two_point_toss_ups,39.0
coach_season,2025,Jonathan Gannon,ARI,two_point_wp_lost,0.0
coach_season,2025,Jonathan Gannon,ARI,two_point_wrong,0.0
coach_season,2025,Jonathan Gannon,ARI,went,28.0
coach_season,2025,Jonathan Gannon,ARI,wp_lost,0.068506
coach_season,2025,Jonathan Gannon,ARI,wp_lost_per_game,0.00403
coach_season,2025,Kellen Moore,NO,aggressiveness,0.708333
coach_season,2025,Kellen Moore,NO,fourth_graded,49.0
coach_season,2025,Kellen Moore,NO,fourth_toss_ups,79.0
coach_season,2025,Kellen Moore,NO,fourth_wp_lost,0.140852
coach_season,2025,Kellen Moore,NO,fourth_wrong,7.0
coach_season,2025,Kellen Moore,NO,games,17.0
coach_season,2025,Kellen Moore,NO,go_clear,24.0
coach_season,2025,Kellen Moore,NO,go_clear_went,17.0
coach_season,2025,Kellen Moore,NO,two_point_graded,1.0
coach_season,2025,Kellen Moore,NO,two_point_toss_ups,30.0
coach_season,2025,Kellen Moore,NO,two_point_wp_lost,0.0
coach_season,2025,Kellen Moore,NO,two_point_wrong,0.0
coach_season,2025,Kellen Moore,NO,went,33.0
coach_season,2025,Kellen Moore,NO,wp_lost,0.140852
coach_season,2025,Kellen Moore,NO,wp_lost_per_game,0.008285
coach_season,2025,Kevin O'Connell,MIN,aggressiveness,0.5
coach_season,2025,Kevin O'Connell,MIN,fourth_graded,54.0
coach_season,2025,Kevin O'Connell,MIN,fourth_toss_ups,65.0
coach_season,2025,Kevin O'Connell,MIN,fourth_wp_lost,0.272382
coach_season,2025,Kevin O'Connell,MIN,fourth_wrong,12.0
coach_season,2025,Kevin O'Connell,MIN,games,17.0
coach_season,2025,Kevin O'Connell,MIN,go_clear,22.0
coach_season,2025,Kevin O'Connell,MIN,go_clear_went,11.0
coach_season,2025,Kevin O'Connell,MIN,two_point_graded,1.0
coach_season,2025,Kevin O'Connell,MIN,two_point_toss_ups,34.0
coach_season,2025,Kevin O'Connell,MIN,two_point_wp_lost,0.016761
coach_season,2025,Kevin O'Connell,MIN,two_point_wrong,1.0
coach_season,2025,Kevin O'Connell,MIN,went,23.0
coach_season,2025,Kevin O'Connell,MIN,wp_lost,0.289143
coach_season,2025,Kevin O'Connell,MIN,wp_lost_per_game,0.017008
coach_season,2025,Kevin Stefanski,CLE,aggressiveness,0.5
coach_season,2025,Kevin Stefanski,CLE,fourth_graded,62.0
coach_season,2025,Kevin Stefanski,CLE,fourth_toss_ups,82.0
coach_season,2025,Kevin Stefanski,CLE,fourth_wp_lost,0.327807
coach_season,2025,Kevin Stefanski,CLE,fourth_wrong,12.0
coach_season,2025,Kevin Stefanski,CLE,games,17.0
coach_season,2025,Kevin Stefanski,CLE,go_clear,22.0
coach_season,2025,Kevin Stefanski,CLE,go_clear_went,11.0
coach_season,2025,Kevin Stefanski,CLE,two_point_graded,1.0
coach_season,2025,Kevin Stefanski,CLE,two_point_toss_ups,29.0
coach_season,2025,Kevin Stefanski,CLE,two_point_wp_lost,0.0
coach_season,2025,Kevin Stefanski,CLE,two_point_wrong,0.0
coach_season,2025,Kevin Stefanski,CLE,went,28.0
coach_season,2025,Kevin Stefanski,CLE,wp_lost,0.327807
coach_season,2025,Kevin Stefanski,CLE,wp_lost_per_game,0.019283
coach_season,2025,Kyle Shanahan,SF,aggressiveness,0.666667
coach_season,2025,Kyle Shanahan,SF,fourth_graded,48.0
coach_season,2025,Kyle Shanahan,SF,fourth_toss_ups,58.0
coach_season,2025,Kyle Shanahan,SF,fourth_wp_lost,0.1379
coach_season,2025,Kyle Shanahan,SF,fourth_wrong,7.0
coach_season,2025,Kyle Shanahan,SF,games,19.0
coach_season,2025,Kyle Shanahan,SF,go_clear,21.0
coach_season,2025,Kyle Shanahan,SF,go_clear_went,14.0
coach_season,2025,Kyle Shanahan,SF,two_point_graded,0.0
coach_season,2025,Kyle Shanahan,SF,two_point_toss_ups,52.0
coach_season,2025,Kyle Shanahan,SF,two_point_wp_lost,0.0
coach_season,2025,Kyle Shanahan,SF,two_point_wrong,0.0
coach_season,2025,Kyle Shanahan,SF,went,25.0
coach_season,2025,Kyle Shanahan,SF,wp_lost,0.1379
coach_season,2025,Kyle Shanahan,SF,wp_lost_per_game,0.007258
coach_season,2025,Liam Coen,JAX,aggressiveness,0.681818
coach_season,2025,Liam Coen,JAX,fourth_graded,48.0
coach_season,2025,Liam Coen,JAX,fourth_toss_ups,73.0
coach_season,2025,Liam Coen,JAX,fourth_wp_lost,0.181038
coach_season,2025,Liam Coen,JAX,fourth_wrong,7.0
coach_season,2025,Liam Coen,JAX,games,18.0
coach_season,2025,Liam Coen,JAX,go_clear,22.0
coach_season,2025,Liam Coen,JAX,go_clear_went,15.0
coach_season,2025,Liam Coen,JAX,two_point_graded,1.0
coach_season,2025,Liam Coen,JAX,two_point_toss_ups,57.0
coach_season,2025,Liam Coen,JAX,two_point_wp_lost,0.022749
coach_season,2025,Liam Coen,JAX,two_point_wrong,1.0
coach_season,2025,Liam Coen,JAX,went,30.0
coach_season,2025,Liam Coen,JAX,wp_lost,0.203786
coach_season,2025,Liam Coen,JAX,wp_lost_per_game,0.011321
coach_season,2025,Matt LaFleur,GB,aggressiveness,0.875
coach_season,2025,Matt LaFleur,GB,fourth_graded,42.0
coach_season,2025,Matt LaFleur,GB,fourth_toss_ups,64.0
coach_season,2025,Matt LaFleur,GB,fourth_wp_lost,0.048384
coach_season,2025,Matt LaFleur,GB,fourth_wrong,2.0
coach_season,2025,Matt LaFleur,GB,games,18.0
coach_season,2025,Matt LaFleur,GB,go_clear,16.0
coach_season,2025,Matt LaFleur,GB,go_clear_went,14.0
coach_season,2025,Matt LaFleur,GB,two_point_graded,1.0
coach_season,2025,Matt LaFleur,GB,two_point_toss_ups,47.0
coach_season,2025,Matt LaFleur,GB,two_point_wp_lost,0.0
coach_season,2025,Matt LaFleur,GB,two_point_wrong,0.0
coach_season,2025,Matt LaFleur,GB,went,27.0
coach_season,2025,Matt LaFleur,GB,wp_lost,0.048384
coach_season,2025,Matt LaFleur,GB,wp_lost_per_game,0.002688
coach_season,2025,Mike Macdonald,SEA,aggressiveness,0.4375
coach_season,2025,Mike Macdonald,SEA,fourth_graded,54.0
coach_season,2025,Mike Macdonald,SEA,fourth_toss_ups,73.0
coach_season,2025,Mike Macdonald,SEA,fourth_wp_lost,0.285126
coach_season,2025,Mike Macdonald,SEA,fourth_wrong,10.0
coach_season,2025,Mike Macdonald,SEA,games,20.0
coach_season,2025,Mike Macdonald,SEA,go_clear,16.0
coach_season,2025,Mike Macdonald,SEA,go_clear_went,7.0
coach_season,2025,Mike Macdonald,SEA,two_point_graded,3.0
coach_season,2025,Mike Macdonald,SEA,two_point_toss_ups,59.0
coach_season,2025,Mike Macdonald,SEA,two_point_wp_lost,0.043384
coach_season,2025,Mike Macdonald,SEA,two_point_wrong,2.0
coach_season,2025,Mike Macdonald,SEA,went,12.0
coach_season,2025,Mike Macdonald,SEA,wp_lost,0.328511
coach_season,2025,Mike Macdonald,SEA,wp_lost_per_game,0.016426
coach_season,2025,Mike McDaniel,MIA,aggressiveness,0.714286
coach_season,2025,Mike McDaniel,MIA,fourth_graded,32.0
coach_season,2025,Mike McDaniel,MIA,fourth_toss_ups,79.0
coach_season,2025,Mike McDaniel,MIA,fourth_wp_lost,0.034091
coach_season,2025,Mike McDaniel,MIA,fourth_wrong,2.0
coach_season,2025,Mike McDaniel,MIA,games,17.0
coach_season,2025,Mike McDaniel,MIA,go_clear,7.0
coach_season,2025,Mike McDaniel,MIA,go_clear_went,5.0
coach_season,2025,Mike McDaniel,MIA,two_point_graded,2.0
coach_season,2025,Mike McDaniel,MIA,two_point_toss_ups,36.0
coach_season,2025,Mike McDaniel,MIA,two_point_wp_lost,0.0
coach_season,2025,Mike McDaniel,MIA,two_point_wrong,0.0
coach_season,2025,Mike McDaniel,MIA,went,23.0
coach_season,2025,Mike McDaniel,MIA,wp_lost,0.034091
coach_season,2025,Mike McDaniel,MIA,wp_lost_per_game,0.002005
coach_season,2025,Mike Tomlin,PIT,aggressiveness,0.527778
coach_season,2025,Mike Tomlin,PIT,fourth_graded,68.0
coach_season,2025,Mike Tomlin,PIT,fourth_toss_ups,58.0
coach_season,2025,Mike Tomlin,PIT,fourth_wp_lost,0.549989
coach_season,2025,Mike Tomlin,PIT,fourth_wrong,18.0
coach_season,2025,Mike Tomlin,PIT,games,18.0
coach_season,2025,Mike Tomlin,PIT,go_clear,36.0
coach_season,2025,Mike Tomlin,PIT,go_clear_went,19.0
coach_season,2025,Mike Tomlin,PIT,two_point_graded,1.0
coach_season,2025,Mike Tomlin,PIT,two_point_toss_ups,44.0
coach_season,2025,Mike Tomlin,PIT,two_point_wp_lost,0.0
coach_season,2025,Mike Tomlin,PIT,two_point_wrong,0.0
coach_season,2025,Mike Tomlin,PIT,went,26.0
coach_season,2025,Mike Tomlin,PIT,wp_lost,0.549989
coach_season,2025,Mike Tomlin,PIT,wp_lost_per_game,0.030555
coach_season,2025,Mike Vrabel,NE,aggressiveness,0.695652
coach_season,2025,Mike Vrabel,NE,fourth_graded,55.0
coach_season,2025,Mike Vrabel,NE,fourth_toss_ups,78.0
coach_season,2025,Mike Vrabel,NE,fourth_wp_lost,0.165678
coach_season,2025,Mike Vrabel,NE,fourth_wrong,8.0
coach_season,2025,Mike Vrabel,NE,games,21.0
coach_season,2025,Mike Vrabel,NE,go_clear,23.0
coach_season,2025,Mike Vrabel,NE,go_clear_went,16.0
coach_season,2025,Mike Vrabel,NE,two_point_graded,2.0
coach_season,2025,Mike Vrabel,NE,two_point_toss_ups,64.0
coach_season,2025,Mike Vrabel,NE,two_point_wp_lost,0.020783
coach_season,2025,Mike Vrabel,NE,two_point_wrong,1.0
coach_season,2025,Mike Vrabel,NE,went,26.0
coach_season,2025,Mike Vrabel,NE,wp_lost,0.186461
coach_season,2025,Mike Vrabel,NE,wp_lost_per_game,0.008879
coach_season,2025,Nick Sirianni,PHI,aggressiveness,0.941176
coach_season,2025,Nick Sirianni,PHI,fourth_graded,66.0
coach_season,2025,Nick Sirianni,PHI,fourth_toss_ups,59.0
coach_season,2025,Nick Sirianni,PHI,fourth_wp_lost,0.017579
coach_season,2025,Nick Sirianni,PHI,fourth_wrong,1.0
coach_season,2025,Nick Sirianni,PHI,games,18.0
coach_season,2025,Nick Sirianni,PHI,go_clear,17.0
coach_season,2025,Nick Sirianni,PHI,go_clear_went,16.0
coach_season,2025,Nick Sirianni,PHI,two_point_graded,2.0
coach_season,2025,Nick Sirianni,PHI,two_point_toss_ups,45.0
coach_season,2025,Nick Sirianni,PHI,two_point_wp_lost,0.025959
coach_season,2025,Nick Sirianni,PHI,two_point_wrong,1.0
coach_season,2025,Nick Sirianni,PHI,went,23.0
coach_season,2025,Nick Sirianni,PHI,wp_lost,0.043538
coach_season,2025,Nick Sirianni,PHI,wp_lost_per_game,0.002419
coach_season,2025,Pete Carroll,LV,aggressiveness,0.625
coach_season,2025,Pete Carroll,LV,fourth_graded,57.0
coach_season,2025,Pete Carroll,LV,fourth_toss_ups,71.0
coach_season,2025,Pete Carroll,LV,fourth_wp_lost,0.127166
coach_season,2025,Pete Carroll,LV,fourth_wrong,6.0
coach_season,2025,Pete Carroll,LV,games,17.0
coach_season,2025,Pete Carroll,LV,go_clear,16.0
coach_season,2025,Pete Carroll,LV,go_clear_went,10.0
coach_season,2025,Pete Carroll,LV,two_point_graded,1.0
coach_season,2025,Pete Carroll,LV,two_point_toss_ups,24.0
coach_season,2025,Pete Carroll,LV,two_point_wp_lost,0.0
coach_season,2025,Pete Carroll,LV,two_point_wrong,0.0
coach_season,2025,Pete Carroll,LV,went,31.0
coach_season,2025,Pete Carroll,LV,wp_lost,0.127166
coach_season,2025,Pete Carroll,LV,wp_lost_per_game,0.00748
coach_season,2025,Raheem Morris,ATL,aggressiveness,0.526316
coach_season,2025,Raheem Morris,ATL,fourth_graded,55.0
coach_season,2025,Raheem Morris,ATL,fourth_toss_ups,71.0
coach_season,2025,Raheem Morris,ATL,fourth_wp_lost,0.22484
coach_season,2025,Raheem Morris,ATL,fourth_wrong,9.0
coach_season,2025,Raheem Morris,ATL,games,17.0
coach_season,2025,Raheem Morris,ATL,go_clear,19.0
coach_season,2025,Raheem Morris,ATL,go_clear_went,10.0
coach_season,2025,Raheem Morris,ATL,two_point_graded,2.0
coach_season,2025,Raheem Morris,ATL,two_point_toss_ups,35.0
coach_season,2025,Raheem Morris,ATL,two_point_wp_lost,0.021603
coach_season,2025,Raheem Morris,ATL,two_point_wrong,1.0
coach_season,2025,Raheem Morris,ATL,went,27.0
coach_season,2025,Raheem Morris,ATL,wp_lost,0.246443
coach_season,2025,Raheem Morris,ATL,wp_lost_per_game,0.014497
coach_season,2025,Sean McDermott,BUF,aggressiveness,0.814815
coach_season,2025,Sean McDermott,BUF,fourth_graded,52.0
coach_season,2025,Sean McDermott,BUF,fourth_toss_ups,57.0
coach_season,2025,Sean McDermott,BUF,fourth_wp_lost,0.114981
coach_season,2025,Sean McDermott,BUF,fourth_wrong,6.0
coach_season,2025,Sean McDermott,BUF,games,19.0
coach_season,2025,Sean McDermott,BUF,go_clear,27.0
coach_season,2025,Sean McDermott,BUF,go_clear_went,22.0
coach_season,2025,Sean McDermott,BUF,two_point_graded,1.0
coach_season,2025,Sean McDermott,BUF,two_point_toss_ups,67.0
coach_season,2025,Sean McDermott,BUF,two_point_wp_lost,0.0
coach_season,2025,Sean McDermott,BUF,two_point_wrong,0.0
coach_season,2025,Sean McDermott,BUF,went,34.0
coach_season,2025,Sean McDermott,BUF,wp_lost,0.114981
coach_season,2025,Sean McDermott,BUF,wp_lost_per_game,0.006052
coach_season,2025,Sean McVay,LA,aggressiveness,0.851852
coach_season,2025,Sean McVay,LA,fourth_graded,56.0
coach_season,2025,Sean McVay,LA,fourth_toss_ups,72.0
coach_season,2025,Sean McVay,LA,fourth_wp_lost,0.108876
coach_season,2025,Sean McVay,LA,fourth_wrong,5.0
coach_season,2025,Sean McVay,LA,games,20.0
coach_season,2025,Sean McVay,LA,go_clear,27.0
coach_season,2025,Sean McVay,LA,go_clear_went,23.0
coach_season,2025,Sean McVay,LA,two_point_graded,1.0
coach_season,2025,Sean McVay,LA,two_point_toss_ups,73.0
coach_season,2025,Sean McVay,LA,two_point_wp_lost,0.0
coach_season,2025,Sean McVay,LA,two_point_wrong,0.0
coach_season,2025,Sean McVay,LA,went,34.0
coach_season,2025,Sean McVay,LA,wp_lost,0.108876
coach_season,2025,Sean McVay,LA,wp_lost_per_game,0.005444
coach_season,2025,Sean Payton,DEN,aggressiveness,0.578947
coach_season,2025,Sean Payton,DEN,fourth_graded,56.0
coach_season,2025,Sean Payton,DEN,fourth_toss_ups,84.0
coach_season,2025,Sean Payton,DEN,fourth_wp_lost,0.2606
coach_season,2025,Sean Payton,DEN,fourth_wrong,9.0
coach_season,2025,Sean Payton,DEN,games,19.0
coach_season,2025,Sean Payton,DEN,go_clear,19.0
coach_season,2025,Sean Payton,DEN,go_clear_went,11.0
coach_season,2025,Sean Payton,DEN,two_point_graded,2.0
coach_season,2025,Sean Payton,DEN,two_point_toss_ups,47.0
coach_season,2025,Sean Payton,DEN,two_point_wp_lost,0.0
coach_season,2025,Sean Payton,DEN,two_point_wrong,0.0
coach_season,2025,Sean Payton,DEN,went,22.0
coach_season,2025,Sean Payton,DEN,wp_lost,0.2606
coach_season,2025,Sean Payton,DEN,wp_lost_per_game,0.013716
coach_season,2025,Shane Steichen,IND,aggressiveness,0.666667
coach_season,2025,Shane Steichen,IND,fourth_graded,47.0
coach_season,2025,Shane Steichen,IND,fourth_toss_ups,54.0
coach_season,2025,Shane Steichen,IND,fourth_wp_lost,0.32146
coach_season,2025,Shane Steichen,IND,fourth_wrong,8.0
coach_season,2025,Shane Steichen,IND,games,17.0
coach_season,2025,Shane Steichen,IND,go_clear,21.0
coach_season,2025,Shane Steichen,IND,go_clear_went,14.0
coach_season,2025,Shane Steichen,IND,two_point_graded,0.0
coach_season,2025,Shane Steichen,IND,two_point_toss_ups,52.0
coach_season,2025,Shane Steichen,IND,two_point_wp_lost,0.0
coach_season,2025,Shane Steichen,IND,two_point_wrong,0.0
coach_season,2025,Shane Steichen,IND,went,26.0
coach_season,2025,Shane Steichen,IND,wp_lost,0.32146
coach_season,2025,Shane Steichen,IND,wp_lost_per_game,0.018909
coach_season,2025,Todd Bowles,TB,aggressiveness,0.75
coach_season,2025,Todd Bowles,TB,fourth_graded,55.0
coach_season,2025,Todd Bowles,TB,fourth_toss_ups,68.0
coach_season,2025,Todd Bowles,TB,fourth_wp_lost,0.162371
coach_season,2025,Todd Bowles,TB,fourth_wrong,6.0
coach_season,2025,Todd Bowles,TB,games,17.0
coach_season,2025,Todd Bowles,TB,go_clear,24.0
coach_season,2025,Todd Bowles,TB,go_clear_went,18.0
coach_season,2025,Todd Bowles,TB,two_point_graded,1.0
coach_season,2025,Todd Bowles,TB,two_point_toss_ups,40.0
coach_season,2025,Todd Bowles,TB,two_point_wp_lost,0.023287
coach_season,2025,Todd Bowles,TB,two_point_wrong,1.0
coach_season,2025,Todd Bowles,TB,went,27.0
coach_season,2025,Todd Bowles,TB,wp_lost,0.185658
coach_season,2025,Todd Bowles,TB,wp_lost_per_game,0.010921
coach_season,2025,Zac Taylor,CIN,aggressiveness,0.733333
coach_season,2025,Zac Taylor,CIN,fourth_graded,40.0
coach_season,2025,Zac Taylor,CIN,fourth_toss_ups,68.0
coach_season,2025,Zac Taylor,CIN,fourth_wp_lost,0.084438
coach_season,2025,Zac Taylor,CIN,fourth_wrong,4.0
coach_season,2025,Zac Taylor,CIN,games,17.0
coach_season,2025,Zac Taylor,CIN,go_clear,15.0
coach_season,2025,Zac Taylor,CIN,go_clear_went,11.0
coach_season,2025,Zac Taylor,CIN,two_point_graded,2.0
coach_season,2025,Zac Taylor,CIN,two_point_toss_ups,47.0
coach_season,2025,Zac Taylor,CIN,two_point_wp_lost,0.024167
coach_season,2025,Zac Taylor,CIN,two_point_wrong,1.0
coach_season,2025,Zac Taylor,CIN,went,19.0
coach_season,2025,Zac Taylor,CIN,wp_lost,0.108605
coach_season,2025,Zac Taylor,CIN,wp_lost_per_game,0.006389
coach_season,2026,Aaron Glenn,NYJ,aggressiveness,0.75
coach_season,2026,Aaron Glenn,NYJ,fourth_graded,13.0
coach_season,2026,Aaron Glenn,NYJ,fourth_toss_ups,10.0
coach_season,2026,Aaron Glenn,NYJ,fourth_wp_lost,0.026992
coach_season,2026,Aaron Glenn,NYJ,fourth_wrong,1.0
coach_season,2026,Aaron Glenn,NYJ,games,3.0
coach_season,2026,Aaron Glenn,NYJ,go_clear,4.0
coach_season,2026,Aaron Glenn,NYJ,go_clear_went,3.0
coach_season,2026,Aaron Glenn,NYJ,two_point_graded,0.0
coach_season,2026,Aaron Glenn,NYJ,two_point_toss_ups,7.0
coach_season,2026,Aaron Glenn,NYJ,two_point_wp_lost,0.0
coach_season,2026,Aaron Glenn,NYJ,two_point_wrong,0.0
coach_season,2026,Aaron Glenn,NYJ,went,4.0
coach_season,2026,Aaron Glenn,NYJ,wp_lost,0.026992
coach_season,2026,Aaron Glenn,NYJ,wp_lost_per_game,0.008997
coach_season,2026,Andy Reid,KC,aggressiveness,1.0
coach_season,2026,Andy Reid,KC,fourth_graded,10.0
coach_season,2026,Andy Reid,KC,fourth_toss_ups,9.0
coach_season,2026,Andy Reid,KC,fourth_wp_lost,0.0
coach_season,2026,Andy Reid,KC,fourth_wrong,0.0
coach_season,2026,Andy Reid,KC,games,3.0
coach_season,2026,Andy Reid,KC,go_clear,5.0
coach_season,2026,Andy Reid,KC,go_clear_went,5.0
coach_season,2026,Andy Reid,KC,two_point_graded,0.0
coach_season,2026,Andy Reid,KC,two_point_toss_ups,10.0
coach_season,2026,Andy Reid,KC,two_point_wp_lost,0.0
coach_season,2026,Andy Reid,KC,two_point_wrong,0.0
coach_season,2026,Andy Reid,KC,went,5.0
coach_season,2026,Andy Reid,KC,wp_lost,0.0
coach_season,2026,Andy Reid,KC,wp_lost_per_game,0.0
coach_season,2026,Ben Johnson,CHI,aggressiveness,1.0
coach_season,2026,Ben Johnson,CHI,fourth_graded,7.0
coach_season,2026,Ben Johnson,CHI,fourth_toss_ups,12.0
coach_season,2026,Ben Johnson,CHI,fourth_wp_lost,0.0
coach_season,2026,Ben Johnson,CHI,fourth_wrong,0.0
coach_season,2026,Ben Johnson,CHI,games,3.0
coach_season,2026,Ben Johnson,CHI,go_clear,3.0
coach_season,2026,Ben Johnson,CHI,go_clear_went,3.0
coach_season,2026,Ben Johnson,CHI,two_point_graded,0.0
coach_season,2026,Ben Johnson,CHI,two_point_toss_ups,11.0
coach_season,2026,Ben Johnson,CHI,two_point_wp_lost,0.0
coach_season,2026,Ben Johnson,CHI,two_point_wrong,0.0
coach_season,2026,Ben Johnson,CHI,went,6.0
coach_season,2026,Ben Johnson,CHI,wp_lost,0.0
coach_season,2026,Ben Johnson,CHI,wp_lost_per_game,0.0
coach_season,2026,Brian Schottenheimer,DAL,aggressiveness,1.0
coach_season,2026,Brian Schottenheimer,DAL,fourth_graded,6.0
coach_season,2026,Brian Schottenheimer,DAL,fourth_toss_ups,7.0
coach_season,2026,Brian Schottenheimer,DAL,fourth_wp_lost,0.0
coach_season,2026,Brian Schottenheimer,DAL,fourth_wrong,0.0
coach_season,2026,Brian Schottenheimer,DAL,games,3.0
coach_season,2026,Brian Schottenheimer,DAL,go_clear,2.0
coach_season,2026,Brian Schottenheimer,DAL,go_clear_went,2.0
coach_season,2026,Brian Schottenheimer,DAL,two_point_graded,0.0
coach_season,2026,Brian Schottenheimer,DAL,two_point_toss_ups,10.0
coach_season,2026,Brian Schottenheimer,DAL,two_point_wp_lost,0.0
coach_season,2026,Brian Schottenheimer,DAL,two_point_wrong,0.0
coach_season,2026,Brian Schottenheimer,DAL,went,2.0
coach_season,2026,Brian Schottenheimer,DAL,wp_lost,0.0
coach_season,2026,Brian Schottenheimer,DAL,wp_lost_per_game,0.0
coach_season,2026,Dan Campbell,DET,aggressiveness,0.666667
coach_season,2026,Dan Campbell,DET,fourth_graded,9.0
coach_season,2026,Dan Campbell,DET,fourth_toss_ups,10.0
coach_season,2026,Dan Campbell,DET,fourth_wp_lost,0.038765
coach_season,2026,Dan Campbell,DET,fourth_wrong,1.0
coach_season,2026,Dan Campbell,DET,games,3.0
coach_season,2026,Dan Campbell,DET,go_clear,3.0
coach_season,2026,Dan Campbell,DET,go_clear_went,2.0
coach_season,2026,Dan Campbell,DET,two_point_graded,0.0
coach_season,2026,Dan Campbell,DET,two_point_toss_ups,12.0
coach_season,2026,Dan Campbell,DET,two_point_wp_lost,0.0
coach_season,2026,Dan Campbell,DET,two_point_wrong,0.0
coach_season,2026,Dan Campbell,DET,went,4.0
coach_season,2026,Dan Campbell,DET,wp_lost,0.038765
coach_season,2026,Dan Campbell,DET,wp_lost_per_game,0.012922
coach_season,2026,Dan Quinn,WAS,aggressiveness,0.75
coach_season,2026,Dan Quinn,WAS,fourth_graded,11.0
coach_season,2026,Dan Quinn,WAS,fourth_toss_ups,12.0
coach_season,2026,Dan Quinn,WAS,fourth_wp_lost,0.029165
coach_season,2026,Dan Quinn,WAS,fourth_wrong,1.0
coach_season,2026,Dan Quinn,WAS,games,3.0
coach_season,2026,Dan Quinn,WAS,go_clear,4.0
coach_season,2026,Dan Quinn,WAS,go_clear_went,3.0
coach_season,2026,Dan Quinn,WAS,two_point_graded,1.0
coach_season,2026,Dan Quinn,WAS,two_point_toss_ups,8.0
coach_season,2026,Dan Quinn,WAS,two_point_wp_lost,0.016897
coach_season,2026,Dan Quinn,WAS,two_point_wrong,1.0
coach_season,2026,Dan Quinn,WAS,went,3.0
coach_season,2026,Dan Quinn,WAS,wp_lost,0.046061
coach_season,2026,Dan Quinn,WAS,wp_lost_per_game,0.015354
coach_season,2026,Dave Canales,CAR,aggressiveness,0.5
coach_season,2026,Dave Canales,CAR,fourth_graded,12.0
coach_season,2026,Dave Canales,CAR,fourth_toss_ups,11.0
coach_season,2026,Dave Canales,CAR,fourth_wp_lost,0.070408
coach_season,2026,Dave Canales,CAR,fourth_wrong,3.0
coach_season,2026,Dave Canales,CAR,games,3.0
coach_season,2026,Dave Canales,CAR,go_clear,4.0
coach_season,2026,Dave Canales,CAR,go_clear_went,2.0
coach_season,2026,Dave Canales,CAR,two_point_graded,0.0
coach_season,2026,Dave Canales,CAR,two_point_toss_ups,10.0
coach_season,2026,Dave Canales,CAR,two_point_wp_lost,0.0
coach_season,2026,Dave Canales,CAR,two_point_wrong,0.0
coach_season,2026,Dave Canales,CAR,went,6.0
coach_season,2026,Dave Canales,CAR,wp_lost,0.070408
coach_season,2026,Dave Canales,CAR,wp_lost_per_game,0.023469
coach_season,2026,DeMeco Ryans,HOU,aggressiveness,0.666667
coach_season,2026,DeMeco Ryans,HOU,fourth_graded,13.0
coach_season,2026,DeMeco Ryans,HOU,fourth_toss_ups,13.0
coach_season,2026,DeMeco Ryans,HOU,fourth_wp_lost,0.067428
coach_season,2026,DeMeco Ryans,HOU,fourth_wrong,2.0
coach_season,2026,DeMeco Ryans,HOU,games,3.0
coach_season,2026,DeMeco Ryans,HOU,go_clear,6.0
coach_season,2026,DeMeco Ryans,HOU,go_clear_went,4.0
coach_season,2026,DeMeco Ryans,HOU,two_point_graded,0.0
coach_season,2026,DeMeco Ryans,HOU,two_point_toss_ups,6.0
coach_season,2026,DeMeco Ryans,HOU,two_point_wp_lost,0.0
coach_season,2026,DeMeco Ryans,HOU,two_point_wrong,0.0
coach_season,2026,DeMeco Ryans,HOU,went,7.0
coach_season,2026,DeMeco Ryans,HOU,wp_lost,0.067428
coach_season,2026,DeMeco Ryans,HOU,wp_lost_per_game,0.022476
coach_season,2026,Jeff Hafley,MIA,aggressiveness,0.5
coach_season,2026,Jeff Hafley,MIA,fourth_graded,3.0
coach_season,2026,Jeff Hafley,MIA,fourth_toss_ups,16.0
coach_season,2026,Jeff Hafley,MIA,fourth_wp_lost,0.015179
coach_season,2026,Jeff Hafley,MIA,fourth_wrong,1.0
coach_season,2026,Jeff Hafley,MIA,games,3.0
coach_season,2026,Jeff Hafley,MIA,go_clear,2.0
coach_season,2026,Jeff Hafley,MIA,go_clear_went,1.0
coach_season,2026,Jeff Hafley,MIA,two_point_graded,0.0
coach_season,2026,Jeff Hafley,MIA,two_point_toss_ups,3.0
coach_season,2026,Jeff Hafley,MIA,two_point_wp_lost,0.0
coach_season,2026,Jeff Hafley,MIA,two_point_wrong,0.0
coach_season,2026,Jeff Hafley,MIA,went,5.0
coach_season,2026,Jeff Hafley,MIA,wp_lost,0.015179
coach_season,2026,Jeff Hafley,MIA,wp_lost_per_game,0.00506
coach_season,2026,Jesse Minter,BAL,aggressiveness,0.666667
coach_season,2026,Jesse Minter,BAL,fourth_graded,8.0
coach_season,2026,Jesse Minter,BAL,fourth_toss_ups,8.0
coach_season,2026,Jesse Minter,BAL,fourth_wp_lost,0.032229
coach_season,2026,Jesse Minter,BAL,fourth_wrong,1.0
coach_season,2026,Jesse Minter,BAL,games,3.0
coach_season,2026,Jesse Minter,BAL,go_clear,3.0
coach_season,2026,Jesse Minter,BAL,go_clear_went,2.0
coach_season,2026,Jesse Minter,BAL,two_point_graded,0.0
coach_season,2026,Jesse Minter,BAL,two_point_toss_ups,11.0
coach_season,2026,Jesse Minter,BAL,two_point_wp_lost,0.0
coach_season,2026,Jesse Minter,BAL,two_point_wrong,0.0
coach_season,2026,Jesse Minter,BAL,went,3.0
coach_season,2026,Jesse Minter,BAL,wp_lost,0.032229
coach_season,2026,Jesse Minter,BAL,wp_lost_per_game,0.010743
coach_season,2026,Jim Harbaugh,LAC,aggressiveness,0.25
coach_season,2026,Jim Harbaugh,LAC,fourth_graded,11.0
coach_season,2026,Jim Harbaugh,LAC,fourth_toss_ups,9.0
coach_season,2026,Jim Harbaugh,LAC,fourth_wp_lost,0.105884
coach_season,2026,Jim Harbaugh,LAC,fourth_wrong,5.0
coach_season,2026,Jim Harbaugh,LAC,games,3.0
coach_season,2026,Jim Harbaugh,LAC,go_clear,4.0
coach_season,2026,Jim Harbaugh,LAC,go_clear_went,1.0
coach_season,2026,Jim Harbaugh,LAC,two_point_graded,0.0
coach_season,2026,Jim Harbaugh,LAC,two_point_toss_ups,5.0
coach_season,2026,Jim Harbaugh,LAC,two_point_wp_lost,0.0
coach_season,2026,Jim Harbaugh,LAC,two_point_wrong,0.0
coach_season,2026,Jim Harbaugh,LAC,went,4.0
coach_season,2026,Jim Harbaugh,LAC,wp_lost,0.105884
coach_season,2026,Jim Harbaugh,LAC,wp_lost_per_game,0.035295
coach_season,2026,John Harbaugh,NYG,aggressiveness,1.0
coach_season,2026,John Harbaugh,NYG,fourth_graded,8.0
coach_season,2026,John Harbaugh,NYG,fourth_toss_ups,12.0
coach_season,2026,John Harbaugh,NYG,fourth_wp_lost,0.018161
coach_season,2026,John Harbaugh,NYG,fourth_wrong,1.0
coach_season,2026,John Harbaugh,NYG,games,3.0
coach_season,2026,John Harbaugh,NYG,go_clear,1.0
coach_season,2026,John Harbaugh,NYG,go_clear_went,1.0
coach_season,2026,John Harbaugh,NYG,two_point_graded,0.0
coach_season,2026,John Harbaugh,NYG,two_point_toss_ups,4.0
coach_season,2026,John Harbaugh,NYG,two_point_wp_lost,0.0
coach_season,2026,John Harbaugh,NYG,two_point_wrong,0.0
coach_season,2026,John Harbaugh,NYG,went,2.0
coach_season,2026,John Harbaugh,NYG,wp_lost,0.018161
coach_season,2026,John Harbaugh,NYG,wp_lost_per_game,0.006054
coach_season,2026,Jonathan Gannon,ARI,aggressiveness,0.285714
coach_season,2026,Jonathan Gannon,ARI,fourth_graded,12.0
coach_season,2026,Jonathan Gannon,ARI,fourth_toss_ups,11.0
coach_season,2026,Jonathan Gannon,ARI,fourth_wp_lost,0.132601
coach_season,2026,Jonathan Gannon,ARI,fourth_wrong,6.0
coach_season,2026,Jonathan Gannon,ARI,games,3.0
coach_season,2026,Jonathan Gannon,ARI,go_clear,7.0
coach_season,2026,Jonathan Gannon,ARI,go_clear_went,2.0
coach_season,2026,Jonathan Gannon,ARI,two_point_graded,0.0
coach_season,2026,Jonathan Gannon,ARI,two_point_toss_ups,6.0
coach_season,2026,Jonathan Gannon,ARI,two_point_wp_lost,0.0
coach_season,2026,Jonathan Gannon,ARI,two_point_wrong,0.0
coach_season,2026,Jonathan Gannon,ARI,went,3.0
coach_season,2026,Jonathan Gannon,ARI,wp_lost,0.132601
coach_season,2026,Jonathan Gannon,ARI,wp_lost_per_game,0.0442
coach_season,2026,Kellen Moore,NO,aggressiveness,0.571429
coach_season,2026,Kellen Moore,NO,fourth_graded,11.0
coach_season,2026,Kellen Moore,NO,fourth_toss_ups,8.0
coach_season,2026,Kellen Moore,NO,fourth_wp_lost,0.065462
coach_season,2026,Kellen Moore,NO,fourth_wrong,3.0
coach_season,2026,Kellen Moore,NO,games,3.0
coach_season,2026,Kellen Moore,NO,go_clear,7.0
coach_season,2026,Kellen Moore,NO,go_clear_went,4.0
coach_season,2026,Kellen Moore,NO,two_point_graded,0.0
coach_season,2026,Kellen Moore,NO,two_point_toss_ups,10.0
coach_season,2026,Kellen Moore,NO,two_point_wp_lost,0.0
coach_season,2026,Kellen Moore,NO,two_point_wrong,0.0
coach_season,2026,Kellen Moore,NO,went,5.0
coach_season,2026,Kellen Moore,NO,wp_lost,0.065462
coach_season,2026,Kellen Moore,NO,wp_lost_per_game,0.021821
coach_season,2026,Kevin O'Connell,MIN,aggressiveness,1.0
coach_season,2026,Kevin O'Connell,MIN,fourth_graded,15.0
coach_season,2026,Kevin O'Connell,MIN,fourth_toss_ups,12.0
coach_season,2026,Kevin O'Connell,MIN,fourth_wp_lost,0.0
coach_season,2026,Kevin O'Connell,MIN,fourth_wrong,0.0
coach_season,2026,Kevin O'Connell,MIN,games,3.0
coach_season,2026,Kevin O'Connell,MIN,go_clear,2.0
coach_season,2026,Kevin O'Connell,MIN,go_clear_went,2.0
coach_season,2026,Kevin O'Connell,MIN,two_point_graded,1.0
coach_season,2026,Kevin O'Connell,MIN,two_point_toss_ups,6.0
coach_season,2026,Kevin O'Connell,MIN,two_point_wp_lost,0.02531
coach_season,2026,Kevin O'Connell,MIN,two_point_wrong,1.0
coach_season,2026,Kevin O'Connell,MIN,went,2.0
coach_season,2026,Kevin O'Connell,MIN,wp_lost,0.02531
coach_season,2026,Kevin O'Connell,MIN,wp_lost_per_game,0.008437
coach_season,2026,Klint Kubliak,LV,aggressiveness,1.0
coach_season,2026,Klint Kubliak,LV,fourth_graded,11.0
coach_season,2026,Klint Kubliak,LV,fourth_toss_ups,8.0
coach_season,2026,Klint Kubliak,LV,fourth_wp_lost,0.0
coach_season,2026,Klint Kubliak,LV,fourth_wrong,0.0
coach_season,2026,Klint Kubliak,LV,games,3.0
coach_season,2026,Klint Kubliak,LV,go_clear,3.0
coach_season,2026,Klint Kubliak,LV,go_clear_went,3.0
coach_season,2026,Klint Kubliak,LV,two_point_graded,0.0
coach_season,2026,Klint Kubliak,LV,two_point_toss_ups,10.0
coach_season,2026,Klint Kubliak,LV,two_point_wp_lost,0.0
coach_season,2026,Klint Kubliak,LV,two_point_wrong,0.0
coach_season,2026,Klint Kubliak,LV,went,3.0
coach_season,2026,Klint Kubliak,LV,wp_lost,0.0
coach_season,2026,Klint Kubliak,LV,wp_lost_per_game,0.0
coach_season,2026,Kyle Shanahan,SF,aggressiveness,0.0
coach_season,2026,Kyle Shanahan,SF,fourth_graded,1.0
coach_season,2026,Kyle Shanahan,SF,fourth_toss_ups,9.0
coach_season,2026,Kyle Shanahan,SF,fourth_wp_lost,0.023986
coach_season,2026,Kyle Shanahan,SF,fourth_wrong,1.0
coach_season,2026,Kyle Shanahan,SF,games,3.0
coach_season,2026,Kyle Shanahan,SF,go_clear,1.0
coach_season,2026,Kyle Shanahan,SF,go_clear_went,0.0
coach_season,2026,Kyle Shanahan,SF,two_point_graded,0.0
coach_season,2026,Kyle Shanahan,SF,two_point_toss_ups,13.0
coach_season,2026,Kyle Shanahan,SF,two_point_wp_lost,0.0
coach_season,2026,Kyle Shanahan,SF,two_point_wrong,0.0
coach_season,2026,Kyle Shanahan,SF,went,0.0
coach_season,2026,Kyle Shanahan,SF,wp_lost,0.023986
coach_season,2026,Kyle Shanahan,SF,wp_lost_per_game,0.007995
coach_season,2026,Liam Coen,JAX,aggressiveness,0.0
coach_season,2026,Liam Coen,JAX,fourth_graded,5.0
coach_season,2026,Liam Coen,JAX,fourth_toss_ups,8.0
coach_season,2026,Liam Coen,JAX,fourth_wp_lost,0.048493
coach_season,2026,Liam Coen,JAX,fourth_wrong,2.0
coach_season,2026,Liam Coen,JAX,games,3.0
coach_season,2026,Liam Coen,JAX,go_clear,2.0
coach_season,2026,Liam Coen,JAX,go_clear_went,0.0
coach_season,2026,Liam Coen,JAX,two_point_graded,0.0
coach_season,2026,Liam Coen,JAX,two_point_toss_ups,10.0
coach_season,2026,Liam Coen,JAX,two_point_wp_lost,0.0
coach_season,2026,Liam Coen,JAX,two_point_wrong,0.0
coach_season,2026,Liam Coen,JAX,went,0.0
coach_season,2026,Liam Coen,JAX,wp_lost,0.048493
coach_season,2026,Liam Coen,JAX,wp_lost_per_game,0.016164
coach_season,2026,Matt LaFleur,GB,aggressiveness,0.666667
coach_season,2026,Matt LaFleur,GB,fourth_graded,11.0
coach_season,2026,Matt LaFleur,GB,fourth_toss_ups,13.0
coach_season,2026,Matt LaFleur,GB,fourth_wp_lost,0.015526
coach_season,2026,Matt LaFleur,GB,fourth_wrong,1.0
coach_season,2026,Matt LaFleur,GB,games,3.0
coach_season,2026,Matt LaFleur,GB,go_clear,3.0
coach_season,2026,Matt LaFleur,GB,go_clear_went,2.0
coach_season,2026,Matt LaFleur,GB,two_point_graded,0.0
coach_season,2026,Matt LaFleur,GB,two_point_toss_ups,6.0
coach_season,2026,Matt LaFleur,GB,two_point_wp_lost,0.0
coach_season,2026,Matt LaFleur,GB,two_point_wrong,0.0
coach_season,2026,Matt LaFleur,GB,went,5.0
coach_season,2026,Matt LaFleur,GB,wp_lost,0.015526
coach_season,2026,Matt LaFleur,GB,wp_lost_per_game,0.005175
coach_season,2026,Mike Macdonald,SEA,aggressiveness,0.5
coach_season,2026,Mike Macdonald,SEA,fourth_graded,10.0
coach_season,2026,Mike Macdonald,SEA,fourth_toss_ups,9.0
coach_season,2026,Mike Macdonald,SEA,fourth_wp_lost,0.062343
coach_season,2026,Mike Macdonald,SEA,fourth_wrong,3.0
coach_season,2026,Mike Macdonald,SEA,games,3.0
coach_season,2026,Mike Macdonald,SEA,go_clear,6.0
coach_season,2026,Mike Macdonald,SEA,go_clear_went,3.0
coach_season,2026,Mike Macdonald,SEA,two_point_graded,1.0
coach_season,2026,Mike Macdonald,SEA,two_point_toss_ups,8.0
coach_season,2026,Mike Macdonald,SEA,two_point_wp_lost,0.01521
coach_season,2026,Mike Macdonald,SEA,two_point_wrong,1.0
coach_season,2026,Mike Macdonald,SEA,went,4.0
coach_season,2026,Mike Macdonald,SEA,wp_lost,0.077554
coach_season,2026,Mike Macdonald,SEA,wp_lost_per_game,0.025851
coach_season,2026,Mike McCarthy,PIT,aggressiveness,1.0
coach_season,2026,Mike McCarthy,PIT,fourth_graded,7.0
coach_season,2026,Mike McCarthy,PIT,fourth_toss_ups,16.0
coach_season,2026,Mike McCarthy,PIT,fourth_wp_lost,0.0
coach_season,2026,Mike McCarthy,PIT,fourth_wrong,0.0
coach_season,2026,Mike McCarthy,PIT,games,3.0
coach_season,2026,Mike McCarthy,PIT,go_clear,2.0
coach_season,2026,Mike McCarthy,PIT,go_clear_went,2.0
coach_season,2026,Mike McCarthy,PIT,two_point_graded,0.0
coach_season,2026,Mike McCarthy,PIT,two_point_toss_ups,5.0
coach_season,2026,Mike McCarthy,PIT,two_point_wp_lost,0.0
coach_season,2026,Mike McCarthy,PIT,two_point_wrong,0.0
coach_season,2026,Mike McCarthy,PIT,went,3.0
coach_season,2026,Mike McCarthy,PIT,wp_lost,0.0
coach_season,2026,Mike McCarthy,PIT,wp_lost_per_game,0.0
coach_season,2026,Mike Vrabel,NE,aggressiveness,0.6
coach_season,2026,Mike Vrabel,NE,fourth_graded,8.0
coach_season,2026,Mike Vrabel,NE,fourth_toss_ups,13.0
coach_season,2026,Mike Vrabel,NE,fourth_wp_lost,0.040594
coach_season,2026,Mike Vrabel,NE,fourth_wrong,2.0
coach_season,2026,Mike Vrabel,NE,games,3.0
coach_season,2026,Mike Vrabel,NE,go_clear,5.0
coach_season,2026,Mike Vrabel,NE,go_clear_went,3.0
coach_season,2026,Mike Vrabel,NE,two_point_graded,0.0
coach_season,2026,Mike Vrabel,NE,two_point_toss_ups,3.0
coach_season,2026,Mike Vrabel,NE,two_point_wp_lost,0.0
coach_season,2026,Mike Vrabel,NE,two_point_wrong,0.0
coach_season,2026,Mike Vrabel,NE,went,4.0
coach_season,2026,Mike Vrabel,NE,wp_lost,0.040594
coach_season,2026,Mike Vrabel,NE,wp_lost_per_game,0.013531
coach_season,2026,Nick Sirianni,PHI,aggressiveness,1.0
coach_season,2026,Nick Sirianni,PHI,fourth_graded,7.0
coach_season,2026,Nick Sirianni,PHI,fourth_toss_ups,11.0
coach_season,2026,Nick Sirianni,PHI,fourth_wp_lost,0.0
coach_season,2026,Nick Sirianni,PHI,fourth_wrong,0.0
coach_season,2026,Nick Sirianni,PHI,games,3.0
coach_season,2026,Nick Sirianni,PHI,go_clear,2.0
coach_season,2026,Nick Sirianni,PHI,go_clear_went,2.0
coach_season,2026,Nick Sirianni,PHI,two_point_graded,0.0
coach_season,2026,Nick Sirianni,PHI,two_point_toss_ups,7.0
coach_season,2026,Nick Sirianni,PHI,two_point_wp_lost,0.0
coach_season,2026,Nick Sirianni,PHI,two_point_wrong,0.0
coach_season,2026,Nick Sirianni,PHI,went,3.0
coach_season,2026,Nick Sirianni,PHI,wp_lost,0.0
coach_season,2026,Nick Sirianni,PHI,wp_lost_per_game,0.0
coach_season,2026,Raheem Morris,ATL,aggressiveness,0.5
coach_season,2026,Raheem Morris,ATL,fourth_graded,6.0
coach_season,2026,Raheem Morris,ATL,fourth_toss_ups,15.0
coach_season,2026,Raheem Morris,ATL,fourth_wp_lost,0.042237
coach_season,2026,Raheem Morris,ATL,fourth_wrong,2.0
coach_season,2026,Raheem Morris,ATL,games,3.0
coach_season,2026,Raheem Morris,ATL,go_clear,2.0
coach_season,2026,Raheem Morris,ATL,go_clear_went,1.0
coach_season,2026,Raheem Morris,ATL,two_point_graded,0.0
coach_season,2026,Raheem Morris,ATL,two_point_toss_ups,5.0
coach_season,2026,Raheem Morris,ATL,two_point_wp_lost,0.0
coach_season,2026,Raheem Morris,ATL,two_point_wrong,0.0
coach_season,2026,Raheem Morris,ATL,went,2.0
coach_season,2026,Raheem Morris,ATL,wp_lost,0.042237
coach_season,2026,Raheem Morris,ATL,wp_lost_per_game,0.014079
coach_season,2026,Robert Saleh,TEN,aggressiveness,0.4
coach_season,2026,Robert Saleh,TEN,fourth_graded,8.0
coach_season,2026,Robert Saleh,TEN,fourth_toss_ups,13.0
coach_season,2026,Robert Saleh,TEN,fourth_wp_lost,0.064101
coach_season,2026,Robert Saleh,TEN,fourth_wrong,3.0
coach_season,2026,Robert Saleh,TEN,games,3.0
coach_season,2026,Robert Saleh,TEN,go_clear,5.0
coach_season,2026,Robert Saleh,TEN,go_clear_went,2.0
coach_season,2026,Robert Saleh,TEN,two_point_graded,0.0
coach_season,2026,Robert Saleh,TEN,two_point_toss_ups,4.0
coach_season,2026,Robert Saleh,TEN,two_point_wp_lost,0.0
coach_season,2026,Robert Saleh,TEN,two_point_wrong,0.0
coach_season,2026,Robert Saleh,TEN,went,2.0
coach_season,2026,Robert Saleh,TEN,wp_lost,0.064101
coach_season,2026,Robert Saleh,TEN,wp_lost_per_game,0.021367
coach_season,2026,Sean McDermott,BUF,aggressiveness,1.0
coach_season,2026,Sean McDermott,BUF,fourth_graded,7.0
coach_season,2026,Sean McDermott,BUF,fourth_toss_ups,5.0
coach_season,2026,Sean McDermott,BUF,fourth_wp_lost,0.0
coach_season,2026,Sean McDermott,BUF,fourth_wrong,0.0
coach_season,2026,Sean McDermott,BUF,games,3.0
coach_season,2026,Sean McDermott,BUF,go_clear,3.0
coach_season,2026,Sean McDermott,BUF,go_clear_went,3.0
coach_season,2026,Sean McDermott,BUF,two_point_graded,0.0
coach_season,2026,Sean McDermott,BUF,two_point_toss_ups,13.0
coach_season,2026,Sean McDermott,BUF,two_point_wp_lost,0.0
coach_season,2026,Sean McDermott,BUF,two_point_wrong,0.0
coach_season,2026,Sean McDermott,BUF,went,3.0
coach_season,2026,Sean McDermott,BUF,wp_lost,0.0
coach_season,2026,Sean McDermott,BUF,wp_lost_per_game,0.0
coach_season,2026,Sean McVay,LA,aggressiveness,0.5
coach_season,2026,Sean McVay,LA,fourth_graded,9.0
coach_season,2026,Sean McVay,LA,fourth_toss_ups,8.0
coach_season,2026,Sean McVay,LA,fourth_wp_lost,0.029363
coach_season,2026,Sean McVay,LA,fourth_wrong,1.0
coach_season,2026,Sean McVay,LA,games,3.0
coach_season,2026,Sean McVay,LA,go_clear,2.0
coach_season,2026,Sean McVay,LA,go_clear_went,1.0
coach_season,2026,Sean McVay,LA,two_point_graded,0.0
coach_season,2026,Sean McVay,LA,two_point_toss_ups,7.0
coach_season,2026,Sean McVay,LA,two_point_wp_lost,0.0
coach_season,2026,Sean McVay,LA,two_point_wrong,0.0
coach_season,2026,Sean McVay,LA,went,4.0
coach_season,2026,Sean McVay,LA,wp_lost,0.029363
coach_season,2026,Sean McVay,LA,wp_lost_per_game,0.009788
coach_season,2026,Sean Payton,DEN,aggressiveness,0.0
coach_season,2026,Sean Payton,DEN,fourth_graded,7.0
coach_season,2026,Sean Payton,DEN,fourth_toss_ups,12.0
coach_season,2026,Sean Payton,DEN,fourth_wp_lost,0.119254
coach_season,2026,Sean Payton,DEN,fourth_wrong,5.0
coach_season,2026,Sean Payton,DEN,games,3.0
coach_season,2026,Sean Payton,DEN,go_clear,5.0
coach_season,2026,Sean Payton,DEN,go_clear_went,0.0
coach_season,2026,Sean Payton,DEN,two_point_graded,1.0
coach_season,2026,Sean Payton,DEN,two_point_toss_ups,6.0
coach_season,2026,Sean Payton,DEN,two_point_wp_lost,0.0
coach_season,2026,Sean Payton,DEN,two_point_wrong,0.0
coach_season,2026,Sean Payton,DEN,went,1.0
coach_season,2026,Sean Payton,DEN,wp_lost,0.119254
coach_season,2026,Sean Payton,DEN,wp_lost_per_game,0.039751
coach_season,2026,Shane Steichen,IND,aggressiveness,0.8
coach_season,2026,Shane Steichen,IND,fourth_graded,13.0
coach_season,2026,Shane Steichen,IND,fourth_toss_ups,8.0
coach_season,2026,Shane Steichen,IND,fourth_wp_lost,0.034345
coach_season,2026,Shane Steichen,IND,fourth_wrong,1.0
coach_season,2026,Shane Steichen,IND,games,3.0
coach_season,2026,Shane Steichen,IND,go_clear,5.0
coach_season,2026,Shane Steichen,IND,go_clear_went,4.0
coach_season,2026,Shane Steichen,IND,two_point_graded,0.0
coach_season,2026,Shane Steichen,IND,two_point_toss_ups,7.0
coach_season,2026,Shane Steichen,IND,two_point_wp_lost,0.0
coach_season,2026,Shane Steichen,IND,two_point_wrong,0.0
coach_season,2026,Shane Steichen,IND,went,5.0
coach_season,2026,Shane Steichen,IND,wp_lost,0.034345
coach_season,2026,Shane Steichen,IND,wp_lost_per_game,0.011448
coach_season,2026,Todd Bowles,TB,aggressiveness,0.0
coach_season,2026,Todd Bowles,TB,fourth_graded,11.0
coach_season,2026,Todd Bowles,TB,fourth_toss_ups,12.0
coach_season,2026,Todd Bowles,TB,fourth_wp_lost,0.252228
coach_season,2026,Todd Bowles,TB,fourth_wrong,4.0
coach_season,2026,Todd Bowles,TB,games,3.0
coach_season,2026,Todd Bowles,TB,go_clear,3.0
coach_season,2026,Todd Bowles,TB,go_clear_went,0.0
coach_season,2026,Todd Bowles,TB,two_point_graded,0.0
coach_season,2026,Todd Bowles,TB,two_point_toss_ups,5.0
coach_season,2026,Todd Bowles,TB,two_point_wp_lost,0.0
coach_season,2026,Todd Bowles,TB,two_point_wrong,0.0
coach_season,2026,Todd Bowles,TB,went,2.0
coach_season,2026,Todd Bowles,TB,wp_lost,0.252228
coach_season,2026,Todd Bowles,TB,wp_lost_per_game,0.084076
coach_season,2026,Todd Monken,CLE,aggressiveness,0.8
coach_season,2026,Todd Monken,CLE,fourth_graded,11.0
coach_season,2026,Todd Monken,CLE,fourth_toss_ups,13.0
coach_season,2026,Todd Monken,CLE,fourth_wp_lost,0.017414
coach_season,2026,Todd Monken,CLE,fourth_wrong,1.0
coach_season,2026,Todd Monken,CLE,games,3.0
coach_season,2026,Todd Monken,CLE,go_clear,5.0
coach_season,2026,Todd Monken,CLE,go_clear_went,4.0
coach_season,2026,Todd Monken,CLE,two_point_graded,1.0
coach_season,2026,Todd Monken,CLE,two_point_toss_ups,4.0
coach_season,2026,Todd Monken,CLE,two_point_wp_lost,0.0
coach_season,2026,Todd Monken,CLE,two_point_wrong,0.0
coach_season,2026,Todd Monken,CLE,went,6.0
coach_season,2026,Todd Monken,CLE,wp_lost,0.017414
coach_season,2026,Todd Monken,CLE,wp_lost_per_game,0.005805
coach_season,2026,Zac Taylor,CIN,aggressiveness,0.5
coach_season,2026,Zac Taylor,CIN,fourth_graded,11.0
coach_season,2026,Zac Taylor,CIN,fourth_toss_ups,9.0
coach_season,2026,Zac Taylor,CIN,fourth_wp_lost,0.04085
coach_season,2026,Zac Taylor,CIN,fourth_wrong,2.0
coach_season,2026,Zac Taylor,CIN,games,3.0
coach_season,2026,Zac Taylor,CIN,go_clear,4.0
coach_season,2026,Zac Taylor,CIN,go_clear_went,2.0
coach_season,2026,Zac Taylor,CIN,two_point_graded,0.0
coach_season,2026,Zac Taylor,CIN,two_point_toss_ups,8.0
coach_season,2026,Zac Taylor,CIN,two_point_wp_lost,0.0
coach_season,2026,Zac Taylor,CIN,two_point_wrong,0.0
coach_season,2026,Zac Taylor,CIN,went,2.0
coach_season,2026,Zac Taylor,CIN,wp_lost,0.04085
coach_season,2026,Zac Taylor,CIN,wp_lost_per_game,0.013617
league,2006,,,aggressiveness,0.326154
league,2006,,,clear,1543.0
league,2006,,,clear_wrong,445.0
league,2006,,,fourth_graded_rows,3943.0
league,2006,,,go_clear,650.0
league,2006,,,go_clear_went,212.0
league,2006,,,go_rate,0.116662
league,2006,,,recommended_go_rate,0.44915
league,2006,,,recommended_two_point_rate,0.218316
league,2006,,,team_games,533.0
league,2006,,,toss_ups,2400.0
league,2006,,,tries,1223.0
league,2006,,,tries_clear,59.0
league,2006,,,tries_wp_lost,0.668526
league,2006,,,two_point_rate,0.033524
league,2006,,,wp_lost,12.259626
league,2006,,,wp_lost_per_clear,0.007945
league,2006,,,wp_lost_per_team_game,0.023001
league,2007,,,aggressiveness,0.425331
league,2007,,,clear,1392.0
league,2007,,,clear_wrong,326.0
league,2007,,,fourth_graded_rows,3824.0
league,2007,,,go_clear,529.0
league,2007,,,go_clear_went,225.0
league,2007,,,go_rate,0.133891
league,2007,,,recommended_go_rate,0.412134
league,2007,,,recommended_two_point_rate,0.344186
league,2007,,,team_games,534.0
league,2007,,,toss_ups,2432.0
league,2007,,,tries,1290.0
league,2007,,,tries_clear,57.0
league,2007,,,tries_wp_lost,0.677452
league,2007,,,two_point_rate,0.044186
league,2007,,,wp_lost,8.656517
league,2007,,,wp_lost_per_clear,0.006219
league,2007,,,wp_lost_per_team_game,0.016211
league,2008,,,aggressiveness,0.382906
league,2008,,,clear,1489.0
league,2008,,,clear_wrong,378.0
league,2008,,,fourth_graded_rows,3818.0
league,2008,,,go_clear,585.0
league,2008,,,go_clear_went,224.0
league,2008,,,go_rate,0.127554
league,2008,,,recommended_go_rate,0.432949
league,2008,,,recommended_two_point_rate,0.408669
league,2008,,,team_games,533.0
league,2008,,,toss_ups,2329.0
league,2008,,,tries,1292.0
league,2008,,,tries_clear,66.0
league,2008,,,tries_wp_lost,0.70106
league,2008,,,two_point_rate,0.051084
league,2008,,,wp_lost,11.151391
league,2008,,,wp_lost_per_clear,0.007489
league,2008,,,wp_lost_per_team_game,0.020922
league,2009,,,aggressiveness,0.364842
league,2009,,,clear,1556.0
league,2009,,,clear_wrong,401.0
league,2009,,,fourth_graded_rows,3933.0
league,2009,,,go_clear,603.0
league,2009,,,go_clear_went,220.0
league,2009,,,go_rate,0.138571
league,2009,,,recommended_go_rate,0.419781
league,2009,,,recommended_two_point_rate,0.323394
league,2009,,,team_games,534.0
league,2009,,,toss_ups,2377.0
league,2009,,,tries,1308.0
league,2009,,,tries_clear,69.0
league,2009,,,tries_wp_lost,0.671662
league,2009,,,two_point_rate,0.045872
league,2009,,,wp_lost,11.859114
league,2009,,,wp_lost_per_clear,0.007622
league,2009,,,wp_lost_per_team_game,0.022208
league,2010,,,aggressiveness,0.384321
league,2010,,,clear,1621.0
league,2010,,,clear_wrong,345.0
league,2010,,,fourth_graded_rows,3912.0
league,2010,,,go_clear,523.0
league,2010,,,go_clear_went,201.0
league,2010,,,go_rate,0.119376
league,2010,,,recommended_go_rate,0.371166
league,2010,,,recommended_two_point_rate,0.198198
league,2010,,,team_games,534.0
league,2010,,,toss_ups,2291.0
league,2010,,,tries,1332.0
league,2010,,,tries_clear,60.0
league,2010,,,tries_wp_lost,0.588357
league,2010,,,two_point_rate,0.040541
league,2010,,,wp_lost,9.337633
league,2010,,,wp_lost_per_clear,0.00576
league,2010,,,wp_lost_per_team_game,0.017486
league,2011,,,aggressiveness,0.354402
league,2011,,,clear,1486.0
league,2011,,,clear_wrong,301.0
league,2011,,,fourth_graded_rows,3950.0
league,2011,,,go_clear,443.0
league,2011,,,go_clear_went,157.0
league,2011,,,go_rate,0.108608
league,2011,,,recommended_go_rate,0.365316
league,2011,,,recommended_two_point_rate,0.171863
league,2011,,,team_games,534.0
league,2011,,,toss_ups,2464.0
league,2011,,,tries,1315.0
league,2011,,,tries_clear,49.0
league,2011,,,tries_wp_lost,0.504745
league,2011,,,two_point_rate,0.040304
league,2011,,,wp_lost,7.982707
league,2011,,,wp_lost_per_clear,0.005372
league,2011,,,wp_lost_per_team_game,0.014949
league,2012,,,aggressiveness,0.360544
league,2012,,,clear,1272.0
league,2012,,,clear_wrong,296.0
league,2012,,,fourth_graded_rows,3929.0
league,2012,,,go_clear,441.0
league,2012,,,go_clear_went,159.0
league,2012,,,go_rate,0.115042
league,2012,,,recommended_go_rate,0.395011
league,2012,,,recommended_two_point_rate,0.121502
league,2012,,,team_games,534.0
league,2012,,,toss_ups,2657.0
league,2012,,,tries,1358.0
league,2012,,,tries_clear,54.0
league,2012,,,tries_wp_lost,0.305897
league,2012,,,two_point_rate,0.043446
league,2012,,,wp_lost,7.569417
league,2012,,,wp_lost_per_clear,0.005951
league,2012,,,wp_lost_per_team_game,0.014175
league,2013,,,aggressiveness,0.392765
league,2013,,,clear,1339.0
league,2013,,,clear_wrong,251.0
league,2013,,,fourth_graded_rows,3992.0
league,2013,,,go_clear,387.0
league,2013,,,go_clear_went,152.0
league,2013,,,go_rate,0.118487
league,2013,,,recommended_go_rate,0.370992
league,2013,,,recommended_two_point_rate,0.132089
league,2013,,,team_games,534.0
league,2013,,,toss_ups,2653.0
league,2013,,,tries,1393.0
league,2013,,,tries_clear,48.0
league,2013,,,tries_wp_lost,0.218602
league,2013,,,two_point_rate,0.051687
league,2013,,,wp_lost,6.119171
league,2013,,,wp_lost_per_clear,0.00457
league,2013,,,wp_lost_per_team_game,0.011459
league,2014,,,aggressiveness,0.375
league,2014,,,clear,1491.0
league,2014,,,clear_wrong,288.0
league,2014,,,fourth_graded_rows,3841.0
league,2014,,,go_clear,416.0
league,2014,,,go_clear_went,156.0
league,2014,,,go_rate,0.117417
league,2014,,,recommended_go_rate,0.343661
league,2014,,,recommended_two_point_rate,0.153388
league,2014,,,team_games,534.0
league,2014,,,toss_ups,2350.0
league,2014,,,tries,1343.0
league,2014,,,tries_clear,40.0
league,2014,,,tries_wp_lost,0.179109
league,2014,,,two_point_rate,0.041698
league,2014,,,wp_lost,7.357091
league,2014,,,wp_lost_per_clear,0.004934
league,2014,,,wp_lost_per_team_game,0.013777
league,2015,,,aggressiveness,0.400802
league,2015,,,clear,1626.0
league,2015,,,clear_wrong,320.0
league,2015,,,fourth_graded_rows,3942.0
league,2015,,,go_clear,499.0
league,2015,,,go_clear_went,200.0
league,2015,,,go_rate,0.12278
league,2015,,,recommended_go_rate,0.391172
league,2015,,,recommended_two_point_rate,0.689069
league,2015,,,team_games,534.0
league,2015,,,toss_ups,2316.0
league,2015,,,tries,1354.0
league,2015,,,tries_clear,43.0
league,2015,,,tries_wp_lost,0.197776
league,2015,,,two_point_rate,0.073117
league,2015,,,wp_lost,7.86757
league,2015,,,wp_lost_per_clear,0.004839
league,2015,,,wp_lost_per_team_game,0.014733
league,2016,,,aggressiveness,0.376218
league,2016,,,clear,1560.0
league,2016,,,clear_wrong,341.0
league,2016,,,fourth_graded_rows,3825.0
league,2016,,,go_clear,513.0
league,2016,,,go_clear_went,193.0
league,2016,,,go_rate,0.12183
league,2016,,,recommended_go_rate,0.376471
league,2016,,,recommended_two_point_rate,0.430258
league,2016,,,team_games,534.0
league,2016,,,toss_ups,2265.0
league,2016,,,tries,1355.0
league,2016,,,tries_clear,35.0
league,2016,,,tries_wp_lost,0.29428
league,2016,,,two_point_rate,0.078967
league,2016,,,wp_lost,9.285549
league,2016,,,wp_lost_per_clear,0.005952
league,2016,,,wp_lost_per_team_game,0.017389
league,2017,,,aggressiveness,0.326656
league,2017,,,clear,1597.0
league,2017,,,clear_wrong,452.0
league,2017,,,fourth_graded_rows,3968.0
league,2017,,,go_clear,649.0
league,2017,,,go_clear_went,212.0
league,2017,,,go_rate,0.123488
league,2017,,,recommended_go_rate,0.461442
league,2017,,,recommended_two_point_rate,0.474178
league,2017,,,team_games,534.0
league,2017,,,toss_ups,2371.0
league,2017,,,tries,1278.0
league,2017,,,tries_clear,42.0
league,2017,,,tries_wp_lost,0.37933
league,2017,,,two_point_rate,0.067293
league,2017,,,wp_lost,12.657193
league,2017,,,wp_lost_per_clear,0.007926
league,2017,,,wp_lost_per_team_game,0.023703
league,2018,,,aggressiveness,0.388545
league,2018,,,clear,1604.0
league,2018,,,clear_wrong,422.0
league,2018,,,fourth_graded_rows,3716.0
league,2018,,,go_clear,646.0
league,2018,,,go_clear_went,251.0
league,2018,,,go_rate,0.146663
league,2018,,,recommended_go_rate,0.455597
league,2018,,,recommended_two_point_rate,0.201977
league,2018,,,team_games,534.0
league,2018,,,toss_ups,2112.0
league,2018,,,tries,1416.0
league,2018,,,tries_clear,59.0
league,2018,,,tries_wp_lost,0.311273
league,2018,,,two_point_rate,0.096045
league,2018,,,wp_lost,11.195238
league,2018,,,wp_lost_per_clear,0.00698
league,2018,,,wp_lost_per_team_game,0.020965
league,2019,,,aggressiveness,0.392022
league,2019,,,clear,1450.0
league,2019,,,clear_wrong,457.0
league,2019,,,fourth_graded_rows,3738.0
league,2019,,,go_clear,727.0
league,2019,,,go_clear_went,285.0
league,2019,,,go_rate,0.159711
league,2019,,,recommended_go_rate,0.518994
league,2019,,,recommended_two_point_rate,0.258508
league,2019,,,team_games,534.0
league,2019,,,toss_ups,2288.0
league,2019,,,tries,1381.0
league,2019,,,tries_clear,29.0
league,2019,,,tries_wp_lost,0.421716
league,2019,,,two_point_rate,0.083997
league,2019,,,wp_lost,11.984242
league,2019,,,wp_lost_per_clear,0.008265
league,2019,,,wp_lost_per_team_game,0.022442
league,2020,,,aggressiveness,0.486025
league,2020,,,clear,1395.0
league,2020,,,clear_wrong,353.0
league,2020,,,fourth_graded_rows,3532.0
league,2020,,,go_clear,644.0
league,2020,,,go_clear_went,313.0
league,2020,,,go_rate,0.187429
league,2020,,,recommended_go_rate,0.487542
league,2020,,,recommended_two_point_rate,0.297139
league,2020,,,team_games,538.0
league,2020,,,toss_ups,2137.0
league,2020,,,tries,1538.0
league,2020,,,tries_clear,41.0
league,2020,,,tries_wp_lost,0.349576
league,2020,,,two_point_rate,0.092978
league,2020,,,wp_lost,9.05485
league,2020,,,wp_lost_per_clear,0.006491
league,2020,,,wp_lost_per_team_game,0.016831
league,2021,,,aggressiveness,0.412815
league,2021,,,clear,1616.0
league,2021,,,clear_wrong,569.0
league,2021,,,fourth_graded_rows,3903.0
league,2021,,,go_clear,952.0
league,2021,,,go_clear_went,393.0
league,2021,,,go_rate,0.203689
league,2021,,,recommended_go_rate,0.567512
league,2021,,,recommended_two_point_rate,0.263692
league,2021,,,team_games,568.0
league,2021,,,toss_ups,2287.0
league,2021,,,tries,1479.0
league,2021,,,tries_clear,38.0
league,2021,,,tries_wp_lost,0.303475
league,2021,,,two_point_rate,0.106829
league,2021,,,wp_lost,15.333226
league,2021,,,wp_lost_per_clear,0.009488
league,2021,,,wp_lost_per_team_game,0.026995
league,2022,,,aggressiveness,0.443575
league,2022,,,clear,1643.0
league,2022,,,clear_wrong,520.0
league,2022,,,fourth_graded_rows,4009.0
league,2022,,,go_clear,895.0
league,2022,,,go_clear_went,397.0
league,2022,,,go_rate,0.18658
league,2022,,,recommended_go_rate,0.518833
league,2022,,,recommended_two_point_rate,0.348078
league,2022,,,team_games,568.0
league,2022,,,toss_ups,2366.0
league,2022,,,tries,1379.0
league,2022,,,tries_clear,41.0
league,2022,,,tries_wp_lost,0.286544
league,2022,,,two_point_rate,0.091371
league,2022,,,wp_lost,13.656212
league,2022,,,wp_lost_per_clear,0.008312
league,2022,,,wp_lost_per_team_game,0.024043
league,2023,,,aggressiveness,0.505587
league,2023,,,clear,1794.0
league,2023,,,clear_wrong,395.0
league,2023,,,fourth_graded_rows,4136.0
league,2023,,,go_clear,716.0
league,2023,,,go_clear_went,362.0
league,2023,,,go_rate,0.194632
league,2023,,,recommended_go_rate,0.419004
league,2023,,,recommended_two_point_rate,0.534457
league,2023,,,team_games,570.0
league,2023,,,toss_ups,2342.0
league,2023,,,tries,1364.0
league,2023,,,tries_clear,26.0
league,2023,,,tries_wp_lost,0.28537
league,2023,,,two_point_rate,0.092375
league,2023,,,wp_lost,11.128953
league,2023,,,wp_lost_per_clear,0.006203
league,2023,,,wp_lost_per_team_game,0.019524
league,2024,,,aggressiveness,0.568314
league,2024,,,clear,1785.0
league,2024,,,clear_wrong,323.0
league,2024,,,fourth_graded_rows,3919.0
league,2024,,,go_clear,688.0
league,2024,,,go_clear_went,391.0
league,2024,,,go_rate,0.202348
league,2024,,,recommended_go_rate,0.416688
league,2024,,,recommended_two_point_rate,0.611724
league,2024,,,team_games,570.0
league,2024,,,toss_ups,2134.0
league,2024,,,tries,1450.0
league,2024,,,tries_clear,30.0
league,2024,,,tries_wp_lost,0.274837
league,2024,,,two_point_rate,0.102069
league,2024,,,wp_lost,8.749116
league,2024,,,wp_lost_per_clear,0.004901
league,2024,,,wp_lost_per_team_game,0.015349
league,2025,,,aggressiveness,0.676036
league,2025,,,clear,1660.0
league,2025,,,clear_wrong,234.0
league,2025,,,fourth_graded_rows,3921.0
league,2025,,,go_clear,676.0
league,2025,,,go_clear_went,457.0
league,2025,,,go_rate,0.230553
league,2025,,,recommended_go_rate,0.45167
league,2025,,,recommended_two_point_rate,0.351444
league,2025,,,team_games,570.0
league,2025,,,toss_ups,2261.0
league,2025,,,tries,1454.0
league,2025,,,tries_clear,42.0
league,2025,,,tries_wp_lost,0.378127
league,2025,,,two_point_rate,0.089409
league,2025,,,wp_lost,5.862025
league,2025,,,wp_lost_per_clear,0.003531
league,2025,,,wp_lost_per_team_game,0.010284
league,2026,,,aggressiveness,0.6
league,2026,,,clear,292.0
league,2026,,,clear_wrong,53.0
league,2026,,,fourth_graded_rows,634.0
league,2026,,,go_clear,115.0
league,2026,,,go_clear_went,69.0
league,2026,,,go_rate,0.173502
league,2026,,,recommended_go_rate,0.419558
league,2026,,,recommended_two_point_rate,0.306122
league,2026,,,team_games,96.0
league,2026,,,toss_ups,342.0
league,2026,,,tries,245.0
league,2026,,,tries_clear,5.0
league,2026,,,tries_wp_lost,0.057417
league,2026,,,two_point_rate,0.061224
league,2026,,,wp_lost,1.393009
league,2026,,,wp_lost_per_clear,0.004771
league,2026,,,wp_lost_per_team_game,0.014511
league_before_g1b,2006,,,aggressiveness,0.271429
league_before_g1b,2006,,,clear,1787.0
league_before_g1b,2006,,,clear_wrong,535.0
league_before_g1b,2006,,,fourth_graded_rows,3943.0
league_before_g1b,2006,,,go_clear,700.0
league_before_g1b,2006,,,go_clear_went,190.0
league_before_g1b,2006,,,go_rate,0.116662
league_before_g1b,2006,,,recommended_go_rate,0.411616
league_before_g1b,2006,,,recommended_two_point_rate,0.336877
league_before_g1b,2006,,,team_games,533.0
league_before_g1b,2006,,,toss_ups,2156.0
league_before_g1b,2006,,,tries,1223.0
league_before_g1b,2006,,,tries_clear,278.0
league_before_g1b,2006,,,tries_wp_lost,1.730406
league_before_g1b,2006,,,two_point_rate,0.033524
league_before_g1b,2006,,,wp_lost,17.657017
league_before_g1b,2006,,,wp_lost_per_clear,0.009881
league_before_g1b,2006,,,wp_lost_per_team_game,0.033128
league_before_g1b,2007,,,aggressiveness,0.3088
league_before_g1b,2007,,,clear,1619.0
league_before_g1b,2007,,,clear_wrong,477.0
league_before_g1b,2007,,,fourth_graded_rows,3824.0
league_before_g1b,2007,,,go_clear,625.0
league_before_g1b,2007,,,go_clear_went,193.0
league_before_g1b,2007,,,go_rate,0.133891
league_before_g1b,2007,,,recommended_go_rate,0.411349
league_before_g1b,2007,,,recommended_two_point_rate,0.372093
league_before_g1b,2007,,,team_games,534.0
league_before_g1b,2007,,,toss_ups,2205.0
league_before_g1b,2007,,,tries,1290.0
league_before_g1b,2007,,,tries_clear,276.0
league_before_g1b,2007,,,tries_wp_lost,2.209585
league_before_g1b,2007,,,two_point_rate,0.044186
league_before_g1b,2007,,,wp_lost,13.84195
league_before_g1b,2007,,,wp_lost_per_clear,0.00855
league_before_g1b,2007,,,wp_lost_per_team_game,0.025921
league_before_g1b,2008,,,aggressiveness,0.295977
league_before_g1b,2008,,,clear,1766.0
league_before_g1b,2008,,,clear_wrong,516.0
league_before_g1b,2008,,,fourth_graded_rows,3818.0
league_before_g1b,2008,,,go_clear,696.0
league_before_g1b,2008,,,go_clear_went,206.0
league_before_g1b,2008,,,go_rate,0.127554
league_before_g1b,2008,,,recommended_go_rate,0.427711
league_before_g1b,2008,,,recommended_two_point_rate,0.402477
league_before_g1b,2008,,,team_games,533.0
league_before_g1b,2008,,,toss_ups,2052.0
league_before_g1b,2008,,,tries,1292.0
league_before_g1b,2008,,,tries_clear,289.0
league_before_g1b,2008,,,tries_wp_lost,3.066744
league_before_g1b,2008,,,two_point_rate,0.051084
league_before_g1b,2008,,,wp_lost,17.050408
league_before_g1b,2008,,,wp_lost_per_clear,0.009655
league_before_g1b,2008,,,wp_lost_per_team_game,0.03199
league_before_g1b,2009,,,aggressiveness,0.299525
league_before_g1b,2009,,,clear,1788.0
league_before_g1b,2009,,,clear_wrong,480.0
league_before_g1b,2009,,,fourth_graded_rows,3933.0
league_before_g1b,2009,,,go_clear,631.0
league_before_g1b,2009,,,go_clear_went,189.0
league_before_g1b,2009,,,go_rate,0.138571
league_before_g1b,2009,,,recommended_go_rate,0.38749
league_before_g1b,2009,,,recommended_two_point_rate,0.41055
league_before_g1b,2009,,,team_games,534.0
league_before_g1b,2009,,,toss_ups,2145.0
league_before_g1b,2009,,,tries,1308.0
league_before_g1b,2009,,,tries_clear,220.0
league_before_g1b,2009,,,tries_wp_lost,2.066274
league_before_g1b,2009,,,two_point_rate,0.045872
league_before_g1b,2009,,,wp_lost,16.319523
league_before_g1b,2009,,,wp_lost_per_clear,0.009127
league_before_g1b,2009,,,wp_lost_per_team_game,0.030561
league_before_g1b,2010,,,aggressiveness,0.304065
league_before_g1b,2010,,,clear,1820.0
league_before_g1b,2010,,,clear_wrong,457.0
league_before_g1b,2010,,,fourth_graded_rows,3912.0
league_before_g1b,2010,,,go_clear,615.0
league_before_g1b,2010,,,go_clear_went,187.0
league_before_g1b,2010,,,go_rate,0.119376
league_before_g1b,2010,,,recommended_go_rate,0.384714
league_before_g1b,2010,,,recommended_two_point_rate,0.443694
league_before_g1b,2010,,,team_games,534.0
league_before_g1b,2010,,,toss_ups,2092.0
league_before_g1b,2010,,,tries,1332.0
league_before_g1b,2010,,,tries_clear,194.0
league_before_g1b,2010,,,tries_wp_lost,2.297329
league_before_g1b,2010,,,two_point_rate,0.040541
league_before_g1b,2010,,,wp_lost,13.336032
league_before_g1b,2010,,,wp_lost_per_clear,0.007327
league_before_g1b,2010,,,wp_lost_per_team_game,0.024974
league_before_g1b,2011,,,aggressiveness,0.272212
league_before_g1b,2011,,,clear,1706.0
league_before_g1b,2011,,,clear_wrong,406.0
league_before_g1b,2011,,,fourth_graded_rows,3950.0
league_before_g1b,2011,,,go_clear,529.0
league_before_g1b,2011,,,go_clear_went,144.0
league_before_g1b,2011,,,go_rate,0.108608
league_before_g1b,2011,,,recommended_go_rate,0.376456
league_before_g1b,2011,,,recommended_two_point_rate,0.473004
league_before_g1b,2011,,,team_games,534.0
league_before_g1b,2011,,,toss_ups,2244.0
league_before_g1b,2011,,,tries,1315.0
league_before_g1b,2011,,,tries_clear,217.0
league_before_g1b,2011,,,tries_wp_lost,2.060689
league_before_g1b,2011,,,two_point_rate,0.040304
league_before_g1b,2011,,,wp_lost,11.917477
league_before_g1b,2011,,,wp_lost_per_clear,0.006986
league_before_g1b,2011,,,wp_lost_per_team_game,0.022317
league_before_g1b,2012,,,aggressiveness,0.305155
league_before_g1b,2012,,,clear,1518.0
league_before_g1b,2012,,,clear_wrong,367.0
league_before_g1b,2012,,,fourth_graded_rows,3929.0
league_before_g1b,2012,,,go_clear,485.0
league_before_g1b,2012,,,go_clear_went,148.0
league_before_g1b,2012,,,go_rate,0.115042
league_before_g1b,2012,,,recommended_go_rate,0.395775
league_before_g1b,2012,,,recommended_two_point_rate,0.472018
league_before_g1b,2012,,,team_games,534.0
league_before_g1b,2012,,,toss_ups,2411.0
league_before_g1b,2012,,,tries,1358.0
league_before_g1b,2012,,,tries_clear,273.0
league_before_g1b,2012,,,tries_wp_lost,2.194158
league_before_g1b,2012,,,two_point_rate,0.043446
league_before_g1b,2012,,,wp_lost,10.43749
league_before_g1b,2012,,,wp_lost_per_clear,0.006876
league_before_g1b,2012,,,wp_lost_per_team_game,0.019546
league_before_g1b,2013,,,aggressiveness,0.32265
league_before_g1b,2013,,,clear,1631.0
league_before_g1b,2013,,,clear_wrong,349.0
league_before_g1b,2013,,,fourth_graded_rows,3992.0
league_before_g1b,2013,,,go_clear,468.0
league_before_g1b,2013,,,go_clear_went,151.0
league_before_g1b,2013,,,go_rate,0.118487
league_before_g1b,2013,,,recommended_go_rate,0.377255
league_before_g1b,2013,,,recommended_two_point_rate,0.440057
league_before_g1b,2013,,,team_games,534.0
league_before_g1b,2013,,,toss_ups,2361.0
league_before_g1b,2013,,,tries,1393.0
league_before_g1b,2013,,,tries_clear,285.0
league_before_g1b,2013,,,tries_wp_lost,2.654162
league_before_g1b,2013,,,two_point_rate,0.051687
league_before_g1b,2013,,,wp_lost,10.366711
league_before_g1b,2013,,,wp_lost_per_clear,0.006356
league_before_g1b,2013,,,wp_lost_per_team_game,0.019413
league_before_g1b,2014,,,aggressiveness,0.342857
league_before_g1b,2014,,,clear,1670.0
league_before_g1b,2014,,,clear_wrong,345.0
league_before_g1b,2014,,,fourth_graded_rows,3841.0
league_before_g1b,2014,,,go_clear,455.0
league_before_g1b,2014,,,go_clear_went,156.0
league_before_g1b,2014,,,go_rate,0.117417
league_before_g1b,2014,,,recommended_go_rate,0.341578
league_before_g1b,2014,,,recommended_two_point_rate,0.491437
league_before_g1b,2014,,,team_games,534.0
league_before_g1b,2014,,,toss_ups,2171.0
league_before_g1b,2014,,,tries,1343.0
league_before_g1b,2014,,,tries_clear,267.0
league_before_g1b,2014,,,tries_wp_lost,2.073207
league_before_g1b,2014,,,two_point_rate,0.041698
league_before_g1b,2014,,,wp_lost,9.681488
league_before_g1b,2014,,,wp_lost_per_clear,0.005797
league_before_g1b,2014,,,wp_lost_per_team_game,0.01813
league_before_g1b,2015,,,aggressiveness,0.355967
league_before_g1b,2015,,,clear,1861.0
league_before_g1b,2015,,,clear_wrong,345.0
league_before_g1b,2015,,,fourth_graded_rows,3942.0
league_before_g1b,2015,,,go_clear,486.0
league_before_g1b,2015,,,go_clear_went,173.0
league_before_g1b,2015,,,go_rate,0.12278
league_before_g1b,2015,,,recommended_go_rate,0.349061
league_before_g1b,2015,,,recommended_two_point_rate,0.532496
league_before_g1b,2015,,,team_games,534.0
league_before_g1b,2015,,,toss_ups,2081.0
league_before_g1b,2015,,,tries,1354.0
league_before_g1b,2015,,,tries_clear,213.0
league_before_g1b,2015,,,tries_wp_lost,2.721477
league_before_g1b,2015,,,two_point_rate,0.073117
league_before_g1b,2015,,,wp_lost,9.675502
league_before_g1b,2015,,,wp_lost_per_clear,0.005199
league_before_g1b,2015,,,wp_lost_per_team_game,0.018119
league_before_g1b,2016,,,aggressiveness,0.266768
league_before_g1b,2016,,,clear,1835.0
league_before_g1b,2016,,,clear_wrong,515.0
league_before_g1b,2016,,,fourth_graded_rows,3825.0
league_before_g1b,2016,,,go_clear,656.0
league_before_g1b,2016,,,go_clear_went,175.0
league_before_g1b,2016,,,go_rate,0.12183
league_before_g1b,2016,,,recommended_go_rate,0.407059
league_before_g1b,2016,,,recommended_two_point_rate,0.571218
league_before_g1b,2016,,,team_games,534.0
league_before_g1b,2016,,,toss_ups,1990.0
league_before_g1b,2016,,,tries,1355.0
league_before_g1b,2016,,,tries_clear,274.0
league_before_g1b,2016,,,tries_wp_lost,7.479381
league_before_g1b,2016,,,two_point_rate,0.078967
league_before_g1b,2016,,,wp_lost,17.441162
league_before_g1b,2016,,,wp_lost_per_clear,0.009505
league_before_g1b,2016,,,wp_lost_per_team_game,0.032661
league_before_g1b,2017,,,aggressiveness,0.263158
league_before_g1b,2017,,,clear,1796.0
league_before_g1b,2017,,,clear_wrong,608.0
league_before_g1b,2017,,,fourth_graded_rows,3968.0
league_before_g1b,2017,,,go_clear,798.0
league_before_g1b,2017,,,go_clear_went,210.0
league_before_g1b,2017,,,go_rate,0.123488
league_before_g1b,2017,,,recommended_go_rate,0.485383
league_before_g1b,2017,,,recommended_two_point_rate,0.542254
league_before_g1b,2017,,,team_games,534.0
league_before_g1b,2017,,,toss_ups,2172.0
league_before_g1b,2017,,,tries,1278.0
league_before_g1b,2017,,,tries_clear,264.0
league_before_g1b,2017,,,tries_wp_lost,3.649903
league_before_g1b,2017,,,two_point_rate,0.067293
league_before_g1b,2017,,,wp_lost,18.976299
league_before_g1b,2017,,,wp_lost_per_clear,0.010566
league_before_g1b,2017,,,wp_lost_per_team_game,0.035536
league_before_g1b,2018,,,aggressiveness,0.363768
league_before_g1b,2018,,,clear,1729.0
league_before_g1b,2018,,,clear_wrong,479.0
league_before_g1b,2018,,,fourth_graded_rows,3716.0
league_before_g1b,2018,,,go_clear,690.0
league_before_g1b,2018,,,go_clear_went,251.0
league_before_g1b,2018,,,go_rate,0.146663
league_before_g1b,2018,,,recommended_go_rate,0.439451
league_before_g1b,2018,,,recommended_two_point_rate,0.576977
league_before_g1b,2018,,,team_games,534.0
league_before_g1b,2018,,,toss_ups,1987.0
league_before_g1b,2018,,,tries,1416.0
league_before_g1b,2018,,,tries_clear,279.0
league_before_g1b,2018,,,tries_wp_lost,3.255526
league_before_g1b,2018,,,two_point_rate,0.096045
league_before_g1b,2018,,,wp_lost,14.665284
league_before_g1b,2018,,,wp_lost_per_clear,0.008482
league_before_g1b,2018,,,wp_lost_per_team_game,0.027463
league_before_g1b,2019,,,aggressiveness,0.376184
league_before_g1b,2019,,,clear,1523.0
league_before_g1b,2019,,,clear_wrong,475.0
league_before_g1b,2019,,,fourth_graded_rows,3738.0
league_before_g1b,2019,,,go_clear,739.0
league_before_g1b,2019,,,go_clear_went,278.0
league_before_g1b,2019,,,go_rate,0.159711
league_before_g1b,2019,,,recommended_go_rate,0.509096
league_before_g1b,2019,,,recommended_two_point_rate,0.546705
league_before_g1b,2019,,,team_games,534.0
league_before_g1b,2019,,,toss_ups,2215.0
league_before_g1b,2019,,,tries,1381.0
league_before_g1b,2019,,,tries_clear,244.0
league_before_g1b,2019,,,tries_wp_lost,3.246876
league_before_g1b,2019,,,two_point_rate,0.083997
league_before_g1b,2019,,,wp_lost,13.85491
league_before_g1b,2019,,,wp_lost_per_clear,0.009097
league_before_g1b,2019,,,wp_lost_per_team_game,0.025946
league_before_g1b,2020,,,aggressiveness,0.455099
league_before_g1b,2020,,,clear,1471.0
league_before_g1b,2020,,,clear_wrong,397.0
league_before_g1b,2020,,,fourth_graded_rows,3532.0
league_before_g1b,2020,,,go_clear,657.0
league_before_g1b,2020,,,go_clear_went,299.0
league_before_g1b,2020,,,go_rate,0.187429
league_before_g1b,2020,,,recommended_go_rate,0.472537
league_before_g1b,2020,,,recommended_two_point_rate,0.539012
league_before_g1b,2020,,,team_games,538.0
league_before_g1b,2020,,,toss_ups,2061.0
league_before_g1b,2020,,,tries,1538.0
league_before_g1b,2020,,,tries_clear,281.0
league_before_g1b,2020,,,tries_wp_lost,4.385999
league_before_g1b,2020,,,two_point_rate,0.092978
league_before_g1b,2020,,,wp_lost,11.071527
league_before_g1b,2020,,,wp_lost_per_clear,0.007527
league_before_g1b,2020,,,wp_lost_per_team_game,0.020579
league_before_g1b,2021,,,aggressiveness,0.382617
league_before_g1b,2021,,,clear,1682.0
league_before_g1b,2021,,,clear_wrong,636.0
league_before_g1b,2021,,,fourth_graded_rows,3903.0
league_before_g1b,2021,,,go_clear,1001.0
league_before_g1b,2021,,,go_clear_went,383.0
league_before_g1b,2021,,,go_rate,0.203689
league_before_g1b,2021,,,recommended_go_rate,0.557776
league_before_g1b,2021,,,recommended_two_point_rate,0.553076
league_before_g1b,2021,,,team_games,568.0
league_before_g1b,2021,,,toss_ups,2221.0
league_before_g1b,2021,,,tries,1479.0
league_before_g1b,2021,,,tries_clear,253.0
league_before_g1b,2021,,,tries_wp_lost,4.166412
league_before_g1b,2021,,,two_point_rate,0.106829
league_before_g1b,2021,,,wp_lost,20.395217
league_before_g1b,2021,,,wp_lost_per_clear,0.012126
league_before_g1b,2021,,,wp_lost_per_team_game,0.035907
league_before_g1b,2022,,,aggressiveness,0.36996
league_before_g1b,2022,,,clear,1817.0
league_before_g1b,2022,,,clear_wrong,658.0
league_before_g1b,2022,,,fourth_graded_rows,4009.0
league_before_g1b,2022,,,go_clear,992.0
league_before_g1b,2022,,,go_clear_went,367.0
league_before_g1b,2022,,,go_rate,0.18658
league_before_g1b,2022,,,recommended_go_rate,0.538538
league_before_g1b,2022,,,recommended_two_point_rate,0.551124
league_before_g1b,2022,,,team_games,568.0
league_before_g1b,2022,,,toss_ups,2192.0
league_before_g1b,2022,,,tries,1379.0
league_before_g1b,2022,,,tries_clear,325.0
league_before_g1b,2022,,,tries_wp_lost,5.488489
league_before_g1b,2022,,,two_point_rate,0.091371
league_before_g1b,2022,,,wp_lost,19.585521
league_before_g1b,2022,,,wp_lost_per_clear,0.010779
league_before_g1b,2022,,,wp_lost_per_team_game,0.034482
league_before_g1b,2023,,,aggressiveness,0.501458
league_before_g1b,2023,,,clear,1965.0
league_before_g1b,2023,,,clear_wrong,390.0
league_before_g1b,2023,,,fourth_graded_rows,4136.0
league_before_g1b,2023,,,go_clear,686.0
league_before_g1b,2023,,,go_clear_went,344.0
league_before_g1b,2023,,,go_rate,0.194632
league_before_g1b,2023,,,recommended_go_rate,0.401596
league_before_g1b,2023,,,recommended_two_point_rate,0.565982
league_before_g1b,2023,,,team_games,570.0
league_before_g1b,2023,,,toss_ups,2171.0
league_before_g1b,2023,,,tries,1364.0
league_before_g1b,2023,,,tries_clear,286.0
league_before_g1b,2023,,,tries_wp_lost,4.918603
league_before_g1b,2023,,,two_point_rate,0.092375
league_before_g1b,2023,,,wp_lost,10.841389
league_before_g1b,2023,,,wp_lost_per_clear,0.005517
league_before_g1b,2023,,,wp_lost_per_team_game,0.01902
league_before_g1b,2024,,,aggressiveness,0.523499
league_before_g1b,2024,,,clear,1849.0
league_before_g1b,2024,,,clear_wrong,390.0
league_before_g1b,2024,,,fourth_graded_rows,3919.0
league_before_g1b,2024,,,go_clear,766.0
league_before_g1b,2024,,,go_clear_went,401.0
league_before_g1b,2024,,,go_rate,0.202348
league_before_g1b,2024,,,recommended_go_rate,0.446542
league_before_g1b,2024,,,recommended_two_point_rate,0.543448
league_before_g1b,2024,,,team_games,570.0
league_before_g1b,2024,,,toss_ups,2070.0
league_before_g1b,2024,,,tries,1450.0
league_before_g1b,2024,,,tries_clear,289.0
league_before_g1b,2024,,,tries_wp_lost,5.510482
league_before_g1b,2024,,,two_point_rate,0.102069
league_before_g1b,2024,,,wp_lost,11.028078
league_before_g1b,2024,,,wp_lost_per_clear,0.005964
league_before_g1b,2024,,,wp_lost_per_team_game,0.019348
league_before_g1b,2025,,,aggressiveness,0.548306
league_before_g1b,2025,,,clear,1852.0
league_before_g1b,2025,,,clear_wrong,379.0
league_before_g1b,2025,,,fourth_graded_rows,3921.0
league_before_g1b,2025,,,go_clear,797.0
league_before_g1b,2025,,,go_clear_went,437.0
league_before_g1b,2025,,,go_rate,0.230553
league_before_g1b,2025,,,recommended_go_rate,0.448355
league_before_g1b,2025,,,recommended_two_point_rate,0.53989
league_before_g1b,2025,,,team_games,570.0
league_before_g1b,2025,,,toss_ups,2069.0
league_before_g1b,2025,,,tries,1454.0
league_before_g1b,2025,,,tries_clear,342.0
league_before_g1b,2025,,,tries_wp_lost,7.532344
league_before_g1b,2025,,,two_point_rate,0.089409
league_before_g1b,2025,,,wp_lost,11.069697
league_before_g1b,2025,,,wp_lost_per_clear,0.005977
league_before_g1b,2025,,,wp_lost_per_team_game,0.019421
league_before_g1b,2026,,,aggressiveness,0.504
league_before_g1b,2026,,,clear,301.0
league_before_g1b,2026,,,clear_wrong,67.0
league_before_g1b,2026,,,fourth_graded_rows,634.0
league_before_g1b,2026,,,go_clear,125.0
league_before_g1b,2026,,,go_clear_went,63.0
league_before_g1b,2026,,,go_rate,0.173502
league_before_g1b,2026,,,recommended_go_rate,0.440063
league_before_g1b,2026,,,recommended_two_point_rate,0.497959
league_before_g1b,2026,,,team_games,96.0
league_before_g1b,2026,,,toss_ups,333.0
league_before_g1b,2026,,,tries,245.0
league_before_g1b,2026,,,tries_clear,68.0
league_before_g1b,2026,,,tries_wp_lost,1.135057
league_before_g1b,2026,,,two_point_rate,0.061224
league_before_g1b,2026,,,wp_lost,2.129036
league_before_g1b,2026,,,wp_lost_per_clear,0.007073
league_before_g1b,2026,,,wp_lost_per_team_game,0.022177
regrade_g1b,,,,fourth_changed,32179.0
regrade_g1b,,,,fourth_clear_after,31211.0
regrade_g1b,,,,fourth_clear_before,34986.0
regrade_g1b,,,,fourth_graded,78385.0
regrade_g1b,,,,late_h1_changed,2456.0
regrade_g1b,,,,late_h1_clear_after,2005.0
regrade_g1b,,,,late_h1_clear_before,2266.0
regrade_g1b,,,,late_h1_go_after,406.0
regrade_g1b,,,,late_h1_go_before,826.0
regrade_g1b,,,,late_h1_graded,4881.0
regrade_g1b,,,,late_h1_lost_after,6.883524
regrade_g1b,,,,late_h1_lost_before,18.936028
regrade_g1b,,,,ranking_spearman,0.735704
regrade_g1b,,,,tries_changed,15989.0
regrade_g1b,,,,tries_lost_after,8.055133
regrade_g1b,,,,tries_lost_before,73.843102
regrade_g1b,,,,tries_matched,27607.0
regrade_g1b,,,,tries_mistakes_after,332.0
regrade_g1b,,,,tries_mistakes_before,2660.0
regrade_g1b,,,,tries_q1_six_after,0.0
regrade_g1b,,,,tries_q1_six_before,944.0
wp_diagnostics,2006,,,halftime_possession,-0.0
wp_diagnostics,2006,,,score_step,0.029405
wp_diagnostics,2006,,,score_step_at,-1.0
wp_diagnostics,2007,,,halftime_possession,0.0
wp_diagnostics,2007,,,score_step,0.02836
wp_diagnostics,2007,,,score_step_at,-1.0
wp_diagnostics,2008,,,halftime_possession,0.0
wp_diagnostics,2008,,,score_step,0.027204
wp_diagnostics,2008,,,score_step_at,-1.0
wp_diagnostics,2009,,,halftime_possession,0.0
wp_diagnostics,2009,,,score_step,0.027353
wp_diagnostics,2009,,,score_step_at,-1.0
wp_diagnostics,2010,,,halftime_possession,0.0
wp_diagnostics,2010,,,score_step,0.026601
wp_diagnostics,2010,,,score_step_at,-1.0
wp_diagnostics,2011,,,halftime_possession,0.0
wp_diagnostics,2011,,,score_step,0.027056
wp_diagnostics,2011,,,score_step_at,-1.0
wp_diagnostics,2012,,,halftime_possession,0.0
wp_diagnostics,2012,,,score_step,0.025925
wp_diagnostics,2012,,,score_step_at,0.0
wp_diagnostics,2013,,,halftime_possession,0.0
wp_diagnostics,2013,,,score_step,0.025053
wp_diagnostics,2013,,,score_step_at,1.0
wp_diagnostics,2014,,,halftime_possession,-0.0
wp_diagnostics,2014,,,score_step,0.024979
wp_diagnostics,2014,,,score_step_at,0.0
wp_diagnostics,2015,,,halftime_possession,0.0
wp_diagnostics,2015,,,score_step,0.025156
wp_diagnostics,2015,,,score_step_at,0.0
wp_diagnostics,2016,,,halftime_possession,0.0
wp_diagnostics,2016,,,score_step,0.025869
wp_diagnostics,2016,,,score_step_at,-1.0
wp_diagnostics,2017,,,halftime_possession,0.0
wp_diagnostics,2017,,,score_step,0.026013
wp_diagnostics,2017,,,score_step_at,-1.0
wp_diagnostics,2018,,,halftime_possession,-0.0
wp_diagnostics,2018,,,score_step,0.026863
wp_diagnostics,2018,,,score_step_at,-1.0
wp_diagnostics,2019,,,halftime_possession,0.0
wp_diagnostics,2019,,,score_step,0.027038
wp_diagnostics,2019,,,score_step_at,-1.0
wp_diagnostics,2020,,,halftime_possession,0.0
wp_diagnostics,2020,,,score_step,0.027308
wp_diagnostics,2020,,,score_step_at,-1.0
wp_diagnostics,2021,,,halftime_possession,0.0
wp_diagnostics,2021,,,score_step,0.027176
wp_diagnostics,2021,,,score_step_at,-1.0
wp_diagnostics,2022,,,halftime_possession,0.0
wp_diagnostics,2022,,,score_step,0.026804
wp_diagnostics,2022,,,score_step_at,-1.0
wp_diagnostics,2023,,,halftime_possession,0.0
wp_diagnostics,2023,,,score_step,0.026673
wp_diagnostics,2023,,,score_step_at,-1.0
wp_diagnostics,2024,,,halftime_possession,0.0
wp_diagnostics,2024,,,score_step,0.027061
wp_diagnostics,2024,,,score_step_at,-1.0
wp_diagnostics,2025,,,halftime_possession,0.0
wp_diagnostics,2025,,,score_step,0.027168
wp_diagnostics,2025,,,score_step_at,0.0
wp_diagnostics,2026,,,halftime_possession,-0.0
wp_diagnostics,2026,,,score_step,0.027301
wp_diagnostics,2026,,,score_step_at,-1.0
wp_smoothness,2006,,,curvature,0.418346
wp_smoothness,2006,,,halftime_possession,1.442296
wp_smoothness,2006,,,meets,1.0
wp_smoothness,2006,,,monotone_violations,0.0
wp_smoothness,2006,,,possession_2min,5.23162
wp_smoothness,2006,,,score_step_h1,3.566903
wp_smoothness,2006,,,score_step_h2,5.005029
wp_smoothness,2007,,,curvature,0.353726
wp_smoothness,2007,,,halftime_possession,1.424974
wp_smoothness,2007,,,meets,1.0
wp_smoothness,2007,,,monotone_violations,0.0
wp_smoothness,2007,,,possession_2min,5.077835
wp_smoothness,2007,,,score_step_h1,3.449634
wp_smoothness,2007,,,score_step_h2,4.878533
wp_smoothness,2008,,,curvature,0.377738
wp_smoothness,2008,,,halftime_possession,1.399149
wp_smoothness,2008,,,meets,1.0
wp_smoothness,2008,,,monotone_violations,0.0
wp_smoothness,2008,,,possession_2min,4.892663
wp_smoothness,2008,,,score_step_h1,3.320036
wp_smoothness,2008,,,score_step_h2,4.735192
wp_smoothness,2009,,,curvature,0.382345
wp_smoothness,2009,,,halftime_possession,1.443458
wp_smoothness,2009,,,meets,1.0
wp_smoothness,2009,,,monotone_violations,0.0
wp_smoothness,2009,,,possession_2min,4.956159
wp_smoothness,2009,,,score_step_h1,3.351214
wp_smoothness,2009,,,score_step_h2,4.828016
wp_smoothness,2010,,,curvature,0.372645
wp_smoothness,2010,,,halftime_possession,1.388391
wp_smoothness,2010,,,meets,1.0
wp_smoothness,2010,,,monotone_violations,0.0
wp_smoothness,2010,,,possession_2min,4.817173
wp_smoothness,2010,,,score_step_h1,3.267674
wp_smoothness,2010,,,score_step_h2,4.735758
wp_smoothness,2011,,,curvature,0.366702
wp_smoothness,2011,,,halftime_possession,1.386413
wp_smoothness,2011,,,meets,1.0
wp_smoothness,2011,,,monotone_violations,0.0
wp_smoothness,2011,,,possession_2min,4.975547
wp_smoothness,2011,,,score_step_h1,3.323474
wp_smoothness,2011,,,score_step_h2,4.808536
wp_smoothness,2012,,,curvature,0.384
wp_smoothness,2012,,,halftime_possession,1.331528
wp_smoothness,2012,,,meets,1.0
wp_smoothness,2012,,,monotone_violations,0.0
wp_smoothness,2012,,,possession_2min,4.90806
wp_smoothness,2012,,,score_step_h1,3.197018
wp_smoothness,2012,,,score_step_h2,4.655901
wp_smoothness,2013,,,curvature,0.379873
wp_smoothness,2013,,,halftime_possession,1.27463
wp_smoothness,2013,,,meets,1.0
wp_smoothness,2013,,,monotone_violations,0.0
wp_smoothness,2013,,,possession_2min,4.77893
wp_smoothness,2013,,,score_step_h1,3.101735
wp_smoothness,2013,,,score_step_h2,4.486028
wp_smoothness,2014,,,curvature,0.382848
wp_smoothness,2014,,,halftime_possession,1.269548
wp_smoothness,2014,,,meets,1.0
wp_smoothness,2014,,,monotone_violations,0.0
wp_smoothness,2014,,,possession_2min,4.863961
wp_smoothness,2014,,,score_step_h1,3.094239
wp_smoothness,2014,,,score_step_h2,4.504168
wp_smoothness,2015,,,curvature,0.369384
wp_smoothness,2015,,,halftime_possession,1.306851
wp_smoothness,2015,,,meets,1.0
wp_smoothness,2015,,,monotone_violations,0.0
wp_smoothness,2015,,,possession_2min,5.001226
wp_smoothness,2015,,,score_step_h1,3.110239
wp_smoothness,2015,,,score_step_h2,4.546968
wp_smoothness,2016,,,curvature,0.33841
wp_smoothness,2016,,,halftime_possession,1.318836
wp_smoothness,2016,,,meets,1.0
wp_smoothness,2016,,,monotone_violations,0.0
wp_smoothness,2016,,,possession_2min,5.340744
wp_smoothness,2016,,,score_step_h1,3.17978
wp_smoothness,2016,,,score_step_h2,4.601782
wp_smoothness,2017,,,curvature,0.323743
wp_smoothness,2017,,,halftime_possession,1.32193
wp_smoothness,2017,,,meets,1.0
wp_smoothness,2017,,,monotone_violations,0.0
wp_smoothness,2017,,,possession_2min,5.508696
wp_smoothness,2017,,,score_step_h1,3.199957
wp_smoothness,2017,,,score_step_h2,4.645353
wp_smoothness,2018,,,curvature,0.326213
wp_smoothness,2018,,,halftime_possession,1.355044
wp_smoothness,2018,,,meets,1.0
wp_smoothness,2018,,,monotone_violations,0.0
wp_smoothness,2018,,,possession_2min,5.847391
wp_smoothness,2018,,,score_step_h1,3.294394
wp_smoothness,2018,,,score_step_h2,4.754337
wp_smoothness,2019,,,curvature,0.329598
wp_smoothness,2019,,,halftime_possession,1.352471
wp_smoothness,2019,,,meets,1.0
wp_smoothness,2019,,,monotone_violations,0.0
wp_smoothness,2019,,,possession_2min,5.92477
wp_smoothness,2019,,,score_step_h1,3.314087
wp_smoothness,2019,,,score_step_h2,4.777348
wp_smoothness,2020,,,curvature,0.33338
wp_smoothness,2020,,,halftime_possession,1.345364
wp_smoothness,2020,,,meets,1.0
wp_smoothness,2020,,,monotone_violations,0.0
wp_smoothness,2020,,,possession_2min,5.969852
wp_smoothness,2020,,,score_step_h1,3.341112
wp_smoothness,2020,,,score_step_h2,4.800778
wp_smoothness,2021,,,curvature,0.331203
wp_smoothness,2021,,,halftime_possession,1.340993
wp_smoothness,2021,,,meets,1.0
wp_smoothness,2021,,,monotone_violations,0.0
wp_smoothness,2021,,,possession_2min,5.996128
wp_smoothness,2021,,,score_step_h1,3.333895
wp_smoothness,2021,,,score_step_h2,4.813181
wp_smoothness,2022,,,curvature,0.343704
wp_smoothness,2022,,,halftime_possession,1.327265
wp_smoothness,2022,,,meets,1.0
wp_smoothness,2022,,,monotone_violations,0.0
wp_smoothness,2022,,,possession_2min,5.999896
wp_smoothness,2022,,,score_step_h1,3.30001
wp_smoothness,2022,,,score_step_h2,4.781721
wp_smoothness,2023,,,curvature,0.337097
wp_smoothness,2023,,,halftime_possession,1.325066
wp_smoothness,2023,,,meets,1.0
wp_smoothness,2023,,,monotone_violations,0.0
wp_smoothness,2023,,,possession_2min,6.026172
wp_smoothness,2023,,,score_step_h1,3.287132
wp_smoothness,2023,,,score_step_h2,4.802432
wp_smoothness,2024,,,curvature,0.32605
wp_smoothness,2024,,,halftime_possession,1.337102
wp_smoothness,2024,,,meets,1.0
wp_smoothness,2024,,,monotone_violations,0.0
wp_smoothness,2024,,,possession_2min,5.567431
wp_smoothness,2024,,,score_step_h1,3.323679
wp_smoothness,2024,,,score_step_h2,4.81441
wp_smoothness,2025,,,curvature,0.330094
wp_smoothness,2025,,,halftime_possession,1.330731
wp_smoothness,2025,,,meets,1.0
wp_smoothness,2025,,,monotone_violations,0.0
wp_smoothness,2025,,,possession_2min,5.344155
wp_smoothness,2025,,,score_step_h1,3.341836
wp_smoothness,2025,,,score_step_h2,4.857069
wp_smoothness,2026,,,curvature,0.330594
wp_smoothness,2026,,,halftime_possession,1.33824
wp_smoothness,2026,,,meets,1.0
wp_smoothness,2026,,,monotone_violations,0.0
wp_smoothness,2026,,,possession_2min,5.582282
wp_smoothness,2026,,,score_step_h1,3.358662
wp_smoothness,2026,,,score_step_h2,4.888263
