season,week,as_of,method,position,in_pool,n_rows,n_short_window,n_train_eligible,n_pending,n_labelled,n_hit,n_sustained,n_flex_hit
2013,2,2013-09-17 14:00,prior_ppg,QB,False,26,0,26,0,26,17,9,
2013,2,2013-09-17 14:00,prior_ppg,QB,True,57,0,57,0,57,7,3,
2013,2,2013-09-17 14:00,prior_ppg,RB,False,49,0,49,0,49,35,21,38
2013,2,2013-09-17 14:00,prior_ppg,RB,True,66,0,66,0,66,11,2,20
2013,2,2013-09-17 14:00,prior_ppg,TE,False,29,0,29,0,29,20,10,
2013,2,2013-09-17 14:00,prior_ppg,TE,True,83,0,83,0,83,9,0,
2013,2,2013-09-17 14:00,prior_ppg,WR,False,52,0,52,0,52,35,10,41
2013,2,2013-09-17 14:00,prior_ppg,WR,True,117,0,117,0,117,20,6,31
2013,3,2013-09-24 14:00,prior_ppg,QB,False,27,0,27,0,27,21,8,
2013,3,2013-09-24 14:00,prior_ppg,QB,True,56,0,56,0,56,6,2,
2013,3,2013-09-24 14:00,prior_ppg,RB,False,51,0,51,0,51,36,18,38
2013,3,2013-09-24 14:00,prior_ppg,RB,True,66,0,66,0,66,10,2,21
2013,3,2013-09-24 14:00,prior_ppg,TE,False,30,0,30,0,30,19,11,
2013,3,2013-09-24 14:00,prior_ppg,TE,True,84,0,84,0,84,7,1,
2013,3,2013-09-24 14:00,prior_ppg,WR,False,51,0,51,0,51,32,13,36
2013,3,2013-09-24 14:00,prior_ppg,WR,True,121,0,121,0,121,25,4,35
2013,4,2013-10-01 14:00,prior_ppg,QB,False,28,0,28,0,28,17,11,
2013,4,2013-10-01 14:00,prior_ppg,QB,True,54,0,54,0,54,7,2,
2013,4,2013-10-01 14:00,prior_ppg,RB,False,50,0,50,0,50,34,23,38
2013,4,2013-10-01 14:00,prior_ppg,RB,True,68,0,68,0,68,11,3,20
2013,4,2013-10-01 14:00,prior_ppg,TE,False,30,0,30,0,30,21,8,
2013,4,2013-10-01 14:00,prior_ppg,TE,True,84,0,84,0,84,9,2,
2013,4,2013-10-01 14:00,prior_ppg,WR,False,54,0,54,0,54,29,11,39
2013,4,2013-10-01 14:00,prior_ppg,WR,True,119,0,119,0,119,24,10,34
2013,5,2013-10-08 14:00,prior_ppg,QB,False,27,0,27,0,27,19,8,
2013,5,2013-10-08 14:00,prior_ppg,QB,True,54,0,54,0,54,8,2,
2013,5,2013-10-08 14:00,prior_ppg,RB,False,49,0,49,0,49,32,22,41
2013,5,2013-10-08 14:00,prior_ppg,RB,True,68,0,68,0,68,12,3,21
2013,5,2013-10-08 14:00,prior_ppg,TE,False,30,0,30,0,30,18,9,
2013,5,2013-10-08 14:00,prior_ppg,TE,True,82,0,82,0,82,9,2,
2013,5,2013-10-08 14:00,prior_ppg,WR,False,55,0,55,0,55,27,16,35
2013,5,2013-10-08 14:00,prior_ppg,WR,True,117,0,117,0,117,24,8,33
2013,6,2013-10-15 14:00,prior_ppg,QB,False,26,0,26,0,26,19,8,
2013,6,2013-10-15 14:00,prior_ppg,QB,True,57,0,57,0,57,8,3,
2013,6,2013-10-15 14:00,prior_ppg,RB,False,46,0,46,0,46,30,20,39
2013,6,2013-10-15 14:00,prior_ppg,RB,True,74,0,74,0,74,14,6,24
2013,6,2013-10-15 14:00,prior_ppg,TE,False,29,0,29,0,29,19,9,
2013,6,2013-10-15 14:00,prior_ppg,TE,True,82,0,82,0,82,8,5,
2013,6,2013-10-15 14:00,prior_ppg,WR,False,54,0,54,0,54,32,16,40
2013,6,2013-10-15 14:00,prior_ppg,WR,True,117,0,117,0,117,25,8,36
2013,7,2013-10-22 14:00,prior_ppg,QB,False,26,0,26,0,26,18,8,
2013,7,2013-10-22 14:00,prior_ppg,QB,True,56,0,56,0,56,8,4,
2013,7,2013-10-22 14:00,prior_ppg,RB,False,49,0,49,0,49,35,25,41
2013,7,2013-10-22 14:00,prior_ppg,RB,True,70,0,70,0,70,12,3,22
2013,7,2013-10-22 14:00,prior_ppg,TE,False,29,0,29,0,29,19,8,
2013,7,2013-10-22 14:00,prior_ppg,TE,True,79,0,79,0,79,11,3,
2013,7,2013-10-22 14:00,prior_ppg,WR,False,55,0,55,0,55,33,18,42
2013,7,2013-10-22 14:00,prior_ppg,WR,True,121,0,121,0,121,21,6,33
2013,8,2013-10-29 14:00,prior_ppg,QB,False,26,0,26,0,26,17,9,
2013,8,2013-10-29 14:00,prior_ppg,QB,True,57,0,57,0,57,10,2,
2013,8,2013-10-29 14:00,prior_ppg,RB,False,48,0,48,0,48,32,20,38
2013,8,2013-10-29 14:00,prior_ppg,RB,True,69,0,69,0,69,13,3,21
2013,8,2013-10-29 14:00,prior_ppg,TE,False,29,0,29,0,29,19,9,
2013,8,2013-10-29 14:00,prior_ppg,TE,True,78,0,78,0,78,10,2,
2013,8,2013-10-29 14:00,prior_ppg,WR,False,56,0,56,0,56,36,17,47
2013,8,2013-10-29 14:00,prior_ppg,WR,True,124,0,124,0,124,18,7,29
2013,9,2013-11-05 14:00,prior_ppg,QB,False,27,0,27,0,27,17,9,
2013,9,2013-11-05 14:00,prior_ppg,QB,True,59,0,59,0,59,8,3,
2013,9,2013-11-05 14:00,prior_ppg,RB,False,48,0,48,0,48,32,19,36
2013,9,2013-11-05 14:00,prior_ppg,RB,True,68,0,68,0,68,12,3,22
2013,9,2013-11-05 14:00,prior_ppg,TE,False,30,0,30,0,30,21,7,
2013,9,2013-11-05 14:00,prior_ppg,TE,True,75,0,75,0,75,10,1,
2013,9,2013-11-05 14:00,prior_ppg,WR,False,55,0,55,0,55,33,16,43
2013,9,2013-11-05 14:00,prior_ppg,WR,True,126,0,126,0,126,18,4,29
2013,10,2013-11-12 14:00,prior_ppg,QB,False,26,0,26,0,26,14,8,
2013,10,2013-11-12 14:00,prior_ppg,QB,True,60,0,60,0,60,8,3,
2013,10,2013-11-12 14:00,prior_ppg,RB,False,47,0,47,0,47,27,19,34
2013,10,2013-11-12 14:00,prior_ppg,RB,True,73,0,73,0,73,13,4,25
2013,10,2013-11-12 14:00,prior_ppg,TE,False,31,0,31,0,31,19,9,
2013,10,2013-11-12 14:00,prior_ppg,TE,True,74,0,74,0,74,8,0,
2013,10,2013-11-12 14:00,prior_ppg,WR,False,55,0,55,0,55,32,19,41
2013,10,2013-11-12 14:00,prior_ppg,WR,True,123,0,123,0,123,13,3,26
2013,11,2013-11-19 14:00,prior_ppg,QB,False,25,0,25,0,25,17,9,
2013,11,2013-11-19 14:00,prior_ppg,QB,True,61,0,61,0,61,6,2,
2013,11,2013-11-19 14:00,prior_ppg,RB,False,48,0,48,0,48,33,21,37
2013,11,2013-11-19 14:00,prior_ppg,RB,True,70,0,70,0,70,9,1,20
2013,11,2013-11-19 14:00,prior_ppg,TE,False,32,0,32,0,32,20,7,
2013,11,2013-11-19 14:00,prior_ppg,TE,True,72,0,72,0,72,8,0,
2013,11,2013-11-19 14:00,prior_ppg,WR,False,54,0,54,0,54,36,18,42
2013,11,2013-11-19 14:00,prior_ppg,WR,True,124,0,124,0,124,13,3,25
2013,12,2013-11-26 14:00,prior_ppg,QB,False,25,0,25,0,25,18,6,
2013,12,2013-11-26 14:00,prior_ppg,QB,True,60,0,60,0,60,8,2,
2013,12,2013-11-26 14:00,prior_ppg,RB,False,48,0,48,0,48,36,22,38
2013,12,2013-11-26 14:00,prior_ppg,RB,True,68,0,68,0,68,8,0,20
2013,12,2013-11-26 14:00,prior_ppg,TE,False,31,0,31,0,31,18,7,
2013,12,2013-11-26 14:00,prior_ppg,TE,True,75,0,75,0,75,9,1,
2013,12,2013-11-26 14:00,prior_ppg,WR,False,54,0,54,0,54,38,17,42
2013,12,2013-11-26 14:00,prior_ppg,WR,True,126,0,126,0,126,12,3,24
2013,13,2013-12-03 14:00,prior_ppg,QB,False,25,0,25,0,25,16,9,
2013,13,2013-12-03 14:00,prior_ppg,QB,True,60,0,60,0,60,8,3,
2013,13,2013-12-03 14:00,prior_ppg,RB,False,47,0,47,0,47,34,19,36
2013,13,2013-12-03 14:00,prior_ppg,RB,True,70,0,70,0,70,11,1,19
2013,13,2013-12-03 14:00,prior_ppg,TE,False,31,0,31,0,31,17,6,
2013,13,2013-12-03 14:00,prior_ppg,TE,True,76,0,76,0,76,10,2,
2013,13,2013-12-03 14:00,prior_ppg,WR,False,55,0,55,0,55,36,14,39
2013,13,2013-12-03 14:00,prior_ppg,WR,True,123,0,123,0,123,16,2,25
2013,14,2013-12-10 14:00,prior_ppg,QB,False,24,0,24,0,24,17,5,
2013,14,2013-12-10 14:00,prior_ppg,QB,True,60,0,60,0,60,11,2,
2013,14,2013-12-10 14:00,prior_ppg,RB,False,47,0,47,0,47,34,19,35
2013,14,2013-12-10 14:00,prior_ppg,RB,True,70,0,70,0,70,9,3,20
2013,14,2013-12-10 14:00,prior_ppg,TE,False,31,0,31,0,31,17,7,
2013,14,2013-12-10 14:00,prior_ppg,TE,True,77,0,77,0,77,9,2,
2013,14,2013-12-10 14:00,prior_ppg,WR,False,55,0,55,0,55,32,14,34
2013,14,2013-12-10 14:00,prior_ppg,WR,True,121,0,121,0,121,17,3,29
2013,15,2013-12-17 14:00,prior_ppg,QB,False,25,25,25,0,25,14,3,
2013,15,2013-12-17 14:00,prior_ppg,QB,True,60,60,60,0,60,6,1,
2013,15,2013-12-17 14:00,prior_ppg,RB,False,46,46,46,0,46,28,9,31
2013,15,2013-12-17 14:00,prior_ppg,RB,True,69,69,69,0,69,7,2,15
2013,15,2013-12-17 14:00,prior_ppg,TE,False,31,31,31,0,31,16,2,
2013,15,2013-12-17 14:00,prior_ppg,TE,True,80,80,80,0,80,7,0,
2013,15,2013-12-17 14:00,prior_ppg,WR,False,54,54,54,0,54,21,9,28
2013,15,2013-12-17 14:00,prior_ppg,WR,True,122,122,122,0,122,14,2,25
2013,16,2013-12-24 14:00,prior_ppg,QB,False,26,26,0,0,0,0,0,
2013,16,2013-12-24 14:00,prior_ppg,QB,True,58,58,0,0,0,0,0,
2013,16,2013-12-24 14:00,prior_ppg,RB,False,47,47,0,0,0,0,0,0
2013,16,2013-12-24 14:00,prior_ppg,RB,True,71,71,0,0,0,0,0,0
2013,16,2013-12-24 14:00,prior_ppg,TE,False,30,30,0,0,0,0,0,
2013,16,2013-12-24 14:00,prior_ppg,TE,True,79,79,0,0,0,0,0,
2013,16,2013-12-24 14:00,prior_ppg,WR,False,54,54,0,0,0,0,0,0
2013,16,2013-12-24 14:00,prior_ppg,WR,True,122,122,0,0,0,0,0,0
2014,2,2014-09-16 14:00,prior_ppg,QB,False,29,0,29,0,29,20,10,
2014,2,2014-09-16 14:00,prior_ppg,QB,True,52,0,52,0,52,5,1,
2014,2,2014-09-16 14:00,prior_ppg,RB,False,53,0,53,0,53,36,21,42
2014,2,2014-09-16 14:00,prior_ppg,RB,True,63,0,63,0,63,13,5,17
2014,2,2014-09-16 14:00,prior_ppg,TE,False,29,0,29,0,29,17,8,
2014,2,2014-09-16 14:00,prior_ppg,TE,True,74,0,74,0,74,11,1,
2014,2,2014-09-16 14:00,prior_ppg,WR,False,61,0,61,0,61,38,18,48
2014,2,2014-09-16 14:00,prior_ppg,WR,True,121,0,121,0,121,16,4,25
2014,3,2014-09-23 14:00,prior_ppg,QB,False,28,0,28,0,28,19,10,
2014,3,2014-09-23 14:00,prior_ppg,QB,True,52,0,52,0,52,5,2,
2014,3,2014-09-23 14:00,prior_ppg,RB,False,52,0,52,0,52,33,14,40
2014,3,2014-09-23 14:00,prior_ppg,RB,True,63,0,63,0,63,15,9,24
2014,3,2014-09-23 14:00,prior_ppg,TE,False,28,0,28,0,28,20,9,
2014,3,2014-09-23 14:00,prior_ppg,TE,True,75,0,75,0,75,7,2,
2014,3,2014-09-23 14:00,prior_ppg,WR,False,64,0,64,0,64,41,13,49
2014,3,2014-09-23 14:00,prior_ppg,WR,True,120,0,120,0,120,16,3,23
2014,4,2014-09-30 14:00,prior_ppg,QB,False,28,0,28,0,28,19,10,
2014,4,2014-09-30 14:00,prior_ppg,QB,True,51,0,51,0,51,5,0,
2014,4,2014-09-30 14:00,prior_ppg,RB,False,53,0,53,0,53,31,17,39
2014,4,2014-09-30 14:00,prior_ppg,RB,True,62,0,62,0,62,16,6,27
2014,4,2014-09-30 14:00,prior_ppg,TE,False,29,0,29,0,29,20,6,
2014,4,2014-09-30 14:00,prior_ppg,TE,True,74,0,74,0,74,8,1,
2014,4,2014-09-30 14:00,prior_ppg,WR,False,64,0,64,0,64,41,17,48
2014,4,2014-09-30 14:00,prior_ppg,WR,True,123,0,123,0,123,13,1,24
2014,5,2014-10-07 14:00,prior_ppg,QB,False,29,0,29,0,29,19,9,
2014,5,2014-10-07 14:00,prior_ppg,QB,True,51,0,51,0,51,5,0,
2014,5,2014-10-07 14:00,prior_ppg,RB,False,52,0,52,0,52,28,18,38
2014,5,2014-10-07 14:00,prior_ppg,RB,True,63,0,63,0,63,17,5,24
2014,5,2014-10-07 14:00,prior_ppg,TE,False,29,0,29,0,29,21,8,
2014,5,2014-10-07 14:00,prior_ppg,TE,True,75,0,75,0,75,8,1,
2014,5,2014-10-07 14:00,prior_ppg,WR,False,61,0,61,0,61,40,20,46
2014,5,2014-10-07 14:00,prior_ppg,WR,True,124,0,124,0,124,15,2,25
2014,6,2014-10-14 14:00,prior_ppg,QB,False,29,0,29,0,29,19,9,
2014,6,2014-10-14 14:00,prior_ppg,QB,True,52,0,52,0,52,5,3,
2014,6,2014-10-14 14:00,prior_ppg,RB,False,51,0,51,0,51,31,20,39
2014,6,2014-10-14 14:00,prior_ppg,RB,True,62,0,62,0,62,16,3,29
2014,6,2014-10-14 14:00,prior_ppg,TE,False,29,0,29,0,29,18,8,
2014,6,2014-10-14 14:00,prior_ppg,TE,True,74,0,74,0,74,11,2,
2014,6,2014-10-14 14:00,prior_ppg,WR,False,60,0,60,0,60,41,19,47
2014,6,2014-10-14 14:00,prior_ppg,WR,True,123,0,123,0,123,16,4,29
2014,7,2014-10-21 14:00,prior_ppg,QB,False,29,0,29,0,29,21,9,
2014,7,2014-10-21 14:00,prior_ppg,QB,True,50,0,50,0,50,5,1,
2014,7,2014-10-21 14:00,prior_ppg,RB,False,53,0,53,0,53,34,20,39
2014,7,2014-10-21 14:00,prior_ppg,RB,True,61,0,61,0,61,16,5,26
2014,7,2014-10-21 14:00,prior_ppg,TE,False,29,0,29,0,29,20,7,
2014,7,2014-10-21 14:00,prior_ppg,TE,True,74,0,74,0,74,9,2,
2014,7,2014-10-21 14:00,prior_ppg,WR,False,58,0,58,0,58,36,21,43
2014,7,2014-10-21 14:00,prior_ppg,WR,True,128,0,128,0,128,20,4,31
2014,8,2014-10-28 14:00,prior_ppg,QB,False,28,0,28,0,28,21,11,
2014,8,2014-10-28 14:00,prior_ppg,QB,True,51,0,51,0,51,7,1,
2014,8,2014-10-28 14:00,prior_ppg,RB,False,51,0,51,0,51,33,18,37
2014,8,2014-10-28 14:00,prior_ppg,RB,True,62,0,62,0,62,16,7,27
2014,8,2014-10-28 14:00,prior_ppg,TE,False,29,0,29,0,29,18,8,
2014,8,2014-10-28 14:00,prior_ppg,TE,True,73,0,73,0,73,12,1,
2014,8,2014-10-28 14:00,prior_ppg,WR,False,58,0,58,0,58,39,20,45
2014,8,2014-10-28 14:00,prior_ppg,WR,True,127,0,127,0,127,17,1,25
2014,9,2014-11-04 14:00,prior_ppg,QB,False,29,0,29,0,29,21,10,
2014,9,2014-11-04 14:00,prior_ppg,QB,True,51,0,51,0,51,7,1,
2014,9,2014-11-04 14:00,prior_ppg,RB,False,49,0,49,0,49,26,20,35
2014,9,2014-11-04 14:00,prior_ppg,RB,True,67,0,67,0,67,17,8,26
2014,9,2014-11-04 14:00,prior_ppg,TE,False,29,0,29,0,29,19,8,
2014,9,2014-11-04 14:00,prior_ppg,TE,True,74,0,74,0,74,13,1,
2014,9,2014-11-04 14:00,prior_ppg,WR,False,56,0,56,0,56,41,18,45
2014,9,2014-11-04 14:00,prior_ppg,WR,True,127,0,127,0,127,18,1,26
2014,10,2014-11-11 14:00,prior_ppg,QB,False,29,0,29,0,29,21,8,
2014,10,2014-11-11 14:00,prior_ppg,QB,True,50,0,50,0,50,7,2,
2014,10,2014-11-11 14:00,prior_ppg,RB,False,48,0,48,0,48,28,19,37
2014,10,2014-11-11 14:00,prior_ppg,RB,True,68,0,68,0,68,15,5,28
2014,10,2014-11-11 14:00,prior_ppg,TE,False,28,0,28,0,28,15,5,
2014,10,2014-11-11 14:00,prior_ppg,TE,True,74,0,74,0,74,15,0,
2014,10,2014-11-11 14:00,prior_ppg,WR,False,56,0,56,0,56,40,14,44
2014,10,2014-11-11 14:00,prior_ppg,WR,True,123,0,123,0,123,19,3,25
2014,11,2014-11-18 14:00,prior_ppg,QB,False,28,0,28,0,28,20,8,
2014,11,2014-11-18 14:00,prior_ppg,QB,True,51,0,51,0,51,7,1,
2014,11,2014-11-18 14:00,prior_ppg,RB,False,50,0,50,0,50,27,17,37
2014,11,2014-11-18 14:00,prior_ppg,RB,True,66,0,66,0,66,14,7,26
2014,11,2014-11-18 14:00,prior_ppg,TE,False,28,0,28,0,28,15,5,
2014,11,2014-11-18 14:00,prior_ppg,TE,True,75,0,75,0,75,13,1,
2014,11,2014-11-18 14:00,prior_ppg,WR,False,56,0,56,0,56,39,12,45
2014,11,2014-11-18 14:00,prior_ppg,WR,True,124,0,124,0,124,18,2,25
2014,12,2014-11-25 14:00,prior_ppg,QB,False,28,0,28,0,28,21,7,
2014,12,2014-11-25 14:00,prior_ppg,QB,True,51,0,51,0,51,5,0,
2014,12,2014-11-25 14:00,prior_ppg,RB,False,50,0,50,0,50,29,18,38
2014,12,2014-11-25 14:00,prior_ppg,RB,True,68,0,68,0,68,14,3,27
2014,12,2014-11-25 14:00,prior_ppg,TE,False,27,0,27,0,27,15,6,
2014,12,2014-11-25 14:00,prior_ppg,TE,True,77,0,77,0,77,11,1,
2014,12,2014-11-25 14:00,prior_ppg,WR,False,56,0,56,0,56,39,14,44
2014,12,2014-11-25 14:00,prior_ppg,WR,True,125,0,125,0,125,16,2,28
2014,13,2014-12-02 14:00,prior_ppg,QB,False,30,0,30,0,30,22,9,
2014,13,2014-12-02 14:00,prior_ppg,QB,True,49,0,49,0,49,3,1,
2014,13,2014-12-02 14:00,prior_ppg,RB,False,51,0,51,0,51,29,17,33
2014,13,2014-12-02 14:00,prior_ppg,RB,True,64,0,64,0,64,15,2,26
2014,13,2014-12-02 14:00,prior_ppg,TE,False,26,0,26,0,26,16,8,
2014,13,2014-12-02 14:00,prior_ppg,TE,True,80,0,80,0,80,8,3,
2014,13,2014-12-02 14:00,prior_ppg,WR,False,54,0,54,0,54,33,14,41
2014,13,2014-12-02 14:00,prior_ppg,WR,True,128,0,128,0,128,22,3,35
2014,14,2014-12-09 14:00,prior_ppg,QB,False,29,0,29,0,29,19,9,
2014,14,2014-12-09 14:00,prior_ppg,QB,True,50,0,50,0,50,4,1,
2014,14,2014-12-09 14:00,prior_ppg,RB,False,51,0,51,0,51,28,17,33
2014,14,2014-12-09 14:00,prior_ppg,RB,True,65,0,65,0,65,13,3,27
2014,14,2014-12-09 14:00,prior_ppg,TE,False,26,0,26,0,26,16,7,
2014,14,2014-12-09 14:00,prior_ppg,TE,True,82,0,82,0,82,8,2,
2014,14,2014-12-09 14:00,prior_ppg,WR,False,54,0,54,0,54,35,14,40
2014,14,2014-12-09 14:00,prior_ppg,WR,True,127,0,127,0,127,17,3,29
2014,15,2014-12-16 14:00,prior_ppg,QB,False,29,29,29,0,29,14,4,
2014,15,2014-12-16 14:00,prior_ppg,QB,True,50,50,50,0,50,4,1,
2014,15,2014-12-16 14:00,prior_ppg,RB,False,53,53,53,0,53,23,12,29
2014,15,2014-12-16 14:00,prior_ppg,RB,True,63,63,63,0,63,11,2,23
2014,15,2014-12-16 14:00,prior_ppg,TE,False,26,26,26,0,26,12,3,
2014,15,2014-12-16 14:00,prior_ppg,TE,True,82,82,82,0,82,7,2,
2014,15,2014-12-16 14:00,prior_ppg,WR,False,54,54,54,0,54,26,9,33
2014,15,2014-12-16 14:00,prior_ppg,WR,True,123,123,123,0,123,11,3,19
2014,16,2014-12-23 14:00,prior_ppg,QB,False,28,28,0,0,0,0,0,
2014,16,2014-12-23 14:00,prior_ppg,QB,True,53,53,0,0,0,0,0,
2014,16,2014-12-23 14:00,prior_ppg,RB,False,53,53,0,0,0,0,0,0
2014,16,2014-12-23 14:00,prior_ppg,RB,True,63,63,0,0,0,0,0,0
2014,16,2014-12-23 14:00,prior_ppg,TE,False,28,28,0,0,0,0,0,
2014,16,2014-12-23 14:00,prior_ppg,TE,True,80,80,0,0,0,0,0,
2014,16,2014-12-23 14:00,prior_ppg,WR,False,53,53,0,0,0,0,0,0
2014,16,2014-12-23 14:00,prior_ppg,WR,True,124,124,0,0,0,0,0,0
2015,2,2015-09-22 14:00,prior_ppg,QB,False,25,0,25,0,25,17,8,
2015,2,2015-09-22 14:00,prior_ppg,QB,True,57,0,57,0,57,6,4,
2015,2,2015-09-22 14:00,prior_ppg,RB,False,58,0,58,0,58,35,18,44
2015,2,2015-09-22 14:00,prior_ppg,RB,True,62,0,62,0,62,13,5,17
2015,2,2015-09-22 14:00,prior_ppg,TE,False,29,0,29,0,29,17,7,
2015,2,2015-09-22 14:00,prior_ppg,TE,True,78,0,78,0,78,12,1,
2015,2,2015-09-22 14:00,prior_ppg,WR,False,58,0,58,0,58,32,13,39
2015,2,2015-09-22 14:00,prior_ppg,WR,True,122,0,122,0,122,24,2,32
2015,3,2015-09-29 14:00,prior_ppg,QB,False,26,0,26,0,26,20,7,
2015,3,2015-09-29 14:00,prior_ppg,QB,True,55,0,55,0,55,7,3,
2015,3,2015-09-29 14:00,prior_ppg,RB,False,60,0,60,0,60,38,20,46
2015,3,2015-09-29 14:00,prior_ppg,RB,True,59,0,59,0,59,10,5,14
2015,3,2015-09-29 14:00,prior_ppg,TE,False,27,0,27,0,27,16,6,
2015,3,2015-09-29 14:00,prior_ppg,TE,True,77,0,77,0,77,13,2,
2015,3,2015-09-29 14:00,prior_ppg,WR,False,57,0,57,0,57,35,13,36
2015,3,2015-09-29 14:00,prior_ppg,WR,True,121,0,121,0,121,22,8,35
2015,4,2015-10-06 14:00,prior_ppg,QB,False,26,0,26,0,26,17,10,
2015,4,2015-10-06 14:00,prior_ppg,QB,True,56,0,56,0,56,8,2,
2015,4,2015-10-06 14:00,prior_ppg,RB,False,59,0,59,0,59,39,25,47
2015,4,2015-10-06 14:00,prior_ppg,RB,True,60,0,60,0,60,8,2,14
2015,4,2015-10-06 14:00,prior_ppg,TE,False,27,0,27,0,27,17,7,
2015,4,2015-10-06 14:00,prior_ppg,TE,True,78,0,78,0,78,10,1,
2015,4,2015-10-06 14:00,prior_ppg,WR,False,58,0,58,0,58,36,17,38
2015,4,2015-10-06 14:00,prior_ppg,WR,True,120,0,120,0,120,21,3,34
2015,5,2015-10-13 14:00,prior_ppg,QB,False,26,0,26,0,26,18,9,
2015,5,2015-10-13 14:00,prior_ppg,QB,True,57,0,57,0,57,8,3,
2015,5,2015-10-13 14:00,prior_ppg,RB,False,58,0,58,0,58,37,23,44
2015,5,2015-10-13 14:00,prior_ppg,RB,True,59,0,59,0,59,11,4,15
2015,5,2015-10-13 14:00,prior_ppg,TE,False,26,0,26,0,26,19,8,
2015,5,2015-10-13 14:00,prior_ppg,TE,True,80,0,80,0,80,8,1,
2015,5,2015-10-13 14:00,prior_ppg,WR,False,58,0,58,0,58,38,20,43
2015,5,2015-10-13 14:00,prior_ppg,WR,True,120,0,120,0,120,18,4,28
2015,6,2015-10-20 14:00,prior_ppg,QB,False,26,0,26,0,26,21,10,
2015,6,2015-10-20 14:00,prior_ppg,QB,True,57,0,57,0,57,6,2,
2015,6,2015-10-20 14:00,prior_ppg,RB,False,56,0,56,0,56,37,21,45
2015,6,2015-10-20 14:00,prior_ppg,RB,True,63,0,63,0,63,13,5,16
2015,6,2015-10-20 14:00,prior_ppg,TE,False,27,0,27,0,27,19,9,
2015,6,2015-10-20 14:00,prior_ppg,TE,True,78,0,78,0,78,11,2,
2015,6,2015-10-20 14:00,prior_ppg,WR,False,59,0,59,0,59,36,18,44
2015,6,2015-10-20 14:00,prior_ppg,WR,True,120,0,120,0,120,19,3,31
2015,7,2015-10-27 14:00,prior_ppg,QB,False,28,0,28,0,28,20,13,
2015,7,2015-10-27 14:00,prior_ppg,QB,True,53,0,53,0,53,6,0,
2015,7,2015-10-27 14:00,prior_ppg,RB,False,58,0,58,0,58,35,21,46
2015,7,2015-10-27 14:00,prior_ppg,RB,True,60,0,60,0,60,13,5,15
2015,7,2015-10-27 14:00,prior_ppg,TE,False,28,0,28,0,28,18,8,
2015,7,2015-10-27 14:00,prior_ppg,TE,True,76,0,76,0,76,12,2,
2015,7,2015-10-27 14:00,prior_ppg,WR,False,58,0,58,0,58,38,14,44
2015,7,2015-10-27 14:00,prior_ppg,WR,True,123,0,123,0,123,18,6,29
2015,8,2015-11-03 14:00,prior_ppg,QB,False,28,0,28,0,28,20,10,
2015,8,2015-11-03 14:00,prior_ppg,QB,True,53,0,53,0,53,7,0,
2015,8,2015-11-03 14:00,prior_ppg,RB,False,57,0,57,0,57,35,20,43
2015,8,2015-11-03 14:00,prior_ppg,RB,True,59,0,59,0,59,12,6,16
2015,8,2015-11-03 14:00,prior_ppg,TE,False,28,0,28,0,28,15,7,
2015,8,2015-11-03 14:00,prior_ppg,TE,True,77,0,77,0,77,14,4,
2015,8,2015-11-03 14:00,prior_ppg,WR,False,59,0,59,0,59,37,19,43
2015,8,2015-11-03 14:00,prior_ppg,WR,True,124,0,124,0,124,23,4,35
2015,9,2015-11-10 14:00,prior_ppg,QB,False,28,0,28,0,28,20,8,
2015,9,2015-11-10 14:00,prior_ppg,QB,True,53,0,53,0,53,6,2,
2015,9,2015-11-10 14:00,prior_ppg,RB,False,59,0,59,0,59,36,17,44
2015,9,2015-11-10 14:00,prior_ppg,RB,True,58,0,58,0,58,10,4,15
2015,9,2015-11-10 14:00,prior_ppg,TE,False,28,0,28,0,28,13,8,
2015,9,2015-11-10 14:00,prior_ppg,TE,True,77,0,77,0,77,13,4,
2015,9,2015-11-10 14:00,prior_ppg,WR,False,56,0,56,0,56,32,16,40
2015,9,2015-11-10 14:00,prior_ppg,WR,True,125,0,125,0,125,24,3,34
2015,10,2015-11-17 14:00,prior_ppg,QB,False,27,0,27,0,27,19,11,
2015,10,2015-11-17 14:00,prior_ppg,QB,True,54,0,54,0,54,5,2,
2015,10,2015-11-17 14:00,prior_ppg,RB,False,59,0,59,0,59,31,17,43
2015,10,2015-11-17 14:00,prior_ppg,RB,True,55,0,55,0,55,12,8,18
2015,10,2015-11-17 14:00,prior_ppg,TE,False,28,0,28,0,28,14,6,
2015,10,2015-11-17 14:00,prior_ppg,TE,True,77,0,77,0,77,11,4,
2015,10,2015-11-17 14:00,prior_ppg,WR,False,56,0,56,0,56,35,16,43
2015,10,2015-11-17 14:00,prior_ppg,WR,True,124,0,124,0,124,20,5,26
2015,11,2015-11-24 14:00,prior_ppg,QB,False,26,0,26,0,26,17,8,
2015,11,2015-11-24 14:00,prior_ppg,QB,True,54,0,54,0,54,4,3,
2015,11,2015-11-24 14:00,prior_ppg,RB,False,59,0,59,0,59,31,18,41
2015,11,2015-11-24 14:00,prior_ppg,RB,True,53,0,53,0,53,10,5,19
2015,11,2015-11-24 14:00,prior_ppg,TE,False,29,0,29,0,29,14,7,
2015,11,2015-11-24 14:00,prior_ppg,TE,True,78,0,78,0,78,9,3,
2015,11,2015-11-24 14:00,prior_ppg,WR,False,57,0,57,0,57,34,14,41
2015,11,2015-11-24 14:00,prior_ppg,WR,True,122,0,122,0,122,15,4,21
2015,12,2015-12-01 14:00,prior_ppg,QB,False,25,0,25,0,25,15,10,
2015,12,2015-12-01 14:00,prior_ppg,QB,True,56,0,56,0,56,6,2,
2015,12,2015-12-01 14:00,prior_ppg,RB,False,58,0,58,0,58,33,16,39
2015,12,2015-12-01 14:00,prior_ppg,RB,True,54,0,54,0,54,13,4,23
2015,12,2015-12-01 14:00,prior_ppg,TE,False,28,0,28,0,28,15,9,
2015,12,2015-12-01 14:00,prior_ppg,TE,True,78,0,78,0,78,9,1,
2015,12,2015-12-01 14:00,prior_ppg,WR,False,55,0,55,0,55,32,16,42
2015,12,2015-12-01 14:00,prior_ppg,WR,True,128,0,128,0,128,13,4,18
2015,13,2015-12-08 14:00,prior_ppg,QB,False,27,0,27,0,27,17,8,
2015,13,2015-12-08 14:00,prior_ppg,QB,True,55,0,55,0,55,5,2,
2015,13,2015-12-08 14:00,prior_ppg,RB,False,59,0,59,0,59,33,17,40
2015,13,2015-12-08 14:00,prior_ppg,RB,True,51,0,51,0,51,12,2,17
2015,13,2015-12-08 14:00,prior_ppg,TE,False,27,0,27,0,27,13,10,
2015,13,2015-12-08 14:00,prior_ppg,TE,True,78,0,78,0,78,8,3,
2015,13,2015-12-08 14:00,prior_ppg,WR,False,56,0,56,0,56,34,17,44
2015,13,2015-12-08 14:00,prior_ppg,WR,True,129,0,129,0,129,14,4,21
2015,14,2015-12-15 14:00,prior_ppg,QB,False,26,0,26,0,26,15,8,
2015,14,2015-12-15 14:00,prior_ppg,QB,True,56,0,56,0,56,7,3,
2015,14,2015-12-15 14:00,prior_ppg,RB,False,57,0,57,0,57,30,14,38
2015,14,2015-12-15 14:00,prior_ppg,RB,True,54,0,54,0,54,16,7,18
2015,14,2015-12-15 14:00,prior_ppg,TE,False,27,0,27,0,27,16,8,
2015,14,2015-12-15 14:00,prior_ppg,TE,True,76,0,76,0,76,9,2,
2015,14,2015-12-15 14:00,prior_ppg,WR,False,56,0,56,0,56,34,17,38
2015,14,2015-12-15 14:00,prior_ppg,WR,True,131,0,131,0,131,14,3,25
2015,15,2015-12-22 14:00,prior_ppg,QB,False,25,25,25,0,25,13,2,
2015,15,2015-12-22 14:00,prior_ppg,QB,True,58,58,58,0,58,7,2,
2015,15,2015-12-22 14:00,prior_ppg,RB,False,60,60,60,0,60,28,6,38
2015,15,2015-12-22 14:00,prior_ppg,RB,True,48,48,48,0,48,10,3,12
2015,15,2015-12-22 14:00,prior_ppg,TE,False,27,27,27,0,27,15,3,
2015,15,2015-12-22 14:00,prior_ppg,TE,True,76,76,76,0,76,5,0,
2015,15,2015-12-22 14:00,prior_ppg,WR,False,55,55,55,0,55,25,11,29
2015,15,2015-12-22 14:00,prior_ppg,WR,True,132,132,132,0,132,12,0,21
2015,16,2015-12-29 14:00,prior_ppg,QB,False,25,25,0,0,0,0,0,
2015,16,2015-12-29 14:00,prior_ppg,QB,True,59,59,0,0,0,0,0,
2015,16,2015-12-29 14:00,prior_ppg,RB,False,58,58,0,0,0,0,0,0
2015,16,2015-12-29 14:00,prior_ppg,RB,True,52,52,0,0,0,0,0,0
2015,16,2015-12-29 14:00,prior_ppg,TE,False,27,27,0,0,0,0,0,
2015,16,2015-12-29 14:00,prior_ppg,TE,True,77,77,0,0,0,0,0,
2015,16,2015-12-29 14:00,prior_ppg,WR,False,54,54,0,0,0,0,0,0
2015,16,2015-12-29 14:00,prior_ppg,WR,True,130,130,0,0,0,0,0,0
2016,1,2016-09-13 14:00,prior_ppg,QB,False,28,0,28,0,28,21,6,
2016,1,2016-09-13 14:00,prior_ppg,QB,True,89,0,89,0,89,6,2,
2016,1,2016-09-13 14:00,prior_ppg,RB,False,56,0,56,0,56,30,20,37
2016,1,2016-09-13 14:00,prior_ppg,RB,True,175,0,175,0,175,13,4,22
2016,1,2016-09-13 14:00,prior_ppg,TE,False,30,0,30,0,30,15,8,
2016,1,2016-09-13 14:00,prior_ppg,TE,True,159,0,159,0,159,10,3,
2016,1,2016-09-13 14:00,prior_ppg,WR,False,60,0,60,0,60,34,16,41
2016,1,2016-09-13 14:00,prior_ppg,WR,True,308,0,308,0,308,19,4,33
2016,2,2016-09-20 14:00,prior_ppg,QB,False,27,0,27,0,27,19,7,
2016,2,2016-09-20 14:00,prior_ppg,QB,True,64,0,64,0,64,6,2,
2016,2,2016-09-20 14:00,prior_ppg,RB,False,52,0,52,0,52,32,15,39
2016,2,2016-09-20 14:00,prior_ppg,RB,True,101,0,101,0,101,15,4,25
2016,2,2016-09-20 14:00,prior_ppg,TE,False,28,0,28,0,28,16,9,
2016,2,2016-09-20 14:00,prior_ppg,TE,True,82,0,82,0,82,7,3,
2016,2,2016-09-20 14:00,prior_ppg,WR,False,55,0,55,0,55,31,15,39
2016,2,2016-09-20 14:00,prior_ppg,WR,True,133,0,133,0,133,22,3,35
2016,3,2016-09-27 14:00,prior_ppg,QB,False,27,0,27,0,27,17,10,
2016,3,2016-09-27 14:00,prior_ppg,QB,True,58,0,58,0,58,7,3,
2016,3,2016-09-27 14:00,prior_ppg,RB,False,49,0,49,0,49,33,19,36
2016,3,2016-09-27 14:00,prior_ppg,RB,True,88,0,88,0,88,12,5,23
2016,3,2016-09-27 14:00,prior_ppg,TE,False,27,0,27,0,27,18,9,
2016,3,2016-09-27 14:00,prior_ppg,TE,True,79,0,79,0,79,9,1,
2016,3,2016-09-27 14:00,prior_ppg,WR,False,51,0,51,0,51,30,15,38
2016,3,2016-09-27 14:00,prior_ppg,WR,True,127,0,127,0,127,27,7,40
2016,4,2016-10-04 14:00,prior_ppg,QB,False,27,0,27,0,27,18,7,
2016,4,2016-10-04 14:00,prior_ppg,QB,True,58,0,58,0,58,5,0,
2016,4,2016-10-04 14:00,prior_ppg,RB,False,48,0,48,0,48,34,17,38
2016,4,2016-10-04 14:00,prior_ppg,RB,True,87,0,87,0,87,15,4,26
2016,4,2016-10-04 14:00,prior_ppg,TE,False,26,0,26,0,26,17,8,
2016,4,2016-10-04 14:00,prior_ppg,TE,True,84,0,84,0,84,9,3,
2016,4,2016-10-04 14:00,prior_ppg,WR,False,50,0,50,0,50,30,16,39
2016,4,2016-10-04 14:00,prior_ppg,WR,True,132,0,132,0,132,24,6,33
2016,5,2016-10-11 14:00,prior_ppg,QB,False,27,0,27,0,27,18,13,
2016,5,2016-10-11 14:00,prior_ppg,QB,True,59,0,59,0,59,5,0,
2016,5,2016-10-11 14:00,prior_ppg,RB,False,48,0,48,0,48,33,21,38
2016,5,2016-10-11 14:00,prior_ppg,RB,True,85,0,85,0,85,13,4,26
2016,5,2016-10-11 14:00,prior_ppg,TE,False,25,0,25,0,25,16,6,
2016,5,2016-10-11 14:00,prior_ppg,TE,True,88,0,88,0,88,12,4,
2016,5,2016-10-11 14:00,prior_ppg,WR,False,51,0,51,0,51,30,16,39
2016,5,2016-10-11 14:00,prior_ppg,WR,True,129,0,129,0,129,28,6,39
2016,6,2016-10-18 14:00,prior_ppg,QB,False,27,0,27,0,27,20,13,
2016,6,2016-10-18 14:00,prior_ppg,QB,True,57,0,57,0,57,5,0,
2016,6,2016-10-18 14:00,prior_ppg,RB,False,48,0,48,0,48,34,18,37
2016,6,2016-10-18 14:00,prior_ppg,RB,True,89,0,89,0,89,15,4,26
2016,6,2016-10-18 14:00,prior_ppg,TE,False,26,0,26,0,26,18,8,
2016,6,2016-10-18 14:00,prior_ppg,TE,True,85,0,85,0,85,10,3,
2016,6,2016-10-18 14:00,prior_ppg,WR,False,49,0,49,0,49,30,15,38
2016,6,2016-10-18 14:00,prior_ppg,WR,True,135,0,135,0,135,30,5,42
2016,7,2016-10-25 14:00,prior_ppg,QB,False,27,0,27,0,27,19,14,
2016,7,2016-10-25 14:00,prior_ppg,QB,True,59,0,59,0,59,3,0,
2016,7,2016-10-25 14:00,prior_ppg,RB,False,47,0,47,0,47,35,21,37
2016,7,2016-10-25 14:00,prior_ppg,RB,True,91,0,91,0,91,17,5,26
2016,7,2016-10-25 14:00,prior_ppg,TE,False,25,0,25,0,25,16,10,
2016,7,2016-10-25 14:00,prior_ppg,TE,True,84,0,84,0,84,10,3,
2016,7,2016-10-25 14:00,prior_ppg,WR,False,51,0,51,0,51,33,19,37
2016,7,2016-10-25 14:00,prior_ppg,WR,True,135,0,135,0,135,24,5,37
2016,8,2016-11-01 14:00,prior_ppg,QB,False,27,0,27,0,27,16,10,
2016,8,2016-11-01 14:00,prior_ppg,QB,True,56,0,56,0,56,6,1,
2016,8,2016-11-01 14:00,prior_ppg,RB,False,46,0,46,0,46,32,21,37
2016,8,2016-11-01 14:00,prior_ppg,RB,True,93,0,93,0,93,15,4,24
2016,8,2016-11-01 14:00,prior_ppg,TE,False,25,0,25,0,25,17,9,
2016,8,2016-11-01 14:00,prior_ppg,TE,True,87,0,87,0,87,12,3,
2016,8,2016-11-01 14:00,prior_ppg,WR,False,51,0,51,0,51,34,16,37
2016,8,2016-11-01 14:00,prior_ppg,WR,True,134,0,134,0,134,23,8,36
2016,9,2016-11-08 14:00,prior_ppg,QB,False,27,0,27,0,27,18,12,
2016,9,2016-11-08 14:00,prior_ppg,QB,True,56,0,56,0,56,5,1,
2016,9,2016-11-08 14:00,prior_ppg,RB,False,44,0,44,0,44,33,21,37
2016,9,2016-11-08 14:00,prior_ppg,RB,True,94,0,94,0,94,12,4,18
2016,9,2016-11-08 14:00,prior_ppg,TE,False,25,0,25,0,25,16,6,
2016,9,2016-11-08 14:00,prior_ppg,TE,True,84,0,84,0,84,13,2,
2016,9,2016-11-08 14:00,prior_ppg,WR,False,50,0,50,0,50,31,18,37
2016,9,2016-11-08 14:00,prior_ppg,WR,True,134,0,134,0,134,21,7,32
2016,10,2016-11-15 14:00,prior_ppg,QB,False,26,0,26,0,26,20,10,
2016,10,2016-11-15 14:00,prior_ppg,QB,True,57,0,57,0,57,6,1,
2016,10,2016-11-15 14:00,prior_ppg,RB,False,46,0,46,0,46,35,22,38
2016,10,2016-11-15 14:00,prior_ppg,RB,True,96,0,96,0,96,12,1,21
2016,10,2016-11-15 14:00,prior_ppg,TE,False,24,0,24,0,24,13,7,
2016,10,2016-11-15 14:00,prior_ppg,TE,True,86,0,86,0,86,14,2,
2016,10,2016-11-15 14:00,prior_ppg,WR,False,50,0,50,0,50,31,14,37
2016,10,2016-11-15 14:00,prior_ppg,WR,True,136,0,136,0,136,23,6,30
2016,11,2016-11-22 14:00,prior_ppg,QB,False,26,0,26,0,26,18,8,
2016,11,2016-11-22 14:00,prior_ppg,QB,True,57,0,57,0,57,6,3,
2016,11,2016-11-22 14:00,prior_ppg,RB,False,44,0,44,0,44,35,20,36
2016,11,2016-11-22 14:00,prior_ppg,RB,True,98,0,98,0,98,8,3,20
2016,11,2016-11-22 14:00,prior_ppg,TE,False,24,0,24,0,24,14,4,
2016,11,2016-11-22 14:00,prior_ppg,TE,True,84,0,84,0,84,13,2,
2016,11,2016-11-22 14:00,prior_ppg,WR,False,52,0,52,0,52,30,10,35
2016,11,2016-11-22 14:00,prior_ppg,WR,True,133,0,133,0,133,22,8,32
2016,12,2016-11-29 14:00,prior_ppg,QB,False,26,0,26,0,26,18,8,
2016,12,2016-11-29 14:00,prior_ppg,QB,True,60,0,60,0,60,6,1,
2016,12,2016-11-29 14:00,prior_ppg,RB,False,44,0,44,0,44,35,20,38
2016,12,2016-11-29 14:00,prior_ppg,RB,True,97,0,97,0,97,8,4,22
2016,12,2016-11-29 14:00,prior_ppg,TE,False,24,0,24,0,24,16,7,
2016,12,2016-11-29 14:00,prior_ppg,TE,True,80,0,80,0,80,10,2,
2016,12,2016-11-29 14:00,prior_ppg,WR,False,54,0,54,0,54,29,12,37
2016,12,2016-11-29 14:00,prior_ppg,WR,True,132,0,132,0,132,23,8,31
2016,13,2016-12-06 14:00,prior_ppg,QB,False,26,0,26,0,26,17,10,
2016,13,2016-12-06 14:00,prior_ppg,QB,True,60,0,60,0,60,6,1,
2016,13,2016-12-06 14:00,prior_ppg,RB,False,44,0,44,0,44,32,18,36
2016,13,2016-12-06 14:00,prior_ppg,RB,True,93,0,93,0,93,14,2,23
2016,13,2016-12-06 14:00,prior_ppg,TE,False,23,0,23,0,23,16,7,
2016,13,2016-12-06 14:00,prior_ppg,TE,True,80,0,80,0,80,10,0,
2016,13,2016-12-06 14:00,prior_ppg,WR,False,52,0,52,0,52,29,9,35
2016,13,2016-12-06 14:00,prior_ppg,WR,True,138,0,138,0,138,23,8,33
2016,14,2016-12-13 14:00,prior_ppg,QB,False,26,0,26,0,26,17,10,
2016,14,2016-12-13 14:00,prior_ppg,QB,True,59,0,59,0,59,6,2,
2016,14,2016-12-13 14:00,prior_ppg,RB,False,45,0,45,0,45,31,13,34
2016,14,2016-12-13 14:00,prior_ppg,RB,True,97,0,97,0,97,21,3,29
2016,14,2016-12-13 14:00,prior_ppg,TE,False,21,0,21,0,21,16,9,
2016,14,2016-12-13 14:00,prior_ppg,TE,True,80,0,80,0,80,10,0,
2016,14,2016-12-13 14:00,prior_ppg,WR,False,52,0,52,0,52,30,11,35
2016,14,2016-12-13 14:00,prior_ppg,WR,True,137,0,137,0,137,24,5,33
2016,15,2016-12-20 14:00,prior_ppg,QB,False,26,26,26,0,26,15,3,
2016,15,2016-12-20 14:00,prior_ppg,QB,True,62,62,62,0,62,4,2,
2016,15,2016-12-20 14:00,prior_ppg,RB,False,46,46,46,0,46,22,6,26
2016,15,2016-12-20 14:00,prior_ppg,RB,True,92,92,92,0,92,18,2,28
2016,15,2016-12-20 14:00,prior_ppg,TE,False,19,19,19,0,19,14,4,
2016,15,2016-12-20 14:00,prior_ppg,TE,True,79,79,79,0,79,5,0,
2016,15,2016-12-20 14:00,prior_ppg,WR,False,53,53,53,0,53,24,3,30
2016,15,2016-12-20 14:00,prior_ppg,WR,True,137,137,137,0,137,18,3,27
2016,16,2016-12-27 14:00,prior_ppg,QB,False,26,26,0,0,0,0,0,
2016,16,2016-12-27 14:00,prior_ppg,QB,True,62,62,0,0,0,0,0,
2016,16,2016-12-27 14:00,prior_ppg,RB,False,46,46,0,0,0,0,0,0
2016,16,2016-12-27 14:00,prior_ppg,RB,True,95,95,0,0,0,0,0,0
2016,16,2016-12-27 14:00,prior_ppg,TE,False,20,20,0,0,0,0,0,
2016,16,2016-12-27 14:00,prior_ppg,TE,True,82,82,0,0,0,0,0,
2016,16,2016-12-27 14:00,prior_ppg,WR,False,53,53,0,0,0,0,0,0
2016,16,2016-12-27 14:00,prior_ppg,WR,True,138,138,0,0,0,0,0,0
2017,1,2017-09-12 14:00,prior_ppg,QB,False,28,0,28,0,28,19,8,
2017,1,2017-09-12 14:00,prior_ppg,QB,True,85,0,85,0,85,4,1,
2017,1,2017-09-12 14:00,prior_ppg,RB,False,49,0,49,0,49,29,18,35
2017,1,2017-09-12 14:00,prior_ppg,RB,True,189,0,189,0,189,14,3,24
2017,1,2017-09-12 14:00,prior_ppg,TE,False,29,0,29,0,29,15,6,
2017,1,2017-09-12 14:00,prior_ppg,TE,True,160,0,160,0,160,8,2,
2017,1,2017-09-12 14:00,prior_ppg,WR,False,60,0,60,0,60,35,10,40
2017,1,2017-09-12 14:00,prior_ppg,WR,True,329,0,329,0,329,18,2,28
2017,2,2017-09-19 14:00,prior_ppg,QB,False,29,0,29,0,29,16,9,
2017,2,2017-09-19 14:00,prior_ppg,QB,True,63,0,63,0,63,6,4,
2017,2,2017-09-19 14:00,prior_ppg,RB,False,49,0,49,0,49,31,17,39
2017,2,2017-09-19 14:00,prior_ppg,RB,True,114,0,114,0,114,18,3,26
2017,2,2017-09-19 14:00,prior_ppg,TE,False,28,0,28,0,28,12,7,
2017,2,2017-09-19 14:00,prior_ppg,TE,True,105,0,105,0,105,14,1,
2017,2,2017-09-19 14:00,prior_ppg,WR,False,56,0,56,0,56,35,17,42
2017,2,2017-09-19 14:00,prior_ppg,WR,True,178,0,178,0,178,17,3,33
2017,3,2017-09-26 14:00,prior_ppg,QB,False,28,0,28,0,28,16,11,
2017,3,2017-09-26 14:00,prior_ppg,QB,True,66,0,66,0,66,7,1,
2017,3,2017-09-26 14:00,prior_ppg,RB,False,48,0,48,0,48,31,18,39
2017,3,2017-09-26 14:00,prior_ppg,RB,True,114,0,114,0,114,18,2,24
2017,3,2017-09-26 14:00,prior_ppg,TE,False,29,0,29,0,29,15,7,
2017,3,2017-09-26 14:00,prior_ppg,TE,True,103,0,103,0,103,11,4,
2017,3,2017-09-26 14:00,prior_ppg,WR,False,51,0,51,0,51,34,17,40
2017,3,2017-09-26 14:00,prior_ppg,WR,True,184,0,184,0,184,22,4,41
2017,4,2017-10-03 14:00,prior_ppg,QB,False,29,0,29,0,29,20,13,
2017,4,2017-10-03 14:00,prior_ppg,QB,True,65,0,65,0,65,5,1,
2017,4,2017-10-03 14:00,prior_ppg,RB,False,49,0,49,0,49,30,22,38
2017,4,2017-10-03 14:00,prior_ppg,RB,True,114,0,114,0,114,16,3,22
2017,4,2017-10-03 14:00,prior_ppg,TE,False,30,0,30,0,30,19,9,
2017,4,2017-10-03 14:00,prior_ppg,TE,True,102,0,102,0,102,8,1,
2017,4,2017-10-03 14:00,prior_ppg,WR,False,52,0,52,0,52,30,16,36
2017,4,2017-10-03 14:00,prior_ppg,WR,True,189,0,189,0,189,28,7,45
2017,5,2017-10-10 14:00,prior_ppg,QB,False,28,0,28,0,28,20,10,
2017,5,2017-10-10 14:00,prior_ppg,QB,True,66,0,66,0,66,4,1,
2017,5,2017-10-10 14:00,prior_ppg,RB,False,49,0,49,0,49,33,21,40
2017,5,2017-10-10 14:00,prior_ppg,RB,True,111,0,111,0,111,15,4,21
2017,5,2017-10-10 14:00,prior_ppg,TE,False,28,0,28,0,28,17,11,
2017,5,2017-10-10 14:00,prior_ppg,TE,True,105,0,105,0,105,8,1,
2017,5,2017-10-10 14:00,prior_ppg,WR,False,52,0,52,0,52,27,16,35
2017,5,2017-10-10 14:00,prior_ppg,WR,True,189,0,189,0,189,30,8,42
2017,6,2017-10-17 14:00,prior_ppg,QB,False,28,0,28,0,28,20,11,
2017,6,2017-10-17 14:00,prior_ppg,QB,True,65,0,65,0,65,4,3,
2017,6,2017-10-17 14:00,prior_ppg,RB,False,47,0,47,0,47,33,24,38
2017,6,2017-10-17 14:00,prior_ppg,RB,True,113,0,113,0,113,20,4,27
2017,6,2017-10-17 14:00,prior_ppg,TE,False,26,0,26,0,26,16,8,
2017,6,2017-10-17 14:00,prior_ppg,TE,True,105,0,105,0,105,9,3,
2017,6,2017-10-17 14:00,prior_ppg,WR,False,50,0,50,0,50,31,13,39
2017,6,2017-10-17 14:00,prior_ppg,WR,True,192,0,192,0,192,25,10,39
2017,7,2017-10-24 14:00,prior_ppg,QB,False,26,0,26,0,26,19,10,
2017,7,2017-10-24 14:00,prior_ppg,QB,True,64,0,64,0,64,6,2,
2017,7,2017-10-24 14:00,prior_ppg,RB,False,47,0,47,0,47,35,19,42
2017,7,2017-10-24 14:00,prior_ppg,RB,True,113,0,113,0,113,19,9,29
2017,7,2017-10-24 14:00,prior_ppg,TE,False,26,0,26,0,26,17,9,
2017,7,2017-10-24 14:00,prior_ppg,TE,True,107,0,107,0,107,11,3,
2017,7,2017-10-24 14:00,prior_ppg,WR,False,49,0,49,0,49,32,15,37
2017,7,2017-10-24 14:00,prior_ppg,WR,True,196,0,196,0,196,24,6,39
2017,8,2017-10-31 14:00,prior_ppg,QB,False,26,0,26,0,26,18,12,
2017,8,2017-10-31 14:00,prior_ppg,QB,True,66,0,66,0,66,7,1,
2017,8,2017-10-31 14:00,prior_ppg,RB,False,46,0,46,0,46,31,14,38
2017,8,2017-10-31 14:00,prior_ppg,RB,True,111,0,111,0,111,19,9,31
2017,8,2017-10-31 14:00,prior_ppg,TE,False,26,0,26,0,26,18,7,
2017,8,2017-10-31 14:00,prior_ppg,TE,True,106,0,106,0,106,11,2,
2017,8,2017-10-31 14:00,prior_ppg,WR,False,49,0,49,0,49,31,18,36
2017,8,2017-10-31 14:00,prior_ppg,WR,True,197,0,197,0,197,20,4,35
2017,9,2017-11-07 14:00,prior_ppg,QB,False,22,0,22,0,22,17,12,
2017,9,2017-11-07 14:00,prior_ppg,QB,True,69,0,69,0,69,7,1,
2017,9,2017-11-07 14:00,prior_ppg,RB,False,45,0,45,0,45,25,14,34
2017,9,2017-11-07 14:00,prior_ppg,RB,True,114,0,114,0,114,20,9,30
2017,9,2017-11-07 14:00,prior_ppg,TE,False,26,0,26,0,26,17,6,
2017,9,2017-11-07 14:00,prior_ppg,TE,True,107,0,107,0,107,11,2,
2017,9,2017-11-07 14:00,prior_ppg,WR,False,49,0,49,0,49,32,19,38
2017,9,2017-11-07 14:00,prior_ppg,WR,True,199,0,199,0,199,20,5,34
2017,10,2017-11-14 14:00,prior_ppg,QB,False,23,0,23,0,23,17,8,
2017,10,2017-11-14 14:00,prior_ppg,QB,True,68,0,68,0,68,6,1,
2017,10,2017-11-14 14:00,prior_ppg,RB,False,44,0,44,0,44,26,16,33
2017,10,2017-11-14 14:00,prior_ppg,RB,True,114,0,114,0,114,18,7,28
2017,10,2017-11-14 14:00,prior_ppg,TE,False,26,0,26,0,26,17,7,
2017,10,2017-11-14 14:00,prior_ppg,TE,True,107,0,107,0,107,9,1,
2017,10,2017-11-14 14:00,prior_ppg,WR,False,48,0,48,0,48,27,18,31
2017,10,2017-11-14 14:00,prior_ppg,WR,True,197,0,197,0,197,17,5,31
2017,11,2017-11-21 14:00,prior_ppg,QB,False,24,0,24,0,24,15,8,
2017,11,2017-11-21 14:00,prior_ppg,QB,True,69,0,69,0,69,6,2,
2017,11,2017-11-21 14:00,prior_ppg,RB,False,42,0,42,0,42,30,15,34
2017,11,2017-11-21 14:00,prior_ppg,RB,True,116,0,116,0,116,13,6,27
2017,11,2017-11-21 14:00,prior_ppg,TE,False,26,0,26,0,26,19,7,
2017,11,2017-11-21 14:00,prior_ppg,TE,True,106,0,106,0,106,8,0,
2017,11,2017-11-21 14:00,prior_ppg,WR,False,49,0,49,0,49,26,14,29
2017,11,2017-11-21 14:00,prior_ppg,WR,True,195,0,195,0,195,22,7,36
2017,12,2017-11-28 14:00,prior_ppg,QB,False,24,0,24,0,24,15,7,
2017,12,2017-11-28 14:00,prior_ppg,QB,True,68,0,68,0,68,9,2,
2017,12,2017-11-28 14:00,prior_ppg,RB,False,42,0,42,0,42,28,18,33
2017,12,2017-11-28 14:00,prior_ppg,RB,True,115,0,115,0,115,14,5,24
2017,12,2017-11-28 14:00,prior_ppg,TE,False,27,0,27,0,27,18,7,
2017,12,2017-11-28 14:00,prior_ppg,TE,True,107,0,107,0,107,9,2,
2017,12,2017-11-28 14:00,prior_ppg,WR,False,48,0,48,0,48,31,10,35
2017,12,2017-11-28 14:00,prior_ppg,WR,True,198,0,198,0,198,20,5,38
2017,13,2017-12-05 14:00,prior_ppg,QB,False,24,0,24,0,24,15,7,
2017,13,2017-12-05 14:00,prior_ppg,QB,True,68,0,68,0,68,9,3,
2017,13,2017-12-05 14:00,prior_ppg,RB,False,41,0,41,0,41,29,16,34
2017,13,2017-12-05 14:00,prior_ppg,RB,True,119,0,119,0,119,13,4,23
2017,13,2017-12-05 14:00,prior_ppg,TE,False,27,0,27,0,27,16,6,
2017,13,2017-12-05 14:00,prior_ppg,TE,True,107,0,107,0,107,10,3,
2017,13,2017-12-05 14:00,prior_ppg,WR,False,48,0,48,0,48,32,9,37
2017,13,2017-12-05 14:00,prior_ppg,WR,True,199,0,199,0,199,25,4,37
2017,14,2017-12-12 14:00,prior_ppg,QB,False,24,0,24,0,24,16,6,
2017,14,2017-12-12 14:00,prior_ppg,QB,True,68,0,68,0,68,8,3,
2017,14,2017-12-12 14:00,prior_ppg,RB,False,41,0,41,0,41,25,16,30
2017,14,2017-12-12 14:00,prior_ppg,RB,True,119,0,119,0,119,19,5,30
2017,14,2017-12-12 14:00,prior_ppg,TE,False,25,0,25,0,25,13,5,
2017,14,2017-12-12 14:00,prior_ppg,TE,True,109,0,109,0,109,13,3,
2017,14,2017-12-12 14:00,prior_ppg,WR,False,47,0,47,0,47,31,10,37
2017,14,2017-12-12 14:00,prior_ppg,WR,True,194,0,194,0,194,25,4,38
2017,15,2017-12-19 14:00,prior_ppg,QB,False,23,23,23,0,23,16,2,
2017,15,2017-12-19 14:00,prior_ppg,QB,True,68,68,68,0,68,4,2,
2017,15,2017-12-19 14:00,prior_ppg,RB,False,41,41,41,0,41,24,8,27
2017,15,2017-12-19 14:00,prior_ppg,RB,True,118,118,118,0,118,13,1,25
2017,15,2017-12-19 14:00,prior_ppg,TE,False,24,24,24,0,24,11,3,
2017,15,2017-12-19 14:00,prior_ppg,TE,True,110,110,110,0,110,10,2,
2017,15,2017-12-19 14:00,prior_ppg,WR,False,48,48,48,0,48,26,4,29
2017,15,2017-12-19 14:00,prior_ppg,WR,True,196,196,196,0,196,18,1,30
2017,16,2017-12-26 14:00,prior_ppg,QB,False,22,22,0,0,0,0,0,
2017,16,2017-12-26 14:00,prior_ppg,QB,True,66,66,0,0,0,0,0,
2017,16,2017-12-26 14:00,prior_ppg,RB,False,41,41,0,0,0,0,0,0
2017,16,2017-12-26 14:00,prior_ppg,RB,True,120,120,0,0,0,0,0,0
2017,16,2017-12-26 14:00,prior_ppg,TE,False,21,21,0,0,0,0,0,
2017,16,2017-12-26 14:00,prior_ppg,TE,True,110,110,0,0,0,0,0,
2017,16,2017-12-26 14:00,prior_ppg,WR,False,46,46,0,0,0,0,0,0
2017,16,2017-12-26 14:00,prior_ppg,WR,True,198,198,0,0,0,0,0,0
2018,1,2018-09-11 14:00,prior_ppg,QB,False,30,0,30,0,30,17,9,
2018,1,2018-09-11 14:00,prior_ppg,QB,True,90,0,90,0,90,5,1,
2018,1,2018-09-11 14:00,prior_ppg,RB,False,58,0,58,0,58,35,18,44
2018,1,2018-09-11 14:00,prior_ppg,RB,True,203,0,203,0,203,9,1,15
2018,1,2018-09-11 14:00,prior_ppg,TE,False,30,0,30,0,30,17,9,
2018,1,2018-09-11 14:00,prior_ppg,TE,True,178,0,178,0,178,8,1,
2018,1,2018-09-11 14:00,prior_ppg,WR,False,59,0,59,0,59,32,17,39
2018,1,2018-09-11 14:00,prior_ppg,WR,True,355,0,355,0,355,17,4,23
2018,2,2018-09-18 14:00,prior_ppg,QB,False,28,0,28,0,28,19,9,
2018,2,2018-09-18 14:00,prior_ppg,QB,True,68,0,68,0,68,7,2,
2018,2,2018-09-18 14:00,prior_ppg,RB,False,51,0,51,0,51,32,20,43
2018,2,2018-09-18 14:00,prior_ppg,RB,True,112,0,112,0,112,9,3,14
2018,2,2018-09-18 14:00,prior_ppg,TE,False,26,0,26,0,26,14,8,
2018,2,2018-09-18 14:00,prior_ppg,TE,True,108,0,108,0,108,13,2,
2018,2,2018-09-18 14:00,prior_ppg,WR,False,59,0,59,0,59,36,16,44
2018,2,2018-09-18 14:00,prior_ppg,WR,True,177,0,177,0,177,17,4,23
2018,3,2018-09-25 14:00,prior_ppg,QB,False,28,0,28,0,28,18,9,
2018,3,2018-09-25 14:00,prior_ppg,QB,True,67,0,67,0,67,6,2,
2018,3,2018-09-25 14:00,prior_ppg,RB,False,50,0,50,0,50,34,18,45
2018,3,2018-09-25 14:00,prior_ppg,RB,True,113,0,113,0,113,12,3,17
2018,3,2018-09-25 14:00,prior_ppg,TE,False,24,0,24,0,24,13,8,
2018,3,2018-09-25 14:00,prior_ppg,TE,True,112,0,112,0,112,14,2,
2018,3,2018-09-25 14:00,prior_ppg,WR,False,58,0,58,0,58,34,13,42
2018,3,2018-09-25 14:00,prior_ppg,WR,True,179,0,179,0,179,21,3,32
2018,4,2018-10-02 14:00,prior_ppg,QB,False,31,0,31,0,31,20,13,
2018,4,2018-10-02 14:00,prior_ppg,QB,True,64,0,64,0,64,3,0,
2018,4,2018-10-02 14:00,prior_ppg,RB,False,51,0,51,0,51,34,22,44
2018,4,2018-10-02 14:00,prior_ppg,RB,True,108,0,108,0,108,14,4,24
2018,4,2018-10-02 14:00,prior_ppg,TE,False,25,0,25,0,25,12,8,
2018,4,2018-10-02 14:00,prior_ppg,TE,True,109,0,109,0,109,11,3,
2018,4,2018-10-02 14:00,prior_ppg,WR,False,56,0,56,0,56,38,13,43
2018,4,2018-10-02 14:00,prior_ppg,WR,True,180,0,180,0,180,21,2,34
2018,5,2018-10-09 14:00,prior_ppg,QB,False,31,0,31,0,31,21,12,
2018,5,2018-10-09 14:00,prior_ppg,QB,True,62,0,62,0,62,4,0,
2018,5,2018-10-09 14:00,prior_ppg,RB,False,52,0,52,0,52,34,21,43
2018,5,2018-10-09 14:00,prior_ppg,RB,True,108,0,108,0,108,13,4,23
2018,5,2018-10-09 14:00,prior_ppg,TE,False,24,0,24,0,24,17,7,
2018,5,2018-10-09 14:00,prior_ppg,TE,True,107,0,107,0,107,12,2,
2018,5,2018-10-09 14:00,prior_ppg,WR,False,55,0,55,0,55,34,17,41
2018,5,2018-10-09 14:00,prior_ppg,WR,True,182,0,182,0,182,23,3,36
2018,6,2018-10-16 14:00,prior_ppg,QB,False,30,0,30,0,30,21,12,
2018,6,2018-10-16 14:00,prior_ppg,QB,True,62,0,62,0,62,5,1,
2018,6,2018-10-16 14:00,prior_ppg,RB,False,52,0,52,0,52,34,21,41
2018,6,2018-10-16 14:00,prior_ppg,RB,True,107,0,107,0,107,13,6,21
2018,6,2018-10-16 14:00,prior_ppg,TE,False,24,0,24,0,24,17,7,
2018,6,2018-10-16 14:00,prior_ppg,TE,True,109,0,109,0,109,15,2,
2018,6,2018-10-16 14:00,prior_ppg,WR,False,57,0,57,0,57,37,18,42
2018,6,2018-10-16 14:00,prior_ppg,WR,True,183,0,183,0,183,19,3,32
2018,7,2018-10-23 14:00,prior_ppg,QB,False,29,0,29,0,29,19,14,
2018,7,2018-10-23 14:00,prior_ppg,QB,True,64,0,64,0,64,4,1,
2018,7,2018-10-23 14:00,prior_ppg,RB,False,50,0,50,0,50,35,24,41
2018,7,2018-10-23 14:00,prior_ppg,RB,True,109,0,109,0,109,15,3,21
2018,7,2018-10-23 14:00,prior_ppg,TE,False,25,0,25,0,25,15,7,
2018,7,2018-10-23 14:00,prior_ppg,TE,True,109,0,109,0,109,13,2,
2018,7,2018-10-23 14:00,prior_ppg,WR,False,55,0,55,0,55,34,18,40
2018,7,2018-10-23 14:00,prior_ppg,WR,True,182,0,182,0,182,19,2,34
2018,8,2018-10-30 14:00,prior_ppg,QB,False,29,0,29,0,29,20,12,
2018,8,2018-10-30 14:00,prior_ppg,QB,True,65,0,65,0,65,3,1,
2018,8,2018-10-30 14:00,prior_ppg,RB,False,46,0,46,0,46,34,20,39
2018,8,2018-10-30 14:00,prior_ppg,RB,True,112,0,112,0,112,14,6,22
2018,8,2018-10-30 14:00,prior_ppg,TE,False,25,0,25,0,25,17,8,
2018,8,2018-10-30 14:00,prior_ppg,TE,True,108,0,108,0,108,14,2,
2018,8,2018-10-30 14:00,prior_ppg,WR,False,54,0,54,0,54,33,15,40
2018,8,2018-10-30 14:00,prior_ppg,WR,True,183,0,183,0,183,19,3,32
2018,9,2018-11-06 14:00,prior_ppg,QB,False,30,0,30,0,30,22,14,
2018,9,2018-11-06 14:00,prior_ppg,QB,True,66,0,66,0,66,2,1,
2018,9,2018-11-06 14:00,prior_ppg,RB,False,46,0,46,0,46,32,19,38
2018,9,2018-11-06 14:00,prior_ppg,RB,True,113,0,113,0,113,14,6,22
2018,9,2018-11-06 14:00,prior_ppg,TE,False,24,0,24,0,24,15,6,
2018,9,2018-11-06 14:00,prior_ppg,TE,True,111,0,111,0,111,14,2,
2018,9,2018-11-06 14:00,prior_ppg,WR,False,54,0,54,0,54,33,20,36
2018,9,2018-11-06 14:00,prior_ppg,WR,True,181,0,181,0,181,19,4,32
2018,10,2018-11-13 14:00,prior_ppg,QB,False,29,0,29,0,29,19,10,
2018,10,2018-11-13 14:00,prior_ppg,QB,True,67,0,67,0,67,6,1,
2018,10,2018-11-13 14:00,prior_ppg,RB,False,48,0,48,0,48,33,18,40
2018,10,2018-11-13 14:00,prior_ppg,RB,True,110,0,110,0,110,17,5,24
2018,10,2018-11-13 14:00,prior_ppg,TE,False,24,0,24,0,24,15,7,
2018,10,2018-11-13 14:00,prior_ppg,TE,True,109,0,109,0,109,14,1,
2018,10,2018-11-13 14:00,prior_ppg,WR,False,52,0,52,0,52,34,19,36
2018,10,2018-11-13 14:00,prior_ppg,WR,True,183,0,183,0,183,19,3,35
2018,11,2018-11-20 14:00,prior_ppg,QB,False,30,0,30,0,30,17,11,
2018,11,2018-11-20 14:00,prior_ppg,QB,True,66,0,66,0,66,5,1,
2018,11,2018-11-20 14:00,prior_ppg,RB,False,47,0,47,0,47,28,14,36
2018,11,2018-11-20 14:00,prior_ppg,RB,True,111,0,111,0,111,19,4,26
2018,11,2018-11-20 14:00,prior_ppg,TE,False,23,0,23,0,23,14,6,
2018,11,2018-11-20 14:00,prior_ppg,TE,True,109,0,109,0,109,14,1,
2018,11,2018-11-20 14:00,prior_ppg,WR,False,51,0,51,0,51,30,14,34
2018,11,2018-11-20 14:00,prior_ppg,WR,True,189,0,189,0,189,21,4,37
2018,12,2018-11-27 14:00,prior_ppg,QB,False,27,0,27,0,27,17,10,
2018,12,2018-11-27 14:00,prior_ppg,QB,True,66,0,66,0,66,5,1,
2018,12,2018-11-27 14:00,prior_ppg,RB,False,46,0,46,0,46,28,14,37
2018,12,2018-11-27 14:00,prior_ppg,RB,True,111,0,111,0,111,19,5,26
2018,12,2018-11-27 14:00,prior_ppg,TE,False,22,0,22,0,22,13,5,
2018,12,2018-11-27 14:00,prior_ppg,TE,True,108,0,108,0,108,15,2,
2018,12,2018-11-27 14:00,prior_ppg,WR,False,50,0,50,0,50,30,14,36
2018,12,2018-11-27 14:00,prior_ppg,WR,True,193,0,193,0,193,21,3,35
2018,13,2018-12-04 14:00,prior_ppg,QB,False,27,0,27,0,27,18,9,
2018,13,2018-12-04 14:00,prior_ppg,QB,True,66,0,66,0,66,4,1,
2018,13,2018-12-04 14:00,prior_ppg,RB,False,45,0,45,0,45,25,12,33
2018,13,2018-12-04 14:00,prior_ppg,RB,True,113,0,113,0,113,18,5,24
2018,13,2018-12-04 14:00,prior_ppg,TE,False,21,0,21,0,21,13,3,
2018,13,2018-12-04 14:00,prior_ppg,TE,True,116,0,116,0,116,16,3,
2018,13,2018-12-04 14:00,prior_ppg,WR,False,49,0,49,0,49,30,15,36
2018,13,2018-12-04 14:00,prior_ppg,WR,True,189,0,189,0,189,19,3,33
2018,14,2018-12-11 14:00,prior_ppg,QB,False,28,0,28,0,28,19,10,
2018,14,2018-12-11 14:00,prior_ppg,QB,True,66,0,66,0,66,4,1,
2018,14,2018-12-11 14:00,prior_ppg,RB,False,47,0,47,0,47,28,14,32
2018,14,2018-12-11 14:00,prior_ppg,RB,True,115,0,115,0,115,20,5,30
2018,14,2018-12-11 14:00,prior_ppg,TE,False,20,0,20,0,20,10,5,
2018,14,2018-12-11 14:00,prior_ppg,TE,True,114,0,114,0,114,16,5,
2018,14,2018-12-11 14:00,prior_ppg,WR,False,46,0,46,0,46,28,15,32
2018,14,2018-12-11 14:00,prior_ppg,WR,True,193,0,193,0,193,20,5,35
2018,15,2018-12-18 14:00,prior_ppg,QB,False,29,29,29,0,29,16,4,
2018,15,2018-12-18 14:00,prior_ppg,QB,True,64,64,64,0,64,4,0,
2018,15,2018-12-18 14:00,prior_ppg,RB,False,46,46,46,0,46,25,5,29
2018,15,2018-12-18 14:00,prior_ppg,RB,True,114,114,114,0,114,15,1,26
2018,15,2018-12-18 14:00,prior_ppg,TE,False,20,20,20,0,20,9,3,
2018,15,2018-12-18 14:00,prior_ppg,TE,True,112,112,112,0,112,11,2,
2018,15,2018-12-18 14:00,prior_ppg,WR,False,46,46,46,0,46,23,5,28
2018,15,2018-12-18 14:00,prior_ppg,WR,True,196,196,196,0,196,17,2,27
2018,16,2018-12-25 14:00,prior_ppg,QB,False,28,28,0,0,0,0,0,
2018,16,2018-12-25 14:00,prior_ppg,QB,True,66,66,0,0,0,0,0,
2018,16,2018-12-25 14:00,prior_ppg,RB,False,46,46,0,0,0,0,0,0
2018,16,2018-12-25 14:00,prior_ppg,RB,True,113,113,0,0,0,0,0,0
2018,16,2018-12-25 14:00,prior_ppg,TE,False,20,20,0,0,0,0,0,
2018,16,2018-12-25 14:00,prior_ppg,TE,True,110,110,0,0,0,0,0,
2018,16,2018-12-25 14:00,prior_ppg,WR,False,45,45,0,0,0,0,0,0
2018,16,2018-12-25 14:00,prior_ppg,WR,True,199,199,0,0,0,0,0,0
2019,1,2019-09-10 14:00,prior_ppg,QB,False,29,0,29,0,29,19,10,
2019,1,2019-09-10 14:00,prior_ppg,QB,True,99,0,99,0,99,4,0,
2019,1,2019-09-10 14:00,prior_ppg,RB,False,53,0,53,0,53,34,17,42
2019,1,2019-09-10 14:00,prior_ppg,RB,True,192,0,192,0,192,14,4,20
2019,1,2019-09-10 14:00,prior_ppg,TE,False,31,0,31,0,31,16,9,
2019,1,2019-09-10 14:00,prior_ppg,TE,True,181,0,181,0,181,7,0,
2019,1,2019-09-10 14:00,prior_ppg,WR,False,61,0,61,0,61,34,13,44
2019,1,2019-09-10 14:00,prior_ppg,WR,True,332,0,332,0,332,19,3,26
2019,2,2019-09-17 14:00,prior_ppg,QB,False,29,0,29,0,29,20,11,
2019,2,2019-09-17 14:00,prior_ppg,QB,True,66,0,66,0,66,5,0,
2019,2,2019-09-17 14:00,prior_ppg,RB,False,48,0,48,0,48,31,18,38
2019,2,2019-09-17 14:00,prior_ppg,RB,True,117,0,117,0,117,13,4,23
2019,2,2019-09-17 14:00,prior_ppg,TE,False,31,0,31,0,31,13,8,
2019,2,2019-09-17 14:00,prior_ppg,TE,True,108,0,108,0,108,10,2,
2019,2,2019-09-17 14:00,prior_ppg,WR,False,59,0,59,0,59,36,13,45
2019,2,2019-09-17 14:00,prior_ppg,WR,True,183,0,183,0,183,21,3,31
2019,3,2019-09-24 14:00,prior_ppg,QB,False,28,0,28,0,28,22,13,
2019,3,2019-09-24 14:00,prior_ppg,QB,True,67,0,67,0,67,5,0,
2019,3,2019-09-24 14:00,prior_ppg,RB,False,49,0,49,0,49,32,22,40
2019,3,2019-09-24 14:00,prior_ppg,RB,True,116,0,116,0,116,12,2,21
2019,3,2019-09-24 14:00,prior_ppg,TE,False,30,0,30,0,30,15,8,
2019,3,2019-09-24 14:00,prior_ppg,TE,True,108,0,108,0,108,9,5,
2019,3,2019-09-24 14:00,prior_ppg,WR,False,55,0,55,0,55,36,13,42
2019,3,2019-09-24 14:00,prior_ppg,WR,True,182,0,182,0,182,23,3,36
2019,4,2019-10-01 14:00,prior_ppg,QB,False,25,0,25,0,25,20,13,
2019,4,2019-10-01 14:00,prior_ppg,QB,True,70,0,70,0,70,5,0,
2019,4,2019-10-01 14:00,prior_ppg,RB,False,50,0,50,0,50,34,23,39
2019,4,2019-10-01 14:00,prior_ppg,RB,True,115,0,115,0,115,9,2,19
2019,4,2019-10-01 14:00,prior_ppg,TE,False,29,0,29,0,29,18,6,
2019,4,2019-10-01 14:00,prior_ppg,TE,True,107,0,107,0,107,11,3,
2019,4,2019-10-01 14:00,prior_ppg,WR,False,55,0,55,0,55,31,16,38
2019,4,2019-10-01 14:00,prior_ppg,WR,True,183,0,183,0,183,24,3,37
2019,5,2019-10-08 14:00,prior_ppg,QB,False,26,0,26,0,26,22,9,
2019,5,2019-10-08 14:00,prior_ppg,QB,True,71,0,71,0,71,6,1,
2019,5,2019-10-08 14:00,prior_ppg,RB,False,47,0,47,0,47,35,23,39
2019,5,2019-10-08 14:00,prior_ppg,RB,True,113,0,113,0,113,10,4,22
2019,5,2019-10-08 14:00,prior_ppg,TE,False,30,0,30,0,30,17,6,
2019,5,2019-10-08 14:00,prior_ppg,TE,True,105,0,105,0,105,14,3,
2019,5,2019-10-08 14:00,prior_ppg,WR,False,53,0,53,0,53,32,12,41
2019,5,2019-10-08 14:00,prior_ppg,WR,True,191,0,191,0,191,23,6,36
2019,6,2019-10-15 14:00,prior_ppg,QB,False,26,0,26,0,26,18,10,
2019,6,2019-10-15 14:00,prior_ppg,QB,True,70,0,70,0,70,5,2,
2019,6,2019-10-15 14:00,prior_ppg,RB,False,48,0,48,0,48,35,23,39
2019,6,2019-10-15 14:00,prior_ppg,RB,True,113,0,113,0,113,12,4,23
2019,6,2019-10-15 14:00,prior_ppg,TE,False,28,0,28,0,28,22,7,
2019,6,2019-10-15 14:00,prior_ppg,TE,True,104,0,104,0,104,12,2,
2019,6,2019-10-15 14:00,prior_ppg,WR,False,53,0,53,0,53,31,17,41
2019,6,2019-10-15 14:00,prior_ppg,WR,True,186,0,186,0,186,22,6,32
2019,7,2019-10-22 14:00,prior_ppg,QB,False,25,0,25,0,25,17,9,
2019,7,2019-10-22 14:00,prior_ppg,QB,True,70,0,70,0,70,7,2,
2019,7,2019-10-22 14:00,prior_ppg,RB,False,47,0,47,0,47,31,24,35
2019,7,2019-10-22 14:00,prior_ppg,RB,True,117,0,117,0,117,14,6,21
2019,7,2019-10-22 14:00,prior_ppg,TE,False,26,0,26,0,26,17,8,
2019,7,2019-10-22 14:00,prior_ppg,TE,True,110,0,110,0,110,11,3,
2019,7,2019-10-22 14:00,prior_ppg,WR,False,53,0,53,0,53,32,17,41
2019,7,2019-10-22 14:00,prior_ppg,WR,True,191,0,191,0,191,20,6,27
2019,8,2019-10-29 14:00,prior_ppg,QB,False,25,0,25,0,25,14,8,
2019,8,2019-10-29 14:00,prior_ppg,QB,True,68,0,68,0,68,6,5,
2019,8,2019-10-29 14:00,prior_ppg,RB,False,43,0,43,0,43,33,17,36
2019,8,2019-10-29 14:00,prior_ppg,RB,True,121,0,121,0,121,15,6,25
2019,8,2019-10-29 14:00,prior_ppg,TE,False,27,0,27,0,27,15,7,
2019,8,2019-10-29 14:00,prior_ppg,TE,True,107,0,107,0,107,11,3,
2019,8,2019-10-29 14:00,prior_ppg,WR,False,52,0,52,0,52,33,17,40
2019,8,2019-10-29 14:00,prior_ppg,WR,True,193,0,193,0,193,20,7,32
2019,9,2019-11-05 14:00,prior_ppg,QB,False,25,0,25,0,25,15,10,
2019,9,2019-11-05 14:00,prior_ppg,QB,True,68,0,68,0,68,7,5,
2019,9,2019-11-05 14:00,prior_ppg,RB,False,42,0,42,0,42,30,19,33
2019,9,2019-11-05 14:00,prior_ppg,RB,True,121,0,121,0,121,18,4,26
2019,9,2019-11-05 14:00,prior_ppg,TE,False,27,0,27,0,27,14,8,
2019,9,2019-11-05 14:00,prior_ppg,TE,True,107,0,107,0,107,10,3,
2019,9,2019-11-05 14:00,prior_ppg,WR,False,53,0,53,0,53,30,16,37
2019,9,2019-11-05 14:00,prior_ppg,WR,True,189,0,189,0,189,21,7,33
2019,10,2019-11-12 14:00,prior_ppg,QB,False,25,0,25,0,25,17,7,
2019,10,2019-11-12 14:00,prior_ppg,QB,True,68,0,68,0,68,6,5,
2019,10,2019-11-12 14:00,prior_ppg,RB,False,42,0,42,0,42,33,17,35
2019,10,2019-11-12 14:00,prior_ppg,RB,True,120,0,120,0,120,16,4,24
2019,10,2019-11-12 14:00,prior_ppg,TE,False,27,0,27,0,27,12,7,
2019,10,2019-11-12 14:00,prior_ppg,TE,True,109,0,109,0,109,11,4,
2019,10,2019-11-12 14:00,prior_ppg,WR,False,53,0,53,0,53,30,14,36
2019,10,2019-11-12 14:00,prior_ppg,WR,True,188,0,188,0,188,20,7,35
2019,11,2019-11-19 14:00,prior_ppg,QB,False,24,0,24,0,24,15,9,
2019,11,2019-11-19 14:00,prior_ppg,QB,True,70,0,70,0,70,7,3,
2019,11,2019-11-19 14:00,prior_ppg,RB,False,42,0,42,0,42,31,17,37
2019,11,2019-11-19 14:00,prior_ppg,RB,True,118,0,118,0,118,15,4,25
2019,11,2019-11-19 14:00,prior_ppg,TE,False,27,0,27,0,27,14,6,
2019,11,2019-11-19 14:00,prior_ppg,TE,True,108,0,108,0,108,10,3,
2019,11,2019-11-19 14:00,prior_ppg,WR,False,52,0,52,0,52,27,14,37
2019,11,2019-11-19 14:00,prior_ppg,WR,True,189,0,189,0,189,20,9,30
2019,12,2019-11-26 14:00,prior_ppg,QB,False,25,0,25,0,25,19,11,
2019,12,2019-11-26 14:00,prior_ppg,QB,True,69,0,69,0,69,4,0,
2019,12,2019-11-26 14:00,prior_ppg,RB,False,42,0,42,0,42,28,17,36
2019,12,2019-11-26 14:00,prior_ppg,RB,True,117,0,117,0,117,15,3,26
2019,12,2019-11-26 14:00,prior_ppg,TE,False,27,0,27,0,27,11,7,
2019,12,2019-11-26 14:00,prior_ppg,TE,True,111,0,111,0,111,12,3,
2019,12,2019-11-26 14:00,prior_ppg,WR,False,52,0,52,0,52,28,13,37
2019,12,2019-11-26 14:00,prior_ppg,WR,True,188,0,188,0,188,23,7,33
2019,13,2019-12-03 14:00,prior_ppg,QB,False,25,0,25,0,25,19,8,
2019,13,2019-12-03 14:00,prior_ppg,QB,True,69,0,69,0,69,5,1,
2019,13,2019-12-03 14:00,prior_ppg,RB,False,42,0,42,0,42,30,19,32
2019,13,2019-12-03 14:00,prior_ppg,RB,True,117,0,117,0,117,15,3,25
2019,13,2019-12-03 14:00,prior_ppg,TE,False,25,0,25,0,25,13,6,
2019,13,2019-12-03 14:00,prior_ppg,TE,True,113,0,113,0,113,10,2,
2019,13,2019-12-03 14:00,prior_ppg,WR,False,51,0,51,0,51,28,13,36
2019,13,2019-12-03 14:00,prior_ppg,WR,True,187,0,187,0,187,24,4,32
2019,14,2019-12-10 14:00,prior_ppg,QB,False,23,0,23,0,23,16,9,
2019,14,2019-12-10 14:00,prior_ppg,QB,True,73,0,73,0,73,5,2,
2019,14,2019-12-10 14:00,prior_ppg,RB,False,43,0,43,0,43,30,17,32
2019,14,2019-12-10 14:00,prior_ppg,RB,True,116,0,116,0,116,15,4,24
2019,14,2019-12-10 14:00,prior_ppg,TE,False,24,0,24,0,24,13,8,
2019,14,2019-12-10 14:00,prior_ppg,TE,True,112,0,112,0,112,8,4,
2019,14,2019-12-10 14:00,prior_ppg,WR,False,53,0,53,0,53,27,13,33
2019,14,2019-12-10 14:00,prior_ppg,WR,True,191,0,191,0,191,24,5,36
2019,15,2019-12-17 14:00,prior_ppg,QB,False,24,24,24,0,24,13,5,
2019,15,2019-12-17 14:00,prior_ppg,QB,True,72,72,72,0,72,5,1,
2019,15,2019-12-17 14:00,prior_ppg,RB,False,42,42,42,0,42,24,10,26
2019,15,2019-12-17 14:00,prior_ppg,RB,True,115,115,115,0,115,13,1,21
2019,15,2019-12-17 14:00,prior_ppg,TE,False,24,24,24,0,24,11,4,
2019,15,2019-12-17 14:00,prior_ppg,TE,True,110,110,110,0,110,6,3,
2019,15,2019-12-17 14:00,prior_ppg,WR,False,49,49,49,0,49,22,7,29
2019,15,2019-12-17 14:00,prior_ppg,WR,True,195,195,195,0,195,17,3,25
2019,16,2019-12-24 14:00,prior_ppg,QB,False,22,22,0,0,0,0,0,
2019,16,2019-12-24 14:00,prior_ppg,QB,True,72,72,0,0,0,0,0,
2019,16,2019-12-24 14:00,prior_ppg,RB,False,43,43,0,0,0,0,0,0
2019,16,2019-12-24 14:00,prior_ppg,RB,True,118,118,0,0,0,0,0,0
2019,16,2019-12-24 14:00,prior_ppg,TE,False,24,24,0,0,0,0,0,
2019,16,2019-12-24 14:00,prior_ppg,TE,True,108,108,0,0,0,0,0,
2019,16,2019-12-24 14:00,prior_ppg,WR,False,47,47,0,0,0,0,0,0
2019,16,2019-12-24 14:00,prior_ppg,WR,True,198,198,0,0,0,0,0,0
2020,1,2020-09-15 14:00,ecr,QB,False,24,0,24,0,24,18,10,
2020,1,2020-09-15 14:00,ecr,QB,True,101,0,101,0,101,4,2,
2020,1,2020-09-15 14:00,ecr,RB,False,50,0,50,0,50,32,19,38
2020,1,2020-09-15 14:00,ecr,RB,True,177,0,177,0,177,11,3,21
2020,1,2020-09-15 14:00,ecr,TE,False,25,0,25,0,25,19,4,
2020,1,2020-09-15 14:00,ecr,TE,True,177,0,177,0,177,9,3,
2020,1,2020-09-15 14:00,ecr,WR,False,53,0,53,0,53,33,16,39
2020,1,2020-09-15 14:00,ecr,WR,True,331,0,331,0,331,20,2,34
2020,2,2020-09-22 14:00,ecr,QB,False,25,0,25,0,25,19,12,
2020,2,2020-09-22 14:00,ecr,QB,True,85,0,85,0,85,3,2,
2020,2,2020-09-22 14:00,ecr,RB,False,43,0,43,0,43,31,22,35
2020,2,2020-09-22 14:00,ecr,RB,True,134,0,134,0,134,13,2,24
2020,2,2020-09-22 14:00,ecr,TE,False,22,0,22,0,22,16,6,
2020,2,2020-09-22 14:00,ecr,TE,True,121,0,121,0,121,13,1,
2020,2,2020-09-22 14:00,ecr,WR,False,50,0,50,0,50,34,18,38
2020,2,2020-09-22 14:00,ecr,WR,True,213,0,213,0,213,21,2,34
2020,3,2020-09-29 14:00,ecr,QB,False,23,0,23,0,23,20,11,
2020,3,2020-09-29 14:00,ecr,QB,True,88,0,88,0,88,6,2,
2020,3,2020-09-29 14:00,ecr,RB,False,44,0,44,0,44,30,23,36
2020,3,2020-09-29 14:00,ecr,RB,True,128,0,128,0,128,14,3,25
2020,3,2020-09-29 14:00,ecr,TE,False,23,0,23,0,23,16,8,
2020,3,2020-09-29 14:00,ecr,TE,True,120,0,120,0,120,11,2,
2020,3,2020-09-29 14:00,ecr,WR,False,48,0,48,0,48,37,16,40
2020,3,2020-09-29 14:00,ecr,WR,True,219,0,219,0,219,18,4,31
2020,4,2020-10-06 14:00,ecr,QB,False,22,0,22,0,22,20,9,
2020,4,2020-10-06 14:00,ecr,QB,True,86,0,86,0,86,6,2,
2020,4,2020-10-06 14:00,ecr,RB,False,42,0,42,0,42,32,22,34
2020,4,2020-10-06 14:00,ecr,RB,True,126,0,126,0,126,22,4,34
2020,4,2020-10-06 14:00,ecr,TE,False,20,0,20,0,20,16,7,
2020,4,2020-10-06 14:00,ecr,TE,True,125,0,125,0,125,13,5,
2020,4,2020-10-06 14:00,ecr,WR,False,46,0,46,0,46,35,18,42
2020,4,2020-10-06 14:00,ecr,WR,True,227,0,227,0,227,21,3,35
2020,5,2020-10-13 14:00,ecr,QB,False,22,0,22,0,22,17,10,
2020,5,2020-10-13 14:00,ecr,QB,True,86,0,86,0,86,5,2,
2020,5,2020-10-13 14:00,ecr,RB,False,41,0,41,0,41,31,17,36
2020,5,2020-10-13 14:00,ecr,RB,True,124,0,124,0,124,25,5,36
2020,5,2020-10-13 14:00,ecr,TE,False,20,0,20,0,20,12,7,
2020,5,2020-10-13 14:00,ecr,TE,True,123,0,123,0,123,16,4,
2020,5,2020-10-13 14:00,ecr,WR,False,45,0,45,0,45,32,16,38
2020,5,2020-10-13 14:00,ecr,WR,True,222,0,222,0,222,24,3,36
2020,6,2020-10-20 14:00,ecr,QB,False,23,0,23,0,23,18,10,
2020,6,2020-10-20 14:00,ecr,QB,True,84,0,84,0,84,5,2,
2020,6,2020-10-20 14:00,ecr,RB,False,40,0,40,0,40,24,15,31
2020,6,2020-10-20 14:00,ecr,RB,True,125,0,125,0,125,26,9,37
2020,6,2020-10-20 14:00,ecr,TE,False,20,0,20,0,20,14,7,
2020,6,2020-10-20 14:00,ecr,TE,True,123,0,123,0,123,15,3,
2020,6,2020-10-20 14:00,ecr,WR,False,45,0,45,0,45,29,11,36
2020,6,2020-10-20 14:00,ecr,WR,True,222,0,222,0,222,29,4,42
2020,7,2020-10-27 14:00,ecr,QB,False,23,0,23,0,23,17,12,
2020,7,2020-10-27 14:00,ecr,QB,True,85,0,85,0,85,4,2,
2020,7,2020-10-27 14:00,ecr,RB,False,40,0,40,0,40,26,13,33
2020,7,2020-10-27 14:00,ecr,RB,True,129,0,129,0,129,23,7,34
2020,7,2020-10-27 14:00,ecr,TE,False,19,0,19,0,19,15,6,
2020,7,2020-10-27 14:00,ecr,TE,True,122,0,122,0,122,15,3,
2020,7,2020-10-27 14:00,ecr,WR,False,45,0,45,0,45,30,13,36
2020,7,2020-10-27 14:00,ecr,WR,True,220,0,220,0,220,27,5,37
2020,8,2020-11-03 14:00,ecr,QB,False,23,0,23,0,23,20,8,
2020,8,2020-11-03 14:00,ecr,QB,True,85,0,85,0,85,6,2,
2020,8,2020-11-03 14:00,ecr,RB,False,39,0,39,0,39,28,10,33
2020,8,2020-11-03 14:00,ecr,RB,True,131,0,131,0,131,20,8,32
2020,8,2020-11-03 14:00,ecr,TE,False,20,0,20,0,20,14,7,
2020,8,2020-11-03 14:00,ecr,TE,True,128,0,128,0,128,13,2,
2020,8,2020-11-03 14:00,ecr,WR,False,43,0,43,0,43,35,13,37
2020,8,2020-11-03 14:00,ecr,WR,True,232,0,232,0,232,24,5,34
2020,9,2020-11-10 14:00,ecr,QB,False,22,0,22,0,22,18,8,
2020,9,2020-11-10 14:00,ecr,QB,True,83,0,83,0,83,8,2,
2020,9,2020-11-10 14:00,ecr,RB,False,39,0,39,0,39,28,15,31
2020,9,2020-11-10 14:00,ecr,RB,True,128,0,128,0,128,20,5,32
2020,9,2020-11-10 14:00,ecr,TE,False,20,0,20,0,20,14,8,
2020,9,2020-11-10 14:00,ecr,TE,True,128,0,128,0,128,11,3,
2020,9,2020-11-10 14:00,ecr,WR,False,45,0,45,0,45,37,16,40
2020,9,2020-11-10 14:00,ecr,WR,True,227,0,227,0,227,17,3,30
2020,10,2020-11-17 14:00,ecr,QB,False,22,0,22,0,22,16,6,
2020,10,2020-11-17 14:00,ecr,QB,True,83,0,83,0,83,8,5,
2020,10,2020-11-17 14:00,ecr,RB,False,40,0,40,0,40,27,19,31
2020,10,2020-11-17 14:00,ecr,RB,True,131,0,131,0,131,17,3,31
2020,10,2020-11-17 14:00,ecr,TE,False,19,0,19,0,19,15,7,
2020,10,2020-11-17 14:00,ecr,TE,True,129,0,129,0,129,10,2,
2020,10,2020-11-17 14:00,ecr,WR,False,45,0,45,0,45,36,20,40
2020,10,2020-11-17 14:00,ecr,WR,True,228,0,228,0,228,17,4,31
2020,11,2020-11-24 14:00,ecr,QB,False,21,0,21,0,21,15,6,
2020,11,2020-11-24 14:00,ecr,QB,True,83,0,83,0,83,10,4,
2020,11,2020-11-24 14:00,ecr,RB,False,38,0,38,0,38,26,16,29
2020,11,2020-11-24 14:00,ecr,RB,True,134,0,134,0,134,16,3,30
2020,11,2020-11-24 14:00,ecr,TE,False,21,0,21,0,21,15,6,
2020,11,2020-11-24 14:00,ecr,TE,True,125,0,125,0,125,11,1,
2020,11,2020-11-24 14:00,ecr,WR,False,46,0,46,0,46,34,18,41
2020,11,2020-11-24 14:00,ecr,WR,True,227,0,227,0,227,19,2,33
2020,12,2020-12-01 14:00,ecr,QB,False,20,0,20,0,20,14,6,
2020,12,2020-12-01 14:00,ecr,QB,True,86,0,86,0,86,10,3,
2020,12,2020-12-01 14:00,ecr,RB,False,38,0,38,0,38,27,16,29
2020,12,2020-12-01 14:00,ecr,RB,True,132,0,132,0,132,12,3,25
2020,12,2020-12-01 14:00,ecr,TE,False,18,0,18,0,18,13,6,
2020,12,2020-12-01 14:00,ecr,TE,True,128,0,128,0,128,11,2,
2020,12,2020-12-01 14:00,ecr,WR,False,44,0,44,0,44,30,19,35
2020,12,2020-12-01 14:00,ecr,WR,True,221,0,221,0,221,20,2,31
2020,13,2020-12-08 14:00,ecr,QB,False,22,0,22,0,22,15,9,
2020,13,2020-12-08 14:00,ecr,QB,True,84,0,84,0,84,9,3,
2020,13,2020-12-08 14:00,ecr,RB,False,42,0,42,0,42,31,18,36
2020,13,2020-12-08 14:00,ecr,RB,True,133,0,133,0,133,11,3,22
2020,13,2020-12-08 14:00,ecr,TE,False,19,0,19,0,19,15,6,
2020,13,2020-12-08 14:00,ecr,TE,True,129,0,129,0,129,8,2,
2020,13,2020-12-08 14:00,ecr,WR,False,45,0,45,0,45,35,15,38
2020,13,2020-12-08 14:00,ecr,WR,True,221,0,221,0,221,16,3,32
2020,14,2020-12-15 14:00,ecr,QB,False,22,0,22,0,22,16,9,
2020,14,2020-12-15 14:00,ecr,QB,True,87,0,87,0,87,7,1,
2020,14,2020-12-15 14:00,ecr,RB,False,41,0,41,0,41,26,16,33
2020,14,2020-12-15 14:00,ecr,RB,True,138,0,138,0,138,18,2,32
2020,14,2020-12-15 14:00,ecr,TE,False,20,0,20,0,20,15,7,
2020,14,2020-12-15 14:00,ecr,TE,True,128,0,128,0,128,8,1,
2020,14,2020-12-15 14:00,ecr,WR,False,43,0,43,0,43,32,13,37
2020,14,2020-12-15 14:00,ecr,WR,True,221,0,221,0,221,17,7,30
2020,15,2020-12-22 14:00,ecr,QB,False,24,24,24,0,24,13,6,
2020,15,2020-12-22 14:00,ecr,QB,True,88,88,88,0,88,5,1,
2020,15,2020-12-22 14:00,ecr,RB,False,41,41,41,0,41,23,9,29
2020,15,2020-12-22 14:00,ecr,RB,True,137,137,137,0,137,13,0,25
2020,15,2020-12-22 14:00,ecr,TE,False,20,20,20,0,20,12,4,
2020,15,2020-12-22 14:00,ecr,TE,True,129,129,129,0,129,6,1,
2020,15,2020-12-22 14:00,ecr,WR,False,43,43,43,0,43,25,4,32
2020,15,2020-12-22 14:00,ecr,WR,True,223,223,223,0,223,15,2,24
2020,16,2020-12-29 14:00,ecr,QB,False,22,22,0,0,0,0,0,
2020,16,2020-12-29 14:00,ecr,QB,True,90,90,0,0,0,0,0,
2020,16,2020-12-29 14:00,ecr,RB,False,40,40,0,0,0,0,0,0
2020,16,2020-12-29 14:00,ecr,RB,True,141,141,0,0,0,0,0,0
2020,16,2020-12-29 14:00,ecr,TE,False,20,20,0,0,0,0,0,
2020,16,2020-12-29 14:00,ecr,TE,True,129,129,0,0,0,0,0,
2020,16,2020-12-29 14:00,ecr,WR,False,42,42,0,0,0,0,0,0
2020,16,2020-12-29 14:00,ecr,WR,True,232,232,0,0,0,0,0,0
2021,1,2021-09-14 14:00,ecr,QB,False,26,0,26,0,26,19,11,
2021,1,2021-09-14 14:00,ecr,QB,True,85,0,85,0,85,2,1,
2021,1,2021-09-14 14:00,ecr,RB,False,48,0,48,0,48,33,18,42
2021,1,2021-09-14 14:00,ecr,RB,True,168,0,168,0,168,12,2,19
2021,1,2021-09-14 14:00,ecr,TE,False,25,0,25,0,25,16,6,
2021,1,2021-09-14 14:00,ecr,TE,True,172,0,172,0,172,10,3,
2021,1,2021-09-14 14:00,ecr,WR,False,53,0,53,0,53,35,11,44
2021,1,2021-09-14 14:00,ecr,WR,True,294,0,294,0,294,21,3,31
2021,2,2021-09-21 14:00,ecr,QB,False,27,0,27,0,27,22,8,
2021,2,2021-09-21 14:00,ecr,QB,True,73,0,73,0,73,3,1,
2021,2,2021-09-21 14:00,ecr,RB,False,46,0,46,0,46,31,19,39
2021,2,2021-09-21 14:00,ecr,RB,True,124,0,124,0,124,12,2,19
2021,2,2021-09-21 14:00,ecr,TE,False,25,0,25,0,25,15,6,
2021,2,2021-09-21 14:00,ecr,TE,True,127,0,127,0,127,11,2,
2021,2,2021-09-21 14:00,ecr,WR,False,47,0,47,0,47,28,13,36
2021,2,2021-09-21 14:00,ecr,WR,True,228,0,228,0,228,24,4,33
2021,3,2021-09-28 14:00,ecr,QB,False,23,0,23,0,23,21,9,
2021,3,2021-09-28 14:00,ecr,QB,True,76,0,76,0,76,3,0,
2021,3,2021-09-28 14:00,ecr,RB,False,43,0,43,0,43,28,16,34
2021,3,2021-09-28 14:00,ecr,RB,True,126,0,126,0,126,18,7,26
2021,3,2021-09-28 14:00,ecr,TE,False,24,0,24,0,24,15,10,
2021,3,2021-09-28 14:00,ecr,TE,True,126,0,126,0,126,11,1,
2021,3,2021-09-28 14:00,ecr,WR,False,47,0,47,0,47,34,13,39
2021,3,2021-09-28 14:00,ecr,WR,True,228,0,228,0,228,20,2,32
2021,4,2021-10-05 14:00,ecr,QB,False,22,0,22,0,22,18,9,
2021,4,2021-10-05 14:00,ecr,QB,True,77,0,77,0,77,8,1,
2021,4,2021-10-05 14:00,ecr,RB,False,44,0,44,0,44,27,19,34
2021,4,2021-10-05 14:00,ecr,RB,True,124,0,124,0,124,18,6,28
2021,4,2021-10-05 14:00,ecr,TE,False,24,0,24,0,24,17,6,
2021,4,2021-10-05 14:00,ecr,TE,True,126,0,126,0,126,13,4,
2021,4,2021-10-05 14:00,ecr,WR,False,46,0,46,0,46,32,19,37
2021,4,2021-10-05 14:00,ecr,WR,True,232,0,232,0,232,23,4,39
2021,5,2021-10-12 14:00,ecr,QB,False,21,0,21,0,21,15,11,
2021,5,2021-10-12 14:00,ecr,QB,True,78,0,78,0,78,11,2,
2021,5,2021-10-12 14:00,ecr,RB,False,41,0,41,0,41,25,18,31
2021,5,2021-10-12 14:00,ecr,RB,True,128,0,128,0,128,22,7,34
2021,5,2021-10-12 14:00,ecr,TE,False,20,0,20,0,20,13,6,
2021,5,2021-10-12 14:00,ecr,TE,True,123,0,123,0,123,18,3,
2021,5,2021-10-12 14:00,ecr,WR,False,44,0,44,0,44,33,17,37
2021,5,2021-10-12 14:00,ecr,WR,True,236,0,236,0,236,25,5,42
2021,6,2021-10-19 14:00,ecr,QB,False,20,0,20,0,20,16,9,
2021,6,2021-10-19 14:00,ecr,QB,True,80,0,80,0,80,11,4,
2021,6,2021-10-19 14:00,ecr,RB,False,37,0,37,0,37,29,18,31
2021,6,2021-10-19 14:00,ecr,RB,True,128,0,128,0,128,21,6,32
2021,6,2021-10-19 14:00,ecr,TE,False,20,0,20,0,20,13,4,
2021,6,2021-10-19 14:00,ecr,TE,True,124,0,124,0,124,16,4,
2021,6,2021-10-19 14:00,ecr,WR,False,44,0,44,0,44,31,17,35
2021,6,2021-10-19 14:00,ecr,WR,True,237,0,237,0,237,25,5,40
2021,7,2021-10-26 14:00,ecr,QB,False,20,0,20,0,20,15,8,
2021,7,2021-10-26 14:00,ecr,QB,True,80,0,80,0,80,11,3,
2021,7,2021-10-26 14:00,ecr,RB,False,35,0,35,0,35,29,16,32
2021,7,2021-10-26 14:00,ecr,RB,True,135,0,135,0,135,19,10,30
2021,7,2021-10-26 14:00,ecr,TE,False,22,0,22,0,22,15,5,
2021,7,2021-10-26 14:00,ecr,TE,True,121,0,121,0,121,12,4,
2021,7,2021-10-26 14:00,ecr,WR,False,44,0,44,0,44,28,15,32
2021,7,2021-10-26 14:00,ecr,WR,True,234,0,234,0,234,27,4,42
2021,8,2021-11-02 14:00,ecr,QB,False,21,0,21,0,21,16,5,
2021,8,2021-11-02 14:00,ecr,QB,True,80,0,80,0,80,10,4,
2021,8,2021-11-02 14:00,ecr,RB,False,36,0,36,0,36,30,15,33
2021,8,2021-11-02 14:00,ecr,RB,True,132,0,132,0,132,16,5,25
2021,8,2021-11-02 14:00,ecr,TE,False,22,0,22,0,22,17,7,
2021,8,2021-11-02 14:00,ecr,TE,True,124,0,124,0,124,13,0,
2021,8,2021-11-02 14:00,ecr,WR,False,45,0,45,0,45,27,13,35
2021,8,2021-11-02 14:00,ecr,WR,True,231,0,231,0,231,27,3,41
2021,9,2021-11-09 14:00,ecr,QB,False,19,0,19,0,19,15,7,
2021,9,2021-11-09 14:00,ecr,QB,True,82,0,82,0,82,9,3,
2021,9,2021-11-09 14:00,ecr,RB,False,37,0,37,0,37,27,17,33
2021,9,2021-11-09 14:00,ecr,RB,True,135,0,135,0,135,16,8,28
2021,9,2021-11-09 14:00,ecr,TE,False,21,0,21,0,21,16,8,
2021,9,2021-11-09 14:00,ecr,TE,True,126,0,126,0,126,12,0,
2021,9,2021-11-09 14:00,ecr,WR,False,43,0,43,0,43,24,14,32
2021,9,2021-11-09 14:00,ecr,WR,True,232,0,232,0,232,28,4,41
2021,10,2021-11-16 14:00,ecr,QB,False,21,0,21,0,21,18,5,
2021,10,2021-11-16 14:00,ecr,QB,True,82,0,82,0,82,11,0,
2021,10,2021-11-16 14:00,ecr,RB,False,36,0,36,0,36,27,19,32
2021,10,2021-11-16 14:00,ecr,RB,True,133,0,133,0,133,17,5,28
2021,10,2021-11-16 14:00,ecr,TE,False,21,0,21,0,21,16,6,
2021,10,2021-11-16 14:00,ecr,TE,True,123,0,123,0,123,13,1,
2021,10,2021-11-16 14:00,ecr,WR,False,43,0,43,0,43,25,17,32
2021,10,2021-11-16 14:00,ecr,WR,True,240,0,240,0,240,26,5,43
2021,11,2021-11-23 14:00,ecr,QB,False,23,0,23,0,23,18,8,
2021,11,2021-11-23 14:00,ecr,QB,True,81,0,81,0,81,9,3,
2021,11,2021-11-23 14:00,ecr,RB,False,38,0,38,0,38,29,20,31
2021,11,2021-11-23 14:00,ecr,RB,True,138,0,138,0,138,22,3,36
2021,11,2021-11-23 14:00,ecr,TE,False,21,0,21,0,21,18,10,
2021,11,2021-11-23 14:00,ecr,TE,True,123,0,123,0,123,9,1,
2021,11,2021-11-23 14:00,ecr,WR,False,42,0,42,0,42,28,14,32
2021,11,2021-11-23 14:00,ecr,WR,True,234,0,234,0,234,24,6,41
2021,12,2021-11-30 14:00,ecr,QB,False,22,0,22,0,22,14,6,
2021,12,2021-11-30 14:00,ecr,QB,True,81,0,81,0,81,11,4,
2021,12,2021-11-30 14:00,ecr,RB,False,39,0,39,0,39,25,20,30
2021,12,2021-11-30 14:00,ecr,RB,True,137,0,137,0,137,20,5,37
2021,12,2021-11-30 14:00,ecr,TE,False,23,0,23,0,23,21,8,
2021,12,2021-11-30 14:00,ecr,TE,True,125,0,125,0,125,7,0,
2021,12,2021-11-30 14:00,ecr,WR,False,39,0,39,0,39,28,13,31
2021,12,2021-11-30 14:00,ecr,WR,True,235,0,235,0,235,26,5,39
2021,13,2021-12-07 14:00,ecr,QB,False,22,0,22,0,22,12,6,
2021,13,2021-12-07 14:00,ecr,QB,True,80,0,80,0,80,12,3,
2021,13,2021-12-07 14:00,ecr,RB,False,37,0,37,0,37,26,14,28
2021,13,2021-12-07 14:00,ecr,RB,True,136,0,136,0,136,21,9,34
2021,13,2021-12-07 14:00,ecr,TE,False,22,0,22,0,22,15,7,
2021,13,2021-12-07 14:00,ecr,TE,True,126,0,126,0,126,9,2,
2021,13,2021-12-07 14:00,ecr,WR,False,41,0,41,0,41,27,10,30
2021,13,2021-12-07 14:00,ecr,WR,True,232,0,232,0,232,30,3,43
2021,14,2021-12-14 14:00,ecr,QB,False,22,0,22,0,22,12,7,
2021,14,2021-12-14 14:00,ecr,QB,True,81,0,81,0,81,11,2,
2021,14,2021-12-14 14:00,ecr,RB,False,34,0,34,0,34,22,12,29
2021,14,2021-12-14 14:00,ecr,RB,True,134,0,134,0,134,22,8,29
2021,14,2021-12-14 14:00,ecr,TE,False,20,0,20,0,20,14,8,
2021,14,2021-12-14 14:00,ecr,TE,True,127,0,127,0,127,9,1,
2021,14,2021-12-14 14:00,ecr,WR,False,39,0,39,0,39,24,10,30
2021,14,2021-12-14 14:00,ecr,WR,True,228,0,228,0,228,26,5,38
2021,15,2021-12-21 14:00,ecr,QB,False,20,0,20,0,20,13,9,
2021,15,2021-12-21 14:00,ecr,QB,True,79,0,79,0,79,10,1,
2021,15,2021-12-21 14:00,ecr,RB,False,36,0,36,0,36,21,11,29
2021,15,2021-12-21 14:00,ecr,RB,True,135,0,135,0,135,26,7,34
2021,15,2021-12-21 14:00,ecr,TE,False,19,0,19,0,19,13,5,
2021,15,2021-12-21 14:00,ecr,TE,True,129,0,129,0,129,11,2,
2021,15,2021-12-21 14:00,ecr,WR,False,37,0,37,0,37,23,11,28
2021,15,2021-12-21 14:00,ecr,WR,True,225,0,225,0,225,25,5,35
2021,16,2021-12-28 14:00,ecr,QB,False,21,21,21,0,21,13,6,
2021,16,2021-12-28 14:00,ecr,QB,True,78,78,78,0,78,4,0,
2021,16,2021-12-28 14:00,ecr,RB,False,32,32,32,0,32,15,4,21
2021,16,2021-12-28 14:00,ecr,RB,True,138,138,138,0,138,22,3,29
2021,16,2021-12-28 14:00,ecr,TE,False,20,20,20,0,20,11,6,
2021,16,2021-12-28 14:00,ecr,TE,True,117,117,117,0,117,6,1,
2021,16,2021-12-28 14:00,ecr,WR,False,37,37,37,0,37,18,4,27
2021,16,2021-12-28 14:00,ecr,WR,True,218,218,218,0,218,20,3,30
2021,17,2022-01-04 14:00,ecr,QB,False,21,21,0,0,0,0,0,
2021,17,2022-01-04 14:00,ecr,QB,True,87,87,0,0,0,0,0,
2021,17,2022-01-04 14:00,ecr,RB,False,33,33,0,0,0,0,0,0
2021,17,2022-01-04 14:00,ecr,RB,True,138,138,0,0,0,0,0,0
2021,17,2022-01-04 14:00,ecr,TE,False,19,19,0,0,0,0,0,
2021,17,2022-01-04 14:00,ecr,TE,True,119,119,0,0,0,0,0,
2021,17,2022-01-04 14:00,ecr,WR,False,38,38,0,0,0,0,0,0
2021,17,2022-01-04 14:00,ecr,WR,True,222,222,0,0,0,0,0,0
2022,1,2022-09-13 14:00,ecr,QB,False,27,0,27,0,27,20,11,
2022,1,2022-09-13 14:00,ecr,QB,True,91,0,91,0,91,4,0,
2022,1,2022-09-13 14:00,ecr,RB,False,49,0,49,0,49,34,19,42
2022,1,2022-09-13 14:00,ecr,RB,True,184,0,184,0,184,10,1,14
2022,1,2022-09-13 14:00,ecr,TE,False,27,0,27,0,27,17,9,
2022,1,2022-09-13 14:00,ecr,TE,True,183,0,183,0,183,9,0,
2022,1,2022-09-13 14:00,ecr,WR,False,52,0,52,0,52,34,14,40
2022,1,2022-09-13 14:00,ecr,WR,True,349,0,349,0,349,18,3,30
2022,2,2022-09-20 14:00,ecr,QB,False,26,0,26,0,26,18,7,
2022,2,2022-09-20 14:00,ecr,QB,True,75,0,75,0,75,6,1,
2022,2,2022-09-20 14:00,ecr,RB,False,47,0,47,0,47,33,16,42
2022,2,2022-09-20 14:00,ecr,RB,True,124,0,124,0,124,11,1,19
2022,2,2022-09-20 14:00,ecr,TE,False,28,0,28,0,28,16,9,
2022,2,2022-09-20 14:00,ecr,TE,True,122,0,122,0,122,9,0,
2022,2,2022-09-20 14:00,ecr,WR,False,50,0,50,0,50,27,12,38
2022,2,2022-09-20 14:00,ecr,WR,True,218,0,218,0,218,23,6,31
2022,3,2022-09-27 14:00,ecr,QB,False,24,0,24,0,24,16,7,
2022,3,2022-09-27 14:00,ecr,QB,True,77,0,77,0,77,8,3,
2022,3,2022-09-27 14:00,ecr,RB,False,43,0,43,0,43,32,18,39
2022,3,2022-09-27 14:00,ecr,RB,True,127,0,127,0,127,13,2,27
2022,3,2022-09-27 14:00,ecr,TE,False,28,0,28,0,28,16,7,
2022,3,2022-09-27 14:00,ecr,TE,True,120,0,120,0,120,9,2,
2022,3,2022-09-27 14:00,ecr,WR,False,51,0,51,0,51,30,15,39
2022,3,2022-09-27 14:00,ecr,WR,True,217,0,217,0,217,20,3,31
2022,4,2022-10-04 14:00,ecr,QB,False,23,0,23,0,23,17,7,
2022,4,2022-10-04 14:00,ecr,QB,True,78,0,78,0,78,8,3,
2022,4,2022-10-04 14:00,ecr,RB,False,42,0,42,0,42,29,19,34
2022,4,2022-10-04 14:00,ecr,RB,True,127,0,127,0,127,13,3,30
2022,4,2022-10-04 14:00,ecr,TE,False,28,0,28,0,28,15,7,
2022,4,2022-10-04 14:00,ecr,TE,True,119,0,119,0,119,9,4,
2022,4,2022-10-04 14:00,ecr,WR,False,52,0,52,0,52,33,15,40
2022,4,2022-10-04 14:00,ecr,WR,True,217,0,217,0,217,20,4,27
2022,5,2022-10-11 14:00,ecr,QB,False,23,0,23,0,23,17,9,
2022,5,2022-10-11 14:00,ecr,QB,True,78,0,78,0,78,10,2,
2022,5,2022-10-11 14:00,ecr,RB,False,41,0,41,0,41,28,23,33
2022,5,2022-10-11 14:00,ecr,RB,True,126,0,126,0,126,15,4,26
2022,5,2022-10-11 14:00,ecr,TE,False,28,0,28,0,28,18,10,
2022,5,2022-10-11 14:00,ecr,TE,True,116,0,116,0,116,7,0,
2022,5,2022-10-11 14:00,ecr,WR,False,50,0,50,0,50,34,16,37
2022,5,2022-10-11 14:00,ecr,WR,True,217,0,217,0,217,18,4,30
2022,6,2022-10-18 14:00,ecr,QB,False,23,0,23,0,23,18,12,
2022,6,2022-10-18 14:00,ecr,QB,True,74,0,74,0,74,6,0,
2022,6,2022-10-18 14:00,ecr,RB,False,41,0,41,0,41,30,19,36
2022,6,2022-10-18 14:00,ecr,RB,True,126,0,126,0,126,13,6,23
2022,6,2022-10-18 14:00,ecr,TE,False,26,0,26,0,26,20,8,
2022,6,2022-10-18 14:00,ecr,TE,True,124,0,124,0,124,9,4,
2022,6,2022-10-18 14:00,ecr,WR,False,47,0,47,0,47,28,19,33
2022,6,2022-10-18 14:00,ecr,WR,True,220,0,220,0,220,21,6,34
2022,7,2022-10-25 14:00,ecr,QB,False,23,0,23,0,23,19,12,
2022,7,2022-10-25 14:00,ecr,QB,True,76,0,76,0,76,5,1,
2022,7,2022-10-25 14:00,ecr,RB,False,39,0,39,0,39,29,22,33
2022,7,2022-10-25 14:00,ecr,RB,True,129,0,129,0,129,17,5,27
2022,7,2022-10-25 14:00,ecr,TE,False,27,0,27,0,27,17,8,
2022,7,2022-10-25 14:00,ecr,TE,True,122,0,122,0,122,12,3,
2022,7,2022-10-25 14:00,ecr,WR,False,46,0,46,0,46,29,17,35
2022,7,2022-10-25 14:00,ecr,WR,True,224,0,224,0,224,28,5,40
2022,8,2022-11-01 14:00,ecr,QB,False,24,0,24,0,24,18,12,
2022,8,2022-11-01 14:00,ecr,QB,True,75,0,75,0,75,6,0,
2022,8,2022-11-01 14:00,ecr,RB,False,37,0,37,0,37,28,20,32
2022,8,2022-11-01 14:00,ecr,RB,True,130,0,130,0,130,23,3,30
2022,8,2022-11-01 14:00,ecr,TE,False,26,0,26,0,26,15,8,
2022,8,2022-11-01 14:00,ecr,TE,True,123,0,123,0,123,14,2,
2022,8,2022-11-01 14:00,ecr,WR,False,45,0,45,0,45,28,14,34
2022,8,2022-11-01 14:00,ecr,WR,True,227,0,227,0,227,28,8,45
2022,9,2022-11-08 14:00,ecr,QB,False,22,0,22,0,22,18,11,
2022,9,2022-11-08 14:00,ecr,QB,True,76,0,76,0,76,7,1,
2022,9,2022-11-08 14:00,ecr,RB,False,38,0,38,0,38,28,18,33
2022,9,2022-11-08 14:00,ecr,RB,True,131,0,131,0,131,18,6,27
2022,9,2022-11-08 14:00,ecr,TE,False,26,0,26,0,26,14,6,
2022,9,2022-11-08 14:00,ecr,TE,True,122,0,122,0,122,13,4,
2022,9,2022-11-08 14:00,ecr,WR,False,45,0,45,0,45,26,15,32
2022,9,2022-11-08 14:00,ecr,WR,True,228,0,228,0,228,26,6,40
2022,10,2022-11-15 14:00,ecr,QB,False,22,0,22,0,22,18,10,
2022,10,2022-11-15 14:00,ecr,QB,True,76,0,76,0,76,5,1,
2022,10,2022-11-15 14:00,ecr,RB,False,40,0,40,0,40,28,17,34
2022,10,2022-11-15 14:00,ecr,RB,True,132,0,132,0,132,17,5,30
2022,10,2022-11-15 14:00,ecr,TE,False,24,0,24,0,24,17,4,
2022,10,2022-11-15 14:00,ecr,TE,True,123,0,123,0,123,14,1,
2022,10,2022-11-15 14:00,ecr,WR,False,44,0,44,0,44,27,15,33
2022,10,2022-11-15 14:00,ecr,WR,True,235,0,235,0,235,24,5,40
2022,11,2022-11-22 14:00,ecr,QB,False,22,0,22,0,22,15,9,
2022,11,2022-11-22 14:00,ecr,QB,True,77,0,77,0,77,6,2,
2022,11,2022-11-22 14:00,ecr,RB,False,39,0,39,0,39,25,16,32
2022,11,2022-11-22 14:00,ecr,RB,True,130,0,130,0,130,19,6,31
2022,11,2022-11-22 14:00,ecr,TE,False,23,0,23,0,23,16,8,
2022,11,2022-11-22 14:00,ecr,TE,True,124,0,124,0,124,11,2,
2022,11,2022-11-22 14:00,ecr,WR,False,42,0,42,0,42,26,14,33
2022,11,2022-11-22 14:00,ecr,WR,True,234,0,234,0,234,25,7,40
2022,12,2022-11-29 14:00,ecr,QB,False,22,0,22,0,22,17,10,
2022,12,2022-11-29 14:00,ecr,QB,True,77,0,77,0,77,7,1,
2022,12,2022-11-29 14:00,ecr,RB,False,38,0,38,0,38,27,20,33
2022,12,2022-11-29 14:00,ecr,RB,True,130,0,130,0,130,14,7,29
2022,12,2022-11-29 14:00,ecr,TE,False,21,0,21,0,21,17,6,
2022,12,2022-11-29 14:00,ecr,TE,True,125,0,125,0,125,11,2,
2022,12,2022-11-29 14:00,ecr,WR,False,42,0,42,0,42,27,16,33
2022,12,2022-11-29 14:00,ecr,WR,True,232,0,232,0,232,22,6,34
2022,13,2022-12-06 14:00,ecr,QB,False,20,0,20,0,20,16,8,
2022,13,2022-12-06 14:00,ecr,QB,True,77,0,77,0,77,8,1,
2022,13,2022-12-06 14:00,ecr,RB,False,36,0,36,0,36,30,16,30
2022,13,2022-12-06 14:00,ecr,RB,True,133,0,133,0,133,13,5,28
2022,13,2022-12-06 14:00,ecr,TE,False,20,0,20,0,20,14,7,
2022,13,2022-12-06 14:00,ecr,TE,True,126,0,126,0,126,11,1,
2022,13,2022-12-06 14:00,ecr,WR,False,40,0,40,0,40,24,16,34
2022,13,2022-12-06 14:00,ecr,WR,True,231,0,231,0,231,22,7,32
2022,14,2022-12-13 14:00,ecr,QB,False,20,0,20,0,20,17,8,
2022,14,2022-12-13 14:00,ecr,QB,True,81,0,81,0,81,9,1,
2022,14,2022-12-13 14:00,ecr,RB,False,36,0,36,0,36,27,19,28
2022,14,2022-12-13 14:00,ecr,RB,True,130,0,130,0,130,14,4,28
2022,14,2022-12-13 14:00,ecr,TE,False,20,0,20,0,20,14,7,
2022,14,2022-12-13 14:00,ecr,TE,True,125,0,125,0,125,11,1,
2022,14,2022-12-13 14:00,ecr,WR,False,41,0,41,0,41,28,15,37
2022,14,2022-12-13 14:00,ecr,WR,True,230,0,230,0,230,21,5,32
2022,15,2022-12-20 14:00,ecr,QB,False,20,2,20,0,20,13,6,
2022,15,2022-12-20 14:00,ecr,QB,True,82,4,82,0,82,12,4,
2022,15,2022-12-20 14:00,ecr,RB,False,35,2,35,0,35,25,16,29
2022,15,2022-12-20 14:00,ecr,RB,True,129,8,129,0,129,20,3,34
2022,15,2022-12-20 14:00,ecr,TE,False,20,2,20,0,20,16,5,
2022,15,2022-12-20 14:00,ecr,TE,True,126,7,126,0,126,15,0,
2022,15,2022-12-20 14:00,ecr,WR,False,41,4,41,0,41,31,10,33
2022,15,2022-12-20 14:00,ecr,WR,True,228,12,228,0,228,24,5,36
2022,16,2022-12-27 14:00,ecr,QB,False,21,21,19,0,19,9,3,
2022,16,2022-12-27 14:00,ecr,QB,True,83,83,79,0,79,9,2,
2022,16,2022-12-27 14:00,ecr,RB,False,35,35,33,0,33,20,8,24
2022,16,2022-12-27 14:00,ecr,RB,True,130,130,122,0,122,15,2,26
2022,16,2022-12-27 14:00,ecr,TE,False,22,22,20,0,20,13,1,
2022,16,2022-12-27 14:00,ecr,TE,True,125,125,118,0,118,12,0,
2022,16,2022-12-27 14:00,ecr,WR,False,40,40,36,0,36,24,3,27
2022,16,2022-12-27 14:00,ecr,WR,True,232,232,220,0,220,18,1,26
2022,17,2023-01-03 14:00,ecr,QB,False,19,19,0,0,0,0,0,
2022,17,2023-01-03 14:00,ecr,QB,True,84,84,0,0,0,0,0,
2022,17,2023-01-03 14:00,ecr,RB,False,35,35,0,0,0,0,0,0
2022,17,2023-01-03 14:00,ecr,RB,True,128,128,0,0,0,0,0,0
2022,17,2023-01-03 14:00,ecr,TE,False,21,21,0,0,0,0,0,
2022,17,2023-01-03 14:00,ecr,TE,True,124,124,0,0,0,0,0,
2022,17,2023-01-03 14:00,ecr,WR,False,39,39,0,0,0,0,0,0
2022,17,2023-01-03 14:00,ecr,WR,True,235,235,0,0,0,0,0,0
2023,1,2023-09-12 14:00,ecr,QB,False,26,0,26,0,26,18,7,
2023,1,2023-09-12 14:00,ecr,QB,True,91,0,91,0,91,4,2,
2023,1,2023-09-12 14:00,ecr,RB,False,44,0,44,0,44,28,20,34
2023,1,2023-09-12 14:00,ecr,RB,True,176,0,176,0,176,13,6,21
2023,1,2023-09-12 14:00,ecr,TE,False,31,0,31,0,31,18,7,
2023,1,2023-09-12 14:00,ecr,TE,True,171,0,171,0,171,7,1,
2023,1,2023-09-12 14:00,ecr,WR,False,53,0,53,0,53,34,16,41
2023,1,2023-09-12 14:00,ecr,WR,True,347,0,347,0,347,15,4,25
2023,2,2023-09-19 14:00,ecr,QB,False,23,0,23,0,23,18,11,
2023,2,2023-09-19 14:00,ecr,QB,True,70,0,70,0,70,4,0,
2023,2,2023-09-19 14:00,ecr,RB,False,44,0,44,0,44,30,16,38
2023,2,2023-09-19 14:00,ecr,RB,True,115,0,115,0,115,14,3,22
2023,2,2023-09-19 14:00,ecr,TE,False,27,0,27,0,27,17,8,
2023,2,2023-09-19 14:00,ecr,TE,True,121,0,121,0,121,10,2,
2023,2,2023-09-19 14:00,ecr,WR,False,50,0,50,0,50,38,14,44
2023,2,2023-09-19 14:00,ecr,WR,True,217,0,217,0,217,15,4,26
2023,3,2023-09-26 14:00,ecr,QB,False,23,0,23,0,23,17,11,
2023,3,2023-09-26 14:00,ecr,QB,True,71,0,71,0,71,5,2,
2023,3,2023-09-26 14:00,ecr,RB,False,41,0,41,0,41,30,21,38
2023,3,2023-09-26 14:00,ecr,RB,True,120,0,120,0,120,13,2,20
2023,3,2023-09-26 14:00,ecr,TE,False,27,0,27,0,27,17,8,
2023,3,2023-09-26 14:00,ecr,TE,True,121,0,121,0,121,10,1,
2023,3,2023-09-26 14:00,ecr,WR,False,49,0,49,0,49,37,15,42
2023,3,2023-09-26 14:00,ecr,WR,True,216,0,216,0,216,18,2,28
2023,4,2023-10-03 14:00,ecr,QB,False,23,0,23,0,23,16,11,
2023,4,2023-10-03 14:00,ecr,QB,True,73,0,73,0,73,9,3,
2023,4,2023-10-03 14:00,ecr,RB,False,42,0,42,0,42,32,20,37
2023,4,2023-10-03 14:00,ecr,RB,True,120,0,120,0,120,15,2,24
2023,4,2023-10-03 14:00,ecr,TE,False,25,0,25,0,25,17,13,
2023,4,2023-10-03 14:00,ecr,TE,True,123,0,123,0,123,8,0,
2023,4,2023-10-03 14:00,ecr,WR,False,46,0,46,0,46,31,20,38
2023,4,2023-10-03 14:00,ecr,WR,True,222,0,222,0,222,16,5,26
2023,5,2023-10-10 14:00,ecr,QB,False,23,0,23,0,23,15,13,
2023,5,2023-10-10 14:00,ecr,QB,True,72,0,72,0,72,7,2,
2023,5,2023-10-10 14:00,ecr,RB,False,42,0,42,0,42,30,23,35
2023,5,2023-10-10 14:00,ecr,RB,True,115,0,115,0,115,10,3,20
2023,5,2023-10-10 14:00,ecr,TE,False,25,0,25,0,25,17,11,
2023,5,2023-10-10 14:00,ecr,TE,True,125,0,125,0,125,8,1,
2023,5,2023-10-10 14:00,ecr,WR,False,45,0,45,0,45,36,14,40
2023,5,2023-10-10 14:00,ecr,WR,True,226,0,226,0,226,18,3,26
2023,6,2023-10-17 14:00,ecr,QB,False,21,0,21,0,21,17,9,
2023,6,2023-10-17 14:00,ecr,QB,True,75,0,75,0,75,8,3,
2023,6,2023-10-17 14:00,ecr,RB,False,39,0,39,0,39,30,20,35
2023,6,2023-10-17 14:00,ecr,RB,True,117,0,117,0,117,13,3,22
2023,6,2023-10-17 14:00,ecr,TE,False,25,0,25,0,25,16,9,
2023,6,2023-10-17 14:00,ecr,TE,True,128,0,128,0,128,9,3,
2023,6,2023-10-17 14:00,ecr,WR,False,42,0,42,0,42,33,17,37
2023,6,2023-10-17 14:00,ecr,WR,True,226,0,226,0,226,22,4,34
2023,7,2023-10-24 14:00,ecr,QB,False,22,0,22,0,22,18,11,
2023,7,2023-10-24 14:00,ecr,QB,True,72,0,72,0,72,4,1,
2023,7,2023-10-24 14:00,ecr,RB,False,39,0,39,0,39,34,24,37
2023,7,2023-10-24 14:00,ecr,RB,True,117,0,117,0,117,11,2,25
2023,7,2023-10-24 14:00,ecr,TE,False,22,0,22,0,22,14,8,
2023,7,2023-10-24 14:00,ecr,TE,True,129,0,129,0,129,9,2,
2023,7,2023-10-24 14:00,ecr,WR,False,46,0,46,0,46,35,20,41
2023,7,2023-10-24 14:00,ecr,WR,True,223,0,223,0,223,18,1,31
2023,8,2023-10-31 14:00,ecr,QB,False,22,0,22,0,22,19,13,
2023,8,2023-10-31 14:00,ecr,QB,True,74,0,74,0,74,6,1,
2023,8,2023-10-31 14:00,ecr,RB,False,39,0,39,0,39,34,22,37
2023,8,2023-10-31 14:00,ecr,RB,True,121,0,121,0,121,13,3,21
2023,8,2023-10-31 14:00,ecr,TE,False,20,0,20,0,20,13,8,
2023,8,2023-10-31 14:00,ecr,TE,True,127,0,127,0,127,13,4,
2023,8,2023-10-31 14:00,ecr,WR,False,43,0,43,0,43,32,17,38
2023,8,2023-10-31 14:00,ecr,WR,True,225,0,225,0,225,19,4,37
2023,9,2023-11-07 14:00,ecr,QB,False,21,0,21,0,21,18,12,
2023,9,2023-11-07 14:00,ecr,QB,True,76,0,76,0,76,4,1,
2023,9,2023-11-07 14:00,ecr,RB,False,39,0,39,0,39,32,20,36
2023,9,2023-11-07 14:00,ecr,RB,True,123,0,123,0,123,13,1,19
2023,9,2023-11-07 14:00,ecr,TE,False,20,0,20,0,20,14,7,
2023,9,2023-11-07 14:00,ecr,TE,True,125,0,125,0,125,12,2,
2023,9,2023-11-07 14:00,ecr,WR,False,41,0,41,0,41,31,19,37
2023,9,2023-11-07 14:00,ecr,WR,True,226,0,226,0,226,20,3,33
2023,10,2023-11-14 14:00,ecr,QB,False,20,0,20,0,20,17,12,
2023,10,2023-11-14 14:00,ecr,QB,True,78,0,78,0,78,6,1,
2023,10,2023-11-14 14:00,ecr,RB,False,39,0,39,0,39,30,19,36
2023,10,2023-11-14 14:00,ecr,RB,True,126,0,126,0,126,12,4,18
2023,10,2023-11-14 14:00,ecr,TE,False,20,0,20,0,20,15,10,
2023,10,2023-11-14 14:00,ecr,TE,True,125,0,125,0,125,13,0,
2023,10,2023-11-14 14:00,ecr,WR,False,42,0,42,0,42,30,19,37
2023,10,2023-11-14 14:00,ecr,WR,True,228,0,228,0,228,17,4,34
2023,11,2023-11-21 14:00,ecr,QB,False,19,0,19,0,19,16,9,
2023,11,2023-11-21 14:00,ecr,QB,True,79,0,79,0,79,9,2,
2023,11,2023-11-21 14:00,ecr,RB,False,42,0,42,0,42,30,19,37
2023,11,2023-11-21 14:00,ecr,RB,True,120,0,120,0,120,13,5,21
2023,11,2023-11-21 14:00,ecr,TE,False,21,0,21,0,21,15,10,
2023,11,2023-11-21 14:00,ecr,TE,True,126,0,126,0,126,11,2,
2023,11,2023-11-21 14:00,ecr,WR,False,43,0,43,0,43,32,21,39
2023,11,2023-11-21 14:00,ecr,WR,True,231,0,231,0,231,16,5,31
2023,12,2023-11-28 14:00,ecr,QB,False,17,0,17,0,17,14,7,
2023,12,2023-11-28 14:00,ecr,QB,True,80,0,80,0,80,11,4,
2023,12,2023-11-28 14:00,ecr,RB,False,43,0,43,0,43,32,20,36
2023,12,2023-11-28 14:00,ecr,RB,True,124,0,124,0,124,15,7,25
2023,12,2023-11-28 14:00,ecr,TE,False,20,0,20,0,20,12,9,
2023,12,2023-11-28 14:00,ecr,TE,True,125,0,125,0,125,12,3,
2023,12,2023-11-28 14:00,ecr,WR,False,43,0,43,0,43,33,13,37
2023,12,2023-11-28 14:00,ecr,WR,True,231,0,231,0,231,19,4,32
2023,13,2023-12-05 14:00,ecr,QB,False,17,0,17,0,17,9,8,
2023,13,2023-12-05 14:00,ecr,QB,True,80,0,80,0,80,13,5,
2023,13,2023-12-05 14:00,ecr,RB,False,43,0,43,0,43,30,17,36
2023,13,2023-12-05 14:00,ecr,RB,True,121,0,121,0,121,15,7,25
2023,13,2023-12-05 14:00,ecr,TE,False,19,0,19,0,19,15,7,
2023,13,2023-12-05 14:00,ecr,TE,True,127,0,127,0,127,10,4,
2023,13,2023-12-05 14:00,ecr,WR,False,44,0,44,0,44,33,15,38
2023,13,2023-12-05 14:00,ecr,WR,True,234,0,234,0,234,19,3,31
2023,14,2023-12-12 14:00,ecr,QB,False,18,0,18,0,18,11,9,
2023,14,2023-12-12 14:00,ecr,QB,True,79,0,79,0,79,9,4,
2023,14,2023-12-12 14:00,ecr,RB,False,43,0,43,0,43,30,17,33
2023,14,2023-12-12 14:00,ecr,RB,True,122,0,122,0,122,15,5,26
2023,14,2023-12-12 14:00,ecr,TE,False,20,0,20,0,20,17,6,
2023,14,2023-12-12 14:00,ecr,TE,True,126,0,126,0,126,9,3,
2023,14,2023-12-12 14:00,ecr,WR,False,43,0,43,0,43,30,16,37
2023,14,2023-12-12 14:00,ecr,WR,True,232,0,232,0,232,22,1,34
2023,15,2023-12-19 14:00,ecr,QB,False,17,0,17,0,17,13,8,
2023,15,2023-12-19 14:00,ecr,QB,True,79,0,79,0,79,9,3,
2023,15,2023-12-19 14:00,ecr,RB,False,43,0,43,0,43,29,17,31
2023,15,2023-12-19 14:00,ecr,RB,True,121,0,121,0,121,15,6,24
2023,15,2023-12-19 14:00,ecr,TE,False,21,0,21,0,21,16,6,
2023,15,2023-12-19 14:00,ecr,TE,True,125,0,125,0,125,11,3,
2023,15,2023-12-19 14:00,ecr,WR,False,43,0,43,0,43,30,11,33
2023,15,2023-12-19 14:00,ecr,WR,True,234,0,234,0,234,23,5,36
2023,16,2023-12-26 14:00,ecr,QB,False,18,18,18,0,18,12,4,
2023,16,2023-12-26 14:00,ecr,QB,True,82,82,82,0,82,6,2,
2023,16,2023-12-26 14:00,ecr,RB,False,43,43,43,0,43,24,9,29
2023,16,2023-12-26 14:00,ecr,RB,True,120,120,120,0,120,13,3,21
2023,16,2023-12-26 14:00,ecr,TE,False,20,20,20,0,20,9,4,
2023,16,2023-12-26 14:00,ecr,TE,True,127,127,127,0,127,9,2,
2023,16,2023-12-26 14:00,ecr,WR,False,42,42,42,0,42,24,4,26
2023,16,2023-12-26 14:00,ecr,WR,True,235,235,235,0,235,17,3,27
2023,17,2024-01-02 14:00,ecr,QB,False,18,18,0,0,0,0,0,
2023,17,2024-01-02 14:00,ecr,QB,True,81,81,0,0,0,0,0,
2023,17,2024-01-02 14:00,ecr,RB,False,40,40,0,0,0,0,0,0
2023,17,2024-01-02 14:00,ecr,RB,True,121,121,0,0,0,0,0,0
2023,17,2024-01-02 14:00,ecr,TE,False,19,19,0,0,0,0,0,
2023,17,2024-01-02 14:00,ecr,TE,True,124,124,0,0,0,0,0,
2023,17,2024-01-02 14:00,ecr,WR,False,42,42,0,0,0,0,0,0
2023,17,2024-01-02 14:00,ecr,WR,True,233,233,0,0,0,0,0,0
2024,1,2024-09-10 14:00,ecr,QB,False,24,0,24,0,24,17,8,
2024,1,2024-09-10 14:00,ecr,QB,True,104,0,104,0,104,6,2,
2024,1,2024-09-10 14:00,ecr,RB,False,45,0,45,0,45,34,20,39
2024,1,2024-09-10 14:00,ecr,RB,True,184,0,184,0,184,8,1,17
2024,1,2024-09-10 14:00,ecr,TE,False,27,0,27,0,27,14,6,
2024,1,2024-09-10 14:00,ecr,TE,True,183,0,183,0,183,14,3,
2024,1,2024-09-10 14:00,ecr,WR,False,54,0,54,0,54,36,17,39
2024,1,2024-09-10 14:00,ecr,WR,True,362,0,362,0,362,15,1,27
2024,2,2024-09-17 14:00,ecr,QB,False,23,0,23,0,23,17,9,
2024,2,2024-09-17 14:00,ecr,QB,True,75,0,75,0,75,7,2,
2024,2,2024-09-17 14:00,ecr,RB,False,43,0,43,0,43,33,18,36
2024,2,2024-09-17 14:00,ecr,RB,True,119,0,119,0,119,15,4,22
2024,2,2024-09-17 14:00,ecr,TE,False,27,0,27,0,27,14,7,
2024,2,2024-09-17 14:00,ecr,TE,True,127,0,127,0,127,14,3,
2024,2,2024-09-17 14:00,ecr,WR,False,50,0,50,0,50,35,17,39
2024,2,2024-09-17 14:00,ecr,WR,True,222,0,222,0,222,19,1,30
2024,3,2024-09-24 14:00,ecr,QB,False,24,0,24,0,24,18,9,
2024,3,2024-09-24 14:00,ecr,QB,True,74,0,74,0,74,4,2,
2024,3,2024-09-24 14:00,ecr,RB,False,42,0,42,0,42,33,15,38
2024,3,2024-09-24 14:00,ecr,RB,True,120,0,120,0,120,16,5,25
2024,3,2024-09-24 14:00,ecr,TE,False,24,0,24,0,24,17,6,
2024,3,2024-09-24 14:00,ecr,TE,True,131,0,131,0,131,14,1,
2024,3,2024-09-24 14:00,ecr,WR,False,48,0,48,0,48,33,16,38
2024,3,2024-09-24 14:00,ecr,WR,True,221,0,221,0,221,25,2,36
2024,4,2024-10-01 14:00,ecr,QB,False,23,0,23,0,23,17,12,
2024,4,2024-10-01 14:00,ecr,QB,True,75,0,75,0,75,5,2,
2024,4,2024-10-01 14:00,ecr,RB,False,40,0,40,0,40,30,22,35
2024,4,2024-10-01 14:00,ecr,RB,True,122,0,122,0,122,17,4,30
2024,4,2024-10-01 14:00,ecr,TE,False,24,0,24,0,24,17,9,
2024,4,2024-10-01 14:00,ecr,TE,True,130,0,130,0,130,10,0,
2024,4,2024-10-01 14:00,ecr,WR,False,48,0,48,0,48,33,14,41
2024,4,2024-10-01 14:00,ecr,WR,True,223,0,223,0,223,26,2,38
2024,5,2024-10-08 14:00,ecr,QB,False,23,0,23,0,23,18,9,
2024,5,2024-10-08 14:00,ecr,QB,True,76,0,76,0,76,6,2,
2024,5,2024-10-08 14:00,ecr,RB,False,41,0,41,0,41,30,20,34
2024,5,2024-10-08 14:00,ecr,RB,True,120,0,120,0,120,15,3,26
2024,5,2024-10-08 14:00,ecr,TE,False,25,0,25,0,25,14,11,
2024,5,2024-10-08 14:00,ecr,TE,True,130,0,130,0,130,9,2,
2024,5,2024-10-08 14:00,ecr,WR,False,46,0,46,0,46,30,12,36
2024,5,2024-10-08 14:00,ecr,WR,True,224,0,224,0,224,25,4,37
2024,6,2024-10-15 14:00,ecr,QB,False,23,0,23,0,23,17,10,
2024,6,2024-10-15 14:00,ecr,QB,True,77,0,77,0,77,7,1,
2024,6,2024-10-15 14:00,ecr,RB,False,42,0,42,0,42,32,21,35
2024,6,2024-10-15 14:00,ecr,RB,True,118,0,118,0,118,11,1,19
2024,6,2024-10-15 14:00,ecr,TE,False,21,0,21,0,21,14,11,
2024,6,2024-10-15 14:00,ecr,TE,True,135,0,135,0,135,9,2,
2024,6,2024-10-15 14:00,ecr,WR,False,45,0,45,0,45,30,11,34
2024,6,2024-10-15 14:00,ecr,WR,True,226,0,226,0,226,24,5,38
2024,7,2024-10-22 14:00,ecr,QB,False,23,0,23,0,23,16,10,
2024,7,2024-10-22 14:00,ecr,QB,True,77,0,77,0,77,7,2,
2024,7,2024-10-22 14:00,ecr,RB,False,42,0,42,0,42,30,24,35
2024,7,2024-10-22 14:00,ecr,RB,True,120,0,120,0,120,8,2,19
2024,7,2024-10-22 14:00,ecr,TE,False,21,0,21,0,21,16,9,
2024,7,2024-10-22 14:00,ecr,TE,True,134,0,134,0,134,8,1,
2024,7,2024-10-22 14:00,ecr,WR,False,44,0,44,0,44,26,16,31
2024,7,2024-10-22 14:00,ecr,WR,True,224,0,224,0,224,25,5,35
2024,8,2024-10-29 14:00,ecr,QB,False,25,0,25,0,25,19,8,
2024,8,2024-10-29 14:00,ecr,QB,True,76,0,76,0,76,7,0,
2024,8,2024-10-29 14:00,ecr,RB,False,42,0,42,0,42,32,25,37
2024,8,2024-10-29 14:00,ecr,RB,True,120,0,120,0,120,9,3,20
2024,8,2024-10-29 14:00,ecr,TE,False,21,0,21,0,21,17,7,
2024,8,2024-10-29 14:00,ecr,TE,True,133,0,133,0,133,11,1,
2024,8,2024-10-29 14:00,ecr,WR,False,42,0,42,0,42,27,11,34
2024,8,2024-10-29 14:00,ecr,WR,True,233,0,233,0,233,30,6,37
2024,9,2024-11-05 14:00,ecr,QB,False,24,0,24,0,24,18,9,
2024,9,2024-11-05 14:00,ecr,QB,True,76,0,76,0,76,7,3,
2024,9,2024-11-05 14:00,ecr,RB,False,42,0,42,0,42,34,26,38
2024,9,2024-11-05 14:00,ecr,RB,True,119,0,119,0,119,8,2,22
2024,9,2024-11-05 14:00,ecr,TE,False,22,0,22,0,22,17,8,
2024,9,2024-11-05 14:00,ecr,TE,True,129,0,129,0,129,10,4,
2024,9,2024-11-05 14:00,ecr,WR,False,41,0,41,0,41,29,17,37
2024,9,2024-11-05 14:00,ecr,WR,True,232,0,232,0,232,25,6,35
2024,10,2024-11-12 14:00,ecr,QB,False,24,0,24,0,24,17,11,
2024,10,2024-11-12 14:00,ecr,QB,True,75,0,75,0,75,6,3,
2024,10,2024-11-12 14:00,ecr,RB,False,43,0,43,0,43,35,24,38
2024,10,2024-11-12 14:00,ecr,RB,True,116,0,116,0,116,13,3,24
2024,10,2024-11-12 14:00,ecr,TE,False,21,0,21,0,21,15,6,
2024,10,2024-11-12 14:00,ecr,TE,True,131,0,131,0,131,11,7,
2024,10,2024-11-12 14:00,ecr,WR,False,41,0,41,0,41,34,16,38
2024,10,2024-11-12 14:00,ecr,WR,True,231,0,231,0,231,22,4,31
2024,11,2024-11-19 14:00,ecr,QB,False,23,0,23,0,23,17,9,
2024,11,2024-11-19 14:00,ecr,QB,True,75,0,75,0,75,7,4,
2024,11,2024-11-19 14:00,ecr,RB,False,42,0,42,0,42,31,22,35
2024,11,2024-11-19 14:00,ecr,RB,True,118,0,118,0,118,13,5,24
2024,11,2024-11-19 14:00,ecr,TE,False,23,0,23,0,23,16,9,
2024,11,2024-11-19 14:00,ecr,TE,True,132,0,132,0,132,11,1,
2024,11,2024-11-19 14:00,ecr,WR,False,41,0,41,0,41,31,18,38
2024,11,2024-11-19 14:00,ecr,WR,True,230,0,230,0,230,19,3,28
2024,12,2024-11-26 14:00,ecr,QB,False,22,0,22,0,22,15,9,
2024,12,2024-11-26 14:00,ecr,QB,True,77,0,77,0,77,8,3,
2024,12,2024-11-26 14:00,ecr,RB,False,42,0,42,0,42,29,20,33
2024,12,2024-11-26 14:00,ecr,RB,True,118,0,118,0,118,13,4,23
2024,12,2024-11-26 14:00,ecr,TE,False,22,0,22,0,22,14,11,
2024,12,2024-11-26 14:00,ecr,TE,True,131,0,131,0,131,11,1,
2024,12,2024-11-26 14:00,ecr,WR,False,42,0,42,0,42,35,15,38
2024,12,2024-11-26 14:00,ecr,WR,True,231,0,231,0,231,18,3,27
2024,13,2024-12-03 14:00,ecr,QB,False,23,0,23,0,23,18,9,
2024,13,2024-12-03 14:00,ecr,QB,True,77,0,77,0,77,6,1,
2024,13,2024-12-03 14:00,ecr,RB,False,41,0,41,0,41,31,21,36
2024,13,2024-12-03 14:00,ecr,RB,True,121,0,121,0,121,13,4,29
2024,13,2024-12-03 14:00,ecr,TE,False,22,0,22,0,22,16,7,
2024,13,2024-12-03 14:00,ecr,TE,True,128,0,128,0,128,11,1,
2024,13,2024-12-03 14:00,ecr,WR,False,41,0,41,0,41,33,14,38
2024,13,2024-12-03 14:00,ecr,WR,True,234,0,234,0,234,17,5,26
2024,14,2024-12-10 14:00,ecr,QB,False,21,0,21,0,21,15,10,
2024,14,2024-12-10 14:00,ecr,QB,True,79,0,79,0,79,7,0,
2024,14,2024-12-10 14:00,ecr,RB,False,40,0,40,0,40,31,19,36
2024,14,2024-12-10 14:00,ecr,RB,True,125,0,125,0,125,10,2,24
2024,14,2024-12-10 14:00,ecr,TE,False,20,0,20,0,20,15,6,
2024,14,2024-12-10 14:00,ecr,TE,True,127,0,127,0,127,9,3,
2024,14,2024-12-10 14:00,ecr,WR,False,42,0,42,0,42,30,17,37
2024,14,2024-12-10 14:00,ecr,WR,True,230,0,230,0,230,14,5,23
2024,15,2024-12-17 14:00,ecr,QB,False,22,0,22,0,22,14,10,
2024,15,2024-12-17 14:00,ecr,QB,True,80,0,80,0,80,8,2,
2024,15,2024-12-17 14:00,ecr,RB,False,38,0,38,0,38,27,18,32
2024,15,2024-12-17 14:00,ecr,RB,True,124,0,124,0,124,15,3,27
2024,15,2024-12-17 14:00,ecr,TE,False,19,0,19,0,19,14,7,
2024,15,2024-12-17 14:00,ecr,TE,True,128,0,128,0,128,10,2,
2024,15,2024-12-17 14:00,ecr,WR,False,40,0,40,0,40,33,11,35
2024,15,2024-12-17 14:00,ecr,WR,True,229,0,229,0,229,18,8,31
2024,16,2024-12-24 14:00,ecr,QB,False,21,21,21,0,21,13,3,
2024,16,2024-12-24 14:00,ecr,QB,True,82,82,82,0,82,8,0,
2024,16,2024-12-24 14:00,ecr,RB,False,39,39,39,0,39,21,11,27
2024,16,2024-12-24 14:00,ecr,RB,True,124,124,124,0,124,14,0,22
2024,16,2024-12-24 14:00,ecr,TE,False,20,20,20,0,20,10,4,
2024,16,2024-12-24 14:00,ecr,TE,True,132,132,132,0,132,9,1,
2024,16,2024-12-24 14:00,ecr,WR,False,39,39,39,0,39,24,6,29
2024,16,2024-12-24 14:00,ecr,WR,True,231,231,231,0,231,16,3,26
2024,17,2024-12-31 14:00,ecr,QB,False,21,21,0,0,0,0,0,
2024,17,2024-12-31 14:00,ecr,QB,True,85,85,0,0,0,0,0,
2024,17,2024-12-31 14:00,ecr,RB,False,38,38,0,0,0,0,0,0
2024,17,2024-12-31 14:00,ecr,RB,True,126,126,0,0,0,0,0,0
2024,17,2024-12-31 14:00,ecr,TE,False,21,21,0,0,0,0,0,
2024,17,2024-12-31 14:00,ecr,TE,True,130,130,0,0,0,0,0,
2024,17,2024-12-31 14:00,ecr,WR,False,39,39,0,0,0,0,0,0
2024,17,2024-12-31 14:00,ecr,WR,True,232,232,0,0,0,0,0,0
2025,1,2025-09-09 14:00,ecr,QB,False,23,0,23,0,23,14,10,
2025,1,2025-09-09 14:00,ecr,QB,True,106,0,106,0,106,10,1,
2025,1,2025-09-09 14:00,ecr,RB,False,40,0,40,0,40,27,17,35
2025,1,2025-09-09 14:00,ecr,RB,True,189,0,189,0,189,14,2,22
2025,1,2025-09-09 14:00,ecr,TE,False,24,0,24,0,24,16,6,
2025,1,2025-09-09 14:00,ecr,TE,True,178,0,178,0,178,12,1,
2025,1,2025-09-09 14:00,ecr,WR,False,55,0,55,0,55,36,14,45
2025,1,2025-09-09 14:00,ecr,WR,True,334,0,334,0,334,16,0,25
2025,2,2025-09-16 14:00,ecr,QB,False,23,0,23,0,23,15,8,
2025,2,2025-09-16 14:00,ecr,QB,True,78,0,78,0,78,9,3,
2025,2,2025-09-16 14:00,ecr,RB,False,45,0,45,0,45,34,22,39
2025,2,2025-09-16 14:00,ecr,RB,True,119,0,119,0,119,8,3,18
2025,2,2025-09-16 14:00,ecr,TE,False,23,0,23,0,23,16,7,
2025,2,2025-09-16 14:00,ecr,TE,True,129,0,129,0,129,11,3,
2025,2,2025-09-16 14:00,ecr,WR,False,53,0,53,0,53,30,19,38
2025,2,2025-09-16 14:00,ecr,WR,True,218,0,218,0,218,16,1,27
2025,3,2025-09-23 14:00,ecr,QB,False,22,0,22,0,22,16,7,
2025,3,2025-09-23 14:00,ecr,QB,True,81,0,81,0,81,7,3,
2025,3,2025-09-23 14:00,ecr,RB,False,40,0,40,0,40,33,19,35
2025,3,2025-09-23 14:00,ecr,RB,True,122,0,122,0,122,14,5,24
2025,3,2025-09-23 14:00,ecr,TE,False,21,0,21,0,21,15,8,
2025,3,2025-09-23 14:00,ecr,TE,True,128,0,128,0,128,12,4,
2025,3,2025-09-23 14:00,ecr,WR,False,48,0,48,0,48,32,17,37
2025,3,2025-09-23 14:00,ecr,WR,True,223,0,223,0,223,18,2,34
2025,4,2025-09-30 14:00,ecr,QB,False,22,0,22,0,22,17,8,
2025,4,2025-09-30 14:00,ecr,QB,True,81,0,81,0,81,7,4,
2025,4,2025-09-30 14:00,ecr,RB,False,40,0,40,0,40,33,21,36
2025,4,2025-09-30 14:00,ecr,RB,True,119,0,119,0,119,13,4,21
2025,4,2025-09-30 14:00,ecr,TE,False,21,0,21,0,21,14,8,
2025,4,2025-09-30 14:00,ecr,TE,True,130,0,130,0,130,12,2,
2025,4,2025-09-30 14:00,ecr,WR,False,48,0,48,0,48,36,16,42
2025,4,2025-09-30 14:00,ecr,WR,True,228,0,228,0,228,19,4,35
2025,5,2025-10-07 14:00,ecr,QB,False,21,0,21,0,21,16,10,
2025,5,2025-10-07 14:00,ecr,QB,True,82,0,82,0,82,8,4,
2025,5,2025-10-07 14:00,ecr,RB,False,41,0,41,0,41,32,17,36
2025,5,2025-10-07 14:00,ecr,RB,True,121,0,121,0,121,20,4,24
2025,5,2025-10-07 14:00,ecr,TE,False,22,0,22,0,22,16,9,
2025,5,2025-10-07 14:00,ecr,TE,True,128,0,128,0,128,12,2,
2025,5,2025-10-07 14:00,ecr,WR,False,45,0,45,0,45,33,16,39
2025,5,2025-10-07 14:00,ecr,WR,True,224,0,224,0,224,23,3,38
2025,6,2025-10-14 14:00,ecr,QB,False,21,0,21,0,21,16,8,
2025,6,2025-10-14 14:00,ecr,QB,True,79,0,79,0,79,10,3,
2025,6,2025-10-14 14:00,ecr,RB,False,39,0,39,0,39,29,22,35
2025,6,2025-10-14 14:00,ecr,RB,True,125,0,125,0,125,22,3,28
2025,6,2025-10-14 14:00,ecr,TE,False,22,0,22,0,22,14,8,
2025,6,2025-10-14 14:00,ecr,TE,True,129,0,129,0,129,13,6,
2025,6,2025-10-14 14:00,ecr,WR,False,45,0,45,0,45,35,14,36
2025,6,2025-10-14 14:00,ecr,WR,True,227,0,227,0,227,19,5,34
2025,7,2025-10-21 14:00,ecr,QB,False,20,0,20,0,20,16,7,
2025,7,2025-10-21 14:00,ecr,QB,True,80,0,80,0,80,13,3,
2025,7,2025-10-21 14:00,ecr,RB,False,38,0,38,0,38,26,19,34
2025,7,2025-10-21 14:00,ecr,RB,True,127,0,127,0,127,21,6,27
2025,7,2025-10-21 14:00,ecr,TE,False,24,0,24,0,24,17,10,
2025,7,2025-10-21 14:00,ecr,TE,True,126,0,126,0,126,10,4,
2025,7,2025-10-21 14:00,ecr,WR,False,45,0,45,0,45,32,20,36
2025,7,2025-10-21 14:00,ecr,WR,True,228,0,228,0,228,25,4,39
2025,8,2025-10-28 14:00,ecr,QB,False,21,0,21,0,21,16,6,
2025,8,2025-10-28 14:00,ecr,QB,True,79,0,79,0,79,13,4,
2025,8,2025-10-28 14:00,ecr,RB,False,40,0,40,0,40,31,17,34
2025,8,2025-10-28 14:00,ecr,RB,True,126,0,126,0,126,17,5,23
2025,8,2025-10-28 14:00,ecr,TE,False,22,0,22,0,22,13,8,
2025,8,2025-10-28 14:00,ecr,TE,True,124,0,124,0,124,11,3,
2025,8,2025-10-28 14:00,ecr,WR,False,43,0,43,0,43,31,16,36
2025,8,2025-10-28 14:00,ecr,WR,True,233,0,233,0,233,24,5,38
2025,9,2025-11-04 14:00,ecr,QB,False,21,0,21,0,21,16,8,
2025,9,2025-11-04 14:00,ecr,QB,True,79,0,79,0,79,9,4,
2025,9,2025-11-04 14:00,ecr,RB,False,40,0,40,0,40,29,22,34
2025,9,2025-11-04 14:00,ecr,RB,True,124,0,124,0,124,15,4,25
2025,9,2025-11-04 14:00,ecr,TE,False,23,0,23,0,23,14,7,
2025,9,2025-11-04 14:00,ecr,TE,True,125,0,125,0,125,11,3,
2025,9,2025-11-04 14:00,ecr,WR,False,41,0,41,0,41,31,14,35
2025,9,2025-11-04 14:00,ecr,WR,True,234,0,234,0,234,25,10,40
2025,10,2025-11-11 14:00,ecr,QB,False,20,0,20,0,20,14,6,
2025,10,2025-11-11 14:00,ecr,QB,True,78,0,78,0,78,9,4,
2025,10,2025-11-11 14:00,ecr,RB,False,39,0,39,0,39,28,21,33
2025,10,2025-11-11 14:00,ecr,RB,True,125,0,125,0,125,15,7,25
2025,10,2025-11-11 14:00,ecr,TE,False,22,0,22,0,22,15,7,
2025,10,2025-11-11 14:00,ecr,TE,True,130,0,130,0,130,9,2,
2025,10,2025-11-11 14:00,ecr,WR,False,41,0,41,0,41,29,12,33
2025,10,2025-11-11 14:00,ecr,WR,True,234,0,234,0,234,24,8,40
2025,11,2025-11-18 14:00,ecr,QB,False,19,0,19,0,19,15,6,
2025,11,2025-11-18 14:00,ecr,QB,True,80,0,80,0,80,11,3,
2025,11,2025-11-18 14:00,ecr,RB,False,38,0,38,0,38,31,25,33
2025,11,2025-11-18 14:00,ecr,RB,True,127,0,127,0,127,11,4,23
2025,11,2025-11-18 14:00,ecr,TE,False,20,0,20,0,20,16,8,
2025,11,2025-11-18 14:00,ecr,TE,True,134,0,134,0,134,8,2,
2025,11,2025-11-18 14:00,ecr,WR,False,40,0,40,0,40,27,16,32
2025,11,2025-11-18 14:00,ecr,WR,True,230,0,230,0,230,24,7,42
2025,12,2025-11-25 14:00,ecr,QB,False,20,0,20,0,20,13,7,
2025,12,2025-11-25 14:00,ecr,QB,True,81,0,81,0,81,11,3,
2025,12,2025-11-25 14:00,ecr,RB,False,39,0,39,0,39,30,20,34
2025,12,2025-11-25 14:00,ecr,RB,True,124,0,124,0,124,14,1,22
2025,12,2025-11-25 14:00,ecr,TE,False,21,0,21,0,21,15,10,
2025,12,2025-11-25 14:00,ecr,TE,True,131,0,131,0,131,9,3,
2025,12,2025-11-25 14:00,ecr,WR,False,37,0,37,0,37,27,13,30
2025,12,2025-11-25 14:00,ecr,WR,True,233,0,233,0,233,21,7,37
2025,13,2025-12-02 14:00,ecr,QB,False,21,0,21,0,21,15,9,
2025,13,2025-12-02 14:00,ecr,QB,True,82,0,82,0,82,9,3,
2025,13,2025-12-02 14:00,ecr,RB,False,38,0,38,0,38,30,19,33
2025,13,2025-12-02 14:00,ecr,RB,True,123,0,123,0,123,15,3,25
2025,13,2025-12-02 14:00,ecr,TE,False,22,0,22,0,22,16,8,
2025,13,2025-12-02 14:00,ecr,TE,True,132,0,132,0,132,11,3,
2025,13,2025-12-02 14:00,ecr,WR,False,36,0,36,0,36,27,16,29
2025,13,2025-12-02 14:00,ecr,WR,True,233,0,233,0,233,22,5,38
2025,14,2025-12-09 14:00,ecr,QB,False,22,0,22,0,22,15,12,
2025,14,2025-12-09 14:00,ecr,QB,True,80,0,80,0,80,7,0,
2025,14,2025-12-09 14:00,ecr,RB,False,40,0,40,0,40,29,20,33
2025,14,2025-12-09 14:00,ecr,RB,True,125,0,125,0,125,15,3,22
2025,14,2025-12-09 14:00,ecr,TE,False,21,0,21,0,21,14,7,
2025,14,2025-12-09 14:00,ecr,TE,True,133,0,133,0,133,13,3,
2025,14,2025-12-09 14:00,ecr,WR,False,38,0,38,0,38,26,12,31
2025,14,2025-12-09 14:00,ecr,WR,True,231,0,231,0,231,21,6,39
2025,15,2025-12-16 14:00,ecr,QB,False,20,0,20,0,20,15,8,
2025,15,2025-12-16 14:00,ecr,QB,True,82,0,82,0,82,9,1,
2025,15,2025-12-16 14:00,ecr,RB,False,40,0,40,0,40,29,17,33
2025,15,2025-12-16 14:00,ecr,RB,True,124,0,124,0,124,15,5,25
2025,15,2025-12-16 14:00,ecr,TE,False,20,0,20,0,20,10,6,
2025,15,2025-12-16 14:00,ecr,TE,True,136,0,136,0,136,14,4,
2025,15,2025-12-16 14:00,ecr,WR,False,38,0,38,0,38,22,11,29
2025,15,2025-12-16 14:00,ecr,WR,True,234,0,234,0,234,30,4,44
2025,16,2025-12-23 14:00,ecr,QB,False,19,19,19,0,19,12,4,
2025,16,2025-12-23 14:00,ecr,QB,True,82,82,82,0,82,7,1,
2025,16,2025-12-23 14:00,ecr,RB,False,40,40,40,0,40,27,8,31
2025,16,2025-12-23 14:00,ecr,RB,True,123,123,123,0,123,11,2,21
2025,16,2025-12-23 14:00,ecr,TE,False,20,20,20,0,20,7,3,
2025,16,2025-12-23 14:00,ecr,TE,True,137,137,137,0,137,12,1,
2025,16,2025-12-23 14:00,ecr,WR,False,40,40,40,0,40,17,6,25
2025,16,2025-12-23 14:00,ecr,WR,True,232,232,232,0,232,24,1,37
2025,17,2025-12-30 14:00,ecr,QB,False,18,18,0,0,0,0,0,
2025,17,2025-12-30 14:00,ecr,QB,True,83,83,0,0,0,0,0,
2025,17,2025-12-30 14:00,ecr,RB,False,39,39,0,0,0,0,0,0
2025,17,2025-12-30 14:00,ecr,RB,True,125,125,0,0,0,0,0,0
2025,17,2025-12-30 14:00,ecr,TE,False,18,18,0,0,0,0,0,
2025,17,2025-12-30 14:00,ecr,TE,True,136,136,0,0,0,0,0,
2025,17,2025-12-30 14:00,ecr,WR,False,37,37,0,0,0,0,0,0
2025,17,2025-12-30 14:00,ecr,WR,True,228,228,0,0,0,0,0,0
2026,1,2026-09-15 14:00,ecr,QB,False,24,0,24,24,0,0,0,
2026,1,2026-09-15 14:00,ecr,QB,True,95,0,95,95,0,0,0,
2026,1,2026-09-15 14:00,ecr,RB,False,46,0,46,46,0,0,0,0
2026,1,2026-09-15 14:00,ecr,RB,True,167,0,167,167,0,0,0,0
2026,1,2026-09-15 14:00,ecr,TE,False,26,0,26,26,0,0,0,
2026,1,2026-09-15 14:00,ecr,TE,True,181,0,181,181,0,0,0,
2026,1,2026-09-15 14:00,ecr,WR,False,54,0,54,54,0,0,0,0
2026,1,2026-09-15 14:00,ecr,WR,True,328,0,328,328,0,0,0,0
2026,2,2026-09-22 14:00,ecr,QB,False,25,0,25,25,0,0,0,
2026,2,2026-09-22 14:00,ecr,QB,True,78,0,78,78,0,0,0,
2026,2,2026-09-22 14:00,ecr,RB,False,43,0,43,43,0,0,0,0
2026,2,2026-09-22 14:00,ecr,RB,True,122,0,122,122,0,0,0,0
2026,2,2026-09-22 14:00,ecr,TE,False,24,0,24,24,0,0,0,
2026,2,2026-09-22 14:00,ecr,TE,True,129,0,129,129,0,0,0,
2026,2,2026-09-22 14:00,ecr,WR,False,49,0,49,49,0,0,0,0
2026,2,2026-09-22 14:00,ecr,WR,True,219,0,219,219,0,0,0,0
